date,FC_mean,FC_n,FC_sd,FC_se
2009-01-01,-0.023807250000000002,16,0.23672859578048447,0.05918214894512112
2009-01-02,-0.4322423902439025,41,0.5417811504758576,0.08461200039015164
2009-01-04,0.25432304,25,0.24969239022303022,0.04993847804460604
2009-01-06,-0.9606651666666667,12,1.3575316973850895,0.39188564545936555
2009-01-07,0.04059995238095239,42,0.2611827071063709,0.0403013666586809
2009-01-08,0.2243869,20,0.7179587560230741,0.16054045835087802
2009-01-09,-0.14061561538461537,13,0.6127473774447534,0.16994554525254962
2009-01-11,0.007246166666666665,18,0.22298519303947725,0.05255811403413524
2009-01-12,0.03395118181818181,33,0.23609880466971003,0.04109952649084529
2009-01-13,0.042432222222222205,9,0.4634897459509697,0.15449658198365657
2009-01-14,-0.092889,26,0.33044767730955527,0.06480612133933977
2009-01-15,0.03223,21,0.1692089844420207,0.036924427593912616
2009-01-17,-0.24560423529411762,17,0.21261704113221072,0.051567206964376444
2009-01-18,-0.0025308499999999986,20,0.12456094561985775,0.02785267417476566
2009-01-19,-0.09818156,25,0.3941292613349373,0.07882585226698746
2009-01-21,0.14109778947368423,19,0.3031537586017988,0.06954824200525078
2009-01-23,-0.16051363636363636,22,0.2083244257968224,0.04441491681425374
2009-01-24,0.20890176,25,0.12820717244408233,0.025641434488816468
2009-01-25,0.09180754166666666,24,0.2583806915662606,0.05274173781039828
2009-01-29,-0.24748255263157895,38,0.33993637158418555,0.055144961292421545
2009-01-31,-0.12953858333333335,12,0.7564168942409829,0.2183587487548061
2009-02-01,0.13787458536585367,41,0.12386898389184751,0.019345085195708975
2009-02-02,-0.10846504761904763,42,0.258193927922117,0.03984018801825355
2009-02-03,-0.058332999999999996,31,0.2913152096522482,0.0523217562145853
2009-02-07,0.1110725,18,0.22490264271176383,0.05301006125608783
2009-02-12,0.20806706666666666,30,0.1442208035827854,0.026330995794604482
2009-02-13,0.10982674285714285,35,0.20044087056482485,0.03388069091586992
2009-02-14,-0.224528,32,0.4255026798719293,0.07521895758762247
2009-02-16,0.23152641666666665,12,0.44529931693769104,0.1285468402519662
2009-02-17,-0.15556124000000002,25,0.4285942339048944,0.08571884678097888
2009-02-18,0.1288953404255319,47,0.26133260672970465,0.038119278458750995
2009-02-19,-0.048122500000000006,28,0.47817330199071517,0.09036626004700135
2009-02-21,-0.19891453846153845,26,0.2870701577792064,0.05629908985716666
2009-02-22,-0.05768446428571428,28,0.43161134975100873,0.08156687817672063
2009-02-26,0.05292218918918919,37,0.3034771635166345,0.04989133835243704
2009-02-27,-0.06254832,25,0.2959386388728132,0.05918772777456264
2009-02-28,-0.02799675,24,0.1407359606791477,0.02872760767702575
2009-03-01,-0.30879724999999997,20,0.5663783733948139,0.1266460543896562
2009-03-06,0.20675194444444445,36,0.21622313380579064,0.03603718896763177
2009-03-07,-0.3624248148148148,27,0.6630137801214435,0.1275970614765156
2009-03-08,0.1343772,10,1.2863112219470234,0.4067673241186962
2009-03-09,1.5033607272727274,11,4.330310209086298,1.3056376535804266
2009-03-10,-0.044081312500000004,32,0.6675193541372192,0.11800186547092303
2009-03-11,-0.3106833333333333,42,0.32833258762149636,0.05066281817171896
2009-03-17,0.19933929411764706,34,0.4071563170199429,0.06982673230075499
2009-03-18,-0.13902721739130436,46,0.3888326930248143,0.05733025287655525
2009-03-19,-0.339795347826087,23,0.4212425973950714,0.08783515337171358
2009-03-21,-0.3729266153846154,13,0.6542449192634894,0.18145489254740838
2009-03-22,0.256565375,8,1.1778384257991947,0.4164287690123494
2009-03-26,-0.28215740476190476,42,0.28256075635456074,0.04360007127333117
2009-03-27,-0.7567450882352942,34,0.48743480054218336,0.08359437864220544
2009-03-28,-1.0187671999999999,10,0.7553607767010411,0.23886605095291377
2009-03-29,-0.9705641428571429,21,0.39728731660440486,0.08669520004693197
2009-03-30,-0.9958249285714286,28,0.6534480175027628,0.12349006778717801
2009-03-31,-0.34605606666666666,15,1.0903941192442737,0.28153855097570507
2009-04-02,-0.021223346153846155,26,0.30345043358109636,0.059511526239930834
2009-04-03,-0.07252922580645162,31,0.25853151569002303,0.04643363095894648
2009-04-04,-0.20017338461538461,39,0.23502727485253994,0.037634483615978
2009-04-05,-0.2470781219512195,41,0.33495298327214484,0.0523108674534222
2009-04-06,0.0040598,15,0.06995015415504305,0.018061052140474883
2009-04-07,-0.5192981860465117,43,0.507831175378677,0.07744352821557446
2009-04-08,-0.48560675555555555,45,0.5179219029233847,0.07720723879818235
2009-04-09,-0.5988066976744186,43,0.6726535905613831,0.10257871088970415
2009-04-10,-0.7156885277777778,36,0.6769790039077804,0.11282983398463008
2009-04-17,-0.2604996086956522,23,0.6687092616174658,0.13943551986070502
2009-04-18,-0.6575215897435898,39,0.8282115213478065,0.13261998187352678
2009-04-19,-1.14804275,12,0.3808135931366672,0.10993141525426171
2009-04-20,-0.8795242222222223,27,1.142301787503478,0.21983608150364123
2009-04-21,-0.6251604146341463,41,0.9644725282534226,0.1506253029755519
2009-04-22,-0.7833622142857143,28,1.1008479934095035,0.20804071584614411
2009-04-24,0.2399509333333333,15,0.6624393719716616,0.17104111036788971
2009-04-25,-1.2371753333333333,33,1.0830239132227086,0.18853026415777624
2009-04-26,-0.9171221111111111,9,1.2014357910701516,0.4004785970233839
2009-04-30,-0.8843079285714286,14,0.888608028368177,0.23749048523502983
2009-05-01,-1.1056634545454544,33,1.223053562820127,0.21290629732399252
2009-05-02,-1.0689303793103448,29,1.028431960728093,0.19097502073949174
2009-05-03,-1.5741185416666665,24,0.9877669618352375,0.2016270867729598
2009-05-06,-0.8516561111111112,9,1.064493511007517,0.35483117033583905
2009-05-07,-0.7910210882352942,34,1.3308342703224956,0.22823619441947113
2009-05-08,-0.711881075,40,1.2825244340829989,0.202784918326038
2009-05-09,-1.1601322631578947,38,1.4041028597924299,0.2277755613292958
2009-05-10,-1.9297012857142857,28,1.2642731717038012,0.23892517154136572
2009-05-13,-1.3928053999999999,10,1.0673324344753865,0.3375201513514645
2009-05-14,-1.8414288947368422,19,1.4520946146205829,0.33313335166267155
2009-05-16,-1.6924439722222222,36,1.4689539544092003,0.24482565906820006
2009-05-17,-1.9897607777777777,9,0.5742033379500197,0.19140111265000656
2009-05-18,-0.413832380952381,21,1.5336779364072655,0.334675963584284
2009-05-19,-0.52636,20,1.5375516067969197,0.343806991171194
2009-05-21,-2.288645724137931,29,1.6591099804220744,0.308088988887399
2009-05-23,-1.563261487179487,39,1.9155415666939493,0.30673213461160626
2009-05-24,-3.1466558235294118,17,0.7639727103427219,0.1852905988136734
2009-05-27,-1.2339008461538463,13,1.6870167125041988,0.46789425073066004
2009-05-29,-1.4954500000000002,26,2.24598476138761,0.44047385098259456
2009-05-30,-2.5726155135135134,37,2.338319404183764,0.38441734204427724
2009-05-31,-0.5945532499999999,8,1.6625432246890175,0.5877977940966771
2009-06-01,-2.6265686470588236,17,1.4639515003444419,0.35506039215891666
2009-06-02,-3.4447384444444444,9,1.8314073671440572,0.6104691223813524
2009-06-06,-3.0928203846153846,13,0.8438118041799505,0.23403128667789158
2009-06-07,-1.9135017,20,2.2817607436039644,0.5102172131088932
2009-06-08,0.532673375,16,0.546734431347173,0.13668360783679326
2009-06-09,-1.1904293125,16,2.2906230911332317,0.5726557727833079
2009-06-10,-2.1781742,30,2.454010994401058,0.44803905933304783
2009-06-11,-3.169175357142857,14,1.3873940194960204,0.3707966486723767
2009-06-13,-3.6514304375,16,0.8928889065556415,0.22322222663891036
2009-06-14,-2.705077842105263,19,1.7223604896053835,0.39513659571247906
2009-06-19,-3.7657518235294116,17,2.834782452062641,0.6875357338530412
2009-06-20,-3.1876956923076922,26,2.914741146744249,0.5716277686277207
2009-06-22,-3.017747125,8,1.1055212834505381,0.3908607981369654
2009-06-23,-1.09603875,12,4.509807973082368,1.3018694236263129
2009-06-24,-4.8533214,15,1.7070975402819506,0.4407706895909093
2009-06-25,-4.71216675,24,1.4605868777749773,0.2981410479627929
2009-06-27,-0.8829288421052631,19,3.7472970142773767,0.8596888945614093
2009-06-28,-1.7770848292682926,41,4.057512419240019,0.6336769784224526
2009-06-29,-0.8837602999999999,30,3.5342812618273327,0.6452685238902174
2009-06-30,-1.3200585,46,3.038871141622433,0.448057105623477
2009-07-01,-2.8763802173913042,46,4.632614072384359,0.6830416809430542
2009-07-02,-3.3263411351351353,37,3.9688055405659606,0.652467611680935
2009-07-03,-5.978626153846154,26,1.9154560760864385,0.37565184266902374
2009-07-04,-4.943099375,24,1.876383211355404,0.38301511914546854
2009-07-05,-5.512292291666667,24,1.9568979328014882,0.39945011783923756
2009-07-06,-5.416147541666667,24,2.0238763620513196,0.4131220324588368
2009-07-07,-3.1245458571428575,21,4.632632895739672,1.0109233767461674
2009-07-10,-4.779742928571428,28,2.9312481357795535,0.5539538284495993
2009-07-11,-3.439667525,40,4.14880707840379,0.6559839970192373
2009-07-12,-3.731193875,32,3.518789503885115,0.622039979941303
2009-07-13,-4.896923136363636,22,2.003178820896315,0.4270791596034814
2009-07-15,-0.9797526,30,3.422834866676598,0.6249212890313202
2009-07-16,-0.8753615454545455,22,4.087636321673323,0.871486991981965
2009-07-17,-1.3521443461538463,26,3.761711337342544,0.7377322889851095
2009-07-18,-3.6614896000000003,35,4.201573386318667,0.7101955248002645
2009-07-19,-5.630557875,8,1.3077361570056247,0.4623545523107564
2009-07-24,-3.7710055,32,4.77890788475057,0.8447995429932469
2009-07-25,-3.54756436,25,4.265807377898105,0.8531614755796211
2009-07-26,-6.548067666666666,21,2.5725609500118622,0.5613788230150889
2009-07-27,-4.574616678571429,28,4.442157209016967,0.8394888042651187
2009-07-28,-2.57258027027027,37,4.1788000451473755,0.6869904955738099
2009-07-29,-4.080272689655173,29,4.284353200498322,0.7955844164364705
2009-07-30,-3.3828365000000002,30,4.855733236527324,0.8865315422911945
2009-08-01,-3.9279034,25,4.643173293065028,0.9286346586130056
2009-08-03,-2.650564964285714,28,4.034308310771836,0.7624126073188113
2009-08-04,-4.8004286296296295,27,4.199450065104387,0.8081845418454698
2009-08-05,-5.789829909090909,22,2.3842293667853975,0.5083194089547302
2009-08-06,-6.828642666666666,18,1.0911949968519943,0.25719712729029287
2009-08-08,0.6111472105263157,19,3.7590376232669893,0.8623823749888485
2009-08-09,-3.5315781935483868,31,4.504354590931658,0.8090059667399705
2009-08-10,-6.6389885500000005,20,1.7974361420956027,0.40191893989407385
2009-08-11,-4.248609,10,5.35741883955376,1.6941645912486056
2009-08-15,3.131584875,8,1.0554942965979,0.37317358731405004
2009-08-17,0.4827446153846153,13,3.13148875259632,0.8685187127711383
2009-08-18,-3.438495184210526,38,4.021914824983189,0.6524407385756551
2009-08-20,0.9602550000000001,18,3.6343713008184544,0.8566295307195011
2009-08-21,-4.401185166666667,30,4.31867437050873,0.7884784570823516
2009-08-22,-4.422673181818182,11,4.387078533739118,1.3227539474759251
2009-08-25,-3.4049774,30,3.3914376272543265,0.6191889636063307
2009-08-28,-3.0942084736842106,19,3.1936719585432165,0.7326785961110263
2009-08-29,-3.4229324242424246,33,3.9117366147113777,0.6809459406050333
2009-08-30,-5.499875611111111,18,1.8069860226544654,0.42591069004276033
2009-09-09,-4.7401865,10,1.08703036515088,0.34374918396413034
2009-09-12,-1.6340595,10,3.0012417330611028,0.9490759685224155
2009-09-13,-2.008191181818182,11,2.7952132305439172,0.8427884995228508
2009-09-14,-3.0107407,10,1.1040431528981756,0.34912909982717627
2009-09-15,-3.7788904166666666,12,1.034107454847851,0.2985211087137028
2009-09-17,-2.5028505217391306,23,2.154841509249111,0.4493155146869411
2009-09-22,0.3048793636363637,11,3.8218447268431586,1.1523295423579165
2009-09-23,-3.0985495,16,1.4399065923541938,0.35997664808854846
2009-09-24,-2.675728857142857,14,1.4265541503066783,0.38126263386628617
2009-09-26,-0.92438075,8,2.6501036841339274,0.9369531429492761
2009-09-27,-1.7734943125,16,3.2534230713789176,0.8133557678447294
2009-09-28,-0.17888584999999996,40,2.574291910541053,0.40703128997280735
2009-09-29,-1.4524195833333333,36,2.2127666283701997,0.3687944380616999
2009-10-01,-0.7123952352941176,17,2.154242157854576,0.5224804682348783
2009-10-02,-0.40846638636363636,44,1.644308035902672,0.24788876340251814
2009-10-03,0.09006823076923078,13,1.8410375644747698,0.5106119491360864
2009-10-04,-1.0296897826086957,23,1.646660334241896,0.34335241474547584
2009-10-05,-0.05146902325581394,43,1.2035342517857954,0.18353725274365487
2009-10-06,-0.7148852142857144,14,3.5225921195346643,0.9414523446177537
2009-10-07,1.04134075,16,0.4385124535422758,0.10962811338556895
2009-10-08,-0.18372384999999997,40,1.6555575664711337,0.26176663537871964
2009-10-09,-0.8869319047619048,21,1.6619612820045446,0.3626696846129369
2009-10-10,-0.7222283684210525,19,1.8871006120271208,0.43293057179578814
2009-10-11,0.12526866666666667,39,1.0395407834013546,0.16645974645115288
2009-10-13,-1.6775069999999999,13,1.3113689117638356,0.36370829633953244
2009-10-14,0.24318012499999997,8,1.8417408659630732,0.6511537277554367
2009-10-16,-0.617934125,8,1.657104470165823,0.5858749039943971
2009-10-17,-0.2343958461538462,13,1.8490178470111207,0.5128252812805096
2009-10-19,0.14705893939393944,33,1.4455806067758714,0.25164328352255905
2009-10-22,-1.4274074166666668,12,0.9204778176183043,0.2657190578925036
2009-10-23,-0.24384896875,32,0.5962190196238228,0.10539762796210009
2009-10-24,-2.2781579,10,2.4092754981227795,0.761879808490471
2009-10-26,-0.4283279545454545,22,0.9150456066566133,0.1950883788372441
2009-10-31,-0.15152051515151516,33,0.5722749876628435,0.09962028841442369
2009-11-01,0.3163924444444444,9,0.16632365195163246,0.05544121731721082
2009-11-02,-0.036743575,40,0.44830814564754784,0.07088374169263763
2009-11-04,-1.8596922500000002,20,4.933991593865292,1.1032740604295326
2009-11-07,-0.2273884074074074,27,0.8231334537095829,0.15841210702607134
2009-11-09,-0.8333195,10,0.7281898240348004,0.23027384129071923
2009-11-20,-0.8495053333333333,9,0.3463098144710889,0.11543660482369629
2009-11-24,0.425444875,8,1.0216252105426975,0.36119905710293787
2009-11-25,-0.48730275,32,0.4824320407430293,0.0852827418677652
2009-11-26,-0.3948535135135135,37,0.28091816827628147,0.04618266238029662
2009-11-28,-0.19456673076923076,26,0.648653007338226,0.127211320844933
2009-11-29,-0.10466158620689656,29,0.40290036433337395,0.07481671940654329
2009-11-30,-0.6006030588235295,17,1.7370976177681576,0.4213080564745251
2009-12-01,-0.4534283913043478,23,1.0919531363719839,0.22768796840838929
2009-12-02,-0.2155290789473684,38,0.23691033045544282,0.03843193048704051
2009-12-03,-0.29790533333333336,42,0.22937424409771548,0.03539321425930009
2009-12-04,-0.28728981818181815,33,0.9950956000535028,0.17322390950914238
2009-12-05,-0.303711,12,0.4388067799623304,0.12667260626674218
2009-12-06,-0.2768683548387097,31,0.20784100763380783,0.037329346949619285
2009-12-07,-0.2650735357142857,28,0.27512148551792764,0.05199307364364963
2009-12-08,-0.4732835625,32,0.25191242530906,0.044532246050296494
2009-12-09,-0.48167258695652176,46,0.18366325245290943,0.027079669215427676
2009-12-10,-0.15740281818181817,44,0.2230740613240232,0.03362968008511436
2009-12-11,-0.0895598947368421,19,0.21214039901544623,0.04866834532372239
2009-12-12,-0.42119005263157894,19,0.5419630916354475,0.1243348603983047
2009-12-13,-0.3393153181818182,44,0.3069401358116636,0.04627296652672803
2009-12-14,-0.3461420930232558,43,0.2721021863018179,0.04149519439540328
2009-12-15,-0.2961912972972973,37,0.34062111732073486,0.05599776674234811
2009-12-18,-0.3065339142857143,35,0.205720472063339,0.03477310644981797
2009-12-19,-0.5555671379310345,29,0.24046531109522462,0.04465328726367772
2009-12-21,-0.5003831724137932,29,0.381931658829829,0.0709229285469275
2009-12-22,-0.5444424375,16,0.4536770901158618,0.11341927252896546
2009-12-23,-1.00660224,25,0.28187680462530673,0.056375360925061346
2009-12-24,-0.8054207142857143,14,0.4821727828707224,0.128866096766399
2009-12-25,-0.42703699999999994,12,1.4212379393743648,0.4102760534401493
2009-12-26,-0.034792538461538465,26,0.35413969164037296,0.0694525076235382
2009-12-27,0.09559489655172414,29,0.23786578569442185,0.044170567515275816
2009-12-28,-0.1117696,35,0.27640564419081814,0.04672108124376929
2009-12-30,-0.12682111111111113,18,0.29926850557727835,0.07053826322975255
2009-12-31,-0.17938425,12,0.18018520438660024,0.0520149881282957
2010-01-01,-0.14769302702702705,37,0.1671653826176152,0.027481819614848517
2010-01-04,-0.39158689999999996,10,0.5930781870933021,0.18754779017783116
2010-01-05,-0.2866853571428572,14,0.629155442134638,0.16814886482086383
2010-01-06,-0.12385706060606061,33,0.24187017060371707,0.0421041923442998
2010-01-07,-0.2264849772727273,44,0.13464896575160246,0.02029909535488545
2010-01-08,-0.2826827857142857,14,0.39130830186895593,0.10458154272813902
2010-01-10,-0.17180857142857142,21,0.14551639369795122,0.031754280427516976
2010-01-11,-0.14934051612903226,31,0.2521271814662686,0.04528337857640866
2010-01-17,0.05192794444444444,36,0.3977775025725487,0.06629625042875811
2010-01-18,0.015268085714285713,35,0.09570694704620038,0.016177426700634615
2010-01-19,-0.3820357,10,0.4329419386438299,0.13690826207233725
2010-01-25,0.0953983,10,0.39619640944894147,0.12528830546393116
2010-01-26,0.04574908333333333,36,0.2631805476014381,0.04386342460023968
2010-01-27,-0.05016448275862069,29,0.21628052850120053,0.040162285881141936
2010-01-28,-0.26035916,25,0.38550091670629005,0.07710018334125801
2010-01-30,-0.03929876470588235,17,0.3824347976334544,0.09275406267967337
2010-01-31,-0.20474665625,32,0.4043169279950991,0.0714738103834619
2010-02-01,-0.16851716666666666,18,0.6729237930454943,0.15860965909474734
2010-02-02,-0.1238919090909091,22,0.2681369542942222,0.05716699073693974
2010-02-04,-0.8413592727272726,22,0.3736483897371433,0.07966210435707927
2010-02-05,-0.82709284375,32,0.5551029747328264,0.09812926942260157
2010-02-06,-0.6965231428571429,14,0.42275115933751,0.11298499986446013
2010-02-08,-0.5607996666666667,24,0.4648521057509598,0.09488753874567811
2010-02-09,-0.10515145238095239,42,0.19961636830695687,0.030801474337030198
2010-02-10,-0.32411625,20,0.6824995540945429,0.15261153975686928
2010-02-12,-0.37362066666666666,9,0.9498908742249028,0.31663029140830096
2010-02-13,-0.296035875,32,0.8171111885144717,0.1444462155954956
2010-02-14,-0.046706173913043485,46,0.1803210810247228,0.026586892922250832
2010-02-15,0.10339863829787234,47,0.1955171514888728,0.028519107639616993
2010-02-16,0.10814428260869564,46,0.10914763338191955,0.01609294057550777
2010-02-17,0.0007344102564102592,39,0.19342884039203204,0.030973403104634957
2010-02-18,-0.26847099999999996,23,0.6754306378467673,0.14083702368681494
2010-02-20,-0.22497829166666664,24,0.7536573915089857,0.15383967083949887
2010-02-21,-0.27684661904761904,21,0.6273981229771473,0.13690949473409478
2010-02-22,-0.057742999999999996,12,0.37278417397762714,0.10761352159780767
2010-02-23,-0.09498136666666666,30,0.22227651720129316,0.040581954158277776
2010-02-24,-0.5991879047619048,21,0.5248739008774302,0.11453687528940822
2010-02-26,-0.24989070588235293,17,0.23531019953902463,0.05707110632262157
2010-02-27,-0.10163854838709678,31,0.24538702328999099,0.04407281043145008
2010-02-28,-0.091213,24,0.34460194094371255,0.07034157664039987
2010-03-01,-0.4031784166666667,12,0.7259035197238941,0.20955029625914356
2010-03-02,0.11546333333333333,15,0.5092000418969048,0.13147488547698874
2010-03-03,-0.3479180909090909,11,0.729215517572611,0.21986675119028778
2010-03-10,-0.2889483333333333,9,1.8415298706312775,0.6138432902104258
2010-03-11,-0.30523188888888897,9,0.962626142714871,0.320875380904957
2010-03-12,0.22700143750000001,16,1.1923492929635997,0.2980873232408999
2010-03-13,-0.07658312903225807,31,0.9363148257679764,0.16816710707420454
2010-03-14,-0.5043935666666667,30,1.0201267221064418,0.1862488057371674
2010-03-15,-0.457529619047619,42,0.6683872566105032,0.103134392766973
2010-03-16,-0.6766457586206897,29,1.1305782582241664,0.20994311199655885
2010-03-17,-0.5462906923076922,13,0.9388979207166581,0.26040343042849495
2010-03-18,-0.3024086444444445,45,0.7212783187761206,0.10752182343201123
2010-03-19,-0.6698316666666666,45,0.7185366734427244,0.10711312307629997
2010-03-20,-0.7364413870967742,31,0.699136909441905,0.1255686957783793
2010-03-21,-1.0456647619047619,21,0.6837023812206525,0.14919609117929497
2010-03-23,-0.7301692333333333,30,0.8274026335746423,0.15106236218267097
2010-03-24,-0.4007613333333333,33,0.4980480948971361,0.0866990449128944
2010-03-25,-1.0075554857142859,35,0.8507068075048768,0.14379569557785196
2010-03-27,-0.15645785714285715,14,0.5551835591729802,0.14837904751393066
2010-03-28,-0.7579743636363636,33,0.8193957372731986,0.14263848924460923
2010-03-31,-1.0839143529411766,17,0.49930719577141863,0.12109978281155968
2010-04-01,-0.37916183333333336,30,1.1433720490614467,0.20875022096395263
2010-04-02,-0.15304411764705883,17,0.7583119530026777,0.1839176634940268
2010-04-03,-1.315752,13,0.5965811136869822,0.16546183041321738
2010-04-04,-1.1627710769230768,13,0.8684827148357129,0.24087376616879486
2010-04-05,-1.2472021818181818,22,0.7753073310394946,0.16529607837337665
2010-04-06,-0.87800125,32,1.1059576465294243,0.19550753789151767
2010-04-07,-0.799415465116279,43,1.0753785910037263,0.16399369769435906
2010-04-08,-1.0584843142857143,35,0.9900843361859984,0.1673547978535311
2010-04-10,-1.0794911304347827,23,0.752423708433698,0.15689118868670382
2010-04-11,-0.46046847058823526,17,0.8171875973660452,0.19819710469911297
2010-04-12,-0.7845598571428571,28,1.0585758261414324,0.20005202713392692
2010-04-13,-0.2469591818181818,11,0.5291282944809923,0.15953818352310287
2010-04-15,-0.8016674444444445,27,1.4127873802057551,0.27189105808983294
2010-04-16,-0.8873023571428572,42,1.4693976548594927,0.22673298057126143
2010-04-17,-0.9831676774193548,31,1.296380166124618,0.23283675127833264
2010-04-18,-1.9000764210526317,19,0.7373871610589586,0.1691682167010711
2010-04-19,-1.5300022666666668,15,0.9716503714155228,0.25087904712190473
2010-04-20,-0.8344100714285714,28,1.1372118123022195,0.2149128316683383
2010-04-21,-1.5142161481481482,27,1.5171676527773643,0.291979050912268
2010-04-22,-1.0909004,10,0.706595462372322,0.22344510454363403
2010-04-24,-0.5408845999999999,10,0.864853066788573,0.2734905532433616
2010-04-25,-1.0004583529411766,34,1.461343789597715,0.25061839232280025
2010-04-26,-2.06871464,25,1.1779942272251693,0.23559884544503387
2010-04-27,-1.813392857142857,14,0.8569559091932378,0.22903110055517553
2010-05-03,-0.667659,25,1.4108525518635,0.2821705103727
2010-05-05,-0.8316976923076923,13,3.763387841580207,1.0437759870980912
2010-05-06,-0.94282425,36,1.673051177858643,0.2788418629764405
2010-05-07,-0.039935111111111116,9,0.14940238089003505,0.049800793630011685
2010-05-08,-1.4741573461538462,26,1.1218308282896825,0.22000912632304032
2010-05-09,-2.0720975384615383,13,0.6492345320917826,0.18006526117375332
2010-05-11,-2.191884,9,1.3986762082852664,0.46622540276175545
2010-05-12,-0.8330259615384615,26,1.3517948485469082,0.2651087811967265
2010-05-14,-2.2484669130434782,23,1.280494363178247,0.2670015318414993
2010-05-16,-1.3639052307692308,13,1.0352546648220713,0.2871279828599434
2010-05-17,-1.6025729166666667,12,1.0911352030449304,0.3149836016001338
2010-05-19,-1.4670734545454545,11,0.7506640429498888,0.22633372491600107
2010-05-20,-2.0121504444444445,9,1.059485293535865,0.35316176451195497
2010-05-23,0.27007323076923073,13,1.6500662937643926,0.4576460484678726
2010-05-25,0.7550530909090909,11,1.746226632818401,0.5265071399985769
2010-05-26,-1.9279275862068965,29,2.2805252392036564,0.4234829055152251
2010-05-27,-2.445259411764706,17,0.9130402240287705,0.22144478141813134
2010-05-30,-1.1457137857142856,14,1.4579403674407463,0.3896509532364702
2010-06-01,-3.3202492,15,1.0935614314704698,0.28235634747599153
2010-06-02,-3.4988384705882356,17,1.161295124693499,0.28165543891918404
2010-06-04,-1.3448614166666666,12,1.478696564981437,0.4268629299209038
2010-06-05,-3.858170933333333,15,1.1471613047904359,0.2961957752577952
2010-06-09,-1.1565298461538462,13,2.324801504361496,0.6447839253270149
2010-06-12,-1.2922213076923077,13,1.5423595798029928,0.42777358078329103
2010-06-13,-3.325401083333333,12,1.3577391057084205,0.3919455190850192
2010-06-14,-3.0700185833333333,12,3.0998557357551473,0.8948512717436199
2010-06-16,-2.047629,11,2.8725153731862947,0.8660959724896962
2010-06-18,1.1726223333333334,9,1.4276972201513878,0.47589907338379595
2010-06-19,-3.919865333333333,18,2.2871678869212135,0.5390906408513656
2010-06-20,-3.7733512,15,1.615129064008916,0.4170245311254736
2010-06-22,-2.9798954666666666,15,1.4298858828148222,0.3691949474079264
2010-06-23,-2.838258,26,4.009312765549139,0.7862909241396814
2010-06-25,-3.084737117647059,17,3.4763240244342137,0.8431324200949725
2010-06-27,-3.029211,28,3.4053040134714245,0.6435419684439667
2010-06-28,-3.5620333,30,3.4541492811933834,0.6306384927666236
2010-06-29,-5.122342583333333,12,1.1692901393357078,0.33754498835312297
2010-07-06,-3.7767809166666666,12,1.3148485747033216,0.37956408927427926
2010-07-07,-3.3900512727272725,11,1.8326231792290026,0.5525566788737125
2010-07-08,-4.451956640000001,25,1.5933167478446197,0.31866334956892395
2010-07-09,-4.03266645,20,1.6625040894756025,0.37174721569388397
2010-07-11,-4.84648524,25,2.45686872818798,0.49137374563759606
2010-07-12,-3.959432777777778,18,2.021310583137688,0.47642747340693137
2010-07-14,1.5253039999999998,15,2.0746293618730345,0.5356669978724788
2010-07-15,-2.048816435897436,39,3.7533079678856396,0.6010102755594507
2010-07-16,-3.3776927931034484,29,3.274713194151298,0.608098974020779
2010-07-17,-4.5538869,10,1.4226143690216146,0.4498701638191587
2010-07-18,-4.7241174,20,1.4979783208442323,0.33495813542286934
2010-07-19,-4.085513923076923,13,1.6257744642983982,0.45090870718214415
2010-07-20,-4.8471226000000005,15,2.7903160723345817,0.7204565119204484
2010-07-21,-4.5812687500000004,24,1.7488346959264605,0.3569793874579336
2010-07-23,-2.979476870967742,31,3.7047161942245252,0.66538667098718
2010-07-24,-4.745967266666667,15,3.6656934039307423,0.9464779670484095
2010-07-25,-5.657553166666666,12,0.9989514217653729,0.28837243613179875
2010-07-27,-0.2720655294117646,17,4.676957848196238,1.1343288949808576
2010-07-28,-3.267159285714286,35,3.5360642553186215,0.5977039500751913
2010-07-29,-5.043709294117647,17,1.9420193521624525,0.47100887740937486
2010-07-31,-4.155484947368421,19,1.92976718996744,0.442718956085712
2010-08-02,-3.485748055555556,18,2.2589058327225717,0.5324292107933252
2010-08-03,-4.966665541666667,24,1.1101667765150534,0.22661184432102402
2010-08-04,-2.5432537575757577,33,4.050132099380332,0.7050375021710577
2010-08-05,-2.5978525135135135,37,4.199115509096949,0.6903303372737584
2010-08-06,-3.6223841724137933,29,3.4492736539559115,0.6405140376365384
2010-08-09,-4.58569275,8,0.9914020244079663,0.350513547170472
2010-08-11,-4.4271235454545455,22,1.6401822247190279,0.3496880252638355
2010-08-14,-4.597001846153846,13,2.969204729695165,0.8235092230973933
2010-08-15,-1.8340534375,32,3.963709196064756,0.7006914127972169
2010-08-16,-2.7618731081081083,37,3.9181444739403593,0.6441389836318769
2010-08-18,-2.40661188,25,3.321992730383744,0.6643985460767488
2010-08-24,-0.9989155909090909,44,3.536582734752242,0.5331599077828264
2010-08-25,-2.7991472777777777,36,3.48502904013194,0.5808381733553233
2010-08-31,-1.1949160454545453,22,3.3475630903464753,0.7137028489074696
2010-09-01,-4.955326923076924,13,0.9199079513883857,0.25513656057214307
2010-09-02,-2.7628060588235295,17,3.864069326875756,0.9371744693775339
2010-09-03,-1.1408030500000002,20,3.8908949090196456,0.8700305509875786
2010-09-04,-2.85334790625,32,3.1343233425650503,0.5540753224897583
2010-09-06,-4.486580588235293,17,1.8100613438634154,0.4390043593880183
2010-09-07,-1.5296414615384615,26,2.91780039090337,0.5722277357686515
2010-09-08,-2.5635566874999998,32,2.7808895419180977,0.4915964632052596
2010-09-11,-2.2597893181818183,22,2.6884062280948147,0.573170133684699
2010-09-12,-1.6543080857142856,35,2.580063733390667,0.4361103683491726
2010-09-13,-3.2481226153846157,26,2.516144290321572,0.4934564936678756
2010-09-14,-2.6787531379310345,29,2.347992849901101,0.43601132629968475
2010-09-15,-0.04847785714285703,14,3.0290158072326157,0.8095385264133536
2010-09-17,-1.1877606785714288,28,2.534613197835637,0.4789968708010893
2010-09-18,-1.6008551470588237,34,2.382472051341251,0.40859058594659525
2010-09-19,-2.7677184166666664,12,1.911546128789632,0.5518158360125406
2010-09-21,0.0508546976744186,43,1.6970998319074126,0.2588052980775841
2010-09-22,-2.2633082352941174,17,2.5191357484407355,0.6109801632994443
2010-09-23,0.8055459230769231,13,1.72151867407194,0.4774633731565507
2010-09-24,-0.06961773684210526,19,1.0960658546992736,0.25145475242629833
2010-09-25,-3.082413153846154,13,0.7191919159359629,0.19946794844663857
2010-09-27,-0.1351645,14,2.9617170789398175,0.7915521847106934
2010-09-28,0.13831876190476186,21,1.6822905504511374,0.3671058946833935
2010-09-29,-0.7643431304347826,23,2.0896994812126652,0.43573246288043205
2010-09-30,-0.560417625,32,2.09900879379276,0.37105583796526403
2010-10-01,-0.8772015,28,1.826252564945181,0.34512929414562743
2010-10-02,-1.821194210526316,19,1.402581234150077,0.3217742031456181
2010-10-06,-0.09324233333333336,36,1.5050157223945535,0.25083595373242557
2010-10-07,-0.8906647857142858,14,1.7417089463716675,0.465491296057272
2010-10-08,-1.0937454,15,2.897628374707564,0.748164429249364
2010-10-10,-1.5760404,15,2.6205543338831356,0.6766242195307369
2010-10-11,-1.8197569166666667,12,0.6645761253008577,0.19184660241972434
2010-10-12,-0.6593470869565217,23,1.5288257067717308,0.3187821964429007
2010-10-13,-1.1595879523809525,21,1.4163569720479536,0.3090744302613429
2010-10-14,-0.7183454666666667,30,1.9037089546992707,0.3475681124711237
2010-10-16,-0.6597026333333333,30,1.4454067160798454,0.2638939543887988
2010-10-17,-0.5042251153846153,26,1.5630271093256274,0.3065348357971499
2010-10-18,-0.5794543333333333,24,1.2772580629305843,0.26071921033629814
2010-10-19,-0.4883336923076923,26,1.2814337478974331,0.25130983407328267
2010-10-20,0.13186933333333334,42,1.0544357336540338,0.1627029660225535
2010-10-21,-0.3228445555555555,36,1.3745915040438625,0.22909858400731042
2010-10-23,-0.19530316666666667,36,1.6212977952907357,0.27021629921512264
2010-10-24,-0.1836574782608696,23,0.6533585699378022,0.13623467937974915
2010-10-28,-0.3321733333333333,39,0.7366002011530776,0.11795043030309812
2010-10-30,-0.2902851052631579,38,0.8542901044211706,0.13858415479714983
2010-11-03,0.036476702127659584,47,0.8472963393167221,0.12359087333063086
2010-11-04,-0.08880936170212764,47,0.8664282586347245,0.12638155057928968
2010-11-05,-0.728251875,8,0.38104152049891493,0.1347185215292078
2010-11-11,0.37667476470588235,17,0.2853030727871962,0.06919615908322903
2010-11-12,0.10786364285714287,14,0.34721832639058386,0.09279800112590096
2010-11-13,-0.252727,33,0.9072033177735367,0.15792382703324934
2010-11-14,-0.0219919333333333,30,1.7752430502204855,0.32411355455334545
2010-11-15,0.26799624,25,0.40158622407463546,0.0803172448149271
2010-11-16,-0.32096478947368423,19,0.5417838092495505,0.12429373019817407
2010-11-17,-0.15446341176470588,34,0.24440735322471405,0.04191551527646385
2010-11-18,-0.12444429411764707,17,0.29792920841090015,0.07225844677851757
2010-11-19,-0.1839763913043478,23,0.32078018840133266,0.06688729302562194
2010-11-20,-0.6520208333333334,36,0.6431774674185078,0.1071962445697513
2010-11-21,-0.5450923333333334,12,0.5620549584118384,0.1622512907692194
2010-11-22,-0.3682845357142857,28,1.157425295644492,0.2187328209579097
2010-11-23,-0.042714600000000005,30,0.2404766439810449,0.043904827487185744
2010-11-25,0.2735505,12,0.20546222410347223,0.059311835197219456
2010-11-26,0.04604248571428571,35,0.10752363518571748,0.01817481155221719
2010-11-27,-0.04769333333333333,9,0.2692605397691054,0.08975351325636848
2010-11-30,-0.58398795,20,1.0271531697439786,0.22967843108519165
2010-12-01,-0.08347262962962963,27,0.3433150818660662,0.0660710183107439
2010-12-02,-0.03861855555555556,27,0.3343370822734184,0.06434320148354405
2010-12-03,-0.6449149545454546,22,1.1040571552487444,0.23538577639656968
2010-12-04,0.39963109523809526,21,1.6855921001323808,0.36782635188934376
2010-12-05,-0.07435215,20,0.20674608255316854,0.04622982946706681
2010-12-06,-0.016487692307692307,39,0.1590150750963657,0.025462790402358326
2010-12-07,-0.03403861538461538,13,0.13727871083464863,0.03807426391876304
2010-12-08,-0.1947430909090909,22,0.23618466679131536,0.05035474015211959
2010-12-16,-0.13393,24,0.38362131965021684,0.07830637396634609
2010-12-17,0.015535333333333332,24,0.1769642089445273,0.036122667887446565
2010-12-18,0.13984390476190475,21,0.1978379564673839,0.043171781468912616
2010-12-19,0.14984011111111112,9,0.07457789411153354,0.024859298037177846
2010-12-21,0.16771684210526316,19,0.1972547185145427,0.0452533360074449
2010-12-22,0.04317783333333333,36,0.08906099315557368,0.014843498859262281
2010-12-23,-0.18078349999999999,12,0.23861525092595098,0.06888228967742395
2010-12-24,-0.1266628888888889,27,0.3534940683493565,0.0680299651728123
2010-12-25,-0.0891856923076923,26,0.21272970642479988,0.04171972785311227
2011-01-01,0.11843624,25,0.17649208073529346,0.03529841614705869
2011-01-02,0.165779,20,0.14769918536531929,0.033026541869819605
2011-01-05,-0.27967415384615385,13,0.8678515891081114,0.24069872338632317
2011-01-06,-0.42477832,25,0.9489985920581282,0.18979971841162563
2011-01-07,-0.05442746341463415,41,0.266283185152677,0.04158644675297379
2011-01-08,-0.028605939393939395,33,0.20820458611257514,0.03624376630970332
2011-01-09,0.1877123,10,0.6503011725557201,0.2056432870354256
2011-01-10,-0.08358836363636363,22,0.8816672062917178,0.18797207996864398
2011-01-11,0.06622596296296296,27,0.41114192814118633,0.07912430096248523
2011-01-12,-0.023217344827586205,29,0.10597736354095216,0.01967950236184948
2011-01-15,0.06908538709677418,31,0.18295970579860427,0.032860533218688204
2011-01-17,-0.00410775,20,0.08253130200677927,0.018454560155872324
2011-01-18,-0.23729054054054055,37,0.4795262606149598,0.07883363163142423
2011-01-19,0.441478625,8,0.7674756512560116,0.2713436186993438
2011-01-20,-0.15946254166666665,24,0.24278625134306014,0.04955853602946704
2011-01-22,-0.27785175,12,0.3968607147027611,0.11456382023221319
2011-01-24,-0.06317844444444444,18,0.14723239050531134,0.03470300724553717
2011-01-25,0.24302654545454547,22,0.5488525756473552,0.117015762301638
2011-01-26,0.035132000000000004,11,0.11779299808647371,0.035515925234898625
2011-01-27,0.013272199999999998,35,0.1204496231107331,0.020359702290496468
2011-01-30,0.36563728571428566,28,1.0756748420352087,0.2032834373995607
2011-01-31,-0.13594875609756096,41,0.232840219089699,0.03636353293420552
2011-02-01,0.05994419565217391,46,0.13407129893333616,0.019767734578959056
2011-02-02,0.21646555555555558,18,0.5352993348871399,0.1261712632211151
2011-02-03,0.1490011875,16,0.10255369539853665,0.025638423849634162
2011-02-04,0.2095399,20,0.0941362583033652,0.021049507271380358
2011-02-05,0.005206038461538466,26,0.26897194304097677,0.05274973792980414
2011-02-06,0.019459818181818182,44,0.08080674652765558,0.012182075398253984
2011-02-07,-0.15608072093023254,43,0.20814323747091246,0.03174154613871398
2011-02-08,0.13722943589743591,39,0.2410760810307549,0.03860306778202037
2011-02-09,-0.011197857142857143,42,0.15246228001794995,0.023525440549628185
2011-02-11,0.11327976470588236,17,0.36074365779569323,0.08749318852137147
2011-02-13,0.12078741666666669,12,0.9412468019345848,0.27171454723540345
2011-02-14,0.041442375,24,0.11606224841823777,0.023691107252068883
2011-02-18,-0.16528934146341462,41,0.25020688491232707,0.03907575046718763
2011-02-19,-0.2794975882352941,34,0.2746714715127453,0.047105768743446734
2011-02-20,-0.36643267567567567,37,0.35756695644623715,0.058783645533620185
2011-02-21,-0.9402361724137931,29,0.5506541966720174,0.1022539172696231
2011-02-24,-0.007393743589743591,39,0.19326247538239932,0.030946763382784705
2011-02-25,-0.2897222903225807,31,0.2671159072409321,0.047975433196163604
2011-02-27,-0.0102069,20,0.24124165762874197,0.05394327454625977
2011-03-01,-0.06558161904761904,21,0.200113535492349,0.043668353522805785
2011-03-02,-0.27325375,24,0.39036292690044555,0.07968249878378841
2011-03-04,-0.05199387096774193,31,0.2734785882768816,0.049118204445325345
2011-03-05,-0.2125092105263158,38,0.3076986499991604,0.04991531228288091
2011-03-06,-0.5056729,10,0.5103287742159623,0.16138012820442504
2011-03-07,-0.0952515,16,0.41948372397571443,0.10487093099392861
2011-03-08,-0.8308372857142857,14,0.34876690681102107,0.09321187665226828
2011-03-09,-0.27464310344827586,29,0.39335607835752373,0.07304438999459928
2011-03-10,-0.2951901,20,0.8429730389913458,0.18849450183842298
2011-03-12,-0.4056790666666667,15,0.2899449103988714,0.0748634539528287
2011-03-13,-0.2125585357142857,28,0.2228183847550523,0.042108716685355284
2011-03-17,0.30548008,25,0.38072249700984306,0.07614449940196862
2011-03-18,-0.3128427894736842,38,0.20475357160784938,0.03321541536782468
2011-03-21,-0.05341117857142858,28,0.7472150405508022,0.14121036951317614
2011-03-22,-1.4276635588235294,34,0.4144653430152378,0.07108021991771789
2011-03-23,-1.00205634375,32,0.5946522923011999,0.10512066708357586
2011-03-24,-0.5043280344827586,29,0.524075062504578,0.09731829596194722
2011-03-25,-0.39436972413793103,29,0.6424843581048656,0.11930635015174912
2011-03-26,-0.7029066666666667,15,0.9238435380655774,0.23853537582862125
2011-03-27,-0.3125065454545455,11,0.39737733531704184,0.11981377467617012
2011-03-28,-0.31969426666666667,15,0.7429698151613724,0.19183398139031987
2011-03-29,-0.45930886666666665,15,0.4788539764529872,0.12363956507117453
2011-04-02,-0.303319380952381,21,0.1950764572075462,0.04256917292654259
2011-04-04,-0.36913382608695655,23,0.31212829993735997,0.0650832495720695
2011-04-11,-0.8693693125,32,0.87232733869332,0.1542071441511152
2011-04-12,-0.24603758333333334,12,0.8799055230304774,0.2540068452915423
2011-04-13,-1.2704696,35,1.2332318907014967,0.20845423589865258
2011-04-14,-1.3483026857142857,35,1.3338781035909313,0.22546655090781612
2011-04-15,-1.5624774242424242,33,0.8006900242942032,0.13938224257624565
2011-04-16,-0.16860391304347824,23,0.8674821739491466,0.18088253720596373
2011-04-17,-0.6276966666666667,42,0.508671123466783,0.07848965837990547
2011-04-18,-0.89892655,20,0.5010769608571517,0.11204421464355924
2011-04-19,-1.0834774,15,1.154053993180797,0.2979754597475596
2011-04-20,-1.3977699047619048,21,0.6889735986830632,0.15034636513291735
2011-04-24,-0.8811280714285715,14,0.48405514551061446,0.1293691793432661
2011-04-25,-0.9138827368421053,19,1.1574350680831034,0.26553381555180877
2011-04-26,-0.46080233333333337,42,1.0079390667476773,0.15552837455683116
2011-04-27,0.29041720833333334,24,1.1890763815272387,0.2427191999947257
2011-04-28,-1.3951864999999999,28,0.9573144252298061,0.18091542111805747
2011-05-01,-0.5912602777777778,36,0.5549767683948381,0.09249612806580636
2011-05-02,-1.3017869411764706,34,1.1062376800707157,0.18971819696345907
2011-05-03,-1.305033,12,0.48269205085098227,0.13934119274725357
2011-05-06,-1.3184135925925926,27,1.2022804963984794,0.23137898941236631
2011-05-09,0.12069455555555557,9,0.7039191563530416,0.2346397187843472
2011-05-10,-0.2660893076923077,13,0.9020357400775375,0.25017970101158993
2011-05-11,-0.653155,24,1.6355594246890095,0.33385716954067374
2011-05-12,-1.3769582954545454,44,1.9920444807122104,0.30031200491912574
2011-05-13,-1.1174388055555555,36,1.4676544851727158,0.2446090808621193
2011-05-14,-1.1281943095238094,42,2.0577509327987134,0.3175178623184609
2011-05-15,-1.8082040909090908,33,1.9392296894270344,0.33757655869515407
2011-05-16,-2.66655845,20,0.5507379908390363,0.12314875853077416
2011-05-18,-2.251522,11,0.8439107780571355,0.2544486733956736
2011-05-23,-1.2804175,12,1.3642441796987475,0.393823372194726
2011-05-24,-1.2711093103448277,29,1.9164096312696133,0.3558683345643701
2011-05-25,-4.61562625,8,0.5054414655463508,0.17870054389034568
2011-05-29,-3.719195181818182,11,1.2897446354046074,0.3888726391828007
2011-05-30,-1.2671624,15,2.8536966774160746,0.7368213137839931
2011-06-01,-1.5123268064516129,31,3.078441419625191,0.5529044009435161
2011-06-04,-4.594650583333333,24,3.1025508691582764,0.6333055442055194
2011-06-06,0.3285728235294117,17,2.7772630568894225,0.6735852313929929
2011-06-08,-2.1020294,30,2.7009840619410985,0.4931299660623568
2011-06-09,-2.9559325000000003,20,3.514029926314508,0.7857609790207817
2011-06-10,-1.1202984999999999,12,2.956993825631101,0.8536105906100888
2011-06-11,-6.418039357142858,14,1.4558742376052645,0.389098756810687
2011-06-16,-2.792271875,8,0.950673684820768,0.3361139046161838
2011-06-19,-1.8541348095238095,21,3.057366974634017,0.6671721708818341
2011-06-20,-2.660859923076923,39,3.648627467576529,0.58424798030556
2011-06-21,-1.3924981904761904,21,3.9961231353154347,0.8720255597117733
2011-06-23,-4.3928123333333335,18,4.138747727543627,0.9755121945888374
2011-06-24,-6.70659505,20,0.9930287428115259,0.22204797725377273
2011-06-27,-0.14722711764705879,17,2.868145798433085,0.6956275339183006
2011-06-28,-3.9400679393939395,33,3.645782059643444,0.6346491950680669
2011-07-01,-4.2902761,20,3.097108512150306,0.6925345166861318
2011-07-02,-3.9558460833333333,36,4.2041813013739775,0.7006968835623296
2011-07-03,-5.0807816363636364,11,1.4374644282518632,0.4334118325449255
2011-07-05,-5.441412772727273,22,2.558924414052494,0.5455645181758524
2011-07-06,-6.01456319047619,21,1.0786066743822154,0.23537127287814705
2011-07-07,-4.962818333333333,15,1.4078694092438129,0.3635103183757441
2011-07-08,-2.6246981666666667,12,5.263846462308904,1.5195415859934527
2011-07-09,-4.777257888888889,9,5.182207387556278,1.7274024625187592
2011-07-10,-5.660152666666666,9,1.357842882782467,0.4526142942608223
2011-07-11,-3.386237212121212,33,4.0267698049464125,0.7009706487182541
2011-07-12,-4.439363621621621,37,4.538689321221071,0.7461559281023835
2011-07-17,-0.529136125,8,5.497197111175176,1.943552677415533
2011-07-18,-3.08424275,24,3.360377363284164,0.6859341569371118
2011-07-20,-0.8538583750000001,16,3.8818555856621098,0.9704638964155274
2011-07-21,-3.4213415142857144,35,4.293443891187616,0.7257244744150744
2011-07-22,-3.0767724242424244,33,4.256160564014202,0.7409024543546732
2011-07-23,-1.8435783684210525,19,4.184157879993114,0.959911650668914
2011-07-24,-5.3391734482758615,29,3.2143457784426324,0.5968890263458837
2011-07-25,-3.679146088235294,34,3.7986790941297133,0.6514680900536729
2011-07-28,-5.694895588235294,17,1.8424876022816972,0.4468688822410859
2011-07-29,-5.571879714285714,21,1.5955270058246005,0.34817253702559425
2011-07-30,-4.258638444444444,9,3.9107663955342917,1.3035887985114305
2011-07-31,-5.527712210526316,19,2.0312571174226774,0.4660023422733254
2011-08-02,-5.2609436,20,3.3584823219840394,0.7509794773187648
2011-08-03,-2.571597333333333,21,3.5332334786432997,0.7710147554207172
2011-08-05,-6.006685125,8,4.152237828921736,1.4680377629649335
2011-08-06,-3.2779452173913044,23,3.2025475767443465,0.6677773314547522
2011-08-07,-1.5328920000000001,12,3.7109380843113953,1.071255550961609
2011-08-08,-3.661382454545454,11,4.043711045267858,1.2192247543426658
2011-08-09,-2.1918143333333333,30,4.1148075743040895,0.7512576427464882
2011-08-10,-5.67419345,20,1.32415125915741,0.29608922279679095
2011-08-12,0.24843333333333334,9,3.9433540447805657,1.3144513482601885
2011-08-13,-4.6752170370370365,27,3.8790884309616382,0.7465309166086883
2011-08-17,-5.801894818181818,22,2.3043244387400676,0.49128362105512235
2011-08-19,-5.665554357142858,28,3.6882170174957034,0.6970075006807136
2011-08-20,-5.239199357142858,14,3.0914666861422715,0.8262292258692706
2011-08-21,-5.623137777777778,18,1.828127479495105,0.4308937792081533
2011-08-24,-1.907454914285714,35,4.250713448164053,0.7185017112695146
2011-08-26,-4.697148363636364,22,2.6754009553470772,0.5703974002184814
2011-08-27,-6.031963833333333,18,1.8382508165137423,0.4332798726261917
2011-08-28,-5.934316928571429,14,0.9554658418126943,0.2553589874877607
2011-08-29,-5.0395794090909085,22,1.843537632533573,0.3930435438846839
2011-09-02,-3.3922963235294117,34,4.145790403832775,0.7109971885547113
2011-09-03,-4.730523111111111,18,3.697846090407844,0.8715906821038499
2011-09-04,-3.2332796764705884,34,4.284842077253269,0.7348443538080242
2011-09-07,-4.246755416666667,12,1.706817279522299,0.49271570789485203
2011-09-08,-4.395893388888889,18,2.7999075161505544,0.6599445304550801
2011-09-09,-5.5305009,20,1.766020125385322,0.3948941049994282
2011-09-10,-3.1947523,10,1.7805049304246412,0.5630450965301497
2011-09-11,-4.4119688888888895,18,2.2007137998495447,0.5187132171081426
2011-09-12,-0.9390407499999999,24,3.269927692615665,0.6674711952253948
2011-09-13,-1.6200192666666666,30,3.7178289818648653,0.6787795994379506
2011-09-14,-2.0366296875,32,3.261175787148461,0.5764998784335134
2011-09-15,-3.281190875,8,0.8935771126841725,0.315927217946037
2011-09-19,-4.157227071428571,14,0.8343980632012945,0.22300226262049955
2011-09-21,-0.28504705882352943,17,3.9827930567017047,0.9659692033975151
2011-09-22,-1.9446072424242424,33,2.6378865040641086,0.4591970993046504
2011-09-26,-2.823501294117647,17,2.3303365409676817,0.5651896295086029
2011-09-27,-2.1805151875,16,1.3353453533950046,0.33383633834875115
2011-09-29,-0.13192905128205126,39,2.6234323284766803,0.4200853753915517
2011-09-30,-1.3697970294117647,34,2.5557432689275803,0.4383063546085705
2011-10-08,0.5816412222222223,9,1.3694399618050783,0.4564799872683594
2011-10-09,0.17952804545454545,22,3.7951161544001897,0.8091214827708698
2011-10-13,-0.07391570370370375,27,1.9221184866138596,0.3699118752202893
2011-10-14,-0.42408300000000004,44,1.849286267054904,0.2787903944444587
2011-10-15,-0.3490427291666667,48,1.5954632957980033,0.2302852908277862
2011-10-16,-0.34066893617021277,47,1.6095152256108913,0.2347719246994645
2011-10-17,-0.5433798837209303,43,1.6899538530130993,0.2577155465125744
2011-10-18,-0.6269238518518518,27,1.532200255664827,0.2948720766868338
2011-10-19,-1.0389848157894737,38,1.7462726359146703,0.2832828286798405
2011-10-20,-1.4593414545454544,22,1.5966407779579788,0.3404049576232202
2011-10-21,0.05186338461538462,13,1.3664343563360772,0.3789807027942584
2011-10-22,-0.5287161875,16,1.6531686653597175,0.4132921663399294
2011-10-23,-1.0513826666666668,12,2.6281495595573197,0.7586814278405075
2011-10-24,-1.536815,15,0.9988687308849518,0.2579067973176504
2011-10-25,-1.5958026666666667,12,1.835950615768069,0.5299932911162769
2011-10-26,-3.0338479166666663,12,2.4445812573353654,0.7056898234892436
2011-10-27,-2.0722976,15,2.996645550930092,0.7737305542159197
2011-10-28,-2.375218769230769,13,2.4726987785565107,0.6858032488355904
2011-11-01,-0.9280210588235294,17,1.284467659024959,0.3115291665205739
2011-11-02,-0.8680965,24,1.3658273994735877,0.278798350451898
2011-11-07,-0.29657557575757576,33,1.0814584664820706,0.18825775485864246
2011-11-09,-0.35795576190476186,21,1.6738064464159201,0.36525451140028575
2011-11-10,-0.22136696875,32,0.3373848159139013,0.05964177280052365
2011-11-13,0.034011296296296296,27,0.34617723644108345,0.06662184021552675
2011-11-14,-0.1599165,12,0.550241001993837,0.1588408953101556
2011-11-15,-0.5623094545454546,11,0.4540329282248951,0.13689607867166736
2011-11-16,0.06788168181818183,44,0.21912247294774126,0.03303395572283905
2011-11-17,-0.2026955625,32,0.3428746182877875,0.06061224192201088
2011-11-18,-0.7092734090909091,22,0.5521183849348892,0.11771203518122104
2011-11-19,-0.05464706976744186,43,0.3495381576397087,0.05330406931674817
2011-11-20,0.01757799999999999,15,0.5224337306914082,0.13489180923098898
2011-11-25,-0.19575867857142856,28,0.5852719955735082,0.11060601068699989
2011-11-26,-0.24762045000000002,20,1.5523512326811146,0.3471162881230565
2011-11-27,-0.25321258064516133,31,1.1798550349630184,0.21190821990234399
2011-11-28,0.24354183333333335,18,0.23463273202133186,0.055303465300203254
2011-11-29,-0.32865324999999995,12,1.120648495588654,0.32350335529752927
2011-11-30,-0.1685439655172414,29,0.3389352128198673,0.06293868896469632
2011-12-01,-0.24065471428571428,35,0.45159977430773635,0.07633429413812425
2011-12-03,-0.22444085,20,0.3049463186311003,0.06818806979474508
2011-12-04,-0.3578110666666667,45,0.31225730057681306,0.04654857003735589
2011-12-05,-0.39827174193548387,31,0.36259450622993616,0.065123895804677
2011-12-07,-0.15745805555555556,36,0.36911109095082895,0.06151851515847149
2011-12-08,-0.04141464444444445,45,0.3110518546631995,0.046368872770286604
2011-12-09,-0.2624000294117647,34,0.3083565291011399,0.05288270846030035
2011-12-12,-0.2206225,32,0.16368544122325485,0.028935771367618886
2011-12-13,-0.4295191666666667,18,0.27258612457830217,0.0642491657155595
2011-12-15,-0.33872243333333335,30,0.26256530130402744,0.04793764611411881
2011-12-16,-0.5034531153846153,26,0.2870217819469912,0.056289602575918515
2011-12-17,-0.21410675,16,0.10347635430280677,0.025869088575701693
2011-12-18,0.059390125,8,0.1478348901409344,0.05226752665731149
2011-12-19,-0.4005849666666667,30,0.24822221112230694,0.04531896810183242
2011-12-21,-0.2672159090909091,33,0.17996314830566068,0.03132756301545703
2011-12-22,-0.15930935294117646,17,0.14280260835369096,0.0346347198738811
2011-12-23,-0.18026280952380952,21,0.21536213418370906,0.04699587055828969
2011-12-25,-0.1553456666666667,18,0.12989572699895957,0.030616716469373608
2011-12-26,0.2537108181818182,11,0.16170505133038868,0.048755907451641774
2011-12-27,-0.5936468529411765,34,0.3395627810125511,0.058234536510708076
2011-12-29,-0.49135575,8,0.259868722813627,0.09187746805990145
2011-12-30,-0.9153610909090909,22,0.3328910083152355,0.07097260144114967
2012-01-01,-0.3130594,40,0.22440781659986342,0.035481991260045545
2012-01-02,-0.4878086,40,0.4957008998015245,0.07837719407838625
2012-01-04,-0.0664162857142857,21,0.28519174161257593,0.062233940167424597
2012-01-05,0.319342,24,0.2835524664016076,0.05787990483263413
2012-01-06,0.19127979999999997,30,0.3479215250910509,0.0635214891779894
2012-01-07,-0.26180926086956524,23,0.4079612313935121,0.08506579712202088
2012-01-09,0.08142192857142858,28,0.6263939502294021,0.11837732964731204
2012-01-10,-0.0876422,10,0.25549318150666955,0.0807940380203886
2012-01-11,-0.6496623928571428,28,0.7366664303449264,0.13921686956445434
2012-01-12,-0.737437625,48,0.20133828040840576,0.029060677597992357
2012-01-13,-0.7609421071428571,28,0.3745566235952345,0.07078454842464414
2012-01-16,-0.6554388108108108,37,0.3368995787615551,0.05538594957200112
2012-01-17,-0.75688275,36,0.47672593859811113,0.07945432309968518
2012-01-18,-0.8155730370370371,27,0.48484915851447125,0.0933092640615645
2012-01-19,-0.4271074411764706,34,0.4274650977641291,0.07330965946435236
2012-01-20,-0.5244140714285714,14,0.24451162827892237,0.06534848143585385
2012-01-23,-0.6432637999999999,15,0.8672794463031428,0.2239305901360041
2012-01-24,-0.2334414736842105,19,0.19243233970046847,0.044147006432812205
2012-01-26,0.0070816666666666675,27,0.14604477130950683,0.0281063293430937
2012-01-27,0.1534746315789474,19,0.15056921025274228,0.03454294586844378
2012-01-28,-0.017244809523809516,42,0.27987956513657086,0.043186354486506394
2012-01-29,-0.2753688,25,0.3739891503401758,0.07479783006803517
2012-01-31,-0.2903690588235294,17,0.7897056418492646,0.1915317514406299
2012-02-01,-0.1490855,12,0.4632433138838497,0.13372682598556748
2012-02-02,-0.14970157142857143,35,0.38295260014787325,0.06473080387486468
2012-02-03,-0.20091377777777777,18,0.3175303182705654,0.07484261376047983
2012-02-04,-0.18202190909090907,22,0.20782104368374457,0.04430759538714495
2012-02-05,-0.009609125000000003,16,0.12066251799896272,0.03016562949974068
2012-02-06,-0.2654141304347826,23,0.21265103201068522,0.04434080533834028
2012-02-07,-0.4254445909090909,22,0.3997286658559968,0.08522243790837096
2012-02-08,-0.04566936666666666,30,0.21316665235888893,0.03891872800160843
2012-02-09,-0.17538983333333336,18,0.21805058032814584,0.05139501466389798
2012-02-10,-0.5576615217391304,46,0.35794865218381616,0.05277664948099075
2012-02-11,-0.6159893111111111,45,0.44256875883670843,0.06597425529843938
2012-02-12,-0.20321980769230769,26,0.23115563799259045,0.04533335033850802
2012-02-13,-0.5558605555555556,9,0.3340489371544651,0.11134964571815503
2012-02-16,-0.048349,29,0.27397757779254756,0.050876358961116655
2012-02-17,-0.16688273076923077,26,0.509743411054586,0.09996890768818008
2012-02-22,-0.13373117647058821,34,0.14734982763117713,0.02527028695973943
2012-02-23,-0.26453238888888886,18,0.6427492545454426,0.15149745216389363
2012-02-24,-0.23504483333333331,30,0.21652065327657796,0.039531081988445536
2012-02-25,-0.47717191999999997,25,0.3366616025630583,0.06733232051261166
2012-02-26,-0.698035090909091,11,0.7931826318078901,0.23915356181212616
2012-02-27,-0.3700402142857143,28,0.590369872938072,0.1115694189527814
2012-02-28,-1.1381868181818182,11,0.34214373270157045,0.10316021688570547
2012-02-29,-0.4333807407407408,27,0.34449208467680165,0.06629753260728226
2012-03-03,-0.29216726315789476,19,0.3987623737174311,0.09148236260635166
2012-03-04,-0.2283934705882353,17,0.7744366554409177,0.1878284782784102
2012-03-07,-0.03512203333333334,30,0.3076648284626143,0.056171655566643774
2012-03-08,0.0143061875,32,0.22478116997741454,0.03973607239351895
2012-03-09,-0.2611237272727273,11,0.28308117903883717,0.08535218691665843
2012-03-13,-0.05452644444444445,9,0.4393269649361712,0.1464423216453904
2012-03-14,-0.6160764736842106,19,0.42302236107003044,0.09704798540853878
2012-03-20,-0.6799508888888889,9,0.9080465722592983,0.30268219075309943
2012-03-22,-0.9848454,15,0.8560222729980971,0.22102400048694992
2012-03-24,-0.08670523076923074,13,0.5568282206035589,0.15443636161626964
2012-03-25,-1.1541452978723403,47,1.2055918180737395,0.17585364029325726
2012-03-28,-1.0561015454545455,33,1.1262924153758898,0.19606234358931607
2012-04-01,-1.3527695454545454,11,1.6185448703205831,0.4880096401098011
2012-04-02,-0.28489157894736844,19,0.865986807928473,0.19867099906313584
2012-04-03,-1.1155343783783784,37,1.2117086807480297,0.1992036800240866
2012-04-04,-1.9281522222222225,18,1.164482200078521,0.2744710867488508
2012-04-05,-0.427318125,8,1.4352089476518182,0.5074229896521046
2012-04-07,0.06573470588235293,17,0.5342091992334048,0.12956476203623277
2012-04-08,-0.4656302222222222,45,0.9250073137325823,0.13789194887936856
2012-04-09,-0.4883366136363636,44,0.5480427125828966,0.08262054757845701
2012-04-10,-1.0106958,45,1.0853388524604486,0.1617927635148785
2012-04-11,-1.009176606060606,33,1.1011033164505368,0.19167748429275444
2012-04-14,-0.9579403999999999,25,1.0065581698130186,0.2013116339626037
2012-04-18,-0.8488191666666666,12,0.5905457768100212,0.17047588160503122
2012-04-19,-2.0962115999999997,15,0.5758700364899801,0.14868900406037003
2012-04-20,-1.5799280454545455,22,0.6823300667303441,0.14547325901788083
2012-04-22,-0.29384069999999995,10,0.8392661246777251,0.265399251700446
2012-04-23,-1.2299111,10,0.45972901753278045,0.14537908018750687
2012-04-24,-0.9279707407407407,27,1.1071412344263591,0.21306942990899766
2012-04-25,-0.43972763157894734,19,0.8739828714202081,0.20050542183716785
2012-04-26,-1.0613986923076923,39,1.1450955915158156,0.18336204299977174
2012-04-28,-0.1125573,10,0.28658475914738846,0.0906260581596522
2012-04-30,-1.4564892999999999,10,0.8098584483691579,0.25609972791764146
2012-05-02,-1.6358352105263159,19,0.7208622522130147,0.16537714261103473
2012-05-03,-0.6619967692307692,13,2.0755223249716024,0.5756463204657958
2012-05-04,-0.588393,20,1.098275227200263,0.24558180660238138
2012-05-05,-0.6421195454545455,11,1.4700569126857888,0.4432388363497282
2012-05-07,-1.6510712727272727,22,1.1551530975448845,0.2462794678969717
2012-05-08,-0.5645024736842106,19,1.530301297318689,0.35107519516743974
2012-05-09,-2.1563760000000003,19,0.5651540027042773,0.1296552202802872
2012-05-11,-2.1092754736842103,19,1.4871135975258831,0.3411672573252917
2012-05-12,-2.05372635,20,0.8660990282330536,0.19366563023756173
2012-05-13,-1.8940867647058823,17,1.0753708534716948,0.2608157420926123
2012-05-14,-1.64109815,20,0.607509021790517,0.1358431469667997
2012-05-15,-1.8751687419354839,31,1.8741235841880504,0.3366025323735967
2012-05-16,-1.854220210526316,19,1.1494695311024306,0.26370639603971463
2012-05-20,-1.8966902857142858,14,2.3605092786661177,0.6308726413621076
2012-05-22,0.08099387499999997,8,2.103286118302055,0.743623938513457
2012-05-25,-1.5705295128205128,39,2.452519798942002,0.39271746757500625
2012-05-26,-2.6315124545454545,22,2.2183471044234655,0.47295319178847695
2012-05-27,-1.872037153846154,13,1.2088457763689877,0.3352734946789585
2012-05-28,-1.9990667894736844,19,2.0804649298607263,0.47729138867596527
2012-05-29,-0.6718691,10,2.1268223588685045,0.6725602832596487
2012-05-30,-2.8133634444444446,27,2.2380251368725017,0.43070813840882927
2012-05-31,-2.5503966666666664,12,0.6957816953327106,0.20085487454877735
2012-06-01,-3.4090820833333333,12,0.5671562305971557,0.16372390120392066
2012-06-02,-3.7752101249999996,24,0.9710268339651013,0.198210022480395
2012-06-03,-3.70275925,8,1.2192991231669292,0.4310873391430735
2012-06-04,-3.499351375,16,1.1190216965505109,0.2797554241376277
2012-06-11,-4.1033541,10,2.895218135429309,0.9155483630982453
2012-06-12,-3.2333008333333333,36,2.754128372059324,0.4590213953432207
2012-06-16,0.15821775000000002,8,1.592117192271146,0.5628984315493067
2012-06-17,-2.1475353571428575,14,3.6055289253412885,0.9636181383378817
2012-06-18,-2.71232,19,2.8327533862493026,0.6498781969807026
2012-06-20,-2.907760052631579,19,1.8126857858497791,0.415858639837463
2012-06-21,-4.024089285714285,28,2.2158860753114986,0.41876310635179764
2012-06-22,-4.8117776800000005,25,1.345807596145053,0.2691615192290106
2012-06-24,-3.5341511764705884,34,2.9754992860661678,0.5102939176528929
2012-06-27,0.44850318181818183,11,3.126247751949286,0.9425991631734402
2012-06-28,-2.561470433333333,30,2.9236033360089277,0.5337744987764818
2012-06-29,-3.405019148148148,27,1.1924726954414029,0.2294914772381242
2012-06-30,-3.82322385,20,1.2367312912943358,0.27654152372352286
2012-07-07,-3.46447275,24,1.59351294424953,0.32527446766095386
2012-07-08,-3.1696184583333333,24,1.371917886291747,0.28004156586770107
2012-07-09,-3.082638083333334,24,1.0692866189217574,0.21826721709534583
2012-07-10,-1.9057990000000002,13,0.6254377444076002,0.1734652197747803
2012-07-14,-2.6564005454545456,22,1.2473675373029824,0.26593965251172946
2012-07-16,-0.8843462173913043,23,2.5297340341848362,0.5274860098582911
2012-07-17,-1.5166947837837839,37,3.216760996309928,0.5288322501967244
2012-07-18,-3.282186941176471,17,2.1328562155437383,0.5172936153495283
2012-07-20,-0.037254583333333424,12,3.1161168772078107,0.8995454589411328
2012-07-21,-1.6930964193548388,31,2.4600909814304535,0.44184538373316173
2012-07-23,-2.1606568214285713,28,2.2602750338004025,0.4271518310031412
2012-07-24,-2.9053874545454543,11,3.9146388315252367,1.1803080176294996
2012-07-25,-2.9617343333333332,15,1.3628923082664866,0.35189728083935246
2012-07-26,-2.5045020344827584,29,2.7553713234907513,0.5116596097189661
2012-07-27,-2.255676125,32,2.1870140669880027,0.38661311932939674
2012-07-30,-3.3144210384615387,26,1.9640206199351673,0.3851761333133853
2012-07-31,-3.1259046363636362,11,1.830968420573237,0.5520577503664609
2012-08-01,-2.5788100000000003,19,2.0652587435612033,0.4738028502866877
2012-08-02,-1.8285367857142858,28,2.6736079940040987,0.5052644182435081
2012-08-04,-2.451039409090909,22,2.889539373470082,0.6160518643615632
2012-08-05,-2.5384809062500002,32,2.7914653364281325,0.4934660172088799
2012-08-06,-2.297534892857143,28,2.778983098870498,0.5251784412330686
2012-08-07,-3.81667252173913,23,2.3834865047139524,0.496991291943375
2012-08-09,-3.6128475263157895,19,2.8938788184023183,0.663901332856242
2012-08-10,-4.057401565217391,23,2.3697915405988357,0.49413569452537875
2012-08-11,-4.374212363636364,11,1.5050606571961989,0.4537928624223185
2012-08-12,-3.9978253125,16,1.2521163410458693,0.31302908526146733
2012-08-13,-2.9397457037037036,27,2.8997535284015594,0.5580578267354025
2012-08-14,-4.0223921875,16,3.118072049517121,0.7795180123792802
2012-08-16,-1.3538445,26,3.1088445647693383,0.6096945807879125
2012-08-17,-3.6648914166666664,24,2.258360107575751,0.46098582658479315
2012-08-18,-3.9396682352941177,17,2.5770574757618063,0.6250282456384442
2012-08-19,-4.5003304,20,1.7665279264682006,0.3950076527734646
2012-08-20,-4.015211157894737,19,1.2691587396645974,0.29116498365839083
2012-08-26,-3.9191112500000003,20,2.0994550533015617,0.4694524214887736
2012-08-27,-4.0847085,14,1.8835882432035342,0.5034101331302182
2012-08-30,-2.9380753125,16,3.2088626212280205,0.8022156553070051
2012-08-31,-3.694222052631579,19,2.9448965347545366,0.6756055996935862
2012-09-04,-2.9754662499999998,8,1.2966778237745817,0.45844484110261086
2012-09-05,-2.7434550555555557,18,2.3282369161227985,0.5487707038664287
2012-09-06,-0.4139583529411765,17,3.170499328427483,0.7689590362974335
2012-09-07,-1.0143680232558139,43,3.0548553509859357,0.46586107359826245
2012-09-08,-0.12297818181818178,22,2.380994933337615,0.5076298254266585
2012-09-09,-1.7176042222222223,18,3.982410136240742,0.9386630709339572
2012-09-11,2.0212493636363638,11,1.4800957884447392,0.4462656712778585
2012-09-12,-1.0532351621621623,37,2.920267764077156,0.4800890630747645
2012-09-13,-1.273705090909091,33,2.6619563050316883,0.4633871138364069
2012-09-14,-2.46567815,20,1.7485917951732737,0.39099701189058284
2012-09-16,-1.502574875,32,2.9693364210439315,0.5249094797360894
2012-09-17,-1.0489831,30,2.4863404744056434,0.4539415878233557
2012-09-18,-2.5385728,10,1.055735539980623,0.33385289131265244
2012-09-19,-1.4681172500000002,8,1.8851374078160341,0.6664967222675738
2012-09-20,-1.175049037037037,27,2.0613807919875247,0.3967129183854404
2012-09-21,-3.311174125,8,1.3451731745562872,0.475590536799493
2012-09-22,-1.6307663461538462,26,2.8001146319864834,0.5491476595690676
2012-09-23,-2.165760722222222,18,1.2360462913227335,0.2913389048182626
2012-09-24,-0.467957064516129,31,1.5512350256895298,0.27861003530347994
2012-09-25,-1.9253935333333334,15,1.4025584237581115,0.3621390278198727
2012-09-26,-2.1739580625,16,0.817458430150791,0.20436460753769775
2012-09-28,-1.018996,9,0.7699566438698024,0.2566522146232675
2012-09-29,-1.1320037777777778,9,0.5284562147919112,0.17615207159730373
2012-10-06,-0.6386881481481481,27,1.4722160837703062,0.28332811742336095
2012-10-07,-1.185437125,8,0.8480060490783977,0.2998154138952736
2012-10-09,-1.0454023333333333,12,2.5841944921671725,0.7459926928455327
2012-10-10,-0.42265680000000005,30,1.1348032679003304,0.20718578271986304
2012-10-11,-0.9121406451612903,31,1.2736992993339924,0.2287631473481733
2012-10-14,-0.9503337272727272,22,1.4428979397709512,0.3076268743872012
2012-10-18,0.8938141111111112,9,1.429411448703665,0.4764704829012217
2012-10-19,-1.6198713999999999,10,1.2131623180353621,0.3836356096481312
2012-10-21,1.1656585,14,0.7538178939058007,0.20146630650107245
2012-10-22,0.4707043076923077,13,0.5713149729506168,0.15845426380105931
2012-11-07,-0.7895272142857143,14,0.5799328196671615,0.15499356561001965
2012-11-08,-0.31596141666666666,24,1.1105251377442198,0.22668499450061189
2012-11-09,-0.49444113333333334,45,0.46661243761798726,0.0695584753107133
2012-11-11,-0.3445632916666667,24,0.4305159283887061,0.08787869589107608
2012-11-12,-0.1461060322580645,31,0.27305960442871363,0.0490429527247308
2012-11-15,-0.40058422857142856,35,0.6616836422028495,0.11184494909839993
2012-11-19,-0.12783231250000002,16,1.4057327783887767,0.3514331945971942
2012-11-20,-1.08201425,8,1.5171584339679935,0.5363965083965655
2012-11-22,-0.8086013157894737,19,1.4018084269463837,0.32159690901384236
2012-11-23,-0.33849802222222225,45,0.4064445899284589,0.0605891821444707
2012-11-25,-0.2635214571428572,35,0.5411295419556559,0.09146758694862317
2012-11-26,-0.29520076666666667,30,0.32186400075644317,0.05876405788772126
2012-11-27,-0.012176095238095238,21,0.3325394774855918,0.07256606319708514
2012-11-28,-0.04001000000000002,13,1.362549135016361,0.37790313628004585
2012-11-29,-0.6840903783783784,37,0.4510049711888719,0.07414476053313239
2012-11-30,-0.6894943076923077,13,0.2757447715029802,0.07647783943039205
2012-12-03,-0.06253399999999998,19,1.067736746429724,0.24495560926274104
2012-12-04,-0.40171274358974357,39,0.38505881701041317,0.061658757474248344
2012-12-06,-0.29115767857142855,28,0.23965675932807237,0.045290870371267035
2012-12-07,-0.2908398,30,0.28804336823643956,0.052589283440955
2012-12-08,-0.5129104999999999,12,0.39343866611282163,0.11357595989492243
2012-12-10,-0.2820867619047619,21,0.20440594116265423,0.0446050332322168
2012-12-11,-0.18123235714285715,14,0.1739561334596951,0.046491732266721555
2012-12-13,-0.2961452142857143,28,0.24344317188500864,0.046006435084606
2012-12-17,0.14080166666666666,9,0.13286524643600373,0.04428841547866791
2012-12-20,-0.2858466756756757,37,0.14064607836260767,0.023122072851282628
2012-12-21,0.04500872727272728,11,0.29708406593053455,0.08957421617134445
2012-12-22,-0.36014508,25,0.21650912338646763,0.04330182467729353
2012-12-23,-0.2678221212121212,33,0.15089785188078342,0.026267944344156868
2012-12-24,-0.40155489743589745,39,0.15501629463599434,0.024822473069767204
2012-12-25,-0.3080282857142857,28,0.30670886523190244,0.05796252730731705
2012-12-26,-0.4135215833333333,12,0.38573599481945686,0.11135239022257076
2012-12-27,-0.4395384,15,0.2920065225653114,0.07539575992529275
2012-12-28,-0.197546375,8,0.3480944949348986,0.12306998893108655
2012-12-29,0.0284486875,16,0.27936172267598836,0.06984043066899709
2012-12-31,-0.2482054642857143,28,0.20734182341021493,0.03918392150900707
2013-01-03,0.08048463636363637,22,0.32726376067449603,0.0697728682130336
2013-01-04,0.10106667857142858,28,0.14422656326947017,0.02725625849003863
2013-01-05,-0.049171478260869574,23,0.19236842545983793,0.04011158951784017
2013-01-06,-0.1483997,20,0.31261151045466545,0.0699020587925518
2013-01-07,0.30174791666666667,24,0.11939422608387167,0.024371244344998287
2013-01-09,-0.030383750000000005,20,0.2358969202161413,0.052748154928613636
2013-01-12,-0.1897541052631579,19,0.259090795946109,0.05943950509108456
2013-01-13,-0.23720465625,32,0.16312051072781691,0.028835904821563077
2013-01-14,-0.12457644,25,0.3006328144947033,0.06012656289894066
2013-01-16,-0.329637875,24,0.2650777927390721,0.0541087778628302
2013-01-17,-0.12845723076923077,26,0.3333492649585786,0.06537516949483092
2013-01-19,-0.1413305882352941,17,0.32987773647805085,0.0800071030022748
2013-01-20,-0.2813114761904762,42,0.24391645138430917,0.037637125559464635
2013-01-21,-0.3848048529411765,34,0.23405328155903618,0.04013980663533596
2013-01-22,0.018770071428571424,14,0.22174079076617792,0.05926271912281176
2013-01-23,-0.5383102608695652,23,0.4293390668065189,0.08952338394697257
2013-01-25,-0.25447935294117646,17,0.19685495840051287,0.047744340377169715
2013-01-29,-0.08155204347826087,23,0.24752411391426793,0.05161234557783021
2013-01-30,-0.2800923170731707,41,0.2507831321916846,0.039165745172582964
2013-01-31,-0.3270934222222222,45,0.26564394332387586,0.039599861005552524
2013-02-01,-0.3966565833333333,12,0.4361951621711752,0.12591869714937023
2013-02-02,-0.2307633,10,0.1618383619232817,0.05117778364682385
2013-02-03,-0.30316703571428566,28,0.20719820676088055,0.039156780513416554
2013-02-05,-0.18387910000000002,20,0.36039696937388943,0.08058721224049266
2013-02-07,-0.6622964,20,0.5523830503587353,0.12351660502208216
2013-02-08,0.054265875000000005,8,0.578752656950504,0.2046199641797165
2013-02-11,-0.12245141666666666,36,0.30992576736616645,0.05165429456102774
2013-02-12,0.22179730000000003,10,0.0830048963308792,0.026248452935173153
2013-02-13,-0.344261,12,0.49182213136384245,0.14197681996816497
2013-02-14,-0.1058845641025641,39,0.2989542857179791,0.04787099784413852
2013-02-15,-0.07989971052631578,38,0.1804240221413731,0.029268641277901714
2013-02-16,-0.22660135714285712,14,0.5075945388514199,0.13566034684139483
2013-02-18,-0.2445431176470588,17,0.19136396761632085,0.04641257949525696
2013-02-19,-0.2690636976744186,43,0.30706017626118387,0.04682623788590814
2013-02-20,-0.3120518529411765,34,0.3971879559328672,0.06811717247813187
2013-02-21,-0.5894858000000001,20,0.7066508214954316,0.15801192732198546
2013-02-22,-0.14568545454545453,11,0.7035790172718859,0.2121370555143479
2013-02-23,-0.3576618125,16,0.4561521955887411,0.11403804889718527
2013-02-26,-0.07707689999999998,10,0.641852647410681,0.2029716288026728
2013-02-27,-0.2557542,10,0.5429134356495927,0.17168430289599698
2013-02-28,-0.03514619512195122,41,0.33637469554346827,0.05253290160715798
2013-03-01,-0.13485506976744185,43,0.17275854041495184,0.02634543042602766
2013-03-02,-0.4073864242424242,33,0.2908828653373672,0.05063620735560579
2013-03-03,-0.4849564545454546,11,0.5574530686139173,0.16807842425678252
2013-03-06,-0.11335123529411764,17,0.30606316869245503,0.0742312219194252
2013-03-15,-0.05805121428571429,14,0.2944492621110126,0.07869487547198618
2013-03-16,-0.30571985714285715,35,0.41295419312958004,0.06980199866628922
2013-03-17,-0.09412828571428572,35,0.13300738172672344,0.02248235091532805
2013-03-19,-0.20610077777777777,9,0.28214136238496557,0.09404712079498852
2013-03-20,-0.174210675,40,0.2216754325133225,0.035049963402252145
2013-03-21,-0.28594445454545453,33,0.3323604350189801,0.057856525460520086
2013-03-22,-0.33297652,25,0.4280076429176548,0.08560152858353096
2013-03-23,-0.487521125,24,0.4203237858913378,0.08579823351571872
2013-03-24,-0.1193102,20,0.3975936149337199,0.08890463504116733
2013-03-25,-0.06708759523809524,42,0.26366825230886753,0.04068489460990833
2013-03-26,-0.027120302325581394,43,0.20951193445919733,0.03195027047264597
2013-03-27,-0.197990625,16,0.24597013433338472,0.06149253358334618
2013-03-28,-0.29258433333333334,15,0.4469585235315731,0.11540419453888257
2013-03-30,0.3151267586206897,29,0.2941388267370717,0.054620208901941796
2013-03-31,-0.14642503448275862,29,0.3023031698497013,0.05613628935723503
2013-04-01,-0.14348411111111112,45,0.23638002288593585,0.03523745331306057
2013-04-02,-0.19517755555555555,27,0.2873544950998723,0.055301398366253425
2013-04-04,-0.013330342105263156,38,0.24699530364703415,0.0400679291702461
2013-04-05,-0.40944069999999994,10,0.4735860778657174,0.14976106742015205
2013-04-07,-0.0468565,16,0.13866959386782188,0.03466739846695547
2013-04-08,-0.02432260869565218,23,0.19922572268266672,0.041541434830273526
2013-04-09,-0.031455447368421055,38,0.14517564460497542,0.023550599381393634
2013-04-10,-0.2155418157894737,38,0.28703680902261314,0.04656351907648759
2013-04-11,-0.4853175,30,0.46188697529133227,0.08432863846163133
2013-04-12,-0.03381226666666666,15,0.8118471904983514,0.20961804323102634
2013-04-13,-0.08087045161290322,31,0.36478592874020777,0.06551748690650261
2013-04-16,-0.19603795454545453,22,0.2491187602083788,0.0531122981340479
2013-04-17,-0.27962,11,0.3930711465668779,0.11851540991610256
2013-04-18,0.031939149999999965,20,0.6665656790179498,0.1490486169752441
2013-04-19,-0.11354302857142858,35,0.4105356721247386,0.06939319400281083
2013-04-20,-0.3871118,10,0.5277896129346744,0.16690173022522367
2013-04-22,-0.035867575,40,0.20419591883046995,0.03228620962075754
2013-04-23,-0.06832924324324324,37,0.27260157659173634,0.044815423129525245
2013-04-25,0.1686415,20,0.19184052123944267,0.042896844633038604
2013-04-26,0.1750996,15,0.21259345755616682,0.054891394708512495
2013-04-28,0.1149419090909091,11,0.31854502431193443,0.09604493858884776
2013-04-29,0.173294,10,0.22827573636138673,0.07218712614540998
2013-04-30,-0.18010045833333332,24,0.4733301925321477,0.09661812096309023
2013-05-01,-0.6185257272727273,44,0.47591135754399244,0.07174633665645899
2013-05-02,-0.5695432978723404,47,0.3946641873317285,0.05756768832966604
2013-05-03,-0.648177175,40,0.4848868005958677,0.0766673348617416
2013-05-05,-0.7206193,30,0.7527254906045122,0.13742824360441144
2013-05-06,-0.5419962,10,0.2897937078075444,0.09164081682571604
2013-05-08,-0.49451069230769235,13,0.8072415504122031,0.22388852320740366
2013-05-09,-1.176384909090909,33,1.3093819599360457,0.2279341423363443
2013-05-10,-0.2296588888888889,9,0.9522468794978334,0.3174156264992778
2013-05-11,-0.6827082790697674,43,1.0099749487111367,0.15401973575019406
2013-05-12,-1.4075914285714286,35,1.1293375403058017,0.19089288544281718
2013-05-14,0.5929859333333333,15,0.7216353304878804,0.18632544113429642
2013-05-15,-0.8138832500000001,36,1.1408424209060195,0.19014040348433658
2013-05-16,-1.313594894736842,19,1.2782040735894464,0.29324012557886436
2013-05-17,-0.2987192142857143,14,1.112079501060491,0.2972157485587761
2013-06-01,-0.45985449999999994,10,2.4306330585195863,0.7686336621023229
2013-06-02,-3.903573368421053,19,1.145351308450488,0.26276161096777684
2013-06-03,-3.6386415,10,0.6065960949004701,0.19182252796491345
2013-06-11,-4.287735523809523,21,0.9564528355966974,0.2087151198941438
2013-06-12,-4.5321296,15,2.2211216732229753,0.573491150019529
2013-06-17,-3.736493,9,1.529399427962329,0.5097998093207764
2013-06-20,-3.0354655,10,5.033617766394957,1.5917697012497427
2013-06-21,-4.013203750000001,20,3.3263191002929613,0.7437875623111002
2013-06-22,-3.3634748,10,4.002282642652198,1.265632899053871
2013-06-26,-4.960935722222222,18,1.6818705280014796,0.3964206851425485
2013-06-27,-3.5398272068965517,29,4.337689010336894,0.8054886276813911
2013-06-28,-2.011431,18,6.305011198933199,1.4861053914075966
2013-06-29,-4.5116328333333335,36,4.780260522056427,0.7967100870094045
2013-06-30,-5.461878230769231,26,2.327496572003376,0.45645963224867414
2013-07-01,-5.7623528,15,1.1229079470837695,0.2899335852252932
2013-07-02,-5.049552352941176,17,1.2159922265079937,0.2949214346954384
2013-07-03,-5.4781231111111115,9,0.6274138251302812,0.20913794171009373
2013-07-07,-4.398672647058824,17,3.1306002757670326,0.7592820946220736
2013-07-08,-4.013391611111111,18,1.5057890117231736,0.35491787374188194
2013-07-09,-1.2062842272727272,22,4.3832162065886635,0.9345048351862244
2013-07-10,-3.64898671875,32,4.609384425801438,0.8148317461449643
2013-07-17,-3.9400724117647066,17,5.284517693114707,1.281683801715136
2013-07-18,-1.7324600833333335,12,5.047844751015184,1.457187262913028
2013-07-19,-3.540751205128205,39,4.50436886179674,0.7212762698966336
2013-07-20,-5.957803321428571,28,2.803132183026695,0.5297421891664447
2013-07-22,-4.206792529411764,34,4.258268140117503,0.7302869611875743
2013-07-23,-3.575168763157895,38,3.9996451205479797,0.6488281154740133
2013-07-24,-5.240480181818182,11,3.4758873705426594,1.0480194746931846
2013-07-25,-6.72394894117647,17,2.598213660312828,0.6301593740819103
2013-07-26,-2.170617366666667,30,3.8701915097478543,0.7065970639179583
2013-07-27,-1.3606014545454546,33,4.752426173213886,0.8272912083355805
2013-07-28,-4.366250277777778,36,4.277856875293385,0.7129761458822309
2013-07-29,-6.63822975,8,1.5510338102915882,0.5483732625533955
2013-07-30,-6.37268625,8,0.9481604730706945,0.33522535008066645
2013-07-31,-4.865353160000001,25,2.87289538876409,0.574579077752818
2013-08-01,-3.2063475454545456,33,4.4201479979995595,0.7694490024690339
2013-08-02,-5.921473,25,2.790523367520927,0.5581046735041854
2013-08-03,-7.158510428571429,21,1.866974297511098,0.40740719232769573
2013-08-05,-4.016351,13,3.4992172904216257,0.9705082588157952
2013-08-06,-1.1131901111111113,9,4.431009115951846,1.4770030386506152
2013-08-08,-5.130841315789474,19,2.8352555201717617,0.650452225870766
2013-08-09,-4.955169545454545,22,2.5562041119285914,0.5449845478143327
2013-08-10,-4.888456052631579,19,2.050335182934528,0.4703791506735572
2013-08-11,-5.576297789473684,19,2.3041246391776684,0.528602445026188
2013-08-12,-6.246356695652174,23,2.4156201845572123,0.5036916273673899
2013-08-13,-6.12503305,20,2.056676183111747,0.45988677531426714
2013-08-14,-4.654025777777778,18,3.1727022686009096,0.7478130962712155
2013-08-15,-4.2934311875,16,1.7932181092565478,0.44830452731413695
2013-08-16,-5.0365825555555555,9,1.0135308216155923,0.3378436072051974
2013-08-21,-3.402429466666667,30,3.4568286975434255,0.6311276850252457
2013-08-22,-5.0058726315789475,19,2.0248162381107906,0.4645247032192171
2013-08-25,-3.9794154117647063,17,3.877577226790204,0.9404506163262127
2013-08-27,-2.946827,18,3.429605708903164,0.8083658178538414
2013-08-28,-4.62474525,8,4.590170498814886,1.6228703432572216
2013-08-29,1.6409446363636362,11,4.748091459650631,1.431603440177458
2013-08-30,0.6325585555555555,18,2.748753175449686,0.647887336722843
2013-09-10,-4.0477253157894735,19,2.043708989485214,0.4688589976406145
2013-09-11,-5.396086800000001,15,1.374093333448964,0.35478937310549813
2013-09-12,-5.373501052631579,19,1.9484025708397488,0.4469942056644901
2013-09-15,-2.4507653870967743,31,4.017966021217681,0.7216480007741207
2013-09-19,0.20998124999999992,24,3.0235596960561204,0.6171815385151742
2013-09-20,-1.054593027027027,37,3.1495963434491494,0.5177904492836964
2013-09-21,-2.0411770555555555,36,3.1275923397962115,0.5212653899660352
2013-10-01,-1.7841241600000002,25,2.2064948466195142,0.44129896932390283
2013-10-02,-2.975612111111111,9,1.5831652015140782,0.5277217338380261
2013-10-03,-0.93083115,20,3.2459095871296113,0.7258074485640087
2013-10-04,-0.5276479696969698,33,2.3558405408270615,0.41009919915257836
2013-10-06,-2.9286801999999996,10,0.7147729727839464,0.22603106039268145
2013-10-07,-2.9246742666666665,15,0.9362080013128543,0.24172786651138775
2013-10-13,-1.6104742272727273,22,1.9126336684430196,0.40777486823791087
2013-10-15,0.5411437692307692,13,0.9898134859059857,0.27452486742921417
2013-10-17,-0.9330041176470589,17,4.2764988372817445,1.037203318467279
2013-10-18,-0.5061970625000001,16,1.4715292112592928,0.3678823028148232
2013-10-19,-0.9991240606060606,33,1.4577564927120872,0.25376283320551946
2013-10-21,-0.13327095833333333,24,2.1857435546578623,0.44616303479073977
2013-10-22,-0.6229999444444444,36,1.1074985863286158,0.18458309772143597
2013-10-23,-0.26216393023255813,43,0.5758156130901625,0.08781105777144202
2013-10-24,-0.30528228571428573,21,0.7550737654093236,0.16477060406016925
2013-10-31,-0.5397736086956522,23,1.2122580814039012,0.25277328352988815
2013-11-01,-0.039182540540540545,37,1.4620908921894584,0.2403662620243333
2013-11-02,-0.9090271304347827,23,2.8375241954760377,0.5916646949924586
2013-11-05,0.09842094444444444,36,0.5006810847582347,0.08344684745970578
2013-11-06,-0.5595345,36,0.7437347783583876,0.1239557963930646
2013-11-07,-0.5759469047619048,21,0.7254101950861943,0.15829748232738897
2013-11-10,0.08977655172413793,29,0.22684213360500388,0.04212352671258518
2013-11-11,-0.3951564615384615,39,0.35321834359156784,0.056560201249408686
2013-11-12,0.002422090909090913,22,0.21020477089232797,0.04481580773561129
2013-11-13,0.1784678,10,0.34298624339008765,0.10846177352175486
2013-11-14,-0.142266588235294,17,2.537808296013143,0.6155089212959387
2013-11-17,-1.1223639,10,1.4817033613304993,0.4685557438531834
2013-11-18,-0.7680452666666666,15,0.5177076956288678,0.13367155222493488
2013-11-21,-0.4787824838709677,31,0.30075558345594305,0.05401729740284356
2013-11-22,-0.22679860000000002,30,0.2641840544024642,0.04823318864313387
2013-12-10,0.02556862500000001,8,0.5567545752406626,0.1968424678046542
2013-12-12,0.019750842105263164,19,0.2746808849578934,0.06301611680283045
2013-12-13,-0.9097812619047619,42,0.40439635533284757,0.06239971234031885
2013-12-14,-0.49815113888888884,36,0.45388875842436194,0.07564812640406032
2013-12-15,-0.4359583103448276,29,0.3569811056716851,0.06628972714052146
2013-12-17,-0.30077024999999996,20,0.36672131329961905,0.08200137853359458
2013-12-19,-0.14655805405405403,37,0.16671939277652967,0.027408499336625577
2013-12-21,-0.08274979166666667,24,0.3679679179062478,0.07511113671538638
2013-12-22,-0.04059449999999999,36,0.30938677445188706,0.05156446240864784
2014-01-04,-0.3648881875,32,0.39905328415189784,0.07054332081964229
2014-01-05,-0.6640532941176471,17,0.4438672294154757,0.10765361591942779
2014-01-06,-0.12133300000000001,12,0.3096870898817943,0.08939896235390288
2014-01-07,-0.3145584444444445,27,0.3740270954612506,0.0719815480829223
2014-01-08,-0.3564851875,16,0.5770931348302131,0.14427328370755327
2014-01-11,-0.02069518181818182,22,0.3023881399656246,0.06446936805811175
2014-01-13,-0.029096121212121212,33,0.2926198696145476,0.05093858098856238
2014-01-14,-0.050891,37,0.34060837599547916,0.05599567208137914
2014-01-16,-0.5248791153846154,26,0.42878822130728605,0.08409228875556128
2014-01-17,-0.2912444347826087,23,0.23613155332661226,0.04923683248228546
2014-01-18,0.1469497307692308,26,0.6465029695124104,0.12678966373613315
2014-01-19,-0.1040321212121212,33,0.45938841668290065,0.07996925874935874
2014-01-20,-0.3208208372093023,43,0.1848297182810541,0.028186267792838837
2014-01-22,-0.37899888888888894,45,0.2546415232789584,0.037959717063056404
2014-01-23,-0.10272050000000002,10,0.36085380678768886,0.11411199317914252
2014-01-24,-0.06989909090909091,22,0.4688007834420674,0.09994866285792016
2014-01-25,-0.2857446,35,0.28598972052343175,0.04834108582179954
2014-01-26,-0.598966423076923,26,0.6411318623505261,0.1257363029581314
2014-01-27,-0.23916565625,32,0.30557156434898275,0.05401793132223679
2014-01-28,0.11917155882352942,34,0.16744737899523907,0.02871698858350495
2014-01-29,-0.06586175000000001,12,0.29333279560753484,0.08467788425307786
2014-01-30,-0.3490901428571429,42,0.29559182189333827,0.045610808339540114
2014-02-01,-0.3891879523809524,21,0.3285642959126077,0.07169860746092356
2014-02-03,-0.13074141176470588,17,0.2806112627040874,0.06805822799217047
2014-02-04,-0.6621270526315789,19,0.5818592682321114,0.13348767103085787
2014-02-05,-0.4562264888888889,45,0.32271490387066953,0.04810749749380847
2014-02-06,0.17366928125,32,0.18916433729862514,0.0334398464156293
2014-02-07,0.26153447826086956,23,0.15956252743442262,0.03327108691345455
2014-02-08,-0.30727428,25,0.4217985213861511,0.08435970427723022
2014-02-09,-0.36575560526315787,38,0.3247955126806536,0.05268878964395023
2014-02-10,-0.4985811333333333,30,0.47873768991291465,0.08740514396440559
2014-02-12,-0.16461105263157896,19,0.5234505026669425,0.12008778121425105
2014-02-13,-0.32282092592592593,27,0.5872025573548459,0.11300718485255232
2014-02-14,-0.26005774193548387,31,0.3699383682938703,0.06644289236871287
2014-02-15,-0.109837,10,0.30644330364576955,0.09690588132272122
2014-02-18,0.21047865217391304,23,0.15275338946503067,0.03185128349953301
2014-02-19,0.3528784117647059,17,0.13920129267900982,0.033761272525769166
2014-02-21,-0.16170521212121214,33,0.6685162667499552,0.11637374468408623
2014-02-23,0.03820984090909091,44,0.2530044372807813,0.03814185403433442
2014-02-24,-0.14291854761904763,42,0.22650413720317822,0.03495034715072369
2014-02-25,-0.24705419047619048,42,0.4097814854840016,0.06323065596262378
2014-02-26,-0.2413576896551724,29,0.4076785826434229,0.0757040122715116
2014-02-27,-0.5740590714285715,14,0.5584163841207859,0.14924305632436666
2014-03-01,-0.5757243846153847,39,0.4353629202579828,0.06971386065610215
2014-03-02,-0.31892780952380956,21,0.1803211377056553,0.03934929823508196
2014-03-04,-0.4422117894736843,19,0.3804710953736724,0.08728605556168754
2014-03-07,-0.14438031818181818,22,0.150019887495716,0.03198434748167473
2014-03-08,-0.11265815789473685,19,0.5053269402717042,0.11592995084699854
2014-03-10,0.5130245555555555,18,0.15892632913553603,0.03745929501360757
2014-03-11,0.06315965217391305,46,0.31564152233804144,0.04653880349723049
2014-03-12,-0.023247470588235293,17,0.4073874362008047,0.09880596647091139
2014-04-15,-1.1401645,10,0.7474818832360123,0.23637452607378304
2014-04-16,-1.4011785405405406,37,0.9534860472039955,0.156752140570125
2014-04-17,-1.0815733846153845,39,0.7814088095860012,0.12512555004603726
2014-04-18,-1.5457597777777776,9,1.0550394150613256,0.3516798050204419
2014-04-20,-1.017061090909091,11,0.42362765135209357,0.1277285427594898
2014-04-21,-0.9036645142857143,35,0.9887462564381683,0.16712862109512217
2014-04-22,-1.1394840285714285,35,1.0761340125855878,0.1818998478789561
2014-04-25,-0.817848,17,0.8698810907721095,0.21097715405770068
2014-04-27,-1.1315603043478262,23,1.0511164358344907,0.21917292772378966
2014-04-28,-0.431932,23,0.48631746385416336,0.10140420102127351
2014-04-29,-1.14366059375,32,1.2971049644307737,0.2292979290649339
2014-05-03,-0.7320814186046511,43,1.0095487854672462,0.15395474646477247
2014-05-04,-1.058745447368421,38,1.298667631295321,0.21067170872524812
2014-05-05,-0.9526923888888889,18,1.4332218214429104,0.3378136229622724
2014-05-07,-0.7918668666666666,15,1.2675035129941097,0.32726799980570553
2014-05-08,-0.18633621428571429,14,1.1529570045550888,0.3081407209090218
2014-05-13,-0.44858966666666666,18,1.087242931697041,0.25626561660004
2014-05-14,-0.8146747777777777,45,1.165190979413361,0.1736964157825222
2014-05-15,-1.0160995238095238,42,1.1942761984093686,0.18428081819455752
2014-05-16,-1.6978231176470588,34,1.2868135650736987,0.22068670575232704
2014-05-17,-2.0382523333333333,24,1.3378033686067057,0.2730779691052424
2014-05-26,-2.57766592,25,1.6215205986402832,0.3243041197280566
2014-05-27,-2.627020777777778,9,1.305518890649019,0.435172963549673
2014-06-06,-2.690664964285714,28,3.2600297636482747,0.6160877158058579
2014-06-07,-3.4982326,20,2.585950206564685,0.5782360448308258
2014-06-09,-3.8710049,10,2.0021702018263663,0.6331418101090333
2014-06-17,-2.968483037037037,27,3.4249043593662636,0.6591231512762783
2014-06-18,-2.160665653846154,26,3.5695105512149636,0.7000386136392476
2014-06-19,0.035128400000000046,15,2.2863146876025433,0.5903239139516042
2014-06-23,-5.902487571428572,14,0.8260296400039366,0.22076570744392493
2014-06-24,-4.3926599374999995,16,3.8853580857667245,0.9713395214416811
2014-06-25,-2.8567109259259262,27,3.8704606874933845,0.7448705066040565
2014-07-01,-4.052439576923077,26,4.610168684977313,0.9041284648328349
2014-07-02,-3.750515828571429,35,3.8659439860306053,0.6534638016671773
2014-07-03,-5.841488956521738,23,1.6701009064298664,0.3482401119204131
2014-07-06,-3.606242,19,3.959255610150783,0.9083155313838805
2014-07-07,-3.9293030689655173,29,3.6232055558534264,0.6728123809791752
2014-07-08,-3.470370875,32,4.944750855550944,0.8741167153095136
2014-07-09,-5.6368212692307695,26,2.3788950090582066,0.4665396950760108
2014-07-11,-3.5612494444444445,9,2.016157822611682,0.6720526075372274
2014-07-12,-5.245988818181818,22,3.8371054576605204,0.8180736323052453
2014-07-13,-3.7989927,30,4.2825386207072444,0.7818810019828062
2014-07-14,-3.3981044583333335,24,5.571876013814409,1.137354428658168
2014-07-15,-3.9473429444444443,36,3.7893928590373798,0.63156547650623
2014-07-16,-6.583465,9,0.5747591304877196,0.19158637682923987
2014-07-19,-5.498256799999999,15,2.011844244914111,0.5194559503810392
2014-07-22,-4.367526481481481,27,4.521174981434696,0.8701005308615744
2014-07-23,-5.3120814761904755,21,2.178410887992957,0.4753682280449378
2014-07-25,-1.1587236666666667,12,4.119966059746153,1.1893317568232815
2014-07-26,-2.685886076923077,13,3.9953693300231428,1.1081160756780497
2014-07-27,-3.6178414193548387,31,3.5817115051324633,0.6432943766520907
2014-07-28,-5.070463933333333,30,3.9240983248180803,0.7164390567903657
2014-07-29,-6.432983090909091,22,1.852357823368649,0.39492401488911527
2014-07-30,-5.5908518076923075,26,3.4310248299271637,0.6728793292084606
2014-07-31,-5.010095,22,3.9874545840135496,0.8501281737471513
2014-08-01,-5.556307111111111,18,2.317047880865216,0.5461334229645713
2014-08-02,-5.636067176470588,17,1.6438299832743972,0.39868733244692073
2014-08-03,-6.35828865,20,1.9156642833868711,0.4283555559721465
2014-08-04,-5.765272619047619,21,1.494232953296656,0.32606836258949246
2014-08-05,-5.014864470588235,17,2.053175627214344,0.4979682340557959
2014-08-06,-5.1120369375,16,1.3720496899597805,0.3430124224899451
2014-08-07,-5.265577444444444,9,2.200073853246755,0.7333579510822518
2014-08-11,-3.149941742857143,35,4.252265525608128,0.7187640602406202
2014-08-12,-4.249950666666667,24,3.4980889864724425,0.714044424308921
2014-08-13,-5.815768,19,1.649711536078555,0.3784697827241934
2014-08-16,-1.5681130666666665,30,3.6030521718944875,0.657824316804864
2014-08-17,-2.780597181818182,11,3.581291514572217,1.0798000198836046
2014-08-18,0.1248604545454545,11,4.589994055053435,1.3839352791431028
2014-08-19,-3.0934274999999998,30,3.801881453323203,0.6941254109818809
2014-08-20,-5.381687375,8,4.365104626240277,1.543297540901635
2014-08-21,-0.7318183333333333,24,3.3144619592738764,0.676561714340533
2014-08-22,-2.6183739411764706,17,4.135029669056158,1.0028920053283163
2014-08-23,-1.4090849285714284,28,3.6326991385181504,0.6865156077455432
2014-08-26,-4.307817766666667,30,3.551228303102732,0.6483626161533865
2014-08-27,-5.109609533333333,15,1.5536866237506042,0.40116016126742127
2014-08-29,-1.5420702727272726,11,1.1564938723004192,0.3486960224332439
2014-08-30,-2.411384307692308,26,3.680693108200136,0.7218433070099606
2014-09-01,-2.9037446562500002,32,3.625300571066818,0.6408686544102026
2014-09-02,-3.968443363636364,11,4.078430033591855,1.2296929231946137
2014-09-04,1.4370894615384615,13,1.570663085930356,0.4356235609846462
2014-09-05,-2.906443133333333,30,3.974309238797386,0.7256062735301715
2014-09-06,-4.990571999999999,20,2.0794819279384797,0.464986294885276
2014-09-09,-1.8131696000000002,20,3.186874087617625,0.7126067095645631
2014-09-10,-3.0592141111111113,27,2.087830232959757,0.40180311567385163
2014-09-11,-2.47875664,25,2.928151010288117,0.5856302020576234
2014-09-12,-3.657962157894737,19,1.2732725575410555,0.2921087582055283
2014-09-14,-2.2675329285714283,28,2.0928544450310835,0.3955123137005961
2014-09-15,-2.7410453846153846,26,2.583967932372166,0.5067578042178337
2014-09-16,-3.728362,18,1.4518060464536213,0.34219396680499586
2014-09-17,-3.10738404,25,2.7455988149247528,0.5491197629849506
2014-09-20,-1.5880838928571428,28,3.133787344276173,0.5922301410511647
2014-09-21,-2.5153925185185186,27,2.7909518086659744,0.5371189260095244
2014-09-22,-2.9046154285714283,14,1.6157903798598057,0.4318381435914796
2014-09-25,1.29498175,8,0.5164758384908104,0.18260178385793005
2014-09-28,-1.6640208823529412,17,2.4123424611877216,0.5850789866258499
2014-09-29,-2.4944530434782606,23,2.640839768005168,0.5506531568442189
2014-10-03,-0.4963332499999999,8,2.848649764345695,1.0071497827971507
2014-10-04,-0.3124802195121951,41,1.2862853620172414,0.20088402384848011
2014-10-05,-0.8310514565217391,46,1.8041554776800355,0.2660082128367173
2014-10-06,-0.7479459705882353,34,1.7834628634880003,0.3058613577423994
2014-10-07,-0.4152954642857143,28,1.534434692588784,0.28998089997569765
2014-10-08,-0.7510514347826087,46,1.711649200055168,0.25236890630709885
2014-10-09,-0.10363252631578948,19,0.7788342737072836,0.17867683646610244
2014-10-10,-1.49993496,25,1.6368259098240125,0.3273651819648025
2014-10-13,-3.197111111111111,9,4.006705288924194,1.335568429641398
2014-10-14,-2.4331862666666666,15,1.1146336156709884,0.2877971620411131
2014-10-16,1.47866325,8,0.7642018259300261,0.27018614665513146
2014-10-17,-0.18515104651162792,43,1.364441573899966,0.20807538932211378
2014-10-18,-0.71402544,25,1.3878577559898468,0.2775715511979694
2014-10-19,-0.06450278260869563,23,1.2162928931117611,0.25361459992898316
2014-10-20,-0.3827672,30,1.1154809968961248,0.2036580348227859
2014-10-24,1.1679612142857143,14,0.6542341240426653,0.17485142449312985
2014-10-25,0.004640225000000009,40,1.6370370233378022,0.25883828038848367
2014-10-28,-0.14948125000000023,8,3.7238498999224583,1.3165797581780083
2014-10-29,-0.4103427916666667,24,2.0610906997584717,0.42071837733368167
2014-10-30,-0.46176232352941177,34,1.0252432233041453,0.17582776222360616
2014-10-31,-0.5990082666666667,30,0.9114085603537709,0.16639967586968965
2014-11-04,0.13880991176470586,34,1.295257126116813,0.22213476452478556
2014-11-05,-0.20601442857142857,28,0.62084023804676,0.1173277766981334
2014-11-06,-0.22093997297297294,37,0.43980277177563015,0.07230313029400277
2014-11-08,-0.7609365,34,1.4085962912567238,0.2415722709875134
2014-11-09,-0.26805436585365855,41,0.576786264807717,0.09007888078069888
2014-11-10,-0.3361592,40,0.18464843034169362,0.029195480312734744
2014-11-11,-0.5971312826086956,46,0.5162537488368664,0.07611746260080653
2014-11-12,-0.3234210652173913,46,0.3718982451046643,0.054833404748805104
2014-11-13,-0.38633922222222217,27,0.24201015712510487,0.04657487645426764
2014-12-23,-0.16004355555555558,18,0.407420767887916,0.0960299959232586
2014-12-24,-0.08418223076923079,13,0.19207195644738365,0.05327117596536369
2014-12-25,-0.052388916666666674,24,0.20300077999527094,0.041437360697950065
2014-12-26,-0.4098968125,32,0.40617141833653453,0.0718016410574804
2014-12-27,-0.24690641666666668,36,0.2105685012427581,0.03509475020712635
2014-12-28,-0.5722267906976743,43,0.4524088846146949,0.06899170810950929
2014-12-29,-0.5308998666666667,45,0.31988427066068464,0.047685531608682157
2014-12-30,-0.3183039069767442,43,0.4778300679331919,0.07286840222174314
2014-12-31,-0.15737985185185185,27,0.26857830573405816,0.05168791903801736
2015-01-01,-0.7096022580645162,31,0.4082165144268392,0.07331785036594977
2015-01-03,-0.6053029444444444,18,0.19786753745713231,0.04663782583754049
2015-01-04,-0.6769440638297872,47,0.3573307691837528,0.05212204960892422
2015-01-05,0.014879999999999996,10,0.10144531270152954,0.032079824608484235
2015-02-04,-0.6959088125,16,0.35899584299844267,0.08974896074961067
2015-02-05,-0.28482583333333333,18,0.527643723565577,0.12436681832791321
2015-02-06,-1.0402005,40,0.5264278515817962,0.08323555173737746
2015-02-07,-1.3047164285714286,21,0.49580865164643617,0.1081943179230374
2015-02-08,-0.8279035,30,0.26673883944836124,0.0486996264428721
2015-02-11,-0.6584312142857143,42,0.5188548734266756,0.08006104511389323
2015-02-12,-0.23856466666666665,9,0.397594022813158,0.13253134093771932
2015-02-13,-0.385664625,24,0.4178023887853758,0.08528355548667396
2015-02-14,-0.6685483255813953,43,0.4542181241821054,0.06926761455692856
2015-02-15,-1.44975025,8,0.5583204737700256,0.1973960965390355
2015-02-16,-0.7112935,24,0.3914575612535907,0.07990594008546568
2015-02-17,-0.6531507441860465,43,0.3695879805951289,0.05636163865287159
2015-02-18,-0.8140923863636363,44,0.39264370484893607,0.05919326569449864
2015-02-21,-0.39139202222222225,45,0.42979788241453937,0.06407048544429143
2015-02-22,-0.6135337777777778,36,0.32365575215061104,0.05394262535843517
2015-02-24,-0.3157285476190476,42,0.6635553924408106,0.10238881993902764
2015-02-25,-0.5787014318181818,44,0.3864341132983943,0.058257134545657355
2015-02-26,-0.6715366511627907,43,0.407541036418647,0.06214942540571164
2015-02-27,-0.030465333333333327,12,0.33295345706770085,0.0961153840328268
2015-03-01,-0.13952073333333334,30,0.20033816073328467,0.03657657658757191
2015-03-03,-0.34562,24,0.4428118858744107,0.0903885977026537
2015-03-04,-0.4481278863636364,44,0.34230209904670095,0.05160398306768081
2015-03-06,-0.29026878947368423,19,0.2452944812183418,0.05627441342310461
2015-03-07,-0.315079,29,0.3384451276365617,0.0628476824308468
2015-03-08,0.045921333333333335,33,0.13618890135274117,0.02370744471466695
2015-03-09,0.2896303333333333,15,0.1966303775247452,0.05076974516745435
2015-03-10,-0.12886745454545456,11,0.32313759604520287,0.09742965106721535
2015-03-13,-0.5284065862068965,29,0.40782438650009617,0.07573108736798406
2015-03-14,-0.6930276451612903,31,0.523170189699206,0.09396413993233102
2015-03-15,0.12448905555555556,18,0.25245063733669326,0.05950318585854721
2015-03-17,-0.38096827272727274,22,0.5668697165125066,0.12085702964076822
2015-03-18,-0.7172976,20,0.4663053472229046,0.10426904546620575
2015-03-20,-0.3631348620689655,29,0.714715665193895,0.1327193671486169
2015-03-21,-0.7111831063829788,47,0.6706687825043919,0.09782709625790642
2015-03-22,-0.9978396111111112,18,0.7697668456341477,0.18143578549349473
2015-03-25,-1.3575514615384614,13,1.2074101624062703,0.33487532700554695
2015-03-26,-0.8658173023255814,43,0.7256493302139008,0.11066048542043203
2015-03-27,-0.7857739230769231,13,0.32880708612382975,0.09119467759656709
2015-03-28,-0.6813521111111112,9,1.0740491656695057,0.3580163885565019
2015-03-29,-0.5564988095238095,21,0.8968495160832513,0.1957086092588578
2015-03-30,-0.3239093333333333,15,0.689448643129801,0.17801487419380133
2015-03-31,-0.6788566551724138,29,0.755748204192341,0.14033891835419643
2015-04-01,0.3581875555555556,9,0.32780834321563224,0.10926944773854408
2015-04-02,-0.48288186486486484,37,0.4875392063050566,0.08015095178820897
2015-04-03,-0.9932400256410256,39,0.6185263316026369,0.09904347955936336
2015-04-04,-0.9659445555555556,27,0.6849312795392932,0.13181508620613525
2015-04-05,-0.7986434666666666,30,0.8190772586747356,0.1495423636385489
2015-04-06,-0.710229525,40,0.6824859623562847,0.10791050560688982
2015-04-07,-0.8971415833333334,36,0.6704700888928763,0.11174501481547938
2015-04-08,-1.2975748518518517,27,0.7076221555513988,0.13618194733071445
2015-04-09,-0.7571405769230769,26,0.6733600232350698,0.1320567653134197
2015-04-10,-0.972974642857143,28,0.8994933554976716,0.16998826604298947
2015-04-12,0.2647143571428571,14,0.1804665699409374,0.04823171960609033
2015-04-13,-0.38018462162162164,37,0.6013494846817148,0.09886124629827238
2015-04-16,-0.17324922727272726,22,0.5513101517735411,0.11753971929223928
2015-04-17,-0.07579484,25,0.5950080047167909,0.11900160094335818
2015-04-18,0.03505799999999999,17,0.7460983237172061,0.18095542328131287
2015-04-20,-1.2263120833333334,12,0.8115510693670551,0.23427461418009898
2015-04-21,-1.4583423846153847,26,0.9024131841623803,0.17697778597566832
2015-04-22,-0.8092687291666666,48,0.7656652008714798,0.11051425245806945
2015-04-23,-0.9326222424242425,33,0.8436263252149554,0.14685649319593866
2015-04-24,-0.506690125,8,0.5358504711378879,0.1894517509218034
2015-04-25,-0.9872597692307692,26,0.7030180557062987,0.1378731840174799
2015-04-26,-0.60570368,25,0.9784081424178989,0.19568162848357978
2015-04-27,-1.02440125,20,0.5358855299272974,0.11982764730759349
2015-04-28,-0.83337515625,32,0.8135921319403433,0.14382412840375924
2015-04-29,-0.9009526666666666,15,0.7484361382615148,0.1932453799457759
2015-05-01,-0.5602479,10,0.4721327607855538,0.1493014882065778
2015-05-03,-0.5687095925925926,27,1.3145995682850833,0.25299480487531956
2015-05-04,-1.08322028,25,0.7436936250518712,0.14873872501037425
2015-05-08,-1.3141248709677418,31,1.1533588251792168,0.20714936014155952
2015-05-09,-0.77702085,40,0.807144838913751,0.12762080463085798
2015-05-10,-1.1180263913043478,23,1.28920960794895,0.2688187859982264
2015-05-12,-0.9443651875,16,2.147752769374235,0.5369381923435588
2015-05-15,-0.8341989523809523,21,0.4931028276327845,0.10760385871542845
2015-05-18,-0.2738713846153846,13,0.42876277050262857,0.11891739646594048
2015-05-19,-1.2888003684210525,38,1.0601520645058278,0.17197937451884723
2015-05-20,-1.0707813684210528,19,0.5892253944807737,0.13517757628997795
2015-05-21,-0.99564225,32,1.085122570395978,0.19182438198639318
2015-05-22,-0.8579747777777778,18,0.43814444518386547,0.10327163610957628
2015-05-23,-0.598383875,8,0.5559103619820214,0.1965439933446778
2015-05-26,-0.8979800000000001,11,1.287551462838593,0.3882113727735306
2015-05-27,-1.4525995714285715,21,0.7703215189604644,0.16809793667093756
2015-05-29,-0.957187625,24,1.2368023595368054,0.25246122446128644
2015-05-30,-1.3944178048780487,41,1.362745186000545,0.21282504219329332
2015-06-04,-1.445894625,16,1.0771465074304964,0.2692866268576241
2015-06-05,-1.3504212222222223,9,0.9378089627121264,0.3126029875707088
2015-06-07,-1.6684919583333333,24,1.1937928924773844,0.24368195376090124
2015-06-08,-2.19157505,20,1.3442801694271558,0.30059018396440546
2015-06-09,1.7563385384615384,13,1.2285427057033613,0.34073643996236425
2015-06-10,-1.8166440000000001,35,1.8753225395498676,0.3169873646577715
2015-06-11,-1.524317875,8,0.5695982592884311,0.2013833958474515
2015-06-12,-1.7541291176470588,17,0.8639569449917543,0.20954033765805588
2015-06-15,-2.1877621666666665,30,1.918113347702625,0.35019798279615927
2015-06-16,-1.9990428999999998,10,0.6879209668621422,0.21753971054695842
2015-06-17,-1.8606807272727273,11,0.6529713730950372,0.1968782766726732
2015-06-18,-1.8638285833333335,36,1.8708026610191428,0.31180044350319047
2015-06-20,-1.3059909523809523,21,2.4355589304190213,0.5314825313414691
2015-06-21,-2.3375463125,16,0.8912550571139345,0.22281376427848362
2015-06-22,-1.332734652173913,23,2.4883910397931577,0.5188653996073453
2015-06-23,-2.25350412,25,1.6855841543964147,0.33711683087928296
2015-06-25,-2.570230357142857,14,0.988310104992636,0.26413698605493047
2015-06-26,-2.9269220000000002,14,0.9603942679444007,0.2566761647763942
2015-06-27,-3.0901845000000003,10,1.3522011187299394,0.42760353898143777
2015-06-28,-3.1658369583333332,24,1.6612497716956165,0.3391011896641091
2015-06-29,-2.9405053333333333,27,2.1061087973215695,0.4053208270254157
2015-06-30,-3.1808642142857146,28,2.430430931207687,0.45930827304961935
2015-07-02,-2.8870975789473685,19,2.596775384676121,0.5957411305724826
2015-07-03,-2.6725211562499998,32,2.8204501869714513,0.4985898633015947
2015-07-06,-1.543045840909091,44,2.893352185653833,0.4361892539167492
2015-07-07,-2.71629553125,32,2.20595029561584,0.38996060324760734
2015-07-08,-2.7786197058823525,17,0.9335441576958052,0.2264177157857691
2015-07-09,-3.2609582777777777,18,1.3660062273482123,0.32197075550032456
2015-07-10,-2.7261641818181817,11,1.2832125871159321,0.38690315252043533
2015-07-13,-3.045234916666667,24,2.755432031189,0.5624502081111395
2015-07-14,-2.641702111111111,18,2.216898807204703,0.5225280599262715
2015-07-17,-2.207306,33,2.4281456175382194,0.4226858974201536
2015-07-18,-1.9588438928571428,28,2.6836228404191798,0.5071570463172803
2015-07-19,-1.8662969473684212,38,2.7817412126473213,0.45125801273365923
2015-07-20,-1.9726486585365854,41,3.381971174143924,0.5281751608648827
2015-07-21,-3.67382775,28,1.9025900165300331,0.3595557164751954
2015-07-24,-2.998292954545455,22,1.9639767012345974,0.41872123960894486
2015-07-26,-2.075803105263158,19,1.4437848248896563,0.33122695515324097
2015-07-28,2.034362,8,1.4656152509745326,0.5181732412872578
2015-07-29,-0.27876195555555555,45,2.462584146997482,0.36710037019998026
2015-07-30,-1.3416742857142858,42,2.524745011742859,0.3895766131120042
2015-07-31,-1.6911888205128207,39,2.691553797132966,0.4309935404019739
2015-08-01,-3.3101902272727273,22,1.5024808722079162,0.3203299982653301
2015-08-02,-1.56634615625,32,2.6494809180641172,0.46836648094687416
2015-08-03,-2.1243363333333334,33,2.7086364763733255,0.47151308864316943
2015-08-04,-3.5094637391304344,23,1.6916256068213102,0.35272832221028905
2015-08-05,-0.3861631111111112,9,2.9267801306387216,0.9755933768795738
2015-08-06,0.8376851818181819,11,2.308005161495997,0.6958897395350766
2015-08-07,-1.1083128076923077,26,2.2536742931004383,0.44198189222313694
2015-08-09,-3.434479681818182,22,1.7316022550316794,0.36917884121574446
2015-08-10,-3.3598755652173917,23,1.648809072292451,0.3438004576010495
2015-08-11,-2.980085181818182,22,1.202927012435467,0.25646490077475587
2015-08-12,-2.774916166666667,12,2.4034723281818304,0.6938226978327983
2015-08-13,-1.9674845263157892,19,3.284251285527061,0.7534589188845265
2015-08-17,-3.01532,13,3.041691438327996,0.8436134188485693
2015-08-18,-4.488384666666667,15,1.4126399245022805,0.36474206011900234
2015-08-20,-1.8313281714285714,35,2.5531742575918925,0.4315652173734219
2015-08-24,-1.0236000333333333,30,3.627770650852721,0.6623372729757444
2015-08-25,-2.2997892702702702,37,2.878320966678313,0.4731930520616917
2015-08-26,-3.0800002307692305,13,2.34657844956045,0.6508237632145377
2015-09-01,-2.2172647692307694,13,2.0853245881023796,0.5783649791068426
2015-09-03,0.95642095,20,2.5526172479025577,0.5707825686848551
2015-09-04,0.2097643333333333,21,2.2608207187447733,0.49335152744630434
2015-09-06,-2.059995888888889,9,2.2522768352198868,0.7507589450732955
2015-09-07,-2.087220625,16,2.5517502589907157,0.6379375647476789
2015-09-08,-3.4452234705882354,17,1.279936363911265,0.31043016602795004
2015-09-09,-2.6559190000000004,22,2.631997056713002,0.5611436579370702
2015-09-10,-1.0350429523809523,21,2.580108083916495,0.5630257426530864
2015-09-11,-1.784760322580645,31,2.404327956356154,0.43183004877276554
2015-09-12,-2.47408825,8,3.657720400970831,1.293199449605426
2015-09-14,-1.8907676153846156,13,1.7112635983645503,0.4746191269029539
2015-09-17,-0.48058763157894735,19,2.125617131539769,0.48765001416003445
2015-09-18,-1.5670949677419355,31,2.368569629878681,0.425407663745807
2015-09-19,-1.9734590714285714,14,2.1181845898265177,0.5661086440767944
2015-09-22,-1.1609484444444444,36,2.410554228910847,0.40175903815180786
2015-09-23,-0.9310252631578947,19,2.081437694293267,0.47751455614213983
2015-09-24,0.6749764117647059,17,1.6866011142524577,0.40906085543219545
2015-09-25,-2.269188625,8,2.0079681148579693,0.7099239352112192
2015-09-27,0.43369233333333335,9,2.7435073148396194,0.9145024382798731
2015-09-28,-0.5712163428571428,35,2.2088452410753123,0.3733629907063272
2015-09-29,-1.264333105263158,19,2.0371926747004316,0.4673640525021321
2015-10-01,0.4419797272727273,22,2.1356999662530223,0.45533276272579737
2015-10-02,-0.84664865,20,1.9839174673021178,0.44361743186367514
2015-10-03,-0.9198119583333333,24,2.2466138613544118,0.4585881341151784
2015-10-06,-1.4290895,26,1.5889828009968203,0.3116251657325426
2015-10-08,-0.44319865625,32,1.1969132830938196,0.21158637474197342
2015-10-09,-0.8095521071428572,28,1.5209247184840553,0.2874277548542666
2015-10-11,0.5420857777777779,9,1.3283793422921195,0.44279311409737315
2015-10-12,0.7657198999999999,10,1.2383505012456826,0.39160081255475365
2015-10-13,-1.2002536333333333,30,1.8020441293261167,0.329006739750557
2015-10-14,-0.6012189032258064,31,1.15086640327388,0.20670170795247336
2015-10-15,0.16344043243243245,37,1.5490389594160658,0.2546604362245457
2015-10-16,-0.7432871388888889,36,1.1190051511961139,0.18650085853268564
2015-10-17,-1.7744348947368422,19,1.2281461847868695,0.2817560582832102
2015-10-19,-1.7398567333333332,15,1.0174337889581013,0.2627002747002292
2015-10-20,-1.0834904333333335,30,1.4893653351491396,0.27191966347580854
2015-10-21,-0.8951411875,16,0.38635074691946586,0.09658768672986646
2015-10-24,-0.6485207368421053,38,1.1917715200149934,0.19333086964000126
2015-10-25,-0.8125278666666667,15,1.4056683321582486,0.36294200271600346
2015-10-26,-0.6163218571428571,14,1.3300134617186778,0.35546104953917657
2015-10-29,-0.17895153846153844,13,0.8210833840583849,0.22772755712723064
2015-10-30,0.402088875,8,0.11330992615633269,0.0400611085804449
2015-11-01,-0.573719875,8,1.1326807202859743,0.4004631091167377
2015-11-03,-0.5914391612903225,31,1.1821316059322695,0.21231710411886173
2015-11-06,-0.6921359411764706,17,0.9838207401447983,0.23861157813472636
2015-11-07,-0.5335464000000001,30,0.7750626728436601,0.14150643646557312
2015-11-11,-0.6778819142857143,35,1.2980411475402733,0.21940899973126962
2015-11-12,0.06761030769230772,13,1.808824002338784,0.501677514517114
2015-11-13,-0.848978375,32,0.6948969282964131,0.12284158255602394
2015-11-15,-1.0836704705882354,17,2.061127476849901,0.4998968408773506
2015-11-19,-0.17798636842105262,19,2.5281427137607078,0.5799957160069262
2015-11-20,0.04743227659574468,47,0.607614422865453,0.08862967262526741
2015-11-21,-0.12458487096774193,31,0.34380841661917294,0.06174981450623382
2015-11-23,0.26337222222222223,18,0.7911013942123054,0.18646438681788446
2015-11-24,-0.517239,11,1.4579305831490743,0.4395826104263204
2015-11-25,-0.10017529411764706,17,0.12844279465523,0.03115195348311958
2015-11-26,-0.17452199999999998,48,0.2435335076649967,0.03515103405176991
2015-11-27,-0.02067571428571429,28,0.43710811659324417,0.08260566946811068
2015-11-28,-0.020154769230769223,26,0.611722139341339,0.11996858174608509
2015-11-29,-0.22089475,8,0.844422008858257,0.2985482643234202
2015-12-06,-0.21894059999999999,10,0.6074751109038131,0.19210049723194367
2015-12-11,-0.4690440606060606,33,0.549058892104762,0.09557888491922938
2015-12-14,-0.50682928,25,0.6828073434721856,0.13656146869443714
2016-01-06,-0.35453612121212125,33,0.25849053439521213,0.04499742631425422
2016-01-07,-0.07502269999999998,10,0.8251951671333475,0.2609496242304697
2016-01-08,-0.250486,27,0.5143884446845594,0.09899410233555442
2016-01-21,-0.1952721923076923,26,0.49778535187174955,0.09762373933748852
2016-01-22,0.1901529090909091,11,0.3932002374265444,0.1185543322747733
2016-01-25,-0.11168292857142857,14,0.6212330602528718,0.1660315192002385
2016-01-26,-0.05086941176470589,34,0.5842887755087568,0.10020469831440075
2016-01-28,-0.11967295652173914,23,0.38002992248463785,0.0792417166110398
2016-01-30,0.3428779642857143,28,0.3166790431615888,0.05984671383081811
2016-01-31,0.06464500000000001,22,0.11299220785354647,0.024090019656978136
2016-02-01,0.06151385,20,0.1855539531713152,0.04149112527848735
2016-02-02,-0.01813220512820512,39,0.25879240669615555,0.04143995030303066
2016-02-03,0.0095614,35,0.24031504042845386,0.04062065577867265
2016-02-04,-0.07464922222222221,18,0.31783191192100185,0.07491370006560864
2016-02-05,0.273843875,8,0.1365673903174729,0.04828386389121756
2016-02-16,0.0321181724137931,29,0.3079424357906,0.05718347475320055
2016-02-19,0.4669067777777778,9,0.4333211279985601,0.14444037599952003
2016-02-20,0.1636168846153846,26,0.3726470552375614,0.07308210024381594
2016-02-21,0.05097578947368422,38,0.3896647712342438,0.06321197295421252
2016-02-24,0.044377904761904764,21,0.18659590931231715,0.04071856565680041
2016-02-25,0.09149741025641026,39,0.4236409511595327,0.06783684338540706
2016-02-26,0.3922430833333333,12,0.12431051865788519,0.03588535570511601
2016-02-27,0.23197405555555553,36,0.2783917662641156,0.04639862771068593
2016-02-28,-0.08652913157894737,38,0.35993547215225774,0.05838924380791126
2016-03-02,-0.29793566666666665,12,0.820202226141637,0.2367719880264022
2016-03-03,-0.11839752173913044,23,0.4043865704107069,0.08432042878173857
2016-03-07,-0.15296507692307693,13,0.32187794010034854,0.08927287826711794
2016-03-09,-0.5678807241379311,29,0.5634736974876656,0.10463443880884589
2016-03-10,-0.3343468,30,0.4408941117643899,0.0804958834948534
2016-03-12,-0.343866875,8,1.3915287199979984,0.4919796970632106
2016-03-17,-0.5296698,10,0.4216386879035967,0.13333386034202513
2016-03-18,-0.5750403235294117,34,0.45707278337174617,0.0783873356554029
2016-03-19,-0.5389796818181818,22,0.8192222998876891,0.17465878119054604
2016-03-20,-0.4039906052631579,38,0.5258773525307835,0.08530857146802671
2016-03-21,-0.9126443500000001,20,0.6702891291291885,0.14988120573119998
2016-03-22,-0.47480139534883725,43,0.7486994549901703,0.11417559649480127
2016-03-23,-0.46454467567567564,37,0.6016811334642136,0.09891576902225624
2016-03-24,-0.6405842800000001,25,0.5982548639788007,0.11965097279576013
2016-03-25,-0.569209,9,0.3690079029777005,0.12300263432590015
2016-03-26,-0.14084772972972973,37,0.6783752574950128,0.1115242053451911
2016-03-27,-0.4404518095238095,21,0.46068888217153875,0.10053055592265088
2016-03-28,-0.6529412,20,0.39734753508293497,0.08884960991374251
2016-03-29,-0.20418175,8,0.35027488230969606,0.12384087228025296
2016-03-30,-1.2914764545454547,11,0.6330581668578903,0.19087421908525673
2016-03-31,-0.7207246956521738,23,0.7396086290527047,0.15421905991848112
2016-04-01,-0.6460004838709678,31,0.7057064548580083,0.12674862096701717
2016-04-02,-0.3653548275862069,29,1.1462776186183528,0.2128584100341207
2016-04-03,-0.8429000625,32,0.6318086494586553,0.11168904511113237
2016-04-04,-0.7500937586206896,29,0.5824200051760422,0.10815267982224545
2016-04-06,-0.20806776470588234,17,0.5167335698296959,0.1253262993359009
2016-04-08,-0.46523473529411763,34,0.4760343092098802,0.08163921050878602
2016-04-10,-0.53182516,25,0.4741051583326636,0.09482103166653272
2016-04-11,-0.6716704146341463,41,0.6837955846437579,0.10679092881663442
2016-04-13,-1.0714887000000002,10,0.7497320836023211,0.23708610190871116
2016-04-17,0.2833791666666667,18,0.5595028854092922,0.13187609478878345
2016-04-18,-0.3159255882352941,17,0.8494527768829367,0.20602256018015175
2016-04-19,-0.624552105263158,19,0.9741919893934262,0.22349497017751538
2016-04-20,-1.5002995333333333,15,0.8720291093919046,0.22515694787219548
2016-04-21,-0.6852151666666666,24,1.3735850846686046,0.2803818813113092
2016-04-22,-1.3936255,22,0.7103385834952063,0.15144469485620757
2016-04-23,-0.7509571176470589,17,1.1743723126195371,0.28482712286654327
2016-04-28,-1.5817981666666667,18,0.7447159316339628,0.1755312284386775
2016-04-29,-1.130657129032258,31,1.2097335407408176,0.21727455795667436
2016-04-30,-0.9034267878787878,33,1.3672684064889145,0.2380108792638725
2016-05-01,-1.4502783333333333,24,0.5439635906829303,0.11103610298544542
2016-05-03,-0.6666169500000001,40,1.1070971182369742,0.17504742423187872
2016-05-04,-1.0162003870967742,31,1.0167151466516626,0.1826074309895686
2016-05-05,-0.6709552,15,0.882819683929057,0.2279430622374222
2016-05-06,-0.3991384482758621,29,1.3224932538949623,0.24558083201889475
2016-05-07,-1.190062076923077,39,1.3351435193507215,0.21379406681845767
2016-05-08,-1.8440987,20,0.9130595270189181,0.20416631699181068
2016-05-09,-0.23550800000000002,11,1.111787125158769,0.3352164309908668
2016-05-10,-0.6832376,15,1.3730035254834458,0.35450798589876376
2016-05-12,-1.0412263548387097,31,1.580702651217164,0.2839025770863826
2016-05-13,-1.1435954482758621,29,1.4374543934795578,0.2669285797112755
2016-05-14,-0.7542590625,32,1.1783041585526137,0.2082967152032155
2016-05-15,-1.2047806333333333,30,1.323639395064659,0.24166238489313532
2016-05-16,-2.044845666666667,24,1.0551080359086527,0.21537302595719585
2016-05-17,-1.9997329583333334,24,0.721888357325815,0.14735484389201514
2016-05-18,-1.55564765,20,0.769881928622023,0.17215083270474843
2016-05-20,-0.822043625,8,1.3655225483214357,0.4827851268906111
2016-05-21,-1.5240510555555555,18,1.124951568126195,0.26515362744282434
2016-06-07,-3.2544108124999998,16,0.7842902907251643,0.19607257268129108
2016-06-08,-2.755325117647059,17,0.8217336721899986,0.19929968979800244
2016-06-09,-0.5183530000000001,8,2.4965163169400104,0.8826518085255727
2016-06-10,-0.9731167916666666,24,1.9077031876119919,0.38940828252752896
2016-06-11,-2.763444263157895,38,2.801719567822915,0.45449892990209917
2016-06-12,-1.2481935555555554,18,2.141806353826415,0.5048285989263641
2016-06-13,-3.57959295,20,1.585705273232851,0.3545744783228532
2016-06-14,-2.5516410400000002,25,2.021686956115455,0.40433739122309104
2016-06-16,-0.7040876,15,2.3900519325006546,0.6171087554097259
2016-06-17,0.4164272222222223,9,3.9116512783482107,1.3038837594494035
2016-06-18,-4.030315473684211,19,1.8053254457731551,0.4141700620172474
2016-06-19,0.3441600588235294,17,2.5801226993020476,0.6257716715456527
2016-06-20,-2.2123800769230773,39,2.816388505155143,0.45098309172836215
2016-06-21,-4.217631259259259,27,1.6958188580795863,0.326360491403031
2016-06-22,-2.8664155000000004,18,2.6716539977455973,0.6297148862633537
2016-06-23,-3.2901196296296296,27,1.6858612566601854,0.3244441501163729
2016-06-25,1.56996075,8,2.859779846808579,1.011084861189486
2016-06-26,-2.5042013846153846,26,2.9999299488791547,0.5883346672594698
2016-06-27,-3.6236616285714285,35,3.3826977131173948,0.5717802729403179
2016-06-28,-3.9157420555555555,18,1.8385358379628984,0.43334705282601904
2016-06-29,-3.7790834545454546,22,1.6024284127065134,0.3416388854976124
2016-06-30,-2.7490573636363633,33,3.174106909663762,0.5525410905870517
2016-07-01,-3.7489797083333336,24,1.3412514350053018,0.2737818027115588
2016-07-02,-3.461628117647059,17,1.517187667510429,0.367972059237058
2016-07-03,-3.6199206666666663,9,3.688919775009142,1.2296399250030474
2016-07-05,-3.4120033157894736,19,1.9673614717527426,0.45134367583082385
2016-07-06,-3.4674617272727275,22,1.7155425321592164,0.3657548967948628
2016-07-07,-0.8063104000000001,10,3.3660805909515132,1.0644481455092347
2016-07-08,-3.77598172,25,3.237404099383416,0.6474808198766832
2016-07-09,-2.398764909090909,11,4.194733277336414,1.2647596705947912
2016-07-10,-0.013281724137931019,29,3.2921668225239578,0.6113400314438566
2016-07-11,1.4049321538461539,13,3.3252525767974843,0.9222591284240067
2016-07-12,-3.47163805,20,2.4517741996110423,0.5482333775810428
2016-07-13,-1.5168912962962964,27,3.539809354944251,0.6812366279856729
2016-07-14,-2.8227632799999998,25,3.8204779356085097,0.7640955871217019
2016-07-15,-4.636878846153847,26,2.999981046201761,0.5883446882688953
2016-07-17,-3.9241808421052635,19,1.809973241148586,0.4152363394041821
2016-07-18,-4.622931407407408,27,2.438424355947035,0.46927498610152013
2016-07-21,-2.667745814814815,27,3.3104261791246756,0.6370918152166719
2016-07-22,-2.77248916,25,2.379034998086561,0.47580699961731215
2016-07-23,-3.801531090909091,11,1.8496846759193013,0.5577009136813135
2016-07-24,-2.2363311351351354,37,3.322863175843313,0.5462753410629041
2016-07-25,-3.5003303043478264,23,2.3962013874037726,0.4996425282572473
2016-07-26,-5.225274,18,6.034508454769345,1.4223472831649862
2016-07-27,-5.097906,14,3.7022039261840947,0.9894556191250147
2016-07-28,-5.013173823529412,17,1.7328543786956407,0.42027891983389365
2016-07-29,-4.8638195,8,1.0618542125613506,0.3754221571668163
2016-08-02,-4.767334476190476,21,1.6648906712244085,0.3633089297481757
2016-08-04,-2.6538216923076923,26,2.9799390212280894,0.5844141237907159
2016-08-05,-2.2639257777777777,45,3.387161354973002,0.5049282026986618
2016-08-06,-5.174992884615384,26,2.3138860375172725,0.45379038682809464
2016-08-07,-4.800052647058823,17,1.9525601221218816,0.4735653896398492
2016-08-09,-3.1546560454545456,22,2.164255583549721,0.46142084078943013
2016-08-10,-2.296999368421053,19,3.836566544140219,0.8801687292671733
2016-08-11,-2.1775746666666667,30,3.642561049055963,0.6650376178858777
2016-08-12,-1.891818125,8,2.974509883918714,1.0516480548126665
2016-08-13,-4.657585916666666,12,3.2667158160210508,0.9430196278728809
2016-08-14,-4.141621727272727,22,2.0700075397433015,0.4413270903347866
2016-08-16,-3.172598583333334,12,2.4784200159786716,0.7154582316951213
2016-08-17,-5.267422533333333,15,2.138788595656358,0.5522328408023616
2016-08-18,-4.191685944444444,18,1.2174024224283475,0.2869445027773382
2016-08-19,-3.119964125,32,3.0958322031986367,0.5472709860743614
2016-08-20,-2.4247140606060604,33,4.418969886667847,0.7692439196099546
2016-08-21,-3.949610904761905,21,1.7521962693482398,0.38236057317654953
2016-08-24,-3.5757817999999997,25,2.103596812892068,0.4207193625784136
2016-08-25,-2.49759262962963,27,2.953048650639241,0.568314477792209
2016-08-26,-3.954570375,8,0.3963720788786134,0.1401386924240383
2016-08-29,-2.7267462,20,3.128846527768418,0.6996313527254366
2016-08-30,-2.7095575517241377,29,3.0569536230447927,0.5676620368228668
2016-09-01,-3.304271888888889,9,2.9436758295131806,0.9812252765043935
2016-09-06,-1.479042,33,3.8396268431560587,0.6683932406011825
2016-09-07,-3.6643787777777783,18,1.6350784077776732,0.3853916766370986
2016-09-08,-2.777096461538462,26,2.869659678473198,0.5627865653040475
2016-09-09,-1.7066169629629628,27,3.106401602095229,0.5978272670602551
2016-09-10,-1.9554954857142857,35,2.7739081293261445,0.46887605154520223
2016-09-12,-0.43302212903225806,31,1.497329100500059,0.26892824532879234
2016-09-13,-1.1341490571428572,35,2.2566604179741945,0.3814452307456646
2016-09-14,-3.3074918333333336,12,0.810959222120865,0.23410376259664548
2016-09-16,-1.7331979333333332,15,2.8540093811727503,0.7369020535467865
2016-09-17,-2.691490266666667,15,2.342866629915688,0.6049255626699036
2016-09-19,-1.5258094666666666,30,2.159820567543385,0.39432748166904075
2016-09-20,-2.68526275,16,1.4898231917458082,0.37245579793645206
2016-09-21,-1.22982816,25,2.6409254329606173,0.5281850865921235
2016-09-22,-1.2790874722222223,36,2.277841776434169,0.3796402960723615
2016-09-23,-1.483663043478261,23,2.571612175413005,0.5362182059382822
2016-09-24,0.7875097692307692,13,0.7556164772605823,0.2095703041037307
2016-09-26,0.2776092173913044,23,2.841479385558419,0.5924894091349706
2016-09-27,0.07487480769230771,26,1.7576182655373838,0.3446973012854702
2016-09-28,-0.838761,37,2.0060640992979817,0.32979490639422193
2016-09-29,-1.9032540624999998,16,2.076764623205961,0.5191911558014902
2016-10-01,-4.129645727272727,11,2.2499125477836284,0.6783741574646236
2016-10-02,-2.9394943636363635,11,3.2490723157125716,0.9796321625408856
2016-10-05,-0.2233845625,16,1.8460801900744892,0.4615200475186223
2016-10-06,-0.12047372413793103,29,1.46732692788911,0.27247577009066287
2016-10-07,-0.29722212,25,2.3214283862559943,0.46428567725119885
2016-10-08,-0.9884681666666667,36,1.6565375307919572,0.2760895884653262
2016-10-11,-1.0180728,15,2.1443390886627585,0.5536659719341636
2016-10-12,-0.50523,37,1.7132856396772806,0.2816624241277562
2016-10-15,-1.7082222777777778,18,3.115195236849923,0.7342585588988713
2016-10-16,-1.6246304999999999,8,2.4498250965139765,0.8661439692330105
2016-10-17,1.3015153750000001,8,4.216624096559201,1.4908017461958052
2016-10-18,-0.41582226470588235,34,1.8054498600461562,0.30963209654365637
2016-10-19,-0.10110808888888889,45,0.8123378372466331,0.12109617498524214
2016-10-20,-1.4484703809523811,21,2.326720568001376,0.5077320535179501
2016-10-22,-1.5340542222222222,18,2.3327636975504236,0.5498376764812364
2016-10-23,-0.579309,23,1.2461018771381707,0.2598302027668866
2016-10-24,-1.5231396,15,1.8464361088162242,0.47674775328541746
2016-10-25,-0.31065453333333337,15,0.9750879895539736,0.2517666363086274
2016-10-26,-0.1572782105263158,19,0.43583265355441936,0.0999868680599414
2016-10-28,0.517611076923077,13,1.5205806771071295,0.42173319998380826
2016-10-29,-0.028112740740740758,27,1.3124464575578398,0.2525804385226632
2016-10-30,-1.13772375,12,0.9294689582461125,0.2683145766233971
2016-11-01,-0.422017125,32,1.1106787095804123,0.19634211181595837
2016-11-02,-0.9270674117647059,17,2.6141923552155895,0.6340347768374164
2016-11-03,-2.2764273333333334,12,1.742440391970794,0.5029992146756075
2016-11-04,-1.8247585833333335,12,2.3314033086642145,0.6730181639234343
2016-11-07,0.46366252631578947,19,0.5201642017263362,0.11933385207224233
2016-11-08,-0.20409675757575757,33,0.9658893330695302,0.16813975101335613
2016-11-11,-0.7868058461538462,13,0.5188229925129967,0.14389560787655992
2016-11-13,0.12379372727272728,22,0.5054822264796998,0.1077691727905009
2016-11-14,0.05138509523809524,21,0.4020124365880868,0.08772630576088297
2016-11-15,-0.654955,16,0.6594952545113069,0.16487381362782672
2016-11-17,-0.09441517391304347,23,0.4352130040722643,0.0907481845341475
2016-11-18,0.6901103333333334,9,1.110025866140515,0.3700086220468383
2016-11-19,0.275708875,32,0.26040840590190434,0.04603413742280388
2016-11-24,0.3153019230769231,13,0.30524545496082917,0.08465985688181564
2016-11-25,0.23282815384615382,13,0.37532288745577586,0.10409583965976923
2016-11-30,0.1427969,10,0.5526505195006354,0.17476343916973083
2016-12-01,0.017385162162162158,37,0.40321969272693803,0.06628890914588595
2016-12-02,-0.011153717948717948,39,0.19932585529108765,0.03191768121338182
2016-12-03,0.1300042142857143,14,0.11432681254475197,0.03055512590459935
2016-12-05,0.014161874999999985,16,0.3809947291960656,0.0952486822990164
2016-12-07,0.7997299999999999,11,0.829800999171006,0.2501944149920218
2016-12-08,0.212729275,40,0.4991950923513174,0.0789296744304131
2016-12-09,-0.039284390243902435,41,0.5050047480613861,0.07886849127635441
2016-12-10,-0.08639796875,32,0.46866805508971876,0.08284958996986264
2016-12-11,0.08718657142857142,14,0.4355561396751575,0.11640727481216398
2016-12-13,0.3311563,20,0.3365027979993316,0.07524431309453856
2016-12-14,0.061072022222222216,45,0.3714863708313285,0.05537791852623637
2016-12-15,0.04969096551724138,29,0.25390379031175836,0.04714875020637724
2016-12-16,0.09161173076923076,26,0.5775869711358496,0.11327412448533268
2016-12-17,-0.21683675000000002,36,0.370863351055913,0.06181055850931883
2016-12-20,0.3202898181818182,11,0.39563417757893926,0.11928819284274368
2016-12-27,0.012843380952380957,21,0.3141934983949344,0.06856264234560824
2016-12-28,0.25929186666666665,15,0.24835174517143063,0.06412414487003328
2016-12-29,0.35260525806451615,31,1.267369328957374,0.2276262511068602
2016-12-30,-0.05852560000000001,10,0.35065495932871427,0.11088683443124447
2017-01-01,0.0001957142857142816,35,0.398925232465903,0.0674306715074241
2017-01-02,-0.3881111666666666,12,0.7429606634953322,0.2144742695331665
2017-01-03,-0.05424586206896552,29,0.3976601493345367,0.07384363591021374
2017-01-04,-0.22987097727272723,44,0.31057084067317287,0.046820315879007375
2017-01-05,-0.14540914705882352,34,0.3849129306616673,0.06601202301153256
2017-01-06,0.11146458333333333,12,0.39356858750470286,0.11361346497021049
2017-01-07,-0.13341215,20,0.20983566913490212,0.04692068202897956
2017-01-09,0.07201883333333334,18,0.1825423444587584,0.04302564320682622
2017-01-10,-0.20407841666666668,24,0.5149075327983798,0.10510506000595202
2017-01-11,-0.11538718518518519,27,0.34995783544153697,0.0673494168323967
2017-01-12,-0.05902291999999999,25,0.4179027069937969,0.08358054139875938
2017-01-14,0.1085245,8,0.517199759754115,0.18285772867509398
2017-01-22,-0.19684079999999998,20,0.6479730095509258,0.14489116969409907
2017-01-23,0.19513561538461538,13,0.1901968757973951,0.0527511221631203
2017-01-24,0.07522595348837209,43,0.17330108348381568,0.02642816746837326
2017-01-25,0.012672969696969695,33,0.33130517526995457,0.05767282831698532
2017-01-26,-0.014797461538461546,39,0.3185403038816154,0.05100727077307451
2017-01-27,0.13563483333333334,42,0.22628767593797625,0.03491694645236599
2017-01-28,-0.13050228888888887,45,0.2935142188971448,0.0437545163877846
2017-01-29,-0.3616094193548387,31,0.6821652762914949,0.1225205004805123
2017-01-31,0.03750772,25,0.3119379645632712,0.06238759291265424
2017-02-01,-0.05514602222222223,45,0.3292353979464796,0.049079515360501536
2017-02-02,-0.0024437173913043494,46,0.23602145421867085,0.034799464904524326
2017-02-03,0.140511625,24,0.2365085540438162,0.048277106434234066
2017-02-05,-0.14407612903225805,31,0.29305012049201207,0.05263335539995061
2017-02-06,-0.39475340000000003,20,0.42510077702171184,0.09505542347085283
2017-02-07,-0.14538829729729727,37,0.8388546189258723,0.13790684984783483
2017-02-08,-0.06846682926829269,41,0.2967528427690207,0.046345007806375994
2017-02-09,0.0182989375,16,0.13661758829544057,0.03415439707386014
2017-02-10,0.169847,26,0.25776930519454794,0.05055271989200977
2017-02-11,0.06884831818181819,22,0.2874005705320225,0.06127400751843834
2017-02-12,0.05705735135135135,37,0.3463322996176598,0.05693667932827886
2017-02-13,0.09434382608695652,23,0.28152649862581997,0.05870233290250272
2017-02-14,0.15160156521739132,46,0.20927651426491564,0.030856138640497396
2017-02-15,0.011874833333333331,18,0.39892083297024794,0.09402654204994947
2017-02-17,0.2664788888888889,9,0.15268387701182176,0.050894625670607256
2017-02-18,0.17793989999999998,40,0.19005690565585065,0.03005063534581129
2017-02-21,-0.07422533333333334,15,0.37724662612742316,0.09740466002696305
2017-02-22,0.19359333333333334,15,0.4088624372080011,0.10556782734642425
2017-02-23,0.02486086206896551,29,0.2500160928248597,0.046426822906817516
2017-02-24,-0.03831474468085107,47,0.19910626034689294,0.029042632972677118
2017-02-25,-0.17411124,25,0.29603502570969537,0.05920700514193907
2017-02-26,-0.30601123529411767,17,0.4302019705209009,0.1043393038121488
2017-02-27,-0.0841014347826087,23,0.3848802597592501,0.08025308184583478
2017-02-28,-0.14851268292682926,41,0.2475061291954645,0.038653963286943045
2017-03-01,-0.12818714285714286,42,0.3530708233309414,0.05448001081383818
2017-03-02,-0.2989482272727273,44,0.3910513209573121,0.058953204790374886
2017-03-03,-0.05293933333333332,12,0.5693788519619561,0.16436551672555774
2017-03-08,-0.42090357446808513,47,0.4987578019190035,0.07275130253642402
2017-03-09,-0.42470009756097565,41,0.4551911586614905,0.07108891562659833
2017-03-10,-0.6754773333333334,45,0.44895210573810856,0.06692582847147227
2017-03-11,-0.43881502222222224,45,0.3525652356828636,0.052557322232674494
2017-03-12,-0.7261322777777778,18,0.5823706408233814,0.1372660764300561
2017-03-13,-0.29966875862068965,29,0.3745416671378553,0.06955064154056084
2017-03-14,-0.4443094444444444,18,0.3328352307328167,0.07845001622298796
2017-03-15,-0.06544376470588237,17,0.217420942078819,0.05273232408307472
2017-03-18,-0.4221385454545455,22,0.2847051748618505,0.06069934723069585
2017-03-20,-0.035282560975609764,41,0.27844848784847515,0.04348634783949018
2017-03-21,-0.208450025,40,0.3255883198078627,0.0514800335070081
2017-03-24,-0.12615220833333332,24,0.362270820719741,0.07394822162188744
2017-03-25,-0.544098375,8,0.39934305759439376,0.14118909202238292
2017-03-26,-0.382130125,24,0.4940100885487464,0.10083938706096367
2017-03-27,-0.03307859999999999,10,0.718539202613067,0.22722204683785024
2017-03-28,-0.27800580952380954,21,0.44029391358825515,0.09608000890697738
2017-03-30,-0.46568431578947367,19,0.40053454529111643,0.09188892664847323
2017-03-31,-0.37526617391304345,23,0.47410130868246186,0.09885695658361587
2017-04-01,-0.643300695652174,23,0.41960591671324987,0.08749388185834502
2017-04-03,-0.3126555925925926,27,0.46694764324891097,0.0898641158424067
2017-04-04,-0.27407026829268294,41,0.5801096007326989,0.09059789865412285
2017-04-05,-0.2152949756097561,41,0.49839396946344,0.07783606111370048
2017-04-06,-0.19194241666666667,36,0.47439111068625184,0.07906518511437531
2017-04-09,-0.22926523333333335,30,0.673465037683814,0.12295733094349723
2017-04-10,-0.47637286842105264,38,0.5588545208443529,0.0906581745767223
2017-04-11,-0.6732478571428572,14,0.4380640321712476,0.11707753727525187
2017-04-12,-0.52320575,12,0.5675793745088354,0.1638460523295778
2017-04-15,-0.8641037307692307,26,1.144735546973101,0.22450111122765973
2017-04-16,-0.4244926333333333,30,0.9369771280091682,0.17106783629234235
2017-04-17,-0.666010294117647,17,0.9632660710636213,0.23362633862170812
2017-04-18,-0.15795636363636367,11,0.6767309295059999,0.2040420524727138
2017-04-19,-0.8872234782608696,23,0.8945912402899118,0.18653516828964276
2017-04-21,-0.8278255789473684,19,0.47614534300677047,0.1092352332949486
2017-04-22,-0.6292623333333333,27,0.7840748805966765,0.1508952811257716
2017-04-23,-0.44139437499999995,16,0.6376426848401201,0.15941067121003002
2017-04-24,-0.48364711111111114,18,0.543592851021347,0.1281260637205744
2017-04-25,-0.2534015,36,1.5646716551845168,0.26077860919741946
2017-04-26,0.08803871428571429,14,0.6527639893642122,0.17445851447318794
2017-04-27,-0.23456667391304348,46,0.37782684613175527,0.05570752928150133
2017-04-28,-0.6640727631578948,38,0.5849945145185382,0.09489864149889778
2017-04-29,-0.95794,21,0.8902707612281782,0.19427300725400398
2017-04-30,-1.1143928484848487,33,1.220979829660515,0.2125453067164897
2017-05-01,-0.15778935714285716,14,1.7682332880765308,0.4725802245622233
2017-05-02,-0.9539880000000001,30,0.905781260982226,0.16537227626847972
2017-05-03,-0.25088761538461546,13,3.1613421355546536,0.8767985514636256
2017-05-04,-1.4212150454545454,22,0.6293908171378687,0.1341865730814366
2017-05-05,-0.8552073529411764,17,0.9129695460423324,0.22142763948851427
2017-05-06,-0.9942838,30,1.2025710706272967,0.21955843412856957
2017-05-07,-0.9808035,30,1.9442396968803415,0.3549679797261232
2017-05-19,-2.5339674999999997,12,0.7644346873942505,0.22067328627247898
2017-05-20,-0.73994156,25,2.0139272638068815,0.4027854527613763
2017-05-21,-2.8747031250000004,8,2.4622664054325143,0.8705426361845778
2017-05-22,-0.9940211153846155,26,2.249629779472033,0.44118869784182035
2017-05-23,-1.2367281875,32,1.8990053915322476,0.3356998974655667
2017-05-24,-3.175419333333333,9,1.1823250896364121,0.3941083632121374
2017-05-26,-1.6997937333333333,15,1.2811723839102807,0.3307972871003581
2017-05-28,-1.1634423448275863,29,2.5313899977769174,0.4700673216951913
2017-05-29,-0.8097300588235294,34,2.42110114818535,0.4152154214006911
2017-05-30,-1.2708428,35,2.4515801714051313,0.4143926825342225
2017-05-31,-2.174912157894737,38,1.847584159478395,0.29971772800927066
2017-06-01,-2.290084227272727,22,0.8464750814168764,0.18046909373525172
2017-06-02,0.20480955555555555,9,3.14127838639009,1.0470927954633633
2017-06-03,-1.978906,21,1.6863794978634257,0.367998176160989
2017-06-04,-2.3624995517241376,29,1.9091047155852097,0.3545118457759999
2017-06-05,-3.4064153571428575,14,1.031474840542982,0.27567324688493733
2017-06-06,-1.732547,11,1.9630399042439766,0.5918788009884057
2017-06-07,-2.0762227857142856,14,3.1755167636084822,0.8486925539557255
2017-06-08,-3.39611876,25,1.1820412644892548,0.23640825289785097
2017-06-15,-2.4513964,10,1.25683937767182,0.3974475086431525
2017-06-16,-3.093447153846154,26,1.671397978573881,0.3277881118356829
2017-06-17,-3.560497230769231,26,3.0440172918645034,0.5969809065742679
2017-06-18,-1.6920026410256408,39,3.263845339138898,0.5226335284616502
2017-06-19,-2.229080268292683,41,2.9844168427796753,0.4660876053806185
2017-06-20,-3.3394779,30,1.9225178160161411,0.35100212501253575
2017-06-22,-2.8997655,28,2.1952593040409956,0.4148650129852289
2017-06-23,-1.4175970465116279,43,3.2536371060479,0.49617500705341805
2017-06-24,-1.5677363055555555,36,3.23913038792391,0.539855064653985
2017-06-25,-2.2530953333333334,21,4.10741983957824,0.8963124917062218
2017-06-26,-4.196529142857143,21,1.4029878628847186,0.30615705146540706
2017-06-28,-3.737144888888889,9,3.6382030729444046,1.2127343576481349
2017-06-29,-1.8838531428571428,35,3.474719004938335,0.5873347102019343
2017-06-30,-3.9965976956521736,23,1.8226268384329858,0.38004396726055273
2017-07-01,-3.375865666666667,21,2.495864770284687,0.5446423444858641
2017-07-02,-4.694017115384615,26,1.5937057249395903,0.3125514073227503
2017-07-03,-2.573357888888889,9,2.272304393877306,0.757434797959102
2017-07-05,-1.963383125,16,2.4021283936938893,0.6005320984234723
2017-07-06,-1.6968351379310345,29,2.903060158078143,0.5390847378026464
2017-07-07,-2.3166349210526316,38,3.0155529834166033,0.48918729046495224
2017-07-08,-3.2900737307692305,26,2.09803824753046,0.4114591524777625
2017-07-09,-3.3235883076923076,13,2.8409425126930845,0.7879356846277248
2017-07-10,-3.5826099583333337,24,1.4897527759662281,0.3040945120010035
2017-07-12,-0.6973539444444445,18,3.617578444339162,0.8526714164888343
2017-07-13,-2.8405298,25,1.8276497380346843,0.36552994760693686
2017-07-14,-3.7558671000000006,20,1.1674948892247383,0.26105979356901016
2017-07-15,-3.4795895625,32,2.9369468511011396,0.5191837585995233
2017-07-16,-2.4645016666666666,21,4.047930916621012,0.8833309444460841
2017-07-17,0.648244,9,3.397691998084582,1.1325639993615273
2017-07-18,-3.7525418888888886,27,2.4382797920848014,0.4692471647732616
2017-07-20,-2.9261156896551723,29,3.2091587306414575,0.595925815750304
2017-07-22,-1.6061765161290322,31,3.583595171605519,0.6436326931379015
2017-07-23,-2.829155258064516,31,2.4109810276754833,0.43302497565647935
2017-07-26,-2.04204334375,32,3.524759875974721,0.6230954025889949
2017-07-27,-3.842908904761905,21,2.0463889737651035,0.44655868445721847
2017-07-28,-3.458784666666667,15,2.3230320475566497,0.5998042955262013
2017-07-29,-2.5892808,15,1.065335017154845,0.27506831863815384
2017-07-30,-3.25023675,20,1.712932013227178,0.38302324224115386
2017-07-31,-2.3964234545454546,11,1.008488854684013,0.30407083056746564
2017-08-01,-2.4916855862068967,29,2.7540327937819336,0.5114110509920271
2017-08-02,-4.110885583333333,24,2.1169632858379317,0.43212332120904895
2017-08-04,-3.357186823529412,17,2.3757240865031877,0.5761977262339218
2017-08-05,-4.242624769230769,13,1.8490469282528657,0.5128333469657609
2017-08-06,-3.3043715714285713,21,1.5670221809132943,0.34195227427190267
2017-08-07,-3.3445285,20,1.4777683977309017,0.3304390592327242
2017-08-08,-3.8524453157894736,19,1.7228150727933969,0.3952408842481624
2017-08-09,0.11614300000000016,9,3.7704991598966373,1.2568330532988792
2017-08-10,-2.3764649310344828,29,3.3096576496148242,0.6145879964954915
2017-08-11,-3.8733131,20,1.0161957582684706,0.2272282793935244
2017-08-12,-2.995355285714286,21,2.5146192634718507,0.5487349104216124
2017-08-14,-3.4421157,10,1.3873631895725431,0.4387227620925201
2017-08-15,-1.5960994166666669,12,3.0025633782824324,0.8667653873551373
2017-08-16,-0.05384194736842105,19,2.668791878416097,0.6122628473346239
2017-08-17,-1.9737596666666664,12,3.375314579481561,0.9743693905316739
2017-08-18,-4.226177736842105,19,2.577317512424796,0.5912771885303851
2017-08-19,-3.8442147692307693,13,0.9537445460566781,0.2645211434231907
2017-08-20,-4.1288565,22,2.242011287268765,0.47799841252306496
2017-08-21,-1.4474136249999998,8,3.3801532819358076,1.1950646535533866
2017-08-22,-1.8743111249999997,40,2.8460062988016874,0.4499931069699534
2017-08-23,-3.7414967727272725,22,3.214964143338504,0.6854326584173704
2017-08-24,-4.00120075,12,1.804885369356037,0.5210255269270626
2017-08-25,-1.5226659333333332,15,2.475801095863936,0.6392490941868731
2017-08-26,-2.9964098750000003,8,9.208725651969555,3.2557761772970917
2017-08-27,-1.76446828,25,3.13445700894192,0.626891401788384
2017-08-28,-4.183356416666666,12,1.9398023191833684,0.5599726955775891
2017-08-29,-1.8045516923076923,13,2.3405699987546265,0.6491573187940378
2017-08-30,-1.4316706756756756,37,3.3095607862953327,0.5440884416924747
2017-08-31,-0.6164801538461541,13,2.7769512099985616,0.7701876905470448
2017-09-02,-1.8794572258064517,31,2.881318492864493,0.5175000781462592
2017-09-03,-2.1650049375,16,2.929277938203918,0.7323194845509795
2017-09-04,-0.9342975142857142,35,2.9245088200929956,0.4943322144585338
2017-09-05,-0.6340166923076923,39,2.287226386104417,0.3662493385411817
2017-09-06,-3.73201635,20,1.4514886300632437,0.32456272453894575
2017-09-07,-3.530412,12,1.3131762872175097,0.3790813414592313
2017-09-08,-0.6082185833333332,12,3.2223243369663077,0.9302049116818901
2017-09-09,1.5346566,10,1.266796699418498,0.40059629025461535
2017-09-11,-2.2533148499999998,20,1.2150068368809277,0.2716837880392753
2017-09-14,-2.8718924117647058,17,3.478993249307514,0.8437798022179809
2017-09-15,1.10857775,16,5.37426526056319,1.3435663151407975
2017-09-16,-1.6887651875,16,3.5783390171656313,0.8945847542914078
2017-09-17,-2.0963449,30,2.225680716516485,0.4063518447467799
2017-09-19,0.7292545714285714,21,1.1602396931516596,0.2531850580076104
2017-09-20,-3.354385894736842,19,2.1021484948747315,0.4822659396565833
2017-09-21,-0.2117847777777778,9,2.7912732940240184,0.9304244313413395
2017-09-23,-1.1797736923076922,26,3.2924579637699343,0.6457041309594947
2017-09-25,-0.585997,39,2.1576073675506735,0.3454936844021434
2017-09-26,-0.7121256923076922,13,4.557125506183739,1.2639192062515583
2017-09-27,-1.4505859677419355,31,2.0159359115566065,0.3620727782617461
2017-09-28,-1.0408822105263158,19,2.4191145764969826,0.5549829458840284
2017-09-29,-2.6423605500000003,20,1.8778735103269135,0.41990528222371315
2017-10-03,-1.6172417692307695,13,2.860876024123385,0.7934642459786475
2017-10-04,-1.4157291,30,1.88047059853256,0.3433253885138414
2017-10-05,-2.30357628,25,1.9514858472192738,0.39029716944385473
2017-10-07,-1.956108,8,2.1594112937593497,0.763467184594026
2017-10-08,-0.7209862333333333,30,1.718742149829881,0.31379794866558325
2017-10-09,-0.9890906176470589,34,1.5653577851606228,0.2684566453968581
2017-10-10,-1.9789230666666666,15,1.0128853567859963,0.2615258745633014
2017-10-13,-0.7735248235294118,34,1.4151888513928355,0.24270288572332346
2017-10-14,-0.4810591818181818,11,1.0744906132692662,0.3239711095430023
2017-10-15,-0.8332639999999999,24,1.2321088278987726,0.251503161327554
2017-10-18,-0.40923309677419356,31,1.251209558229938,0.22472387060467564
2017-10-19,0.5098119999999999,10,0.19236153918078325,0.060830059802699524
2017-10-22,-0.7483473913043478,23,1.0098513991775198,0.21056857278421767
2017-10-23,-0.13080608695652177,23,0.8281919510368198,0.17268995939722803
2017-10-24,-0.4757741304347826,46,0.938735764502086,0.1384090374307504
2017-10-27,0.09981096153846154,26,0.6844185930245601,0.13422552928069043
2017-10-28,0.12505846666666667,30,0.330630042926587,0.06036451089993103
2017-10-29,0.2109399090909091,11,0.30993310056864026,0.09344834588160596
2017-10-30,-0.438758,15,0.8905918658484528,0.2299498309799232
2017-10-31,-0.13944905,20,0.44979102505654606,0.10057633076957481
2017-11-02,-0.053338666666666666,33,0.30619187362120937,0.0533011636326634
2017-11-03,-0.21783828571428573,28,0.5971283165232086,0.11284664473679079
2017-11-05,-0.06486055555555555,36,0.46192606357291444,0.0769876772621524
2017-11-06,0.2581506944444445,36,0.46064746946344487,0.07677457824390747
2017-11-07,0.21840437931034484,29,0.3098756012050197,0.0575424545585834
2017-11-08,0.09707202702702704,37,0.7388383498465488,0.12146427649713391
2017-11-09,-0.2718127777777778,36,0.6252192699136205,0.10420321165227009
2017-11-10,-0.675131625,8,0.6086275294299315,0.21518232663835976
2017-11-11,-0.07437514999999999,20,0.3571104740659505,0.07985232954886409
2017-11-12,0.041439393939393936,33,0.25803480594933065,0.044918094174642834
2017-11-17,-0.015551750000000001,12,0.13491165579210782,0.03894564039419579
2017-11-18,-0.6263170975609756,41,0.548437302118793,0.0856515166319299
2017-11-19,-0.16879905263157893,19,0.38261213150387885,0.08777724293674224
2017-11-20,0.2155605833333333,12,0.2809603435768304,0.0811062649978464
2017-11-21,-0.6982664571428572,35,1.0937371058537393,0.18487531371334834
2017-11-24,0.16774114999999998,20,0.4933006018412873,0.11030536790586763
2017-11-25,-0.28739675757575756,33,0.2688321836698303,0.04679767637869569
2017-11-26,-0.27369819444444443,36,0.35599955596648225,0.059333259327747044
2017-11-28,-0.06906284782608696,46,0.3314246340926106,0.048865896368535514
2017-11-30,-0.12946665714285716,35,0.24996084138261038,0.042251093722006604
2017-12-02,-0.32643436363636363,11,0.4581189060083141,0.1381280473270609
2017-12-04,-0.3567710454545454,22,0.8733731677835833,0.1862037850172287
2017-12-05,-1.28511152,25,1.5160932877393878,0.3032186575478776
2017-12-06,-0.7214642926829268,41,0.4469581612248648,0.06980313744530124
2017-12-07,-0.287022511627907,43,0.31054288464254487,0.04735734593495107
2017-12-08,-0.40810892857142855,42,0.3924642951450825,0.060558555481397394
2017-12-09,-0.16674927586206895,29,0.4157313595514448,0.07719937540271109
2017-12-10,-0.43996351612903223,31,0.28711428264692457,0.051567247451001705
2017-12-11,-0.52380856,25,0.28067707880692716,0.056135415761385435
2017-12-12,-0.5304776,10,0.3395823538584483,0.10738536913939645
2017-12-13,-0.2950885,40,0.7594194585962122,0.12007475943079836
2017-12-14,-0.21590451851851852,27,0.5859966000815239,0.11277509826709109
2017-12-15,-0.8300267142857143,35,0.7096606374077505,0.11995454142370228
2017-12-16,-1.242714619047619,21,0.5112846623016846,0.11157146031749544
2017-12-18,0.38542888888888893,9,0.36638474037630325,0.12212824679210109
2017-12-19,-0.1363360294117647,34,0.4399021211223108,0.07544259137366485
2017-12-20,-0.9211426896551724,29,0.83554738640068,0.15515725448062612
2017-12-21,-0.25072586956521736,23,0.5318322375165366,0.11089468738242365
2017-12-22,-0.34017019047619046,21,0.4581593955465302,0.09997857668796134
2017-12-23,-0.08034682352941178,17,0.40464835343314376,0.0981416413198305
2017-12-24,-0.2635027142857143,35,0.7015325889582361,0.11858065047775296
2017-12-25,-0.4817266818181818,22,0.2544208169656433,0.05424270043285479
2017-12-26,-0.4026231290322581,31,0.5123796715080035,0.09202610565357468
2017-12-27,-0.346451,11,0.5651372728739452,0.17039529901523373
2017-12-28,-0.47474072727272726,11,0.41693723407177036,0.12571130604951325
2017-12-29,-0.71192178125,32,0.38926684883316104,0.06881330712526171
2017-12-30,-0.9538077741935485,31,0.4429003118996199,0.07954724428648405
2017-12-31,-0.6659951,20,0.501342991688577,0.11210370094587702
2018-01-01,-0.37664933333333334,39,0.5421348576630479,0.08681105387096756
2018-01-02,-0.3426144193548387,31,0.421014387012746,0.07561641613704174
2018-01-03,-0.6498359393939395,33,0.30368477889477963,0.05286473445942762
2018-01-04,-0.4714100625,16,0.33864657278593935,0.08466164319648484
2018-01-05,-0.4459036666666667,12,0.3037935107893139,0.08769763261613593
2018-01-07,0.012742823529411768,17,0.2770421921249621,0.06719260122846353
2018-01-08,-0.06266489473684211,19,0.2706425205487643,0.06208965246827335
2018-01-11,-0.686689,23,0.1242158158492344,0.025900788058424613
2018-01-12,-0.56464721875,32,0.41614269392994657,0.07356433020477578
2018-01-15,-0.470178652173913,46,0.2711945526184491,0.039985455336616314
2018-01-16,-0.10750792857142856,14,0.4020297168940595,0.10744696142280671
2018-01-17,0.15699194736842106,19,0.22522673699542908,0.05167055715507836
2018-01-18,-0.11520367857142857,28,0.4706567752639451,0.08894577001542965
2018-01-19,0.02520240909090909,22,0.2995683471820681,0.06386818621668312
2018-01-21,-0.3530070909090909,33,0.5024283769595526,0.08746155414674466
2018-01-22,-0.2934811142857143,35,0.4303881100304407,0.07274886847535837
2018-01-23,-0.3333485882352941,34,0.44453422110592294,0.07623698996709297
2018-01-24,0.242626375,8,0.2903299564923318,0.10264714050866156
2018-01-26,0.056306666666666665,18,0.5213420933271223,0.12288150983653272
2018-01-27,-0.2622561351351351,37,0.5918088932504199,0.09729278272867332
2018-01-28,-0.4084733023255814,43,0.5697211443889326,0.08688166000756767
2018-01-29,-0.5580451851851852,27,0.4749417539653627,0.09140258316709839
2018-01-30,-0.24954144444444445,9,0.2685274203261704,0.08950914010872346
2018-01-31,-0.472777947368421,38,0.606994483044208,0.09846750765796397
2018-02-01,-0.8238662045454546,44,0.5310198610454021,0.08005425615064819
2018-02-03,-0.5109862857142857,21,0.3167943176370345,0.0691301876335045
2018-02-04,-0.1539671875,32,0.3563406273208025,0.06299271849770194
2018-02-05,-0.9458900869565218,23,0.536696308348324,0.11190891626184592
2018-02-06,0.029808583333333333,12,0.2915884622634686,0.0841743385902013
2018-02-07,-0.19020795454545453,22,0.43188876692516637,0.09207899449438674
2018-02-08,-0.7655808695652174,23,0.4550243426167943,0.0948791341824465
2018-02-09,-0.32487346875,32,0.48908397461488734,0.08645864875496402
2018-02-11,-0.3810649705882353,34,0.45033275233088277,0.07723142986807824
2018-02-12,-0.8826359583333333,24,0.5485957953315291,0.11198164779988004
2018-02-15,-0.48500652380952375,42,0.3205602023770443,0.049463513091304076
2018-02-16,-0.124456875,8,0.21201919717559103,0.07496010603229405
2018-02-17,-0.16552850000000002,30,0.38602537037624957,0.07047826770811946
2018-02-18,-0.09147063157894736,19,0.5406950778460187,0.12404395808424488
2018-02-19,-0.6272846666666667,42,0.42234792413483946,0.06516969954354118
2018-02-20,-0.17650238095238097,21,0.6317089451108379,0.13785019324529135
2018-02-22,-0.36781711111111115,9,0.5096125906474065,0.1698708635491355
2018-02-23,-0.1902632777777778,18,0.36744525914878573,0.0866076781529849
2018-02-24,-0.5593080666666667,15,0.7760357883786645,0.20037157896343405
2018-02-25,-0.007956700000000006,30,0.44879600402265174,0.08193856504046187
2018-03-05,-1.1237814,20,0.27967487334071933,0.06253720283884921
2018-03-06,-0.29632515217391303,46,0.37108576468723464,0.054713611046721726
2018-03-07,-0.43043876923076924,39,0.48318939943901373,0.07737222647035807
2018-03-08,-0.3831966388888889,36,0.44272125606300944,0.07378687601050157
2018-03-09,-0.37030634782608696,23,0.5851710246735649,0.12201659333298642
2018-03-10,-0.6669975333333333,15,0.3260113155538068,0.08417575972100431
2018-03-11,-0.19969406896551725,29,0.18846359048063427,0.03499681016836279
2018-03-12,-0.2081131,40,0.16897056530799254,0.026716592194974347
2018-03-13,-0.25102810344827586,29,0.28941997928262175,0.053743940928081796
2018-03-14,-0.19110127777777777,36,0.3040299299307423,0.05067165498845705
2018-03-15,-0.18194832432432434,37,0.18278212709611621,0.030049196592120613
2018-03-16,-0.3523097083333333,24,0.5549826716248605,0.11328536346395839
2018-03-17,0.006371708333333336,24,0.4047068073447395,0.08261043111878894
2018-03-18,-0.5051232777777778,18,0.39041698765457333,0.09202216648699114
2018-03-19,-1.2450756315789473,19,0.4303967282334095,0.09873978126315637
2018-03-20,-0.857453,12,0.6034836566181994,0.17421072580002855
2018-03-21,-0.18705916666666667,24,0.6023543147721113,0.12295505962962305
2018-03-22,-0.442217,27,0.5219422974132294,0.10044784197099323
2018-03-23,-0.74352815625,32,0.6983460075678406,0.12345129939144302
2018-03-24,-0.9173512352941176,17,0.5170076898813413,0.12539278321396172
2018-03-27,0.2196356,10,0.11505793727625516,0.03638451446737563
2018-03-28,-0.113523625,24,0.28840750601096005,0.05887093564296037
2018-03-29,-0.3233292926829268,41,0.2401264812514692,0.03750145590611578
2018-03-30,-0.243539575,40,0.4738641167798346,0.07492449552241455
2018-03-31,-0.3130652954545454,44,0.6277828919685152,0.09464183193017198
2018-04-01,0.033698933333333334,45,0.1369883201820174,0.02042101307003315
2018-04-02,-0.3106280384615384,26,0.7429240711454425,0.14569939753416944
2018-04-03,-0.1914909375,48,0.2038907575141082,0.029429095934011773
2018-04-04,-0.09439154285714287,35,0.3320825374845788,0.05613219389522677
2018-04-05,0.012393142857142861,28,1.161075333416134,0.21942261325932091
2018-04-06,-0.55270288,25,0.5750196005160984,0.11500392010321966
2018-04-07,-0.6309538684210526,38,0.5708944035072521,0.09261130145254542
2018-04-08,-0.7482389523809524,21,0.7085663458392923,0.15462185308127693
2018-04-09,-0.3777522580645161,31,0.5310142829487087,0.09537298066953413
2018-04-11,-0.214379,18,0.7457920154150374,0.17578486381825173
2018-04-12,-0.11504993333333333,15,0.7296776385884842,0.1884019561568769
2018-04-13,-0.1302765744680851,47,0.2606956660987761,0.03802637111903594
2018-04-14,-0.6539828043478261,46,0.44656402760921177,0.06584227377911167
2018-04-15,0.09655860526315792,38,1.5688909621529183,0.25450772147965584
2018-04-16,0.2932928333333333,12,2.065196496700356,0.5961708766497114
2018-04-17,-0.24005738461538462,39,0.23676546993692607,0.03791281758579383
2018-04-18,-0.1637650243902439,41,0.7309407731634106,0.1141537702626961
2018-04-19,-0.1588027142857143,21,0.4962080830772654,0.10828148100716689
2018-04-20,0.050846076923076924,13,0.7494382272805479,0.2078567658656039
2018-04-21,-0.3411747222222222,18,0.6374388370061412,0.1502457747462363
2018-04-22,-0.3635540625,16,0.5720301016831741,0.14300752542079354
2018-04-23,-0.7798145,16,1.8004732604213074,0.45011831510532685
2018-04-24,-0.48644683333333333,30,0.7442787749167129,0.1358860913647313
2018-04-26,-0.8640239333333334,30,0.48211702414397656,0.08802212316030625
2018-04-27,-1.21064052,25,1.2606605465859329,0.25213210931718655
2018-04-28,-1.2118435238095238,21,1.0841749086686436,0.23658636121647114
2018-05-01,-0.7716569090909091,33,0.6883946415584126,0.11983412557495128
2018-05-02,-0.9663741290322581,31,0.675737255577676,0.1213659938787725
2018-05-03,-0.9064910416666666,24,1.1171569044842855,0.22803869821780534
2018-05-04,-1.0565879333333335,30,0.8458894913735904,0.15443758519396236
2018-05-05,-1.7864621666666665,12,1.6519785198646906,0.4768851215696793
2018-05-06,-1.9634667727272728,22,1.6157023184386392,0.34446889170853845
2018-05-07,-1.28843895,20,0.9748330181771472,0.2179792895355389
2018-05-09,-0.09954033333333333,18,0.6529752413339853,0.15390774036472782
2018-05-10,-1.1655266341463415,41,1.0776765960995849,0.16830480811218007
2018-05-11,-1.9740920476190478,21,1.274617121048767,0.27814425901393647
2018-05-12,-1.6181397333333334,15,1.0767344948776147,0.2780116511298705
2018-05-13,-1.0610874545454545,22,1.771827667768638,0.37775492802696414
2018-05-14,-0.9258680322580646,31,1.1990496880322206,0.2153556813641372
2018-05-15,-0.7663970666666666,15,0.6795649022476983,0.17546290327149378
2018-05-16,-0.38023314999999996,40,1.105388637120982,0.17477728964858263
2018-05-17,-1.8042351578947369,19,2.1038096202579806,0.4826470279554324
2018-05-19,-1.00401146875,32,1.9038762400772897,0.3365609499746497
2018-05-20,-1.0342363125,16,0.8098375305996233,0.20245938264990582
2018-05-21,-1.3920968,10,1.0233078299752338,0.3235983490206064
2018-05-22,-1.496069294117647,17,1.2357524126010118,0.2997139837803428
2018-05-25,-1.5891173157894736,19,1.0557583517892641,0.24220757706570872
2018-05-26,-1.8782211666666668,24,1.1950378326624922,0.24393607611205123
2018-05-27,-2.8464232307692305,13,1.7047448985263238,0.4728111648632551
2018-05-28,-1.4915010740740742,27,2.134392577483488,0.41076404305547703
2018-05-29,1.0206092500000001,8,1.8409738960592685,0.6508825629454635
2018-05-31,-0.5003837027027027,37,2.0908573677369353,0.3437348338558972
2018-06-01,-1.6027838205128206,39,2.195887953825883,0.3516234840089691
2018-06-03,-2.9695498571428574,14,0.707369891621269,0.1890525557261574
2018-06-04,-2.757888571428571,28,1.5016896425668238,0.28379266718809215
2018-06-05,-1.2489845333333334,15,2.4322292719854723,0.627998897637195
2018-06-06,-3.0708352962962966,27,1.4451714508941043,0.2781233753996244
2018-06-07,-2.9786797272727275,11,1.2477022333070573,0.3761963779970894
2018-06-10,-1.629232888888889,27,2.3061979272263646,0.4438279980295662
2018-06-11,-0.3094872142857143,14,2.247178540642814,0.6005837275711479
2018-06-12,-2.713370461538461,26,2.402320918572441,0.47113389391203925
2018-06-13,-2.8374785555555553,27,1.0005100523700716,0.19254824935426246
2018-06-16,-0.7738599523809524,21,3.256895789068764,0.7107129278090734
2018-06-17,-2.8535162727272727,22,2.459221134820093,0.524307707620501
2018-06-18,-2.9162958823529412,34,2.147997071167333,0.3683784585954505
2018-06-19,-3.248715,15,1.763221449946619,0.45526182075459665
2018-06-20,-3.0991670384615384,26,2.048082453261303,0.4016620151779372
2018-06-21,-2.296091736842105,19,1.9549761488220498,0.4485022878814551
2018-06-22,-2.3844697142857143,21,1.2404073890088345,0.27067908346264374
2018-06-23,-1.8731479999999998,23,2.8429538257406604,0.5927968511656329
2018-06-24,-1.6298523823529412,34,3.155472412529392,0.5411590542050096
2018-06-25,-0.6462494444444444,18,2.6910415128487557,0.6342845673966203
2018-06-26,-2.370412,18,2.465431346529279,0.5811077412269114
2018-06-27,-2.2485413125,16,1.865228720432491,0.4663071801081228
2018-06-29,-1.1986475625,16,3.7116533360401527,0.9279133340100382
2018-06-30,-1.6974624074074074,27,2.5859353823044713,0.4976634963601548
2018-07-01,-1.3384160714285716,14,3.5513529635963876,0.9491390035201395
2018-07-02,-4.293389266666667,15,0.9775940941712442,0.25241370973839694
2018-07-04,-0.5636665555555554,18,2.859152226372093,0.673908642570774
2018-07-05,-2.429709736842105,38,2.492009514620113,0.40425732493305655
2018-07-06,-3.1169204,10,0.8136899300730387,0.2573113488173941
2018-07-09,-2.719056304347826,23,2.269473241485474,0.4732178831665538
2018-07-10,-2.6104285454545457,11,2.1926199276976104,0.6610997825481054
2018-07-11,-0.872814,11,3.36212841936512,1.0137198603658886
2018-07-12,-3.8180272083333335,24,1.3653189886542039,0.27869457152796456
2018-07-13,-2.17334264516129,31,2.34282175106623,0.4207832081951479
2018-07-14,-3.576250375,16,1.4914435095444447,0.3728608773861112
2018-07-16,-3.104263533333333,15,1.6463475334153599,0.42508510526582316
2018-07-20,-2.2532317777777777,27,3.215260319984088,0.6187771370858451
2018-07-21,-1.8300304333333335,30,2.703666110459656,0.4936196388870026
2018-07-22,-4.100850416666667,12,1.6081049276119141,0.4642199064209512
2018-07-23,-2.305204388888889,18,1.6813004084236889,0.3962863066693675
2018-07-24,-3.65745128,25,1.8332733850529839,0.3666546770105968
2018-07-25,-2.02164965625,32,2.6759219974857698,0.4730406475871098
2018-07-26,-1.2091084545454545,22,3.2262853539044345,0.6878463486200396
2018-07-27,-3.8147609166666663,24,1.1885632234708725,0.24261445204510107
2018-07-28,-3.7410072857142858,21,1.2362071187892079,0.2697625093568958
2018-07-29,-3.202390352941176,17,1.3059005461424857,0.31672740519395637
2018-07-30,-2.091904,21,1.465321669260371,0.31975940318308077
2018-07-31,-2.7682453125,16,2.30090085700428,0.57522521425107
2018-08-01,-2.49886128125,32,2.8718644908451334,0.5076787140313613
2018-08-02,-4.202804615384616,13,1.2398467392441788,0.34387161477397826
2018-08-05,-1.7159592142857143,28,2.4615251148515305,0.4651845214169181
2018-08-06,-2.8451225599999996,25,2.3734211245347945,0.4746842249069589
2018-08-07,-3.1688735882352943,17,1.62740863975674,0.3947045716329294
2018-08-08,-4.001173166666667,18,1.6366722318895328,0.38576734458293677
2018-08-09,-3.2351103333333335,24,1.4649546639267554,0.29903261857758046
2018-08-10,-3.6263509999999997,18,1.820238420924707,0.42903431027071787
2018-08-11,-3.5633874999999997,12,2.118392180824604,0.6115271479241418
2018-08-13,-1.192761923076923,13,3.21010535072689,0.890323033975932
2018-08-14,-2.5448252580645163,31,3.228943453480998,0.5799353641898323
2018-08-15,-1.9147394999999998,26,2.287860172338725,0.4486862947356504
2018-08-16,-2.4464184375,16,1.7772403991436823,0.44431009978592056
2018-08-17,-3.725031260869565,23,2.4224101639030016,0.5051074359321368
2018-08-19,-0.06282542307692308,26,2.6123587876555723,0.5123257090292829
2018-08-20,-1.2093766666666668,33,3.2463610601580752,0.565118923738172
2018-08-21,-4.041613071428571,14,2.0534224218530865,0.5488002266352742
2018-08-22,-3.4296421904761907,21,1.2088119684257606,0.26378439744188653
2018-08-25,-2.6968080000000003,11,3.4760421690045993,1.0480661481855826
2018-08-26,-1.5026630769230769,13,3.5784871746201508,0.9924937689756317
2018-08-27,-3.4509162222222223,18,2.7263989811434324,0.6426184025955385
2018-08-28,-1.40608421875,32,3.3167818612830384,0.5863297364574438
2018-08-29,-4.034932888888889,18,1.7927497296155026,0.42255516359382383
2018-09-01,-3.217083222222222,18,2.7576428457477005,0.6499826521062558
2018-09-02,-3.5884344285714285,14,1.5710444186693482,0.4198792824331528
2018-09-03,-1.6792383333333334,12,3.490747340764708,1.0076919584317372
2018-09-04,1.0633686315789475,19,2.3244607886350335,0.533267877678051
2018-09-05,-2.088805333333333,36,2.938572608098069,0.4897621013496782
2018-09-06,-2.446879230769231,13,3.0266045354462303,0.8394290648540962
2018-09-07,-3.112046090909091,11,1.4377228966212825,0.43348976369051995
2018-09-08,0.61307325,28,1.5972550656038957,0.30185283456614753
2018-09-10,-1.845936,17,2.4780197834981057,0.6010080770431115
2018-09-12,-0.89585571875,32,2.1673550069488106,0.38313785566303016
2018-09-14,-0.51605015,20,3.1537039424321245,0.7051896396187314
2018-09-15,-0.38793683333333334,18,1.9295319338610488,0.45479503831638024
2018-09-16,1.5030595833333333,12,0.9282704126487026,0.26796858631174675
2018-09-17,-1.4169637586206896,29,3.02496844391355,0.561722538167437
2018-09-18,-1.910648263157895,19,3.035881280207132,0.6964789318426197
2018-09-19,-3.521584375,8,1.6776336314441702,0.593133058570393
2018-09-21,-4.032683,12,1.5721396366914628,0.45383762122374827
2018-09-23,-1.188277761904762,42,1.9988148396373604,0.3084238257099862
2018-09-24,1.4420005,10,0.9807892668901635,0.3101527988019686
2018-09-25,-0.6663799310344828,29,1.342245267114715,0.2492486887934143
2018-09-26,-2.062044875,24,2.1604260916580746,0.44099512929646706
2018-09-30,-2.575210347826087,23,1.7348895353965126,0.36174947492695453
2018-10-01,-0.10120268181818183,22,1.0970158697907697,0.23388456929286516
2018-10-03,-0.31968275,8,0.9600508833422393,0.3394292449477162
2018-10-04,-1.3974952580645161,31,1.5672217533900974,0.2814813363605602
2018-10-06,-1.1789167666666667,30,1.3836199881307274,0.25261329283807654
2018-10-07,-0.40159227999999997,25,1.1831613966039431,0.23663227932078862
2018-10-09,-1.2689592727272727,11,1.2502225434735283,0.37695628010413507
2018-10-19,0.04254749999999999,10,0.918886031060224,0.2905772768262534
2018-10-20,-0.7653686153846154,26,1.2558075091648424,0.24628411517491852
2018-10-22,-0.6024828461538462,26,0.9524870068911466,0.18679807056082856
2018-10-23,-0.7947076857142856,35,1.0535221433398254,0.17807774437887192
2018-10-28,-0.753219,24,1.3097274132981291,0.2673469887263093
2018-10-29,-0.41530139130434784,23,0.5497009436938283,0.11462057018093966
2018-10-30,-0.9781219375,16,0.4795226797495566,0.11988066993738915
2018-10-31,-0.2522245,38,0.5382244193645034,0.08731153019658926
2018-11-01,-0.8764067916666667,24,0.8070787849092057,0.16474426710441753
2018-11-02,-0.7475028,20,1.3817823206569342,0.30897591990963164
2018-11-03,-0.5267613636363636,22,1.0942468985817007,0.23329422264752356
2018-11-04,-0.478552,33,0.9813467610033417,0.17083054383517815
2018-11-05,-0.23123329999999997,10,1.0340617800397132,0.32699904662535334
2018-11-07,-0.4062136486486487,37,0.7886502442739753,0.1296533014967642
2018-11-08,-0.41224645161290324,31,0.7083083534622868,0.12721593575168166
2018-11-09,-0.3959849583333333,24,0.7211338190311071,0.14720082440756313
2018-11-10,-0.3541765833333333,12,0.3284475010116694,0.09481462656187362
2018-11-11,-0.8381551428571428,14,1.0887636231556668,0.2909843180736543
2018-11-12,-0.7023674736842105,38,0.4266074768401014,0.06920487115801012
2018-11-16,-0.5512575185185186,27,0.5771117512021107,0.11106520830301164
2018-11-17,-0.2641804651162791,43,0.45393086501687574,0.0692238079449161
2018-11-18,-0.43888720000000003,20,0.8870804718908925,0.19835722366606268
2018-11-19,-0.3423501176470588,34,0.7195148424885475,0.12339577747582099
2018-11-20,-0.23299439130434782,23,0.5165819735096823,0.10771478751881873
2018-11-21,-1.2821982222222221,27,1.1026440689833945,0.21220395001596903
2018-11-24,-0.8458230999999999,20,1.0854428371855716,0.24271239696371744
2018-11-25,-0.6715337878787879,33,0.5289652210703317,0.09208102576601086
2018-11-26,-0.68216603125,32,0.5392287773451937,0.09532308126792935
2018-11-27,-0.8239024516129032,31,0.6441059863909478,0.11568485022299996
2018-11-28,-1.2219823,10,0.8124315629833485,0.25691341820379227
2018-11-30,-0.29116792857142854,14,1.0894654805755728,0.29117189735934385
2018-12-01,-0.701281075,40,0.44432914913143623,0.07025460710299825
2018-12-02,-0.3455464545454545,44,0.7258046403230918,0.10941916650229776
2018-12-03,-0.33098299999999997,24,0.25427356233190374,0.05190337356607811
2018-12-04,0.028168699999999998,10,0.22668637257529278,0.07168452518594542
2018-12-05,-0.28707621739130434,23,0.8786412563373042,0.18320936673154503
2018-12-06,-0.6399754,40,0.5260852342196936,0.0831813791758693
2018-12-07,-0.6168415,12,0.5497956331715036,0.15871232840542418
2018-12-08,-0.7182679000000001,10,0.7762280967946429,0.24546487696887173
2018-12-11,-0.2882393,10,0.9560093291447467,0.3023166944466991
2018-12-14,-0.03506576470588235,17,0.5217685139696207,0.12654745265990058
2018-12-16,-0.024831093023255812,43,0.40696984260956953,0.062062319166444495
2018-12-17,-0.5830257586206897,29,0.4987840159074477,0.09262186651124152
2018-12-18,-0.43705150000000004,10,0.8704397000784847,0.27525720180818564
2018-12-20,-0.6110418000000001,30,0.6954661772143919,0.12697417108073594
2018-12-21,-0.653883625,16,0.35770524391680836,0.08942631097920209
2018-12-24,-0.4016102666666666,30,0.7540903270407852,0.137677427505562
2018-12-25,0.015140862068965522,29,0.48040394824034166,0.08920877363008117
2018-12-26,-0.37770322727272726,22,1.0399166972246214,0.22171098479844972
2018-12-28,-0.09772104545454549,22,1.084004808537458,0.23111060171311237
2018-12-31,0.22121764864864865,37,0.3633470227568052,0.05973388258163539
2019-01-01,-0.554289875,16,0.9607404228752513,0.24018510571881282
2019-01-03,-0.0858250909090909,11,0.19666154632894278,0.059295687260381695
2019-01-05,0.33217971428571424,14,0.6870490765792306,0.18362158946134954
2019-01-06,-0.7834891363636364,22,0.9454150181386097,0.20156315912050402
2019-01-07,-0.4628369090909091,11,0.8520842567049873,0.25691306993266505
2019-01-08,-0.31613962790697675,43,0.377248868245014,0.05752991306695778
2019-01-09,-0.2581399583333333,48,0.3680960647068052,0.05313009051152898
2019-01-10,-0.6245104444444445,18,1.0112811509644133,0.23836125317769113
2019-01-11,-0.24772011764705879,17,0.7662576779715556,0.1858447848657204
2019-01-12,-0.2556802608695652,23,1.0184203182591707,0.2123553159256306
2019-01-13,-0.2339071333333333,15,0.37276741117137574,0.09624813169837272
2019-01-14,-0.17651307407407407,27,0.7815803394691341,0.1504152064619412
2019-01-15,0.016332090909090914,22,0.9367565038818993,0.1997171576783981
2019-01-16,-0.09334990322580648,31,0.7946893110566063,0.14273041372977147
2019-01-17,-0.5528778846153846,26,1.0668194612314617,0.20922050962691402
2019-01-18,0.17249412195121952,41,0.20596480555779367,0.03216629850061592
2019-01-19,-0.05243173333333335,15,0.5418921500392948,0.13991595150284797
2019-01-20,-0.5618682727272727,11,1.3550382228620041,0.4085593965293862
2019-01-22,-0.38946542857142863,21,0.26737305800371347,0.058345584623515974
2019-01-23,-0.2773639523809524,21,0.40537377117056744,0.08845980910184918
2019-01-24,-0.42969725581395346,43,0.6321521952493527,0.09640230600814385
2019-02-15,-0.4779491,20,0.5625228034564606,0.12578392274223993
2019-02-16,-0.7434358999999999,20,0.9105568720664641,0.2036067063320193
2019-02-17,-0.2799142432432432,37,0.48700234221176475,0.08006269187495119
2019-02-18,-0.6139646,20,0.7388474972845351,0.16521132289338117
2019-02-19,0.2132345,10,0.47597944188851266,0.15051791557834568
2019-02-20,0.052479,24,1.0990422733261902,0.22434106461646744
2019-02-21,-0.30700758333333333,12,0.5106260907275691,0.14740505546840416
2019-02-22,0.1131811875,16,0.19230450836775123,0.04807612709193781
2019-02-23,-0.20599,9,0.6783322335939078,0.22611074453130262
2019-02-24,-0.4731018139534884,43,0.748624215706711,0.11416412261164088
2019-02-25,-0.7495034871794872,39,0.5831835186115977,0.0933841001648298
2019-02-26,-0.11098527272727274,11,0.7556334423093106,0.22783205519860422
2019-02-27,-0.08229,26,0.4727482493222794,0.09271355955042807
2019-02-28,0.057265666666666666,12,0.16106991360068873,0.04649687898785371
2019-03-01,-0.47855190909090906,11,1.300148073587809,0.3920093938176495
2019-03-02,-0.5381533846153845,26,0.3487316517741488,0.0683919037463011
2019-03-03,-0.19379703703703705,27,0.36322678050247187,0.06990302649999441
2019-03-04,-0.15186344,25,0.3262404363769509,0.06524808727539018
2019-03-05,-0.682724611111111,36,0.7702664360878283,0.1283777393479714
2019-03-06,-0.39782484,25,0.7492424785129467,0.14984849570258935
2019-03-07,-0.07460264285714288,14,0.9682323527342619,0.2587709810515474
2019-03-09,-0.5184518888888889,9,0.7111126632300335,0.23703755441001118
2019-03-10,-0.30231781481481484,27,0.8108708375091859,0.15605216543798192
2019-03-11,0.028270727272727277,11,0.6778028774356288,0.20436525693429358
2019-03-14,0.01302879999999998,10,1.7479058920632744,0.5527363754548374
2019-03-15,-0.288966275,40,0.27054260276331354,0.042776541442111723
2019-03-16,-0.20558435294117647,34,0.5650499524227592,0.09690526737534513
2019-03-17,0.13454686666666665,15,0.5367112773009162,0.13857825591387726
2019-03-18,0.0580158125,16,0.4125324943872452,0.1031331235968113
2019-03-19,0.507212,21,0.5459005177521817,0.11912525926261701
2019-03-20,0.08800997435897437,39,0.26318093392074215,0.04214267706542707
2019-03-21,0.14689496969696972,33,0.663649394702009,0.11552653100614345
2019-03-22,-0.1579610588235294,34,0.7367197445330106,0.12634639383396187
2019-03-24,-0.4122498157894737,38,0.7777778412299469,0.12617222672833858
2019-03-25,-0.2624579285714286,14,1.0192405369159367,0.2724034917036395
2019-03-29,-0.15518483333333333,18,0.5927137224406409,0.13970396414669944
2019-03-30,-0.3752384468085106,47,0.34819244674584954,0.05078908828421445
2019-03-31,-0.10702177777777777,18,0.8306588201191343,0.19578816151955217
2019-04-01,-0.4277634444444444,27,0.5228771861913019,0.10062776140022073
2019-04-02,-0.036039545454545456,22,0.47679250621864827,0.10165250387880265
2019-04-03,-0.5211978863636364,44,0.5085051317278828,0.07666003299598338
2019-04-06,-0.5935461304347825,23,1.260407584397938,0.26281314893382907
2019-04-07,-0.8176748571428571,14,1.426658706108133,0.38129057757963214
2019-04-08,-0.5830321538461539,13,0.6499465396106111,0.18026273652895733
2019-04-09,-0.9762857435897436,39,0.5734564149064915,0.09182651700666053
2019-04-10,-1.4369164250000002,40,0.7219463287865334,0.11414973736811151
2019-04-11,-0.875099393939394,33,1.1960000200037868,0.20819688000522693
2019-04-12,-0.210555375,24,1.3593516543354751,0.2774764945108409
2019-04-13,-0.8883979310344827,29,1.1458909918972575,0.21278661525439865
2019-04-14,-0.301978,14,1.5659906358643303,0.4185286021643281
2019-04-16,-0.26468021428571425,14,1.486479120873015,0.3972782559214108
2019-04-18,-0.5440695,20,1.5849411355234848,0.35440361193662184
2019-04-20,0.403474,14,1.1297354200206484,0.3019344913871729
2019-04-21,-0.8474142083333334,24,0.7942917604052917,0.16213412665749632
2019-04-22,-0.654617625,32,0.9254257087275319,0.16359369853140113
2019-04-23,-1.3604146666666665,9,0.9848575972262436,0.3282858657420812
2019-04-24,-1.0363828571428573,14,0.9102053425182403,0.2432626102367485
2019-04-25,-0.20029366666666668,36,1.1702520106225471,0.19504200177042452
2019-04-26,-1.1319481578947368,38,1.158696110067447,0.18796532963382773
2019-04-27,-1.5319406071428572,28,1.2868179019663148,0.24318572508776878
2019-04-28,-1.1573722105263158,19,1.6443201851841585,0.3772329220022017
2019-04-29,-0.02500744444444443,9,1.2098265233558396,0.4032755077852799
2019-04-30,-1.5713338636363636,22,1.1730281949959502,0.25009045147846526
2019-05-01,-1.7186887647058824,17,1.0691797571740176,0.2593141806823951
2019-05-02,-1.4084311666666667,12,0.6152932356785566,0.17761985762478527
2019-05-04,-1.4432868235294116,17,1.3201940512892525,0.3201940893986875
2019-05-05,-1.0991616904761905,42,1.2369719830225763,0.19086892078963538
2019-05-06,-1.0646757352941176,34,1.317448325816426,0.22594052387588404
2019-05-07,-1.865717411764706,17,0.8229382651701508,0.19959184650935805
2019-05-09,-1.2080065161290323,31,0.9314336591957179,0.16729042367775104
2019-05-10,-1.48750175,20,1.075641195161916,0.2405206831781162
2019-05-12,-2.1892185833333335,12,0.5476379298190065,0.1580894530997264
2019-05-13,-2.0230034999999997,8,1.0950352602821256,0.3871534290919335
2019-05-14,-1.2789313333333334,12,1.4216760400794124,0.410402522220145
2019-05-15,-1.2756335,18,2.0417510652066237,0.4812453412341535
2019-05-16,-1.703312972972973,37,1.7066720277228538,0.28057515302001784
2019-05-17,-1.785317238095238,42,1.8350800173823325,0.28315899413058776
2019-05-18,-0.180917,20,1.3327137647731375,0.29800385725823997
2019-05-19,-1.82066596875,32,1.9137689537194953,0.33830975119983475
2019-05-20,-2.61072348,25,0.8835540009858915,0.1767108001971783
2019-05-21,-0.9413251499999999,20,2.2754426689438114,0.5088044486661911
2019-05-23,-1.5292168888888888,18,2.1963939859346433,0.5176950272039123
2019-05-24,-0.47904500000000005,10,1.056616727165637,0.3341315471676121
2019-05-25,-2.998923851851852,27,1.9347485562176507,0.3723425332488335
2019-05-26,-3.3061212173913046,23,1.583419272115855,0.3301657417319174
2019-05-27,-2.079428192307692,26,1.7623940363282218,0.3456339069952752
2019-05-28,-3.0160894166666665,24,1.4593273259740605,0.2978839430280554
2019-05-29,-2.6617761904761905,21,0.9779766059969747,0.2134119916608162
2019-05-31,-2.854335,22,2.314639081923902,0.4934827103708683
2019-06-01,-3.2433943333333333,27,2.0396123351478606,0.39252357691336615
2019-06-02,-2.8421238399999997,25,2.2788174041112255,0.4557634808222451
2019-06-05,-2.980253307692308,26,2.2564667093689597,0.44252953010941637
2019-06-09,-2.3587545624999997,16,2.078795043996913,0.5196987609992283
2019-06-10,-4.517151928571429,14,1.6662481887685217,0.44532356026460285
2019-06-12,-2.885485216216216,37,2.9199400912626716,0.4800351939958958
2019-06-13,-3.613698,11,1.1168145587618385,0.33673225925630373
2019-06-14,-2.5454838499999997,20,2.459530690782979,0.5499677817337756
2019-06-15,-2.878422689655172,29,3.650330400965753,0.6778493382653088
2019-06-16,-1.9725464444444445,9,3.0078175129245754,1.0026058376415252
2019-06-17,-1.7208903125,16,1.4694011443992057,0.3673502860998014
2019-06-18,-3.7049504166666662,12,3.2827569606097433,0.9476503074460766
2019-06-19,-3.1256467142857143,14,2.154354700065479,0.5757755126593684
2019-06-20,-3.6364288333333334,12,1.9582187915160336,0.5652890732069829
2019-06-21,-1.4166638571428571,21,2.7309125584521796,0.5959339769244109
2019-06-22,1.5142613846153845,13,1.824645258901327,0.506065541577
2019-06-23,-2.29922075,8,3.6600258028898316,1.294014532270569
2019-06-24,-4.587418555555555,9,2.192627462311605,0.7308758207705349
2019-06-25,-3.6632260740740743,27,2.7115364340986563,0.5218354300481124
2019-06-26,-3.332972227272727,22,1.6106621215777461,0.34339431812722276
2019-06-28,-2.5227991,10,1.9233108217837656,0.6082042845286889
2019-06-29,-3.3835547999999998,10,2.725539302500732,0.8618912048208971
2019-06-30,-3.1793731000000003,20,2.5281748196419636,0.5653170755722701
2019-07-01,-3.959729105263158,19,1.8875018203773963,0.43302261530390157
2019-07-02,-2.6907844166666663,12,2.424898100463247,0.7000077855299339
2019-07-03,-3.2020646999999998,10,2.347819588159289,0.7424457433741845
2019-07-04,-4.2993115,18,1.842523257725099,0.43428689667711545
2019-07-05,-2.8309458695652174,23,2.4026274677423523,0.5009824586337299
2019-07-06,-3.9029884827586208,29,3.3921849174481573,0.6299129254046304
2019-07-07,-3.49778,10,0.9876112454126651,0.31231009782995417
2019-07-09,0.15441718181818176,11,2.784899738729594,0.8396788647386225
2019-07-10,-2.0529317272727274,22,2.8390579789737633,0.6052891948923179
2019-07-11,-3.5792898,10,0.9484384350380952,0.2999225675166027
2019-07-12,-2.416707344827586,29,2.4470170745166784,0.4543996631773947
2019-07-13,-2.6003339230769233,13,0.9916396103944436,0.2750313432352538
2019-07-15,-0.7360739000000001,10,3.424517251975313,1.082927440278274
2019-07-16,-2.52975165,20,2.0264215259333453,0.4531216283055813
2019-07-18,-2.258013388888889,18,2.0711469994606753,0.48817402938427146
2019-07-19,-2.6089952000000003,15,3.271954489823109,0.8448150165755658
2019-07-20,-1.8159740400000002,25,2.543894437837232,0.5087788875674464
2019-07-21,-4.024406869565217,23,1.6771352027052588,0.34970686408658036
2019-07-22,-2.430361111111111,27,2.1882467698643397,0.42112828721150186
2019-07-23,-2.3793233571428574,28,2.1332938275471642,0.4031546386513506
2019-07-24,-2.2982759230769227,13,1.2233612451088367,0.3392993613581062
2019-07-26,0.6219966153846154,13,2.2811823475408004,0.6326861479032054
2019-07-27,-2.070071064516129,31,2.469639706347128,0.4435603853557916
2019-07-29,-2.128671806451613,31,3.3830864245280368,0.6076202590600401
2019-07-30,-2.7076358095238096,21,1.3267607515777147,0.2895229320572085
2019-08-01,-2.4301018,10,1.3570664863845758,0.429142103325714
2019-08-02,-1.9209990000000001,20,1.822188696803611,0.4074537793884628
2019-08-03,-1.8838507,20,1.6473082614222865,0.36834932524372266
2019-08-05,-1.6031715625,16,2.26746201377887,0.5668655034447175
2019-08-06,-1.43677195,20,1.3650073942237542,0.3052249323274168
2019-08-07,-1.656072724137931,29,2.19058844558159,0.4067820622090157
2019-08-08,-2.9537881249999995,24,1.8910474039133036,0.38600843491686626
2019-08-09,-2.2401663043478264,23,2.047226751753886,0.42687628658393
2019-08-10,-2.398567357142857,14,1.23563981950278,0.3302386327167569
2019-08-11,-2.5111297777777777,18,2.5152795066450913,0.5928570652427659
2019-08-12,-2.499830875,8,2.025518087848457,0.7161287876668264
2019-08-13,-1.1416848666666666,15,2.632317060863323,0.6796613425774203
2019-08-14,-2.656460153846154,13,1.713002128011222,0.47510130827103
2019-08-16,-2.9249110000000003,19,1.8448144119578653,0.42322945217430247
2019-08-18,-2.2890367142857144,28,3.7507130046519093,0.708818132106057
2019-08-19,-1.9164328999999998,10,2.798453254348847,0.8849486209252858
2019-08-20,-2.6899160714285713,14,1.7387220575384343,0.4646930164382478
2019-08-21,-3.4209907916666666,24,2.047017612448688,0.4178457204157977
2019-08-22,-3.3810714,15,1.5752438032902718,0.40672620109064367
2019-08-26,0.4087432000000001,10,2.07454281161967,0.656028038824778
2019-08-27,-0.7593079583333333,24,2.5737330251425687,0.5253610538124202
2019-08-28,-2.1540394814814814,27,2.2977943117616975,0.4422107214793356
2019-08-29,-2.1305315333333334,30,2.5975085744852366,0.47423801318621733
2019-08-30,-2.8835371600000004,25,2.432665906431935,0.486533181286387
2019-08-31,-2.9399054444444443,9,1.9537602661745703,0.6512534220581901
2019-09-01,-0.861922375,16,2.093087842056416,0.523271960514104
2019-09-02,-0.5882306153846154,26,2.835972804453542,0.5561800257664257
2019-09-03,-0.6917847692307693,13,3.179966371133511,0.8819639850286942
2019-09-04,-2.8782876875,16,3.0538356329647627,0.7634589082411907
2019-09-06,-1.5092493225806451,31,2.88607582588346,0.5183545203799726
2019-09-07,-1.554343027027027,37,2.626565936611788,0.4318047800697252
2019-09-08,-0.11681640000000001,25,2.4512255265408736,0.4902451053081747
2019-09-09,-1.3750152142857144,14,2.809189193939971,0.7507873927393591
2019-09-10,-3.148126642857143,14,3.5450556627181817,0.947455979066734
2019-09-11,-2.040026111111111,27,3.1939063660238203,0.614667566730104
2019-09-12,-0.10681970000000005,10,1.47781201687856,0.4673251926903446
2019-09-13,-0.09651055555555552,9,1.5395695059887773,0.5131898353295924
2019-09-18,-1.1416695,8,2.291229012204086,0.810071785890432
2019-09-19,-4.257510571428571,14,2.5683433493266468,0.6864186331985552
2019-09-20,0.08987800000000001,8,1.7635464504403782,0.6235078270219285
2019-09-22,-1.04009359375,32,1.9737339707816275,0.34891016874948494
2019-09-23,-3.4563905333333333,15,1.3628319442098638,0.3518816949069518
2019-09-25,-1.427950625,32,2.7293200810641434,0.4824801843372683
2019-09-26,-2.906623818181818,11,1.078133325641019,0.32506942864811955
2019-09-27,-1.3672127391304347,23,2.2625787088363505,0.47178027373102444
2019-09-28,-2.0142685238095237,21,2.193209401752296,0.478597528496129
2019-09-29,-1.3218593214285712,28,1.7753853963574187,0.33551630286125483
2019-10-01,-1.5380641162790698,43,2.2827602808194234,0.34811767923701725
2019-10-02,0.2807111842105264,38,7.803833195979223,1.2659489113191702
2019-10-03,-1.6690544090909092,22,2.3069573414746065,0.49184495780422066
2019-10-06,-0.7300263,30,1.6568588833609454,0.3024996616732036
2019-10-07,-2.522249705882353,17,0.934145541684737,0.22656357282741152
2019-10-13,-0.587268409090909,22,2.370075106483551,0.5053017105188927
2019-10-14,-0.691964,33,1.4094075300273339,0.2453463591134681
2019-10-15,0.009125181818181853,22,1.400086477990918,0.2984994400674673
2019-10-16,-1.7743230869565216,23,1.5329338173903042,0.31963879672141415
2019-10-19,-0.5356951999999999,15,1.2060713873653819,0.3114062931735599
2019-10-20,-1.5694971111111111,9,2.439144711976231,0.8130482373254103
2019-10-21,-0.146016,18,1.2329248028111615,0.29060316292028643
2019-10-23,-0.39892332,25,1.1118377516349047,0.22236755032698094
2019-10-24,-1.33161453125,32,1.1769832117060148,0.20806320258501124
2019-10-27,-0.7302344146341463,41,1.1000005012653626,0.17179121636196407
2019-10-28,-0.25431956666666666,30,0.4484785493395445,0.08188060601015405
2019-10-29,-0.3613026315789474,38,0.7032629425974565,0.11408431397676128
2019-10-30,-0.16164173913043478,46,0.3380144004610477,0.049837504412501635
2019-10-31,-0.29146485714285714,21,0.4392138190647336,0.09584431295879905
2019-11-01,-0.43456344,25,0.5272534751079629,0.10545069502159259
2019-11-02,-0.4433257209302326,43,0.45256699157827013,0.06901581919541414
2019-11-04,-0.7650046111111111,18,2.0408854527050737,0.4810413144109116
2019-11-05,-0.7234391794871795,39,0.8249066593831555,0.13209078042854655
2019-11-06,-0.7310945675675676,37,0.39509553500166544,0.06495330584314214
2019-11-07,-0.4404135,30,0.6540929593568406,0.11942048951501714
2019-11-09,-0.3992872647058824,34,0.8155679303255702,0.1398687461384395
2019-11-10,-0.5100437291666667,48,0.3693523255812047,0.05331141615003071
2019-11-11,-0.9522127659574467,47,0.35526338309872074,0.05182049035520816
2019-11-19,-0.701611,10,1.5181674814209398,0.4800867110891531
2019-11-20,0.12415166666666666,12,2.1435417256076374,0.6187871961493823
2019-11-21,-0.5595265277777778,36,0.9317025762331327,0.1552837627055221
2019-11-22,0.03802084615384615,13,0.22091611282484808,0.06127110556662904
2019-11-23,-0.03874963333333333,30,0.3573685628224137,0.06524627440034601
2019-11-24,-0.15650106896551724,29,0.5144883379155818,0.0955380858973833
2019-11-25,-0.3967781111111111,9,1.9235255801192537,0.6411751933730846
2019-11-26,-0.5085191162790698,43,0.44614792455429536,0.06803692065138882
2019-11-27,-0.2458253181818182,44,0.7107472587000698,0.10714918081280883
2019-11-28,-0.8732724722222222,36,0.8938119995034585,0.14896866658390975
2019-11-29,-1.0721467714285715,35,0.7979715241398797,0.1348818057558037
2019-11-30,-1.483201294117647,17,0.8163452505968113,0.1979928055989395
2019-12-01,-0.27267794594594597,37,0.6064061389996782,0.09969255514729883
2019-12-03,-0.026897805555555557,36,0.21059211203689732,0.035098685339482884
2019-12-04,-0.23002932432432432,37,0.5844576594118903,0.09608424733017419
2019-12-05,-0.5592599090909091,22,0.5983650652304009,0.12757186054929304
2019-12-06,-0.4380359545454546,22,0.3111585227371254,0.06633921994770864
2019-12-08,-0.1322495277777778,36,0.28984933845553884,0.04830822307592314
2019-12-09,-0.3757906578947368,38,0.7299544563677216,0.118414249272705
2019-12-10,-0.366028,24,0.7326371783071252,0.14954893778707612
2019-12-17,-0.743313,15,0.517989044277138,0.1337441961335501
2019-12-19,-0.6054972631578948,19,0.7056203761294693,0.161880416423764
2019-12-20,-0.5487313333333333,9,0.9689681936647868,0.32298939788826225
2019-12-23,-0.29837219354838707,31,0.5895268587355129,0.10588214951608767
2019-12-24,-0.5843298888888889,9,0.5218864410500249,0.17396214701667498
2019-12-25,-1.0487155,24,0.4839918987490345,0.09879443263132621
2019-12-26,0.09197963636363639,11,0.5128088255818679,0.15461767851253286
2019-12-27,0.037096399999999995,10,1.3118329204296304,0.4148379938148063
2019-12-31,-0.31669557575757573,33,0.4607736939746038,0.08021040457314708
2020-01-07,-0.41897425,44,0.34644750980824124,0.05222892725395038
2020-01-08,-1.129233,10,0.6750055975848562,0.21345551217311975
2020-01-09,-0.18090692857142857,14,0.21593623178203625,0.057711385479956134
2020-01-10,-0.5225012285714286,35,0.27505925593781394,0.046493500091660686
2020-01-11,-0.82342244,25,0.712484253661036,0.1424968507322072
2020-01-12,-1.257367789473684,19,0.4082597808654271,0.09366121723707667
2020-01-14,-0.5003027272727273,11,0.6055865267165528,0.1825912079284856
2020-01-15,-0.5225366785714286,28,0.49368789420810555,0.09329824238270086
2020-01-16,-0.7527543846153846,26,0.3713090602948521,0.07281969784681734
2020-01-19,-0.6889570882352941,34,0.2661852068708379,0.04565038636421472
2020-01-20,0.19675874999999998,8,0.5186390069247863,0.18336657939218656
2020-01-22,-0.14681241666666667,12,0.5733288695958746,0.16550578859768103
2020-01-23,-0.5420514411764706,34,0.24350131175717743,0.04176013044670088
2020-01-24,-0.05526475757575757,33,0.23040319360905545,0.040108047868171195
2020-01-25,-0.2949313076923077,39,0.19710582627242254,0.03156219206522926
2020-01-26,-0.27319499999999997,32,0.2603534270473318,0.046024418442581344
2020-01-27,-0.30043964516129035,31,0.33576529059215837,0.06030522642691245
2020-01-28,-0.6529931600000001,25,0.5085753562914481,0.10171507125828963
2020-02-01,0.008959533333333335,15,0.11808677570260818,0.030489874380235475
2020-02-02,-0.11512602941176471,34,0.4353248218348508,0.07465759102209164
2020-02-03,-0.42722717948717953,39,0.3481659770476895,0.055751175122390854
2020-02-04,-0.569982375,24,0.5355451136851784,0.10931768856412465
2020-02-05,-0.024730099999999998,10,0.6432471558747763,0.20341261109896525
2020-02-06,-0.43824685714285716,21,0.6077755274283659,0.13262749333248555
2020-02-07,-0.2635822352941176,34,0.3573951583000343,0.061292763985238856
2020-02-09,-0.4789741739130435,23,0.33398917481336704,0.06964155708761514
2020-02-10,-0.0874876842105263,19,0.2979499187990143,0.06835439927795015
2020-02-11,-0.16036761111111109,18,0.30992896704741096,0.07305095809512212
2020-02-12,-0.7179075652173913,23,0.524756252978018,0.10941924261249752
2020-02-13,-0.7188211499999999,20,0.4860363522329617,0.1086810323128934
2020-02-15,-0.2799431851851852,27,0.350191251935835,0.0673943378576688
2020-02-16,-0.67984725,20,0.4007016322804255,0.08959960884741554
2020-02-17,-0.47839776923076927,13,0.22365451079777557,0.06203060051309187
2020-02-18,-0.6959737714285714,35,0.3597315358164037,0.06080572761105147
2020-02-19,-0.6513368620689655,29,0.5570257983283515,0.10343709399392553
2020-02-21,0.0799275,12,0.18917038810481748,0.05460878724751118
2020-02-23,-0.1393890303030303,33,0.1894455963803469,0.032978245349020024
2020-02-24,-0.25274463636363637,22,0.42728793513837227,0.09109809386161057
2020-02-25,-0.2816311212121212,33,0.520880495820524,0.09067365574547848
2020-02-26,-0.442904025,40,0.2932191909146474,0.04636202484810182
2020-02-27,-0.33601477777777783,27,0.2911481651115028,0.056031490500397255
2020-02-28,-0.3297049411764706,17,0.5072581706241249,0.12302817746710898
2020-03-01,-0.1491442105263158,19,0.28471518821575187,0.06531814384861183
2020-03-02,-0.28473505263157894,19,0.24720218445355246,0.05671207056081771
2020-03-03,-0.20949308571428574,35,0.17272015387638082,0.029195034585197465
2020-03-04,-0.20276571428571427,14,0.29610742651519323,0.07913803854994249
2020-03-05,-0.16306612,25,0.3345209093354405,0.0669041818670881
2020-03-09,-0.3284056585365854,41,0.2408022785698476,0.037606997715601165
2020-03-10,-0.316091,8,0.478987131199934,0.16934752428628191
2020-03-12,-0.3135161875,16,0.29415749827152543,0.07353937456788136
2020-03-13,-0.556284358974359,39,0.2484650129436301,0.039786243807820566
2020-03-14,-0.40799205714285713,35,0.19755796926858216,0.03339339165657355
2020-03-15,-0.6189872727272727,11,0.3808672427846981,0.11483579447763986
2020-03-16,-0.24754333333333334,21,0.2539490615793516,0.05541622844525622
2020-03-17,-0.21978488235294116,34,0.48609629926226616,0.0833648275664882
2020-03-18,-1.017656230769231,13,1.100965378546116,0.30535285575835713
2020-03-19,-0.2975522857142857,21,0.1895352352899436,0.0413599791703539
2020-03-20,-0.28055091176470587,34,0.28478902528813804,0.04884091490102984
2020-03-23,-0.18439375,24,0.43285538389841915,0.08835623524730439
2020-03-25,-0.44505236666666664,30,0.35609722950238565,0.06501416175451692
2020-03-26,-0.09006563157894737,19,0.4094315020954476,0.09393002852295355
2020-03-27,-0.6052991000000001,10,1.0379745166556569,0.3282363625844255
2020-03-28,-0.22545392857142857,28,0.6274776129853339,0.11858212265854477
2020-03-29,0.08976179545454545,44,0.18839957835058474,0.028402305093184265
2020-03-30,-0.3319770416666667,24,0.4760092277909417,0.09716497674533775
2020-03-31,-0.6394151874999999,16,0.713533199438047,0.17838329985951176
2020-04-01,-0.6239675333333333,15,0.42479152743835363,0.10968070075858363
2020-04-03,-1.03258144,25,0.3193002108613304,0.06386004217226608
2020-04-04,-1.0314082857142859,35,0.4900977736270092,0.08284164372276803
2020-04-05,-0.18743088888888887,9,0.5122347607197417,0.17074492023991392
2020-04-06,-0.4149569285714286,14,0.9544495195398045,0.2550873639349249
2020-04-07,-0.4776829130434783,23,0.4134691656100426,0.08621428079784564
2020-04-08,-0.7744940357142857,28,0.3919604877708865,0.07407356960038138
2020-04-09,-0.7912081951219512,41,0.38524252300175915,0.060164774056642584
2020-04-10,-0.6184581538461539,26,0.3636905697973147,0.07132558893485333
2020-04-11,-0.6720241351351351,37,0.5968629343566131,0.09812366196833114
2020-04-12,-0.7273884749999999,40,0.38694296677066164,0.06118105497890694
2020-04-13,-0.8361526808510639,47,0.4066652450854339,0.059318222516876025
2020-04-14,-0.9474954893617021,47,0.50705817611694,0.07396203654823538
2020-04-15,-0.9049176976744187,43,0.5111440953348596,0.07794874377251867
2020-04-16,-0.7920435128205128,39,0.4420210719310772,0.07078001819126901
2020-04-17,-0.5581177,20,0.4398500103988919,0.09835345231559116
2020-04-18,-0.50285064,25,0.42202443903521747,0.0844048878070435
2020-04-19,-0.7915568000000001,35,0.6418853685308524,0.10849843005236635
2020-04-20,-0.4070232368421053,38,0.587926892806499,0.09537433607206376
2020-04-21,-0.8285390312500001,32,0.5305256150618982,0.09378456500085805
2020-04-22,-1.1800243750000001,24,0.7989448050782119,0.16308392542408215
2020-04-23,-0.355821,9,0.30260191582052154,0.10086730527350718
2020-04-24,-0.838573347826087,23,0.6406570602745993,0.13358623153468613
2020-04-25,-0.8434710740740741,27,0.6945248495964664,0.1336613696244681
2020-04-27,-0.6435453529411764,17,0.7701398649336317,0.18678635350707543
2020-04-28,-1.1470354999999999,14,1.2884919529240824,0.3443639595326553
2020-04-29,-0.7553600303030302,33,0.6990343648668357,0.12168626366849877
2020-04-30,-1.0226156,20,0.7256965571359626,0.16227068327935723
2020-05-02,-0.8515941891891892,37,1.0957442396296186,0.18013924334078807
2020-05-03,-1.3238263846153846,39,1.2569639690836223,0.20127531976887506
2020-05-04,-0.9460003333333334,15,1.257973449073473,0.3248073478821777
2020-05-05,-1.2049053333333333,30,1.04939722964065,0.1915928448192043
2020-05-06,-0.826644825,40,1.1245978730455202,0.17781453653023618
2020-05-07,-0.7401407826086956,46,1.164953515963599,0.17176302522319822
2020-05-08,-0.8580412500000001,44,1.0575353568447265,0.15942945369038927
2020-05-09,-0.8203130606060606,33,0.92741352731272,0.16144197293620385
2020-05-10,-0.6272348936170212,47,0.8924331478037331,0.1301747535168308
2020-05-11,-0.7693516046511628,43,1.0760302895453078,0.1640930807902381
2020-05-12,-0.9671878620689656,29,0.8533352616771577,0.15846037999554285
2020-05-14,-0.32117760000000006,25,0.9964364553170632,0.19928729106341264
2020-05-15,-1.0175226756756757,37,0.9949860505163168,0.16357469908783956
2020-05-16,-1.5602255454545455,11,1.297356046878062,0.3911675660902966
2020-05-17,-1.2272334999999999,34,1.3316315891850834,0.22837293347631235
2020-05-18,-0.9263926944444444,36,1.3794940636890203,0.2299156772815034
2020-05-19,-0.6306057368421052,19,1.4298474227467552,0.32802949581237817
2020-05-25,-2.3171456428571426,14,0.5025870796263311,0.13432204707007178
2020-05-27,-1.4247027894736841,19,0.8181013314687571,0.1876853173393886
2020-05-28,-2.0907682999999997,10,1.7633916101870313,0.5576333895022796
2020-05-29,-1.2094466842105263,19,1.3238215742096,0.3037054979609777
2020-05-30,-1.6384325263157895,38,1.7476068063204162,0.28349925969909123
2020-05-31,-2.1873747999999997,10,0.2677376186475609,0.08466606902358627
2020-06-02,-1.6203894583333334,24,1.495876243607884,0.3053444595992119
2020-06-03,-2.3015493214285714,28,1.7611169078056803,0.33281981198320687
2020-06-04,-2.4556668095238097,21,0.6081441481702031,0.1327079329730665
2020-06-05,-2.2834512608695654,23,1.8523239859722467,0.38623625057886823
2020-06-06,-1.9723826923076924,13,2.2354625551848843,0.6200057590076038
2020-06-07,-0.605628625,16,1.5322235049045063,0.3830558762261266
2020-06-09,-1.8684444666666666,15,1.7697087065596768,0.4569368232095931
2020-06-10,-1.40833,16,2.990152765943952,0.747538191485988
2020-06-11,-2.005788073170732,41,2.58362569573985,0.4034945442157595
2020-06-12,-2.3604399714285713,35,2.067756124553184,0.3495145772814144
2020-06-13,-0.4956058823529412,17,1.435382955632132,0.34813150231073814
2020-06-14,-0.05201876923076919,13,1.2275054881568523,0.34044876757407583
2020-06-23,-2.2952722727272725,11,2.117078827306347,0.6383232837982518
2020-06-24,-3.33312228,25,1.3739346792693456,0.27478693585386915
2020-06-26,-2.62703303125,32,2.68510543600991,0.47466406550086715
2020-06-27,-2.462574214285714,14,1.6017002829261533,0.42807240678632524
2020-06-28,-0.3329404615384615,13,2.745040040584825,0.7613371245792567
2020-06-29,-0.7907522,10,4.461507767795616,1.4108526344767767
2020-06-30,-0.5939461538461539,13,2.9891362419804723,0.829037229985256
2020-07-01,-3.080323583333333,12,1.6251040602809776,0.46912713333218814
2020-07-02,-0.3298499090909091,11,2.1894099552939124,0.6601319394526088
2020-07-03,-1.7011666666666665,15,1.8247191117914037,0.4711404487649664
2020-07-04,-2.078435529411765,17,1.136498012520596,0.2756412558192329
2020-07-05,-0.6058025454545455,11,1.6727012492852609,0.504338402748904
2020-07-06,-2.3724484117647058,17,2.5844310041297547,0.6268165889498877
2020-07-07,-2.2918083125,16,0.7638666923489306,0.19096667308723264
2020-07-09,-3.3830787333333334,15,1.6319525434076314,0.4213683348279062
2020-07-10,-2.974315433333333,30,2.1570713386843985,0.393825543448437
2020-07-11,-2.894758346153846,26,1.5298868417867495,0.30003549460997975
2020-07-12,-2.3318525714285716,21,1.7186068738851994,0.3750307661643025
2020-07-14,-2.312970105263158,19,1.8261396201820232,0.41894516111416774
2020-07-15,-2.7244076428571424,14,2.44510516452765,0.6534818428781425
2020-07-16,-2.6988671818181817,11,1.6848451165100498,0.5079999164842239
2020-07-18,-1.5283674999999999,24,2.545455637086832,0.5195889561461513
2020-07-19,-1.6966441142857143,35,2.9672756986560302,0.5015611363343351
2020-07-21,-1.7462779166666664,12,2.927692683252911,0.845152079390283
2020-07-22,-2.362769138888889,36,3.266098672675908,0.544349778779318
2020-07-25,-2.677682,15,2.324765339988072,0.6002518297076017
2020-07-26,-3.3017809999999996,28,2.357186306147382,0.4454663399937811
2020-07-27,-2.7837228620689656,29,2.625919073703974,0.4876209304170303
2020-07-28,-3.8995779523809526,21,1.1272892238369208,0.24599467611146222
2020-07-29,-4.233164863636364,22,1.655138408092156,0.35287669427293233
2020-07-30,-3.4963729999999997,20,1.8939443648032814,0.4234988345302797
2020-07-31,-3.004932,14,1.1942203306477668,0.31916880868598824
2020-08-01,-1.3055274117647058,34,3.246819728699241,0.5568249896847042
2020-08-02,-4.1578491363636365,22,2.203549448674533,0.4697983209824208
2020-08-03,-4.2325473,20,1.3268007479297952,0.2966816664968585
2020-08-04,-3.6958110666666664,15,1.3324927730908533,0.34404815460817423
2020-08-05,-3.7826696363636363,11,0.8526905230986528,0.2570958661281914
2020-08-08,-2.456554761904762,21,2.6849643363457902,0.5859072528362598
2020-08-09,0.937127,8,1.6477980254250129,0.5825845789019147
2020-08-10,-3.452084875,24,2.0262354732449106,0.4136035840147356
2020-08-11,-3.40810588,25,2.3955423919809955,0.4791084783961991
2020-08-12,-1.2568006363636364,11,3.302687647296525,0.995797793256746
2020-08-13,-0.46038836000000005,25,2.483888869964561,0.49677777399291223
2020-08-14,-0.005383374999999996,8,3.0991199306468062,1.0957043593353697
2020-08-15,-3.0566715185185185,27,2.895179816328584,0.5571776154365597
2020-08-16,-3.4253615454545456,22,2.424442476051227,0.5168928726570915
2020-08-17,-3.2957163124999997,32,2.8642294602955487,0.5063290185623169
2020-08-19,-3.8713059285714286,14,2.248189498401854,0.60085391739735
2020-08-20,-3.40449025,8,2.072943861529971,0.732896330753435
2020-08-21,-2.4564318095238096,21,2.9078133955836925,0.6345369043842305
2020-08-22,-2.4682468461538463,13,4.124083124088873,1.143814859090627
2020-08-23,-4.744020285714286,14,1.5976696530220527,0.426995175632466
2020-08-24,-2.1070832903225805,31,3.3278860632738034,0.5977059815049864
2020-08-25,-0.4935407692307693,13,3.370091316690201,0.9346951573324978
2020-08-26,-0.953606090909091,22,3.314487751653437,0.7066511630044093
2020-08-27,-4.378196904761905,21,3.024363011706546,0.6599701157223744
2020-08-28,-1.6097495357142857,28,2.8893227056883006,0.5460306669045365
2020-08-29,-2.664520810810811,37,2.998094634867738,0.4928837218178811
2020-08-31,-4.093818529411765,17,2.21524691261838,0.5372762945617057
2020-09-02,-2.4796019032258068,31,3.005020698736903,0.5397176501933516
2020-09-03,-2.338799535714286,28,3.277313520866358,0.619354038900134
2020-09-04,-4.337387684210526,19,1.731282767458506,0.39718350663395025
2020-09-05,-4.752474470588235,17,0.8393930398990035,0.20358271558305238
2020-09-06,-1.64401588,25,3.117625544353471,0.6235251088706942
2020-09-07,-1.4735998333333333,42,2.548748324882799,0.39328040473968606
2020-09-08,-2.3761981071428573,28,2.7563715146208447,0.5209052534706565
2020-09-09,-3.2133101818181817,11,1.2482443840964657,0.37635984261056776
2020-09-10,-2.9263607272727272,11,1.008476733455075,0.3040671758794306
2020-09-12,-1.6036796,15,1.6610780576495148,0.4288885102684756
2020-09-13,-2.332024035714286,28,3.395860205602093,0.6417572565117006
2020-09-14,-0.7725141111111111,9,3.2963508983319896,1.09878363277733
2020-09-15,-3.1549041666666664,18,1.6506678576678218,0.38906614521452926
2020-09-16,-1.8232755142857144,35,2.1414148521046212,0.3619651746790115
2020-09-17,-3.5615764666666667,15,1.139166719211702,0.2941315821373775
2020-09-22,-2.575547625,8,2.031801049457911,0.7183501500468162
2020-09-23,-0.47836912499999995,24,2.597719643934796,0.5302573018703877
2020-09-24,-0.9320765000000001,18,1.8346015207806667,0.4324197253730541
2020-10-05,-0.5928349090909091,11,1.4879542315215517,0.44863508101623606
2020-10-06,-0.4561643181818182,22,1.2112870148557409,0.2582472592794929
2020-10-07,-0.5740909,40,1.3588718063161487,0.21485649780731048
2020-10-09,-0.11199839130434784,23,1.2026586011986768,0.25077165353964326
2020-10-10,-0.8178024285714286,35,1.3777952404485023,0.23288990192195025
2020-10-11,0.17263222222222221,9,0.4002912887416418,0.13343042958054727
2020-10-13,-0.41039427272727275,11,1.078157393425755,0.32507668535825623
2020-10-15,-0.5424706428571429,42,0.9149820202997946,0.1411847908873411
2020-10-16,-0.5304627058823529,34,0.8939764230923891,0.1533156917111056
2020-10-18,0.0519022380952381,42,0.2875142577583452,0.04436441313397704
2020-10-19,-0.02199434375,32,0.22895570619841193,0.04047403311106298
2020-10-20,-0.20309699999999997,9,1.029044372994673,0.34301479099822435
2020-10-21,0.019279590909090913,22,0.2578794801385697,0.054980089898955475
2020-10-22,-0.03440835294117644,17,2.543548089723879,0.6169010257511517
2020-10-23,0.03858592682926829,41,0.24641689832399788,0.0384838540041809
2020-10-24,-0.14985755555555558,36,0.36660158591025094,0.061100264318375154
2020-10-25,0.0013710344827586195,29,0.6993674700614162,0.1298692788630839
2020-10-26,0.2267114722222222,36,0.23501561315519762,0.0391692688591996
2020-10-28,0.08235051851851852,27,0.21085774144165215,0.04057959126068479
2020-10-29,-0.16137786363636364,22,0.38515588144632407,0.08211550983293285
2020-11-10,-0.24830192307692306,13,0.10779229962096978,0.029896204875660318
2020-11-11,-0.237126,8,0.21650341593280098,0.07654551677806759
2020-11-12,-0.24183053846153846,39,0.24683858897133634,0.03952580753983283
2020-11-13,-0.211588,8,0.1643420130085861,0.05810367591610952
2020-11-15,-0.6530676571428572,35,0.5235649605783492,0.08849863081191198
2020-11-16,-0.6833838717948718,39,0.4742571249964561,0.07594191785459095
2020-11-17,-0.525321925925926,27,0.5958346218436872,0.11466842643798389
2020-11-19,-0.56274435,20,0.7769280781013385,0.17372639962628583
2020-11-20,-0.4845282941176471,17,0.1963310931757769,0.04761728439745358
2020-11-21,-0.11305180000000001,10,0.12400881265978192,0.0392150297938034
2020-11-22,-1.0555894375000001,16,1.7751892929658317,0.44379732324145793
2020-11-23,-0.7735476666666666,21,0.6603379537222083,0.14409755510401268
2020-11-24,-0.8057794545454545,11,0.6763999203737924,0.2039422494641944
2020-11-25,-0.23508335714285714,14,0.2569247070766085,0.06866601629128025
2020-11-26,-0.33486444444444446,18,0.42630019006387593,0.10047991840509359
2020-11-27,-0.3523363870967742,31,0.43861812869128547,0.07877814147801715
2020-11-29,-0.5134810256410257,39,0.40065157763865283,0.064155597446373
2020-11-30,-0.5448480833333333,12,0.24539061125977696,0.07083816773371952
2020-12-02,-0.372876,30,0.5040734418727576,0.09203079825099282
2020-12-03,-0.3713578636363636,44,0.32636328777546175,0.04920111685899954
2020-12-04,-0.6199941,30,0.5398051098386853,0.09855447843840061
2020-12-05,-0.44043427272727276,11,0.6554736495510847,0.19763274141144138
2020-12-06,-0.3781904166666667,36,0.2421085587651451,0.040351426460857515
2020-12-07,-0.7165556666666667,9,0.41916507467285485,0.1397216915576183
2020-12-08,-0.30962887499999997,16,0.22925637362942972,0.05731409340735743
2020-12-09,-0.7726376,10,0.5214415419376046,0.164894293915304
2020-12-10,-0.47783138461538466,26,0.33878752705766213,0.06644170043957165
2020-12-11,-0.612417243902439,41,0.30143362776835136,0.04707602360831322
2020-12-12,-0.51440575,40,0.2875695685810385,0.04546874112340383
2020-12-13,-0.1902544827586207,29,0.28672586927270305,0.05324365725870376
2020-12-14,-1.0712240882352941,34,0.4263446875322735,0.07311751069480993
2020-12-18,-0.17773725,8,0.3449862453787107,0.12197105676168628
2020-12-21,-0.442571,9,0.36502269243671687,0.12167423081223895
2020-12-23,-0.3937505625,16,0.4709006890375038,0.11772517225937595
2020-12-24,-0.9778239411764706,17,0.2895070496433271,0.070215773237669
2020-12-25,-0.5471659166666666,12,0.32833573625412427,0.0947823628554463
2020-12-26,-0.5953022727272728,22,0.278111071482015,0.05929347966639198
2020-12-27,-0.23786168750000003,16,0.41055839548071094,0.10263959887017773
2020-12-28,-0.8079698666666667,15,0.4884283955824709,0.12611166946038121
2021-01-01,-0.2763431111111111,9,0.3884133216589142,0.12947110721963806
2021-01-04,-0.071778875,16,0.19738328336340102,0.049345820840850256
2021-01-05,-0.539838090909091,11,0.4958487166764586,0.14950401327227758
2021-01-06,-0.8670016,10,0.8441139397016917,0.2669322654155378
2021-01-07,-0.46049737500000004,8,0.7732541407844304,0.27338662326462404
2021-01-08,-0.03402169999999998,10,0.9610636482423524,0.3039150104836712
2021-01-09,-0.4963848421052632,19,0.16355787792714005,0.037522750594966583
2021-01-10,-0.13352814285714285,14,0.21980449233732763,0.05874522160000415
2021-01-11,-0.17379405263157896,19,0.3308071319081178,0.07589236093631656
2021-01-12,0.12254372727272726,11,0.06712479405419566,0.020238886909786008
2021-01-13,0.23578862500000003,8,0.9545350724030054,0.33747911128827857
2021-01-15,-0.13207983870967743,31,0.49903171012499115,0.08962874101793702
2021-01-16,-0.5638454444444444,27,0.23474401649117757,0.04517650703727844
2021-01-17,-0.39530775,20,0.2582099104592139,0.05773749122509361
2021-01-18,-0.7824491764705882,17,0.22735984336405893,0.055142861718464796
2021-01-19,-0.7820539,20,0.514131150239017,0.11496322012845993
2021-01-21,-0.9907913181818181,22,0.8367486550706329,0.1783954126706525
2021-01-22,-0.4546467272727273,11,0.5426016296566185,0.16360054692785278
2021-01-24,-0.6430996315789473,19,0.535474555113625,0.12284628803040483
2021-01-27,-0.13410175,12,0.7276737222033619,0.210061309698164
2021-01-28,-1.272901875,16,1.3390156951352425,0.33475392378381064
2021-01-29,-1.3359634705882353,17,0.4291584242267239,0.10408620665943623
2021-01-30,-1.472048923076923,13,0.6821310939391173,0.18918912582967928
2021-01-31,-0.6626071764705882,17,0.5888311101109803,0.1428125213316044
2021-02-01,-0.7473139393939394,33,0.37916573547089366,0.06600428244949136
2021-02-04,-0.828215875,24,0.45250255275891155,0.09236669679717982
2021-02-05,-1.1036253255813953,43,0.343168457003382,0.052332699076261674
2021-02-06,-1.1693276923076923,13,0.5463225015656022,0.15152259941034882
2021-02-09,-0.47494377777777774,18,0.24929790657778367,0.05876008009225375
2021-02-10,-0.8541424000000001,15,0.6537395272437093,0.16879482011815974
2021-02-11,-1.038264380952381,21,0.6870648714404977,0.14992984670100873
2021-02-12,-1.0922102666666667,15,0.46581853656845923,0.12027382896562354
2021-02-13,-1.34604185,20,0.48591699728064613,0.10865434373421051
2021-02-14,-1.4054262777777777,18,0.4895258066568462,0.11538233915095691
2021-02-16,-0.3510564166666667,12,0.5316829025131528,0.15348363344474517
2021-02-18,-0.04047372727272727,11,0.6844917807204248,0.20638203715744302
2021-02-19,-0.7488151875,16,0.623496333750164,0.155874083437541
2021-02-22,0.03864617391304348,23,0.14676741621498596,0.030603121794738612
2021-02-23,-0.11034305128205127,39,0.22603285788271774,0.036194224232047226
2021-02-24,-0.2729330285714286,35,0.3113681630380274,0.052630825555718255
2021-02-25,-0.16692868421052634,19,0.3221671976201958,0.07391022407105952
2021-02-27,-0.3760828666666667,30,0.3992471054514496,0.07289221522480091
2021-02-28,-0.7704922093023256,43,0.5198093388693478,0.07927018102311197
2021-03-02,-0.04860975,20,0.23597190554338524,0.05276492215751688
2021-03-03,-0.4502016,30,0.4703624316676633,0.08587603800912048
2021-03-04,-0.49108929999999995,10,0.5551942725417133,0.17556784451120944
2021-03-05,-0.40232312,25,0.5289825086877732,0.10579650173755464
2021-03-06,-0.35745473333333333,15,0.513786054087061,0.13265898873285403
2021-03-07,-0.18286066666666667,12,0.3344191667732777,0.09653849797936112
2021-03-08,-0.54474703125,32,0.4779562027962249,0.08449151802684583
2021-03-10,-0.5500955853658537,41,0.7821655709425267,0.12215373963384378
2021-03-11,-0.3913895172413793,29,0.41568143468815333,0.07719010458833873
2021-03-12,-0.7227655,12,0.34773634334716086,0.10038283571924973
2021-03-13,-0.33156300000000005,33,0.4476096456755037,0.07791883790235214
2021-03-14,-1.2075352926829268,41,0.9245397357191644,0.14438884854275955
2021-03-15,-1.1410299375,16,0.51683363707786,0.129208409269465
2021-03-16,-0.4610914210526316,19,0.5418996917827664,0.12432031547457457
2021-03-17,-0.8561033529411765,34,0.7962453591377199,0.13655495251840777
2021-03-18,-0.9332432962962963,27,0.7712813253230884,0.14843316026540546
2021-03-22,-1.1446198333333333,30,1.1440811240498243,0.20887967975265165
2021-03-23,-1.3776980357142856,28,0.8901393664522211,0.16822052827294057
2021-03-24,-0.32644729411764706,17,0.32307976490774787,0.07835835271849215
2021-03-25,-1.5019795666666667,30,1.0509368422891725,0.19187393834500965
2021-03-27,-0.3135146470588235,17,0.3820106123118411,0.09265118262756465
2021-03-28,-0.7820331818181818,33,0.4569317212639964,0.07954160296943878
2021-03-29,0.7220893333333334,9,0.6942472456799882,0.23141574855999605
2021-03-30,-0.6413014418604651,43,0.596659693565065,0.09098975024376242
2021-03-31,-1.366598925,40,0.736335919220833,0.11642493138657942
2021-04-03,-0.6460563548387097,31,0.663776274936847,0.11921773833823998
2021-04-04,-1.0263157692307692,13,0.38465846053288044,0.10668506176864168
2021-04-05,0.16397663636363635,11,1.1139924182144394,0.33588135186527
2021-04-06,-0.5636613181818182,44,0.8180438976188733,0.12332475774735045
2021-04-07,-0.9471677647058824,17,0.8339466136633484,0.2022617631917735
2021-04-08,-0.6047118461538461,13,1.3180320192824,0.36555630986354115
2021-04-10,-1.018336064516129,31,0.7169935047959145,0.1287758349801061
2021-04-11,-0.9788015000000001,22,0.7741688685699837,0.16505335735933294
2021-04-14,-0.43192875,16,0.4063771207315523,0.10159428018288807
2021-04-15,-1.0691055999999999,35,0.6321106363468623,0.10684619875354015
2021-04-16,-0.81524953125,32,0.8138043908900555,0.1438616508394365
2021-04-17,-1.144110846153846,26,0.7938299503259217,0.15568286181485638
2021-04-18,-0.9263241111111111,9,1.007405212862536,0.3358017376208453
2021-04-19,-0.8396903023255813,43,0.6349569586229384,0.09683002841273693
2021-04-20,-0.8737824883720932,43,0.5987763414148564,0.09131253601475318
2021-04-21,-1.0903053513513514,37,0.6309941925231173,0.10373480624636214
2021-04-22,-0.9291490714285714,14,0.4352519340547255,0.11632597244025059
2021-04-23,-0.13463994117647057,17,0.4395164426606345,0.1065983951344426
2021-04-24,-1.0009931891891892,37,0.7602595646179314,0.12498590251239977
2021-04-27,-1.5863241538461539,13,0.6488253554381751,0.17995177598872988
2021-04-28,-1.1523671666666666,12,0.6179318425061624,0.17838155780588716
2021-04-29,-0.7121983529411765,34,1.1328823879730447,0.19428772667024394
2021-04-30,-1.0789694166666666,24,1.0993322786241029,0.2244002617000166
2021-05-01,-0.5200200833333334,24,1.0066125423903038,0.20547392479516222
2021-05-02,-0.9627745833333333,24,1.1519777409652427,0.2351464717007416
2021-05-03,-0.6737523333333334,33,1.278974427666941,0.2226408703955413
2021-05-04,-1.7142902903225807,31,1.1744573755230454,0.21093877164838998
2021-05-05,-2.0452777826086956,23,1.1198995383766248,0.23351519604739046
2021-05-06,-1.2402208275862068,29,1.1861939834047281,0.22027069289192525
2021-05-07,-1.071329,35,0.9577829186028901,0.16189486175270582
2021-05-08,-1.1191258333333332,30,1.3398087868434958,0.2446144984326045
2021-05-09,-1.0397798947368422,38,1.0518686283069094,0.17063562372681268
2021-05-10,-1.7158845,26,0.8539174075486808,0.16746698169566487
2021-05-11,-1.5674322222222221,18,0.6299660703276528,0.1484844267487083
2021-05-12,-1.3946098333333332,12,0.5420473147905135,0.1564755815539084
2021-05-15,-1.5706845263157894,19,0.6020691518059819,0.13812413630239598
2021-05-16,-1.4886815454545455,11,0.7344724024653838,0.22145176162259822
2021-05-17,-1.3831924,15,0.6592781535931986,0.17022488729232224
2021-05-22,-0.56599075,16,2.0432484296401325,0.5108121074100331
2021-05-23,-1.1331634210526316,19,1.6910596544805967,0.3879556916515647
2021-05-25,-0.4130018888888889,18,1.8028330072585559,0.4249318149264871
2021-05-26,-2.1745247741935483,31,2.1742116130945903,0.39049993343997536
2021-05-27,-2.381246916666667,36,1.8766741445783037,0.312779024096384
2021-05-28,-1.627337357142857,14,1.5493311885837708,0.4140761775945512
2021-05-31,-2.3482666666666665,21,0.8349354541509382,0.18219785328804788
2021-06-01,-2.501879125,8,0.3627660451122881,0.12825716524156197
2021-06-02,-1.62821475,12,1.0722086207613386,0.3095199679119981
2021-06-03,-2.043497,14,0.9598144568306296,0.2565212037380531
2021-06-04,-0.9252013571428571,14,0.8436307417694076,0.22546979976079165
2021-06-05,-1.2200132142857143,14,1.0223613271036343,0.27323755796495164
2021-06-07,-1.9653579473684208,19,1.332065446019638,0.3055967718622124
2021-06-08,-0.6703671428571428,14,2.0909174602307536,0.5588211971576434
2021-06-10,-1.2570984583333333,24,2.104129008951333,0.42950353540990205
2021-06-11,0.21746699999999994,14,1.982179679857854,0.5297598029323818
2021-06-12,-2.24920472,25,1.5539836741215172,0.3107967348243034
2021-06-13,-3.2710579230769232,13,1.0864243020405258,0.30131988676286864
2021-06-14,-2.8825161851851853,27,1.8785341077709636,0.3615240576011531
2021-06-15,-2.761210888888889,18,0.8277294635786635,0.1950977055614588
2021-06-17,-2.7832677599999998,25,1.324493403783068,0.2648986807566136
2021-06-18,-2.729683565217391,23,1.2445376480540082,0.2595040384559515
2021-06-19,-2.0737234857142854,35,2.4199703292096655,0.40904964400966354
2021-06-20,1.0962882999999999,10,1.404446605276893,0.4441250124766436
2021-06-21,-1.9232777931034482,29,2.5958094464264816,0.4820297129973513
2021-06-22,-3.3441857916666664,24,1.1481882365160825,0.23437294234420417
2021-06-24,-2.024930193548387,31,1.9210758230971596,0.3450354034237006
2021-06-25,-3.721469466666667,15,1.2140038284153487,0.31345444064564615
2021-06-26,-3.3641494705882353,17,2.9006055124285712,0.7035001709406964
2021-06-27,-3.747565266666667,15,0.9643008950668033,0.24898142048844232
2021-06-28,-3.8069226499999997,20,1.6228669304244223,0.362884077486543
2021-06-29,-2.7537910869565216,23,1.9170160023476097,0.39972546846754775
2021-06-30,-3.008887210526316,19,1.8899771590619696,0.4335904969448012
2021-07-01,-2.6519969444444444,18,0.952746004771315,0.22456438690739589
2021-07-02,-2.677593043478261,23,1.4572146042476029,0.303850249360101
2021-07-03,-2.86523575,12,0.9972410959174156,0.28787870758743866
2021-07-04,-2.462044833333333,12,1.1723188794696084,0.33841931031892947
2021-07-05,-1.40953103125,32,2.7283745601562077,0.48231303827582955
2021-07-06,0.08167748571428575,35,2.963221894542794,0.5008759183755076
2021-07-07,-2.1823813333333333,15,2.9175296868976983,0.7533029259613683
2021-07-08,-2.7464008888888887,18,1.3389499411987824,0.31559352769699606
2021-07-09,-2.055462111111111,18,1.736704956237323,0.40934528382523244
2021-07-10,-2.70124685,20,1.1699529646368954,0.2616094359405505
2021-07-11,-2.1777067692307694,13,1.3218922590357702,0.3666269477378766
2021-07-13,-2.6246445416666666,24,1.3149456102295634,0.26841214871459024
2021-07-14,-3.76929836,25,1.5927578764616077,0.31855157529232153
2021-07-15,-2.6528141,20,1.6182544184904886,0.3618526884634125
2021-07-16,-1.8379142307692307,13,1.2156351253225035,0.33715652127733686
2021-07-17,-1.6457217272727271,22,1.751830260687571,0.3734914665120259
2021-07-18,-2.0480139,20,1.4939738673456,0.33406271239930146
2021-07-19,-2.108441142857143,14,1.2807442030462577,0.34229328627828104
2021-07-20,-0.8515714,30,2.4826092983096832,0.4532603713854285
2021-07-21,0.28874066666666665,18,1.6568183567840111,0.3905158317587757
2021-07-22,1.1132330833333333,12,3.604232605598425,1.0404523325321384
2021-07-23,-0.3170845454545455,11,2.2005177834519025,0.6634810756558632
2021-07-24,-1.8367605,26,2.3341457223086866,0.4577636379085046
2021-07-25,-1.9649710384615384,26,1.5750341513516075,0.30888961047372687
2021-07-26,-1.241968846153846,13,3.373135284023081,0.9355394019709236
2021-07-27,-2.6876352999999997,20,2.09887562772856,0.4693228579918602
2021-07-28,1.43723825,12,2.761430918115762,0.7971564419613453
2021-07-29,-1.2452358108108108,37,3.40816483816311,0.5602988479637423
2021-07-30,-0.7744161,20,3.5119917150355593,0.785305221123558
2021-07-31,-1.79341734375,32,3.1492007385505705,0.556705299386698
2021-08-01,-2.615514740740741,27,2.2454805869378642,0.4321429404428849
2021-08-02,-3.2263137619047617,21,1.0490537757175702,0.2289223016811901
2021-08-03,-2.9245094375,16,1.0608026290517303,0.26520065726293257
2021-08-04,-3.387976,8,0.4676611256971075,0.16534317663887954
2021-08-05,-0.0576834285714286,21,2.954384380863509,0.6446995265382035
2021-08-06,-0.9257142352941176,34,3.2403723322119062,0.5557192703092735
2021-08-07,-0.9770819999999999,31,2.984651520037194,0.5360592377009531
2021-08-08,0.00695391304347825,23,2.2282718835743114,0.4646268061633519
2021-08-09,-1.8975832,15,1.1942853956525754,0.308363163198744
2021-08-10,-2.525731142857143,21,1.2104887721948634,0.2641503060227199
2021-08-11,-1.4524274400000001,25,2.1773431677477957,0.4354686335495591
2021-08-12,-1.8225864375,32,2.391829186361579,0.42281965927904375
2021-08-13,-2.9383599523809525,21,1.0791663986948667,0.23549341473676763
2021-08-14,-1.0708997,10,0.9487722860946902,0.3000281404904121
2021-08-15,-1.815106909090909,11,0.4700216318125059,0.1417168541884232
2021-08-21,-0.7467945,26,1.912663820226132,0.37510423624138345
2021-08-23,-1.6657144400000001,25,1.6200837473084553,0.32401674946169107
2021-08-24,-0.9681187894736842,19,2.899779298706456,0.6652549958754045
2021-08-25,-0.7418886578947368,38,2.7988863765060468,0.45403932558034144
2021-08-26,0.02896080769230769,26,2.8607596377713524,0.561041123719029
2021-08-27,1.5312584999999999,24,1.9050649255901557,0.38886974954742376
2021-08-28,0.6473146363636363,11,1.8929942936719208,0.5707592547630548
2021-08-29,-1.7425831153846154,26,2.434856112768347,0.47751457045371065
2021-08-30,-3.396273666666667,18,1.6455750917128171,0.3878657687672693
2021-08-31,-3.464381,12,0.9005095156921896,0.2599547056463526
2021-09-01,0.2429429,20,2.9647472694670642,0.6629376430635242
2021-09-02,1.1444717333333334,15,1.4963502325478708,0.3863559687167666
2021-09-04,-1.9004844583333333,24,2.5879261891805583,0.5282582212898114
2021-09-05,-2.3245684782608693,23,2.16127193712446,0.4506563515875057
2021-09-07,-1.0549529500000001,20,2.6879112107045318,0.6010352184619093
2021-09-08,-0.4083640909090908,33,2.713279730086927,0.4723213753656408
2021-09-09,-3.5080210666666667,15,1.3493471982066771,0.3483999484604066
2021-09-11,-1.1616376857142858,35,2.7794348590525693,0.4698102393738067
2021-09-12,-1.527760896551724,29,2.46742088655208,0.4581885559534096
2021-09-14,-1.9267623333333335,18,1.5601997726537533,0.3677426130830596
2021-09-16,2.1062206428571426,14,0.9955238714323387,0.26606494623247157
2021-09-17,-0.7867116363636364,33,2.7927343020048228,0.4861526410000715
2021-09-20,0.7019062,10,2.416174042038124,0.7640613196215893
2021-09-21,-1.480355411764706,34,2.383390363351373,0.40874807515705047
2021-09-22,-2.3460866,10,1.0604329688875198,0.3353383487619034
2021-09-24,-0.8119395416666667,24,2.6004950556460855,0.5308238304136215
2021-09-25,-2.0991299999999997,20,1.717961411673517,0.38414784992234846
2021-09-26,0.25649856249999997,16,2.59646167697724,0.64911541924431
2021-09-29,-0.43716562500000006,8,2.8789090116702662,1.0178480422855534
2021-09-30,-0.3087214,10,2.114987348078008,0.6688177242365848
2021-10-02,1.7643385,16,2.216465828258582,0.5541164570646455
2021-10-03,-2.306887363636364,22,1.8942999409758978,0.40386610440845194
2021-10-08,-1.1804519999999998,9,2.2417041388154346,0.7472347129384782
2021-10-09,1.1793502,10,1.1778746446577035,0.37247666752798236
2021-10-11,-1.1910612352941177,17,2.0332662276221827,0.49313949538161295
2021-10-12,-1.5907404,25,1.8185668572184346,0.36371337144368693
2021-10-13,-0.09572746666666664,15,1.756451476112191,0.45351382102693
2021-10-14,0.8212866666666667,15,0.37709644251734603,0.0973658827855829
2021-10-15,0.09544929032258065,31,2.4190631764489767,0.43447657242796794
2021-10-16,-0.7015310909090909,33,1.6783108161948759,0.292156412848298
2021-10-17,-1.1596565,14,1.8574581788719828,0.49642657968571624
2021-10-19,-0.6489681153846154,26,1.7162037634709775,0.33657524920153425
2021-10-20,-0.19245487234042555,47,1.2449732028478715,0.18159800564851133
2021-10-21,-0.38795502857142855,35,1.5989540748485533,0.27027256789475074
2021-10-22,-1.1664717692307691,26,1.4201846422324194,0.2785211232172267
2021-10-23,-1.0674645555555555,18,1.645705532318129,0.38789651391278873
2021-10-24,-0.54345775,16,2.3295427257226686,0.5823856814306672
2021-10-25,-0.4384611481481481,27,1.738727961901253,0.33461835228373926
2021-10-26,-0.23758113333333333,15,1.129173862856878,0.29155143772115905
2021-10-28,-0.31348377777777775,18,1.0112602609523227,0.23835632935462167
2021-10-29,-0.8049312666666667,30,1.353721427531374,0.24715458747900954
2021-10-30,0.10501773684210527,19,0.5767581017446514,0.1323173831775413
2021-10-31,-0.23476954545454545,33,0.6575679190414521,0.11446788197840206
2021-11-01,-0.5864763571428572,42,0.8775331018344333,0.1354062973156786
2021-11-02,-0.3429185853658536,41,0.546748721825391,0.08538780469525833
2021-11-03,-0.36441,18,0.7186868993122518,0.16939612668454226
2021-11-06,-0.4889391724137931,29,1.4344435649994112,0.2663694828984616
2021-11-08,-0.24594753571428574,28,0.7783793545203503,0.14709987126627333
2021-11-09,-0.9383128947368421,19,1.5694198806108401,0.36004961366138527
2021-11-10,-0.651359875,16,1.636501554511651,0.40912538862791276
2021-11-12,-0.504889125,24,0.9462959153694454,0.19316184486125626
2021-11-13,-0.09932300000000001,17,0.4940421814898501,0.11982282928195424
2021-11-14,0.3947443478260869,23,1.9706718475939207,0.41091348559981933
2021-11-15,-0.5797789629629629,27,0.5665729974451987,0.10903702419685288
2021-11-17,0.280706,41,0.3534979249403736,0.05520710075775424
2021-11-18,-0.3468090243902439,41,0.25896473597147235,0.04044349701315446
2021-11-20,-0.13409688888888888,18,0.4370127278687442,0.10300488778027345
2021-11-21,-0.414853125,32,0.5737377420407201,0.10142346200491283
2021-11-22,-0.40583034482758623,29,0.5795958869662845,0.10762825423623253
2021-11-24,-0.02156740740740741,27,0.694836090254953,0.13372126791712138
2021-11-25,-0.40063159259259257,27,0.2945526105857256,0.0566866763373919
2021-11-27,-0.09445634482758622,29,0.21125266725725717,0.03922863548714058
2021-11-28,-0.30998623333333336,30,0.42185133268982933,0.07701916360927867
2021-11-30,-0.6919463333333334,12,0.7304250642385425,0.21085555373048612
2021-12-01,0.29296175,16,0.19580948984374247,0.04895237246093562
2021-12-02,-0.2817719285714286,28,0.408351526166595,0.07717118469503537
2021-12-03,0.16803740625,32,0.18150511906525987,0.03208587512777924
2021-12-04,-0.48595978125,32,0.521635028392503,0.09221291647019401
2021-12-06,-0.3459174857142857,35,0.6669089626867404,0.11272818946625603
2021-12-07,0.1128655333333333,15,0.6803364823951734,0.1756621244089228
2021-12-08,0.16446925,8,0.18697765268207855,0.06610658307092039
2021-12-09,-0.02565546153846155,13,0.5036163140721343,0.13967803411901974
2021-12-11,0.358564,11,0.8915938517805067,0.26882566106760786
2021-12-13,-0.45001631578947365,19,0.37776565732225703,0.08666538550568074
2021-12-14,-0.34852089999999997,10,0.8835145078325225,0.27939181905534466
2021-12-16,-0.23729680000000003,20,0.8026263180522197,0.179472700769513
2021-12-17,-0.4518646071428572,28,0.43416339901729095,0.0820491701547326
2021-12-18,-0.5739852307692307,26,0.41547595081162597,0.08148153771603835
2021-12-20,-0.40135803125,32,0.47404326002914915,0.0837998009355973
2021-12-21,-0.7598771999999999,15,0.46114905474480655,0.11906817394306188
2021-12-24,-0.29388236363636366,22,0.39184763852239274,0.08354219723522842
2021-12-25,-0.538701,31,0.4022959511237964,0.07225448580573814
2021-12-26,-1.3165995263157895,19,0.8089122613651804,0.1855772000779885
2021-12-27,-0.08774763636363636,11,0.26273948380526013,0.07921893503579153
2021-12-29,-0.36471773076923075,26,0.5019809343034102,0.09844656074863947
2021-12-30,-0.40787812500000004,8,0.44899296161471575,0.15874298393139835
2021-12-31,-0.9703783076923077,39,0.5221682444197239,0.08361383695457388
2022-01-01,-1.1039023846153846,13,0.9104716030226258,0.2525193884270747
2022-01-02,-0.14975812500000002,8,0.855702886729373,0.30253665694362186
2022-01-03,0.006368230769230782,13,0.6652549879170585,0.1845085361687024
2022-01-04,-1.4006499166666666,12,0.5556796538779349,0.1604108988748119
2022-01-05,-0.53888320625,16,0.13861971426412367,0.03465492856603092
2022-01-06,-1.0007169655172414,29,0.4754402605545489,0.08828703996666262
2022-01-07,-0.303835625,16,0.6518944447301138,0.16297361118252846
2022-01-09,-0.5581026216216216,37,0.28238229225834094,0.046423362880236685
2022-01-10,-1.277956816,25,0.8842108323372485,0.1768421664674497
2022-01-11,-0.12462090909090909,22,0.37573383016728984,0.08010672175070346
2022-01-12,-0.39744799999999997,25,0.4198062109004384,0.08396124218008769
2022-01-13,-0.33029931578947364,19,0.3072701024424698,0.07049259604832189
2022-01-14,-1.028651,8,0.5431066600762163,0.19201720112373485
2022-01-15,0.4191864210526316,19,1.2668405494079142,0.2906331543394023
2022-01-16,-0.3693438095238095,21,0.6953690969581996,0.15174197727352554
2022-01-17,-0.4091791111111111,27,0.5606697909192275,0.10790095157123573
2022-01-18,0.33406,8,0.741020701269925,0.26199038143378744
2022-01-19,-0.9087054444444443,27,0.48680826968896507,0.09368629518288664
2022-01-20,-0.7431009047619047,21,0.9852038533584765,0.21498910633225676
2022-01-22,-0.7420181904761906,21,0.9153734879156497,0.19975087131091473
2022-01-23,-0.37357023076923074,13,0.662799956816051,0.18382763305196845
2022-01-24,-0.8106263513513514,37,0.7888495067710324,0.12968606004948832
2022-01-25,-1.32418515625,32,1.2206849517668112,0.21578865177167147
2022-01-26,0.0614875090909091,11,0.9719666765456368,0.2930589795300552
2022-01-27,-0.6464019999999999,25,0.5997692818166276,0.11995385636332552
2022-01-28,-0.6349003000000001,10,3.214161262097368,1.016407035530911
2022-02-08,0.057065733333333354,15,1.5016855627982777,0.3877335450638561
2022-02-10,-0.3305200833333333,12,0.5505280311130163,0.1589237534797673
2022-02-11,-0.21215261904761906,21,0.5032458151254192,0.10981724004676124
2022-02-12,-0.5727531111111112,18,0.9894450226912939,0.23321442838543044
2022-02-13,0.05234566666666667,12,1.4560302830228204,0.42031973792573624
2022-02-14,-0.774246,18,0.7873347767993276,0.18557658657960047
2022-02-15,-0.8640327058823529,17,0.6732684448582493,0.1632915830909354
2022-02-16,-0.48918574285714284,35,0.5552687155783936,0.09385754349774358
2022-02-17,-0.8033486666666667,30,0.648041608534159,0.11831566906536375
2022-02-19,-0.35474673333333334,15,1.0515243856697127,0.2715024289219855
2022-02-20,-0.012590399999999998,20,0.4889505524728608,0.10933266729653945
2022-02-23,-0.8005699615384615,26,0.8660306926491915,0.169842592353404
2022-02-24,-0.7147804,15,0.9652654641929042,0.24923047116588595
2022-02-25,0.3421785238095238,21,0.7431999427287128,0.1621795235257701
2022-02-26,0.08536814285714286,28,0.390493759324697,0.07379638397827555
2022-02-27,-0.5895314483870967,31,0.45005866363283414,0.08083292221154187
2022-02-28,-0.41286669444444446,36,0.59099626441608,0.09849937740268
2022-03-01,-0.38129629032258067,31,0.6831304392658937,0.12269384886803425
2022-03-02,-0.45656912903225805,31,0.5497990954996647,0.09874683260126493
2022-03-03,-0.3683276071428571,28,0.7225085035917026,0.13654127290236162
2022-03-04,-1.252893888888889,27,0.7744393517479067,0.14904092273423106
2022-03-05,-0.47841686363636365,22,0.5323715583126306,0.11350199759960547
2022-03-06,-0.5983279142857143,35,0.5088614099507651,0.08601327713740821
2022-03-07,-0.03935226470588233,34,0.5819241245625563,0.09979916402277147
2022-03-08,0.1097590476190476,21,0.37427088883888315,0.08167260373917071
2022-03-09,-0.5301445769230769,26,0.9034677110773213,0.17718459571862574
2022-03-10,0.48526885185185187,27,0.4662379732425116,0.08972753978599653
2022-03-11,-0.8357479,20,0.4659837950293867,0.10419714420990372
2022-03-12,0.06239870588235295,17,0.8308751729690481,0.20151682940321936
2022-03-13,-0.2864978717948718,39,0.3823157153184139,0.06121950966460889
2022-03-14,-0.5500211071428571,28,0.63502518620004,0.12000847992484225
2022-03-15,0.7017382666666666,15,0.21739924052189152,0.05613224253462843
2022-03-16,0.690621,28,0.6146527923674561,0.11615845937540774
2022-03-17,-0.22239576923076923,39,0.4148745032613992,0.06643308826805046
2022-03-18,-0.34095221052631575,19,1.0548045780172626,0.2419887663558585
2022-03-19,0.7828631739130436,23,1.4314111962912572,0.29846986686940796
2022-03-20,0.17223308333333334,12,0.38127808391572543,0.1100655021924244
2022-03-21,-1.0153507037037037,27,0.48386234086493385,0.093119350916364
2022-03-24,-0.19360820689655173,29,0.3713970014794891,0.06896669178767677
2022-03-25,-0.221489625,8,0.5990526644380006,0.21179710065598978
2022-03-26,-0.8792825135135136,37,0.6870457797049391,0.11294963041591159
2022-03-27,-0.9177559000000001,40,0.6238350150911163,0.09863697659267204
2022-03-28,-0.2794094545454545,33,0.7643811663954088,0.13306168170279498
2022-03-29,-0.12733953548387097,31,0.454039629601245,0.08154792480665662
2022-03-30,-0.07224805,20,0.20567220935737704,0.04598970412056634
2022-03-31,-0.27445363333333334,30,0.4682805901236832,0.08549594748419073
2022-04-01,0.38985117857142854,28,0.26781729562549195,0.05061271150192274
2022-04-02,-0.378304,32,0.38827968016217207,0.06863879870990391
2022-04-03,-0.69306268,25,0.7345195191744806,0.1469039038348961
2022-04-04,-0.23503858333333336,24,0.799135298177589,0.16312280966516507
2022-04-05,-0.7449409428571429,14,0.46576059919053114,0.12447975617353628
2022-04-06,0.16536455555555557,9,0.8411264411893004,0.28037548039643345
2022-04-08,0.24585767441860465,43,0.379916535403108,0.05793672849469036
2022-04-09,0.48845742857142854,21,1.1032525620791265,0.2407494464943602
2022-04-10,0.3496134444444444,9,0.4700281583557285,0.15667605278524283
2022-04-11,0.11997377777777778,18,0.6048926103325192,0.14257455555191875
2022-04-14,-0.379944,12,0.6434826418954339,0.18575743825859017
2022-04-15,-1.29030425,8,0.7471145769789932,0.26414489185258244
2022-04-16,-0.9549681481481481,27,1.0181514940373637,0.1959433463860972
2022-04-17,-0.7709523333333332,18,1.0904413517672018,0.2570194914402713
2022-04-18,-0.7778289999999999,17,0.5770687940845961,0.13995974066227043
2022-04-19,-1.2735254444444446,27,1.04508519826793,0.20112674018202759
2022-04-20,-0.16856400000000002,25,0.8099828192488612,0.16199656384977223
2022-04-21,-0.5428746727272727,22,1.1867736043884514,0.25302098260754763
2022-04-22,-1.1178535333333335,15,0.7635524731235726,0.1971484008242055
2022-04-23,-0.29541725,8,1.835245862494548,0.6488573972572245
2022-04-25,-1.2095699393939394,33,0.6896316479401313,0.12004946074628312
2022-04-26,-1.2684380909090909,33,0.8391762833922831,0.14608184034654306
2022-04-27,-1.5615595185185185,27,0.9999589597824029,0.19244219153631614
2022-04-28,-0.9762604444444444,36,1.1093038496279788,0.18488397493799646
2022-04-29,-1.3839992083333332,24,1.8418456531576048,0.3759651695999447
2022-04-30,-0.226714,14,1.5940124230260035,0.4260177398017625
2022-05-01,-2.0003102142857143,14,1.5430623294712058,0.41240075452275304
2022-05-02,-1.9355628333333332,18,1.388941309766342,0.3273766062686352
2022-05-03,-1.0347347037037036,27,1.1095177269620282,0.21352678611072956
2022-05-04,-0.69858585,20,0.5513361610607334,0.12328251345855723
2022-05-05,-1.0821159375,16,0.737957150263299,0.18448928756582475
2022-05-06,-0.4029785000000001,28,1.5842189992890996,0.2993892495987549
2022-05-07,0.39365057142857135,28,1.6647974904604137,0.31461715307447713
2022-05-09,0.6402775454545454,22,1.2467875301264955,0.265815994566211
2022-05-10,-1.0509317714285715,35,1.6255605735974334,0.27476988701895977
2022-05-11,-1.7614694705882354,17,1.244972219740772,0.301950115467699
2022-05-13,-0.5249990740740741,27,1.336859068986847,0.2572786477827162
2022-05-14,-1.75858036,25,1.2027642285071878,0.24055284570143756
2022-05-15,-0.7095001363636364,44,1.678246330827726,0.253005153870283
2022-05-16,-2.0555184285714287,35,2.0646874867487144,0.3489958828220807
2022-05-17,-2.3009603846153848,13,1.683337612790511,0.46687385206410265
2022-05-18,-2.415780105263158,19,1.522478076328081,0.3492804251826478
2022-05-19,-1.307156,15,1.5034649445702797,0.38819297946182335
2022-05-20,-2.20864140625,32,1.8637911889464038,0.32947484710493496
2022-05-21,-2.58060475,16,2.7467422886500175,0.6866855721625044
2022-05-22,-2.2077595,36,1.6842806299221296,0.28071343832035495
2022-05-23,-2.509471678571429,28,1.7698299896695884,0.334466429680696
2022-05-24,-1.69429925,8,0.8753478033929061,0.3094821838379363
2022-05-25,-2.641551263157895,19,1.546043528186593,0.35468671061475976
2022-05-26,-3.3321451904761905,21,1.5353545261354988,0.3350418254575704
2022-05-27,-2.633039380952381,21,1.0497655520971567,0.2290776240210633
2022-05-28,-2.3841441363636364,22,2.3573399868513887,0.5025865738904414
2022-05-29,-1.9740327333333334,15,2.5163032784331367,0.6497067127585775
2022-05-30,-3.387876875,8,0.8437637864056229,0.2983155475435268
2022-05-31,-3.5008263076923076,13,4.534754676366175,1.2577146544067963
2022-06-01,-1.7803483,30,1.8223900592783158,0.3327213813466368
2022-06-02,-1.9015379393939393,33,2.0103317573228416,0.34995384000805907
2022-06-03,-3.1121325428571427,35,2.2352471575942157,0.3778257291221149
2022-06-04,-3.8216033846153845,26,1.1825730978912066,0.2319216654768128
2022-06-05,-2.9937346666666667,18,1.9404204543052004,0.45736148719742953
2022-06-06,-3.2293608148148145,27,2.4970358095049425,0.48055476559793786
2022-06-07,-4.061941047619048,21,1.7224860770300428,0.375877277690367
2022-06-08,-3.9405507931034482,29,2.5174163745244194,0.4674724849997599
2022-06-09,-3.449848130434783,23,2.2488529529248362,0.4689182557796446
2022-06-10,-4.40247580952381,21,1.4930739679296738,0.3258154512478952
2022-06-11,-3.983567888888889,18,2.2175582711841866,0.5226834970768851
2022-06-12,-1.3728433170731709,41,3.2606611593439943,0.5092297194988151
2022-06-13,-0.2533322142857143,28,4.360980977363875,0.8241479384563007
2022-06-14,-2.134077076923077,26,3.0842568200000975,0.6048725273120049
2022-06-15,-4.837871428571428,14,1.4735346857770641,0.3938187101218122
2022-06-16,-2.1014892187500003,32,4.692875789294613,0.829591073469098
2022-06-17,-2.5397469166666666,36,4.503833686211403,0.7506389477019004
2022-06-18,-1.7924402962962962,27,3.542720786814214,0.6817969333102897
2022-06-19,-5.200410636363636,11,1.0699299607574573,0.3225960210720148
2022-06-20,-4.40520847368421,19,1.0950832352037279,0.2512293240536122
2022-06-23,-5.152215277777778,18,1.8579803243487047,0.4379301622193834
2022-06-24,-5.640120647058824,17,2.6170022071071113,0.6347162660221861
2022-06-25,-2.50637848,25,4.469392486842359,0.8938784973684719
2022-06-26,-5.099093791666667,24,3.7681030200300705,0.7691608081094979
2022-06-27,-5.470219166666666,18,2.1565958794000877,0.508314523534256
2022-06-28,-6.0971118461538465,26,3.247629248488844,0.6369124965753572
2022-06-29,-2.7306675294117646,17,3.719159345943484,0.9020286365781222
2022-06-30,-4.0467039428571425,35,4.675986915293811,0.7903860473030873
2022-07-01,-5.4310628275862065,29,3.2660370223278457,0.6064878493599408
2022-07-02,-6.029804923076923,26,2.832581541237617,0.5555149443312821
2022-07-03,-4.123392111111111,18,2.9001259934839325,0.683566252095954
2022-07-04,-2.077156761904762,21,3.2100711146551397,0.700494946147545
2022-07-05,-3.173659285714286,28,5.818250145136186,1.099545924971129
2022-07-06,-5.239668625,24,2.7759328618346726,0.566634922643232
2022-07-07,-7.261927571428572,21,1.60950899040849,0.3512236562028028
2022-07-08,-4.119041615384615,26,3.9383348293788334,0.7723710056178763
2022-07-09,-4.723844125,16,2.6573821727493363,0.6643455431873341
2022-07-10,-4.210269266666667,15,3.2142005262363345,0.8299030072989626
2022-07-11,-1.2631586666666665,15,3.6511937670586327,0.9427341769062938
2022-07-12,-4.577323655172414,29,4.091880927773858,0.7598432126631954
2022-07-13,-6.1194979047619045,21,2.619722673980051,0.5716703549193193
2022-07-14,-6.026086882352941,17,4.629401234337883,1.12279472191411
2022-07-15,-5.390695095238095,21,2.6177516931704563,0.5712402516453539
2022-07-16,-5.6795179375,16,3.7199263153134896,0.9299815788283724
2022-07-17,-4.62021025,24,3.1454191604390034,0.6420559975207513
2022-07-18,-4.901381238095238,21,3.352351768753988,0.7315431303063927
2022-07-19,-1.8967149473684213,19,4.351407380187746,0.9982813174955503
2022-07-20,-2.305549804347826,46,5.442414441868819,0.8024402315148014
2022-07-21,-3.67409,39,4.576330664600739,0.7327993805241237
2022-07-22,-3.5990611052631576,38,4.206431705659951,0.6823733291816547
2022-07-23,-3.19935428,25,4.666145968364564,0.9332291936729128
2022-07-24,-4.226805588235294,34,5.294996437942523,0.9080843974417668
2022-07-25,-3.6181752,30,4.536399767959004,0.8282294942574493
2022-07-27,-3.6773273846153844,26,5.003805946697751,0.9813270832478251
2022-07-28,-2.6796197631578944,38,5.000287646641294,0.811153768100747
2022-07-29,-6.0709526296296294,27,3.01276011516436,0.5798059544979703
2022-07-30,-4.606796470588235,17,3.953590488472063,0.9588865402592728
2022-07-31,2.5100485,12,6.2114785758601725,1.793099413919232
2022-08-01,-4.557182322580645,31,5.482873421534268,0.9847531368492389
2022-08-02,-1.9637411999999999,15,5.149191825630229,1.3295156124728829
2022-08-03,-4.418437028571429,35,4.719160161300216,0.797683657813638
2022-08-04,-5.504630384615384,13,1.7945536586672248,0.49771963329970625
2022-08-05,-5.897527375,8,1.1217825027585004,0.3966100073584763
2022-08-06,-3.3501187105263157,38,5.803758337558023,0.9414939254181743
2022-08-07,-4.666621454545455,11,3.32311104465034,1.0019556792537407
2022-08-08,-5.15155308,25,3.588644165394594,0.7177288330789188
2022-08-09,-3.271155482758621,29,5.087115226419549,0.9446535823156079
2022-08-10,-5.552199666666667,27,4.364016518266312,0.8398553705230095
2022-08-11,-6.333275333333333,15,2.241520357662491,0.5787580676941148
2022-08-12,-1.9109854666666666,15,3.0312767237497913,0.7826722845886082
2022-08-13,-4.37128832,25,3.9074716852529328,0.7814943370505866
2022-08-14,-4.639050913043478,23,2.3902217810702093,0.49839569414631235
2022-08-15,-5.199738333333333,18,3.183353243778974,0.7503235551961018
2022-08-16,1.7371397499999999,12,1.8928052516294012,0.5464058107758861
2022-08-21,-6.261231277777778,18,3.1315926478782954,0.738123465742893
2022-08-22,-5.53884225,20,2.2162242561207055,0.4955628090069802
2022-08-23,-3.2756330833333336,24,4.25505838662646,0.8685601560820877
2022-08-25,-5.7707046956521735,23,3.226161457184069,0.6727011658982547
2022-08-26,-6.135508117647058,17,3.2089526588718718,0.778285338831492
2022-08-28,-2.857038111111111,9,4.833547541377643,1.6111825137925477
2022-08-29,-1.6112789696969698,33,3.619670057583499,0.6301036789571614
2022-08-30,-3.197786361111111,36,4.0464996609281325,0.6744166101546888
2022-08-31,-5.8167743000000005,20,2.6848654589010224,0.6003541676543853
2022-09-01,-5.314740666666666,12,1.015821482904831,0.2932424033018545
2022-09-02,-3.1549316111111114,36,4.758281824213929,0.7930469707023216
2022-09-03,-4.514222238095238,21,3.9049688076267515,0.8521340546376686
2022-09-04,-4.8463409375,16,2.743296194465227,0.6858240486163067
2022-09-05,-3.3426762352941175,17,4.0444743075800895,0.980929104132327
2022-09-06,-2.4334260370370373,27,4.724906641930304,0.9093087072047706
2022-09-07,-4.20748525,8,1.569830050397244,0.5550187369731554
2022-09-08,-1.993264923076923,26,4.071966117303363,0.798578257339173
2022-09-09,-2.58357188,25,4.10237885270758,0.820475770541516
2022-09-10,-4.017637692307693,13,3.0314951665216396,0.8407854818626936
2022-09-11,-3.8579418823529417,17,2.843772868258225,0.689716230064374
2022-09-12,-5.031695785714286,14,2.7706755687936795,0.7404941934522116
2022-09-13,-5.957270944444444,18,3.3705743221846864,0.7944519865700144
2022-09-14,-1.9285754499999999,40,3.3453288363635703,0.5289429322574799
2022-09-15,-0.005913315789473692,19,3.7315720614614674,0.8560813429710674
2022-09-17,-4.6842289,10,1.2040092688085875,0.3807411613389061
2022-09-18,-2.322983290322581,31,2.9819370227387343,0.5355716995938123
2022-09-19,-4.916112083333333,12,2.3506249042891265,0.6785669606275828
2022-09-20,-2.2300394814814815,27,3.5212154992389015,0.677658238786754
2022-09-21,-1.250692361111111,36,3.236135840559171,0.5393559734265285
2022-09-22,-0.49425111764705887,17,2.529892988840978,0.6135891773235831
2022-09-27,-3.3780045217391304,23,2.761086579909914,0.5757263503707684
2022-09-28,-3.8295928333333333,12,1.1052421710098268,0.31905593247612496
2022-09-30,-2.9061790769230766,13,1.5831840770648695,0.4390962591042707
2022-10-01,-1.3974032272727273,22,2.3801460227318376,0.5074488370773848
2022-10-02,-0.8756696086956522,23,2.5453423693332624,0.5307405727161716
2022-10-03,-1.1642645,8,3.9008643556065876,1.3791638191691549
2022-10-04,-2.3617334545454547,11,1.780157311016943,0.5367376244046547
2022-10-05,-1.8039825925925925,27,2.70970655179576,0.5214832690347249
2022-10-06,-0.8452686333333334,30,2.3857602151626054,0.4355782288809792
2022-10-07,-1.390561425,40,2.202593015343156,0.3482605343431285
2022-10-08,-1.236057825,40,2.045930127717413,0.3234899568573107
2022-10-09,-2.704076375,8,2.606826262069149,0.9216522636421376
2022-10-10,-2.6437413636363636,11,0.9715471192666131,0.2929324782507294
2022-10-11,-0.9959208823529413,17,2.1103487576358937,0.5118347549778702
2022-10-12,-0.67984972,25,1.986621792931565,0.397324358586313
2022-10-13,-1.7855178125,16,2.0717017430421527,0.5179254357605382
2022-10-15,-1.4101105,12,2.0900994236649693,0.6033597324430259
2022-10-16,-1.3522157037037037,27,3.0015463522058967,0.5776478648104045
2022-10-17,-0.4821735588235294,34,1.0782678129680867,0.18492140432873422
2022-10-18,-0.74368725,36,1.5221865523486808,0.2536977587247801
2022-10-19,-1.16229248,25,1.7738156597394341,0.35476313194788683
2022-10-20,-0.6386504782608695,23,1.2464723265854893,0.25990744681633204
2022-10-21,-1.2593695925925925,27,1.665674252667468,0.3205591593865971
2022-10-22,-0.20014425000000002,16,1.746561358246445,0.43664033956161125
2022-10-23,-0.5066722105263157,19,1.6956361134938116,0.38900560335460993
2022-10-24,0.2583877333333333,30,1.612925563051467,0.29447857148666984
2022-10-25,-0.24341754761904758,42,1.4386037743087818,0.22198138164395426
2022-10-26,-0.91952625,20,1.4699953406883866,0.3287009508387195
2022-10-31,-0.4849097857142857,14,1.2591946997603836,0.33653393926750247
2022-11-01,-0.7581781818181818,11,1.630726349886873,0.49168249439277967
2022-11-02,1.764664,8,1.3802153755538091,0.4879798257760179
2022-11-03,-1.4540663,10,1.355019632660071,0.42849483134505056
2022-11-04,-1.6428728965517243,29,1.9935140387322394,0.3701862635830837
2022-11-05,-1.7168375454545455,11,1.776218808811142,0.5355501213089611
2022-11-06,0.13023173333333335,15,0.5942864207001857,0.15344409401660225
2022-11-07,-1.0342569655172413,29,1.1930746024194465,0.22154839176673083
2022-11-08,-0.5980274736842105,19,0.8358520848596737,0.19175761945532108
2022-11-12,-0.5630694761904762,21,0.45998300675912135,0.1003765212793837
2022-11-13,-0.86938175,20,0.7140865380783507,0.1596746040960684
2022-11-16,-0.8160581538461538,13,1.0276706342754671,0.28502455124375364
2022-11-18,-0.14895816666666667,12,0.623531302856099,0.17999798277606344
2022-11-19,-0.44367673333333335,15,0.6130223272563414,0.15828168428780823
2022-11-20,0.44437347368421054,19,0.6624994474931338,0.15198779693547898
2022-11-21,-0.14290158333333333,36,0.5662956907343611,0.09438261512239353
2022-11-22,0.015618999999999994,10,0.4496993072312011,0.14220740730504236
2022-11-24,-0.06976254545454547,22,0.4363089632378509,0.0930213835146835
2022-11-25,0.4322025217391304,23,0.37001739472070394,0.07715396025111294
2022-11-26,0.02843153125,32,0.496753947453055,0.08781452120631027
2022-11-27,-0.5256514285714285,21,0.5604338823278417,0.12229669941834805
2022-11-28,0.13667100000000001,18,0.42599330894828136,0.10040758583247525
2022-11-29,-0.08450823902439025,41,0.3428584033382913,0.053545486644461966
2022-11-30,-0.8788979166666667,12,0.3723421345357369,0.10748591580242378
2022-12-01,-0.4813896428571428,14,0.43671762522562424,0.11671769488284506
2022-12-03,-0.07865336923076922,26,0.47075694009559604,0.09232303168102593
2022-12-04,0.08133715909090909,44,0.29127894141286975,0.043911952636290996
2022-12-05,-0.16722382352941176,34,0.3465053903406402,0.05942518418767254
2022-12-07,-0.5406341111111111,27,0.5650251575583797,0.10873914227174707
2022-12-09,-0.7168510555555555,18,0.7691708207951234,0.18129530109168485
2022-12-10,-0.6271760769230769,13,0.6823483439647307,0.1892493801455981
2022-12-11,-0.7314060476190476,21,0.5172213556612368,0.11286695301739497
2022-12-12,-0.4510335384615385,39,0.2872752086848764,0.04600084880068039
2022-12-13,-0.925438,33,0.6615857465686137,0.11516729597636463
2022-12-14,-0.9379246,10,0.6701639423113324,0.21192444634214966
2022-12-16,0.1960007142857143,14,0.25196057722540294,0.06733929678223251
2022-12-18,-0.50519075,36,0.2405889967083016,0.04009816611805027
2022-12-19,-0.5883206666666666,12,0.6722602538733632,0.1940648192696362
2022-12-20,-0.2863643846153846,26,0.3514309661117616,0.06892128284171682
2022-12-21,-0.4806958333333333,12,0.6238261622252604,0.18008310134414265
2022-12-24,-0.8474451666666667,18,0.19526746217469784,0.04602498221627217
2022-12-25,-0.908638659090909,44,0.4846101579419368,0.07305773015855788
2022-12-26,-0.33981927999999995,25,0.5965499963054592,0.11930999926109184
2022-12-28,-1.1194580869565218,23,0.6290039763038006,0.13115639555855713
2022-12-29,-0.26284080952380956,21,0.9573076621087195,0.20890165833211505
2022-12-30,-0.34568716,25,0.3517884730064692,0.07035769460129385
2022-12-31,-0.6417408888888888,18,0.7591976051538104,0.17894459162161547
2023-01-01,-0.2451175185185185,27,0.4597923095628964,0.08848707123248599
2023-01-02,-0.0389467825,40,0.29909363972088593,0.04729085675939037
2023-01-03,-0.4516811379310345,29,0.38342238656545824,0.07119974973792507
2023-01-04,-0.12060258333333333,12,0.14159381921439826,0.04087461481951002
2023-01-05,-0.35332252380952384,21,0.4092432191612488,0.08930419187875356
2023-01-06,-0.1859053636363636,11,0.8987112332287021,0.2709716323179261
2023-01-07,0.14191522222222225,9,0.5954598311695294,0.19848661038984314
2023-01-08,0.3209471428571429,14,0.2440215778626829,0.06521750995301
2023-01-09,-0.889614,14,0.6641218689177231,0.17749403546815098
2023-01-10,-0.9371824500000001,20,0.5945523784357681,0.13294595343665574
2023-01-11,-0.05183476923076924,13,0.40419174845077216,0.11210262108913088
2023-01-12,-0.5859697352941177,34,0.25832497294150797,0.044302367366445494
2023-01-17,-0.09730919565217391,23,0.2306917715363126,0.04810255956968278
2023-01-18,-0.23458218749999998,16,0.2899160849768357,0.07247902124420892
2023-01-19,-0.11741170434782609,23,0.1599995151719117,0.03336220515548721
2023-01-20,-0.20416795454545456,22,0.27009256187347847,0.05758392767374764
2023-01-21,0.023520839999999998,25,0.201685464641456,0.0403370929282912
2023-01-22,-0.07673115384615384,26,0.26550726002317787,0.052070257686874524
2023-01-23,-0.24205549999999998,12,0.3318383271330401,0.0957934737488479
2023-01-24,-0.031088062500000003,16,0.2940575288772519,0.07351438221931297
2023-01-25,-0.17462779166666667,24,0.23372111108866464,0.047708122023630985
2023-01-26,-0.05348361538461539,13,0.3761924217459594,0.10433700508046392
2023-01-27,-0.5724546666666667,9,0.2962405430785935,0.0987468476928645
2023-01-28,-0.8089356153846154,26,0.5449420212650206,0.10687192308488594
2023-01-29,-0.44274708333333335,24,0.5236823652059823,0.10689621517070734
2023-01-30,0.1377165333333333,30,0.5031712476804755,0.09186608088087181
2023-01-31,0.21120175,20,0.2582405330072752,0.05774433863500455
2023-02-01,-0.09224588888888889,18,0.613137016041745,0.14451778061320097
2023-02-02,-1.3129124594594594,37,0.5947512878570239,0.09777650942225177
2023-02-03,-0.7799093636363637,22,0.8204158128579588,0.17491323901078726
2023-02-04,0.06140456249999999,16,0.37899104370472375,0.09474776092618094
2023-02-05,-0.4796007368421053,19,0.8452235632157948,0.1939075840398427
2023-02-07,-0.07100377419354839,31,0.2963736754748089,0.05323028349643843
2023-02-08,0.2008466153846154,13,0.6227961210771599,0.17273256528490608
2023-02-09,-0.23038574571428572,35,0.39239322226197243,0.0663265602642677
2023-02-10,0.020819375000000005,24,0.589620447666921,0.12035576989127907
2023-02-11,0.323483175,40,0.2277753782488452,0.03601444950863628
2023-02-12,0.206429875,32,0.26935280059560096,0.04761529795818434
2023-02-13,0.2778478888888889,27,0.3052726148085112,0.05874974211197163
2023-02-15,-0.4233208571428571,14,0.36556333887468634,0.09770091194530112
2023-02-16,-0.35722277142857145,35,0.5625704733646363,0.0950917658297516
2023-02-17,0.40274228695652176,23,0.527316632886562,0.1099531187288911
2023-02-18,0.11363835294117647,17,0.28105038608871835,0.06816473105673
2023-02-19,-0.6158669999999999,33,0.6599842684162063,0.11488851441352929
2023-02-21,-0.42748552173913046,23,0.426058470934861,0.08883933242103577
2023-02-22,0.011349249999999998,8,0.39303601467032073,0.13895921561195956
2023-02-23,-0.47710450000000004,8,0.528156420254184,0.18673149314447274
2023-02-24,-0.3774006315789474,19,0.6856690061874858,0.1573032582468008
2023-02-25,0.08676111538461538,26,0.28913228946948516,0.056703507154410096
2023-02-26,-0.4883387,30,0.4096563612550158,0.07479267662828583
2023-02-27,-0.3707427129032258,31,0.4241894659483053,0.07618667714822173
2023-02-28,-0.07865191666666667,36,0.29875973806870054,0.049793289678116755
2023-03-01,-0.1389722,15,0.19763129549282274,0.051028181075539955
2023-03-02,-0.10090700000000001,12,0.41164941740161726,0.11883295097428817
2023-03-03,0.18814686956521737,23,0.4384944015569126,0.0914324032079473
2023-03-04,-0.407869,22,0.46180484671681704,0.09845712413651826
2023-03-05,0.09367011764705883,17,0.504473401605313,0.12235277177254959
2023-03-06,-0.40214493333333334,15,0.4987521495169529,0.12877725126428735
2023-03-09,-1.329103043478261,23,0.4573280257221862,0.09535948531534048
2023-03-10,-0.7693701851851851,27,0.650472760573536,0.12518354113921665
2023-03-11,-1.6267098500000001,16,0.5332091327489555,0.13330228318723888
2023-03-13,-0.7696820000000001,21,1.1578273602554052,0.25265864381244285
2023-03-14,-0.07255988888888891,9,0.8004966725618609,0.26683222418728697
2023-03-15,-0.33296356250000003,16,0.7153094542203832,0.1788273635550958
2023-03-18,-0.3996094375,32,0.37634763374185404,0.06652949097559402
2023-03-19,0.3193589,40,0.5096519630082313,0.08058305085409456
2023-03-20,-0.31899014814814813,27,0.6124870260304234,0.11787318311793941
2023-03-21,-1.3151781666666666,18,0.7387894545845411,0.17413434440194667
2023-03-22,-0.30974013636363634,22,0.22779943662443308,0.048567003073733614
2023-03-23,-0.3955049583333334,24,0.4984352931991036,0.1017426781776942
2023-03-24,-0.11797318749999999,16,0.6229746120632546,0.15574365301581364
2023-03-25,-0.24004104347826088,23,0.3571843986447691,0.07447809559374265
2023-03-26,-0.3354289761904762,42,0.35541494723666767,0.05484171698521796
2023-03-27,-0.4327988970588235,34,0.4066319689783115,0.06973680735349297
2023-03-28,-0.38640800000000003,21,0.26898226747055276,0.058696742918317425
2023-03-29,-0.23516745454545454,33,0.3779569202744946,0.0657938547336186
2023-03-30,0.09567855555555554,18,0.47313194779571516,0.11151826956078327
2023-04-01,0.06846525,32,0.4268290623976135,0.07545343110721213
2023-04-02,0.19256536363636362,22,0.18856435604236288,0.040202055787366145
2023-04-03,-0.09254903448275861,29,0.4519996123509307,0.08393422087140244
2023-04-06,-0.36776566666666666,18,0.692781906496936,0.16329026132244273
2023-04-07,-0.47801959090909096,22,0.7397363765895099,0.1577123254031871
2023-04-08,-0.1451908888888889,27,0.7119764663506111,0.1370199348347346
2023-04-09,1.2345299047619047,21,0.5519675108726876,0.12044918570145008
2023-04-10,1.0928365161290323,31,0.6341071263138888,0.11388900193893631
2023-04-11,1.5181784285714286,21,0.9758745802474091,0.21295329203652427
2023-04-12,0.2785902222222222,18,0.5919950823258143,0.13953457904722394
2023-04-13,0.18173175000000003,20,0.7937901574673827,0.177496875196733
2023-04-14,-0.15753522727272726,22,0.3123006560924953,0.06658272359724712
2023-04-15,-0.5174613571428571,14,0.36165090550750884,0.09665527014468965
2023-04-16,-0.5748169166666667,12,0.17303858262430602,0.04995193612916719
2023-04-17,-0.8246115609756098,41,0.37935271055655106,0.0592449398902561
2023-04-18,-0.9157722916666667,24,0.3246602638969032,0.06627099885872868
2023-04-19,-1.549985611111111,36,0.41532393653431376,0.0692206560890523
2023-04-22,-0.7280961282051281,39,0.1913451189334105,0.030639740634421847
2023-04-23,-0.9141244333333333,30,0.5499980788317346,0.10041545145354853
2023-04-24,-1.0300964761904763,21,0.632667486497182,0.13805936412432326
2023-04-25,-1.2377666,20,0.5237817848738356,0.11712116763540675
2023-04-26,-0.8459512,10,0.3105350002401948,0.09819978939599504
2023-04-27,-0.615713,9,0.36220605141203815,0.12073535047067939
2023-04-28,-0.607899375,8,0.795649810778934,0.2813046883257888
2023-04-29,-0.80046190625,32,0.6921035858055223,0.1223477847016526
2023-04-30,-0.6999443142857142,35,0.9724526603841858,0.16437450068915194
2023-05-01,-0.3155821052631579,19,0.7822553838109461,0.17946169295118614
2023-05-03,-0.5431844375,16,0.37646234223075015,0.09411558555768754
2023-05-04,-0.5082253823529411,34,1.2711040444964181,0.2179925452000563
2023-05-05,-0.6075099655172415,29,1.3827469876053786,0.25676966947668056
2023-05-06,-1.3805457692307692,13,0.9843571878522344,0.2730115626286746
2023-05-09,-1.3312255294117648,17,0.7592689846000821,0.18414977775068278
2023-05-10,-1.467373375,16,0.5393915039632314,0.13484787599080786
2023-05-11,-0.9905265238095238,21,1.0184697843161878,0.22224832760258473
2023-05-12,-1.2690133846153846,26,1.4984979112914927,0.2938796188751289
2023-05-13,-1.8253888846153845,26,1.5291156464742184,0.29988425076584946
2023-05-14,-0.9064454516129032,31,1.5326732607590752,0.2752762439069956
2023-05-15,-2.227639652173913,23,0.6811812335597366,0.14203610578238388
2023-05-16,-1.734984027777778,36,1.9855343389259006,0.33092238982098343
2023-05-17,-1.2477588333333334,12,1.845691275780572,0.5328051774564285
2023-05-18,-1.5048907142857144,14,1.459029758609859,0.3899421052732557
2023-05-19,-2.89572724,25,1.3641084936950665,0.2728216987390133
2023-05-20,-2.1964137307692306,26,0.8061681754876487,0.158102586848039
2023-05-21,-2.2073976666666666,21,1.4238688361799456,0.3107136534039656
2023-05-22,-1.8519432800000002,25,1.3557094472183966,0.27114188944367934
2023-05-23,-2.313504090909091,11,1.1630861818723026,0.3506836785561353
2023-05-24,-1.76188679,38,2.09752075975708,0.3402627984990703
2023-05-25,-2.0245855333333336,30,1.9432285263139784,0.3547833660832291
2023-05-26,-2.4905753684210525,19,1.773848737393988,0.4069488098646111
2023-05-27,-3.3274913571428573,14,0.7329438990376788,0.19588749670894462
2023-05-28,-2.381040235294118,17,1.5209700663344154,0.3688894256999703
2023-05-29,-3.8788466923076923,13,0.7237061110790972,0.20071996091248637
2023-05-30,-3.8104117142857143,14,1.0082129436565876,0.2694562434338408
2023-05-31,-3.521329705882353,17,1.1508800951696034,0.27912942322383416
2023-06-01,-3.2104118695652173,23,1.9288097734282166,0.40218463973394375
2023-06-02,-3.1615335600000005,25,2.161175853719723,0.4322351707439446
2023-06-03,-3.9298322352941177,17,1.8671761175157837,0.4528567267146041
2023-06-04,-3.6930715882352945,17,1.951604769606703,0.4733336826204503
2023-06-05,-3.5067673200000002,25,3.2529685940115236,0.6505937188023048
2023-06-06,-2.437941575,40,3.454516506482135,0.5462070187565684
2023-06-07,-2.286845125,40,3.2583796087893937,0.5151950522611441
2023-06-08,-2.5210285199999998,25,3.6930784721257064,0.7386156944251413
2023-06-09,-4.426674,21,2.031228431754858,0.4432503829649086
2023-06-11,-5.031579772727273,22,2.930496944403229,0.6247840478246959
2023-06-12,-4.652601933333333,30,3.6340407855275068,0.6634820377090697
2023-06-13,-4.449525625000001,24,4.663983397230628,0.952031624335622
2023-06-14,-6.359459080000001,25,2.8686491735477886,0.5737298347095577
2023-06-15,-4.41335915,20,3.4011358547060695,0.7605170971834619
2023-06-16,-3.9976075833333335,24,3.6296019246095907,0.7408893903931063
2023-06-17,-3.362739,13,4.5216597128341975,1.2540827649864212
2023-06-18,-1.9532558333333334,30,4.571557779838894,0.8346484396519994
2023-06-19,-1.683246641025641,39,3.9567039178369323,0.6335796935165832
2023-06-20,-0.6380210333333333,30,4.784912043194449,0.8736014205785778
2023-06-21,-3.449634208333334,24,3.4463551986242305,0.7034843090847946
2023-06-22,-2.5894363913043477,23,4.4241832128587895,0.922505970310397
2023-06-23,-0.8505607586206897,29,3.7364113487265773,0.6938341689703563
2023-06-24,-0.59256544,25,4.009405132579188,0.8018810265158376
2023-06-25,-1.2861876538461536,26,5.3243972986231,1.04420022014615
2023-06-26,-2.8338594473684213,38,4.956606208255521,0.8040677030887711
2023-06-27,-5.7864168125,16,1.7108094627629429,0.4277023656907357
2023-06-28,-3.303506333333333,9,3.505446291481371,1.168482097160457
2023-06-29,-4.767109321428571,28,3.7267078059910057,0.7042815759753819
2023-06-30,-5.583613043478261,23,2.8882842258896466,0.6022488929916715
2023-07-01,-6.477989454545455,22,2.551551027009814,0.5439925067763858
2023-07-02,-4.890337117647058,17,1.5692094107339478,0.38058918524525376
2023-07-03,-4.4287012400000005,25,3.9806364714859805,0.7961272942971961
2023-07-04,-5.7018588,10,2.488401180333839,0.7869015462106326
2023-07-05,-3.57083721875,32,3.583023630510894,0.6333950765714739
2023-07-06,-5.280030944444444,18,1.4109370161313732,0.3325610439778691
2023-07-07,-2.0449244285714285,35,4.497713185642562,0.7602522870788723
2023-07-08,-4.759931,28,4.164585841210304,0.7870327463873709
2023-07-09,-3.831335833333333,30,4.7748413754601255,0.8717627766161683
2023-07-10,-3.8216182702702706,37,4.589439983154872,0.754499285529377
2023-07-11,-2.9044415945945943,37,4.8404078608616725,0.7957581504705498
2023-07-12,-3.9153937826086955,23,3.4459019223659784,0.7185202202402896
2023-07-13,-3.8908877142857143,21,4.082895285591282,0.8909607952762092
2023-07-14,-4.386367379310345,29,3.649447477318572,0.6776853834600611
2023-07-15,-4.057697294117647,34,3.4966034904399033,0.5996625514148013
2023-07-16,-3.3760270689655174,29,4.18978572551652,0.7780236771891749
2023-07-17,-3.010759542857143,35,4.268563785095096,0.7215189689106363
2023-07-18,-5.994025933333333,15,2.3657386057705856,0.6108310814419621
2023-07-19,-5.076118153846154,13,3.8876989863048563,1.078253695283964
2023-07-20,-4.583041931034483,29,3.612881968686069,0.6708953389689325
2023-07-21,-5.78273935,20,2.206294337590576,0.49334241172253973
2023-07-22,-4.4991731999999995,10,2.6141042145079827,0.8266523358890602
2023-07-23,-7.271068705882352,17,1.4119350500213679,0.3424445498676385
2023-07-24,-6.067606454545455,11,1.5101549462357409,0.4553288483602986
2023-07-25,-5.095562823529412,17,3.2869375752583747,0.7971994592706987
2023-07-26,-4.224970136363637,22,2.6403178330599357,0.5629176534148713
2023-07-27,-4.595776052631579,19,2.138187858182211,0.4905339366379965
2023-07-28,-3.9257031904761908,21,3.4120721913066787,0.7445751949198428
2023-07-29,-4.6450644,30,3.8115281942245955,0.6958866568479143
2023-07-30,-5.5097964,20,1.680046461407898,0.3756698093066037
2023-07-31,-4.558506315789474,19,2.284754930229718,0.5241587290330348
2023-08-01,-4.700098375,8,1.9233061385341457,0.6799914064276038
2023-08-02,-3.1449817500000004,20,2.4280111159615454,0.542919790541514
2023-08-03,-4.429341263157895,19,1.8572413542268014,0.4260803882546976
2023-08-04,-3.6255243999999998,20,3.6447089438676277,0.8149816956689481
2023-08-05,-3.971242210526316,19,2.6837723425153217,0.6156996014996691
2023-08-06,-3.913965214285714,14,4.121016534640996,1.1013879969897882
2023-08-07,-4.559363208333333,24,3.5323302455472154,0.7210338920492242
2023-08-08,-4.628764333333333,18,2.775550250135043,0.6542034677981691
2023-08-09,-3.3773056551724134,29,4.217772200700129,0.7832206351627787
2023-08-10,-4.51841105,20,2.537795057220248,0.5674682260907443
2023-08-11,-2.2886741666666666,24,2.9312489243408155,0.5983386811430877
2023-08-12,-4.151490166666666,24,2.4854233334599365,0.5073349134820074
2023-08-13,-2.7536616153846154,26,3.7570251672458737,0.7368132554171503
2023-08-14,-4.223180789473685,19,2.9291681557188736,0.6719972620745253
2023-08-15,-3.1139331851851852,27,3.751585277105656,0.7219929232082625
2023-08-16,0.38890316666666674,30,4.193395141390928,0.7656057038241256
2023-08-17,-3.1060417575757575,33,4.1337322769849205,0.7195904251259444
2023-08-18,-2.9033216,15,3.5239626699094586,0.9098832488810639
2023-08-19,-0.1506998666666667,30,3.7047476381193847,0.676391283753991
2023-08-20,-1.8801834545454545,33,3.806098361013538,0.6625566810220601
2023-08-21,-0.5507735714285714,28,3.21684549925204,0.6079266569384508
2023-08-22,-0.4285252666666667,30,2.182094865955995,0.3983941935667701
2023-08-23,0.298157303030303,33,3.578584634818252,0.6229516248682383
2023-08-24,-1.9088669117647061,34,4.15668179143369,0.7128650461185068
2023-08-25,-2.2758141379310346,29,4.535538100489729,0.8422282813853438
2023-08-26,-1.7872479047619048,21,3.0199665693994846,0.6590107333575832
2023-08-27,-3.8114169375,16,3.8800509687977467,0.9700127421994367
2023-08-28,-1.4661578461538463,26,4.973933221399442,0.975468559816276
2023-08-29,-3.037409947368421,19,2.4019399760890376,0.5510428223275061
2023-08-30,-3.0769944285714286,14,1.2362337877991,0.330397377421288
2023-08-31,0.117724925925926,27,4.247342526473827,0.8174014503334031
2023-09-01,-0.599112142857143,28,3.369410166784473,0.6367586690203129
2023-09-02,-0.8054289047619047,21,2.217600353523103,0.4839200705324024
2023-09-03,-1.4068714761904761,21,1.4882516043617966,0.3247631252441621
2023-09-04,-2.8397430000000004,13,3.0260924044381614,0.8392870252687618
2023-09-05,-1.0349406428571428,14,4.026319113090795,1.0760790465003771
2023-09-06,0.05477181818181818,33,1.7572847175443083,0.30590400447688376
2023-09-07,-2.095309052631579,19,2.038163126350006,0.4675866893795051
2023-09-08,-2.347357304347826,23,2.5692810444981125,0.535732131541473
2023-09-09,-1.3945728181818182,11,3.303589989264613,0.9960698595968132
2023-09-10,-3.4756523529411765,17,2.599526694560304,0.630477831663816
2023-09-11,0.12700175000000002,12,4.571834501122621,1.3197749399567817
2023-09-13,-2.8211571818181818,11,1.710910025921224,0.5158587823670847
2023-09-15,-0.9805638666666667,30,2.897779899574568,0.5290598058940152
2023-09-16,-0.25834144117647057,34,2.548153037636669,0.43700464068127476
2023-09-18,-0.34996088000000003,25,2.5621424110918762,0.5124284822183752
2023-09-19,0.15909861363636363,44,2.366878385470394,0.35682034222761244
2023-09-20,-2.119541357142857,14,1.053615712319805,0.2815906437730348
2023-09-21,-1.6898966363636363,11,1.4731828472705806,0.44418134108945095
2023-09-22,-0.9289613846153847,13,3.337567882139167,0.9256747795688092
2023-09-24,0.22124072727272726,11,1.9071368339943042,0.5750233911114019
2023-09-25,-0.7973396842105264,19,2.1617727929455404,0.49594469175501504
2023-09-26,-1.3720357619047618,21,2.6446931776174134,0.5771193655411947
2023-09-27,0.054376516129032264,31,2.054379328398042,0.36897741975449333
2023-09-28,1.0734748292682927,41,2.4222769198857805,0.378296098914508
2023-09-29,0.7579176428571428,14,3.0236426297431787,0.8081024843245107
2023-09-30,0.25244155555555553,27,2.479518402687511,0.47718353908408845
2023-10-01,-0.4952318888888889,27,1.940011941523504,0.37335547222322785
2023-10-02,-1.7108539999999999,11,0.8356408503832253,0.25195519638315206
2023-10-04,-0.5207753076923077,13,2.519352639507928,0.6987427017477983
2023-10-05,0.02231068421052626,19,1.9078734999439688,0.43769619912184277
2023-10-06,-0.5821101,30,2.3401479322723544,0.4272506034682134
2023-10-07,-1.55175872,25,1.3550640687076239,0.27101281374152475
2023-10-08,-2.448794,17,1.271179515803777,0.3083063183988522
2023-10-09,-1.014068,34,2.33124342759468,0.3998049494552603
2023-10-10,-0.9402946,35,1.8074357586974557,0.3055124043223238
2023-10-11,-2.50103075,12,1.308668904870978,0.377780172253676
2023-10-12,-0.19856268749999997,16,1.905260021857584,0.476315005464396
2023-10-14,-0.28992972727272726,33,1.289422530066882,0.22445965157050815
2023-10-15,-2.2305104,20,2.06719624315416,0.4622391322524886
2023-10-16,-2.3465535,12,1.6033927999582918,0.4628596323363138
2023-10-19,-1.4615148181818183,22,1.8015872850168129,0.38409969974274377
2023-10-20,-1.1806844666666665,15,2.2359424406770487,0.5773178557213716
2023-10-21,-0.4667476153846154,26,1.6957579061787817,0.33256548668980196
2023-10-23,-0.794742375,8,1.8616747310557262,0.658201413346573
2023-10-24,-0.608277193548387,31,1.6421850186903302,0.2949451362657218
2023-10-25,-0.8309008095238096,21,1.2813536304593132,0.27961428588506076
2023-10-28,-0.03874957142857144,42,0.42953593459584827,0.0662788336372374
2023-10-29,-0.2831286,40,0.6448664824654194,0.10196234356458798
2023-10-30,0.04432396153846153,26,0.34172884451418273,0.06701854025135895
2023-10-31,0.21876234761904761,21,0.3117722995709972,0.06803429344640681
2023-11-01,-0.38631144444444443,9,0.39061483395990965,0.1302049446533032
2023-11-02,0.11799855,38,0.4952137852860338,0.08033428401264471
2023-11-03,-0.21599862962962962,27,0.8528769818484577,0.16413625168528087
2023-11-04,-0.16788773333333334,15,0.5057028486096592,0.1305719140529907
2023-11-05,-0.1537270909090909,22,0.3449481654269521,0.0735431959745798
2023-11-08,0.2936427272727273,11,0.5613211990778704,0.16924470947397122
2023-11-09,-0.15074028571428572,21,0.764015984990245,0.1667219563511449
2023-11-10,-0.5490341071428572,28,0.9087798119779168,0.17174324135782895
2023-11-11,-0.25683475,20,0.7565517971215728,0.16917012468634665
2023-11-12,0.16302128571428573,21,0.7606900205557545,0.16599617140925044
2023-11-13,-0.22846632258064514,31,0.9711019885037269,0.17441506594401357
2023-11-14,-0.5406926666666666,12,0.36356362074716425,0.10495177715296515
2023-11-15,-0.6923113636363637,11,0.4995275962127163,0.1506132371877943
2023-11-16,-0.10141370833333335,24,0.8875583183512863,0.18117208307694688
2023-11-17,0.09302752631578946,38,0.6428512582595011,0.10428424469055513
2023-11-18,-0.40122704545454546,22,0.9069917548165409,0.1933712918555187
2023-11-19,0.03298350000000001,8,0.6191297830902892,0.21889543402884987
2023-11-21,-0.315650125,32,0.9775859323038416,0.1728144104811549
2023-11-22,0.35094217391304344,23,0.346447287393263,0.07223925313246923
2023-11-23,0.08521397619047619,42,0.8368247740653281,0.1291248659695508
2023-11-24,0.014101826086956518,46,0.6827875222179641,0.10067152791397192
2023-11-25,0.16736925,48,0.3877237469906206,0.055963102424061294
2023-11-26,0.03344939230769231,13,0.41916774709886023,0.1162562157835125
2023-11-27,0.0567739375,16,0.19957618599504592,0.04989404649876148
2023-11-28,0.2777105,16,0.29434016099291205,0.07358504024822801
2023-11-29,0.22871433333333333,42,0.4701829156053572,0.07255079897285015
2023-11-30,0.2796030357142857,28,0.49680867426773595,0.09388801437800882
2023-12-01,-0.057158312499999996,16,0.5070671913919258,0.12676679784798145
2023-12-02,0.196751,13,0.5598749161942336,0.15528136293726255
2023-12-03,0.09122880000000003,10,0.6137688669809398,0.19409075765606834
2023-12-05,-0.18662557142857145,21,0.7396693135924033,0.16140907708443888
2023-12-06,-0.042408,9,0.7987510266021572,0.2662503422007191
2023-12-07,-0.1908607222222222,18,0.9000938752898013,0.21215416097396572
2023-12-08,0.34897203846153846,26,0.38748278915342615,0.0759916270413338
2023-12-10,-0.12134436363636363,22,0.4306730685326052,0.09181980672622032
2023-12-11,-0.5411979565217392,23,0.6996188505825854,0.14588061469251196
2023-12-12,0.14422625,32,0.41921466103156085,0.07410738239705915
2023-12-13,0.14136852380952383,21,0.49554905214384365,0.10813766866727534
2023-12-14,0.46763538461538456,26,0.5045311006255274,0.09894668951169266
2023-12-17,-0.1765246153846154,13,0.3424640825776572,0.09498244690295976
2023-12-18,-0.51416525,20,0.7326672010545029,0.1638293666442374
2023-12-19,-0.2505739166666667,12,0.43870409945977323,0.12664296495884622
2023-12-20,-0.28434163333333334,30,0.3606139603933617,0.06583880021957292
2023-12-21,0.11279386363636364,22,0.49752373644272785,0.1060724170135095
2023-12-28,0.01386063636363636,11,0.3415727828616538,0.10298806903178574
2023-12-30,-0.1379002142857143,14,0.709030946184371,0.18949649123157633
2023-12-31,-0.31143553125,32,0.4147369117396639,0.07331582067487075
2024-01-01,0.0015086562499999987,32,0.3811625285934876,0.06738065217566659
2024-01-02,-0.19600321739130433,23,0.40376814282726403,0.08419147771654024
2024-01-03,-0.2677396470588235,17,0.35396077125049136,0.0858480968935804
2024-01-04,-0.10581130000000001,30,0.27339306687071613,0.049914516596869844
2024-01-07,-0.15249646153846155,13,0.5726674986033367,0.15882938692354098
2024-01-08,-0.2959612,20,0.48996484817421243,0.10955947071029026
2024-01-10,-0.3682915384615385,13,0.5460153118465964,0.15143740031164335
2024-01-11,0.059087,14,0.1314072053626846,0.03512005290147208
2024-01-12,-0.127218,16,0.34652378214950846,0.08663094553737712
2024-01-13,-0.273998625,40,0.31678017458157437,0.05008734346317758
2024-01-14,-0.32873895833333333,24,0.3204637903089397,0.06541439727459725
2024-01-15,-0.1840642438095238,21,0.20376044211923056,0.044464173792811534
2024-01-17,0.13484722222222223,9,0.6880483131262982,0.22934943770876606
2024-01-18,-0.49437138888888893,18,0.4425943702946152,0.10432049351677075
2024-01-19,-0.10775606666666668,15,0.45213254869696073,0.11674012209210952
2024-01-20,-0.1742846875,16,0.42557027364447014,0.10639256841111754
2024-01-22,-0.3490517333333333,15,0.20897782151615538,0.05395784149725172
2024-01-23,-0.23002499999999998,21,0.203219259733914,0.04434607811445487
2024-01-24,-0.24257636363636362,11,0.4870238884587229,0.14684322745068032
2024-01-25,-0.2795988333333333,12,0.4823595150428084,0.13924519792807138
2024-01-26,-0.04083841666666666,24,0.42539494621442714,0.08683337978200342
2024-01-27,0.017181457142857147,35,0.3628457542359825,0.06133212660054365
2024-01-28,-0.06538508333333333,24,0.25903191725478236,0.052874668697420864
2024-01-29,0.05769507407407407,27,0.5732496281199053,0.1103219423692934
2024-01-30,-0.23002433333333333,15,0.14109819685172992,0.03643139777244305
2024-01-31,0.37100522857142854,35,0.6203978827016192,0.10486638203796733
2024-02-01,0.1389169375,16,0.6120404356060656,0.1530101089015164
2024-02-02,-0.28476372857142856,28,0.764688507208212,0.14451254432158225
2024-02-03,-0.294982,23,0.676123849514946,0.14098156831162276
2024-02-04,-0.5998988857142857,35,0.5117099895783556,0.08649477497584641
2024-02-05,-0.8085791999999999,10,0.5233225662153103,0.1654891260204663
2024-02-06,-0.27336258333333335,12,0.5366137445472231,0.1549070449325962
2024-02-07,-0.30386615789473687,19,0.5145515012455306,0.11804621027244268
2024-02-10,-0.767751,17,0.6208211476991583,0.15057124509298894
2024-02-11,-0.3324379416666667,24,0.45447029837604574,0.09276836118931121
2024-02-12,-0.23528858974358974,39,0.454960718638533,0.07285201992942399
2024-02-13,-0.3460200526315789,19,0.41411417265632244,0.09500430682615073
2024-02-14,-0.16246617647058822,34,0.3953897636210774,0.06780878504084578
2024-02-15,-0.8232442285714286,35,1.065000354716679,0.18001791621523613
2024-02-16,-1.1804444285714286,28,1.151519156842448,0.21761666563799278
2024-02-17,-0.3301810731707317,41,0.796860529182033,0.12444870654290345
2024-02-18,-0.5388013846153846,39,1.0677408846375411,0.17097537659922
2024-02-19,-0.4997580526315789,19,0.7603594120847993,0.1744384125288231
2024-02-20,-0.46525352,25,0.9752700845367623,0.19505401690735247
2024-02-21,-0.41229829166666665,24,0.6451343859752067,0.13168750509691607
2024-02-22,-0.50564428125,32,0.963683516040883,0.17035678727755085
2024-02-23,-0.42485116666666667,36,0.9897559790636855,0.1649593298439476
2024-02-24,-0.335650705882353,17,1.0700527311381531,0.2595259079684271
2024-02-25,-0.6114817142857143,35,0.9455241076993031,0.15982274451409
2024-02-26,-0.2915331052631579,19,0.8205430988459138,0.1882454971941602
2024-02-27,-0.19374455555555553,9,0.7078035990481595,0.23593453301605316
2024-02-28,-0.7813929743589744,39,1.1209309515234365,0.1794926038104275
2024-02-29,-0.6718168378378379,37,0.6284778541157338,0.10332112276047072
2024-03-01,-0.2657791428571429,14,0.7407516641817135,0.19797420971789986
2024-03-02,-0.08483409999999998,20,0.5111184268894925,0.11428955470776615
2024-03-03,-0.32911312000000004,25,0.6758772223311175,0.13517544446622348
2024-03-04,-0.29895884615384616,39,0.9439377320795873,0.15115100634486528
2024-03-05,-0.645388347826087,23,0.8698521862877627,0.1813767189400583
2024-03-06,0.12597472413793104,29,0.5099714087839979,0.09469931321477205
2024-03-07,-0.5747567222222222,36,1.0085974611801596,0.16809957686335994
2024-03-08,-0.6575665142857143,35,1.2086667901177286,0.20430197604341147
2024-03-09,-1.2074921818181819,33,1.4664126226010163,0.2552696720062323
2024-03-10,-0.762431125,8,1.0153473634331733,0.3589795029717394
2024-03-11,-0.7188361999999999,10,0.7018593083499791,0.2219474011376369
2024-03-12,-0.5995530416666667,24,0.8783003043446784,0.1792822988813028
2024-03-13,-0.5915421176470588,17,0.8392882467704319,0.20355729951611476
2024-03-14,-0.65306804,25,1.142963471736684,0.22859269434733678
2024-03-15,-0.2030661153846154,26,0.8380829484521602,0.1643615887756516
2024-03-16,-0.38836086,30,0.6429160272744332,0.1173798702399379
2024-03-17,-0.8677197428571429,28,1.0512179205815897,0.1986615136852381
2024-03-18,-0.48276016666666666,42,0.7340437930944804,0.113265416293359
2024-03-19,-1.1009057674418605,43,1.9232665030667393,0.29329539208626576
2024-03-20,-1.0211358466666667,45,1.6486742845505844,0.24576985153406253
2024-03-21,-1.0727487931034483,29,1.4018484641473348,0.26031672462282013
2024-03-22,-1.260129914285714,35,1.9288416250676645,0.32603374122468054
2024-03-23,-1.3379345833333334,24,1.2731706512876637,0.2598848709284759
2024-03-24,-0.37036633333333335,9,0.8014709118029487,0.2671569706009829
2024-03-28,-0.1472069705882353,34,0.47118757515223986,0.08080800247533869
2024-03-29,-0.7716577272727272,11,0.8407600537190253,0.2534986942640961
2024-03-30,0.05631520833333333,24,0.3119534791504739,0.06367723728371766
2024-03-31,-0.030228818181818183,33,0.4046526501299799,0.07044098481088801
2024-04-01,-0.21521018,20,0.6468316706747351,0.1446359585628465
2024-04-02,-0.0076417058823529446,34,0.43790930350283164,0.07510082597147712
2024-04-03,0.15168451111111111,45,0.7817809824281938,0.11654102801506733
2024-04-04,-0.5053413793103448,29,1.028358389141278,0.19096135883879792
2024-04-05,-0.6461998999999999,10,1.1195280514852328,0.35402585471435866
2024-04-06,-0.4848141428571428,28,1.1097970689699426,0.20973193216020466
2024-04-07,-0.36538146428571433,28,1.1665759804494165,0.22046213783789312
2024-04-09,-0.8438903999999999,15,1.122488549546485,0.28982529724680367
2024-04-12,-1.5089122777777777,18,0.9109515721656962,0.21471334467030348
2024-04-13,-0.01695153846153845,13,0.745857960383836,0.2068637784905315
2024-04-14,-0.6333945545454546,33,1.167807264134815,0.20328915114862506
2024-04-15,-0.7202090000000001,23,1.1437699385929052,0.23849251856179604
2024-04-16,-0.5674333448275861,29,1.1187305225550546,0.2077430427148508
2024-04-17,-0.4853785,8,1.31818427744162,0.4660485207162294
2024-04-18,-0.15878555263157895,38,0.8281425424920681,0.1343424601419062
2024-04-19,-0.6591726571428571,35,0.7152816316446494,0.12090466286272619
2024-04-20,-1.4958384615384615,39,1.3247026292659607,0.21212218636510308
2024-04-21,-0.9718021351351351,37,1.1371322090987186,0.18694338360813315
2024-04-22,-0.4641460769230769,13,0.43246294773183774,0.1199436409834957
2024-04-23,-1.1494059655172415,29,1.2914185109517444,0.23981039711928895
2024-04-24,-0.48272440000000005,20,1.2747765212341875,0.2850486957600347
2024-04-25,0.33433714285714283,28,0.9628361631957227,0.18195893150824882
2024-04-26,0.004055761904761904,21,0.87045716306306,0.18994932566442815
2024-04-27,-0.2582704333333334,15,0.7531134647798731,0.19445306045980096
2024-04-30,-1.22426075,12,0.7565793269494584,0.21840563903878785
2024-05-01,-1.220894909090909,11,0.9945205065587592,0.2998592151426901
2024-05-03,-0.5417221081081081,37,1.3752302647673584,0.22608646283943212
2024-05-04,-0.9095033333333333,18,1.4023473092866996,0.3305364306584447
2024-05-05,-1.4374544,20,0.891752276810774,0.19940187100391
2024-05-06,-0.318641365625,32,0.9962370412324247,0.1761114918811674
2024-05-07,-0.45658904,25,1.0280244600358286,0.20560489200716572
2024-05-08,-0.56068275,12,0.9742758612460591,0.2812492153776834
2024-05-09,-1.4965498181818182,22,1.2645872614310114,0.26961091003127124
2024-05-10,-1.2581871538461538,13,1.585286551417064,0.43967938057213113
2024-05-11,-0.7652475652173913,23,1.018585084858886,0.2123896721366264
2024-05-12,-0.6658402105263158,38,1.7132837122277897,0.2779313185977805
2024-05-13,-1.278139696969697,33,1.7696915400261406,0.3080637550523796
2024-05-14,-0.37270475,32,1.5054833615194823,0.2661343734734861
2024-05-15,-1.423423575,16,1.3278985311808567,0.33197463279521416
2024-05-16,-1.7552126923076925,13,1.446542840087092,0.4011987986222551
2024-05-17,1.015412692307692,13,2.671707646573797,0.7409983779054651
2024-05-18,-0.4690630810810811,37,2.012212969579697,0.3308057744416079
2024-05-19,-1.2874063333333334,24,1.0852807641976965,0.22153200832851222
2024-05-20,-1.5333385714285714,14,1.2655227788205348,0.3382251895360385
2024-05-22,-1.21034775,12,1.8788132346804423,0.5423666633998925
2024-05-23,-1.28924396875,32,1.9069767802593427,0.33710905322166745
2024-05-24,-0.7814188888888889,18,1.2199949024537133,0.28755555617934714
2024-05-25,-1.7780287941176471,34,1.6493883413652901,0.2828677668946966
2024-05-26,-1.8283185000000002,22,1.2102326421321112,0.25802246625950925
2024-05-27,-2.084884923076923,13,1.8882541543729163,0.5237074749768804
2024-05-28,-2.3949556153846157,13,2.093341007519142,0.5805883338185934
2024-05-29,-1.3628272142857143,14,0.8271247993817712,0.22105840109933705
2024-05-30,-1.3533531818181819,11,1.5484359523584963,0.46687100598816017
2024-05-31,-1.3121187741935485,31,1.5073975726814235,0.27073659631587443
2024-06-01,-1.5481816000000002,25,1.4100329593328662,0.28200659186657323
2024-06-02,-2.78754475,8,1.2147842021580564,0.42949107351212573
2024-06-03,-1.5880495000000001,30,1.5342380060247756,0.28011225482717217
2024-06-04,-2.1026686666666667,15,1.403213702542879,0.3623082200745746
2024-06-05,-0.47712875000000005,24,2.4825100665947875,0.5067402453733264
2024-06-06,-1.0395654827586207,29,2.032566731363953,0.37743816654805423
2024-06-07,-1.5882263,40,2.0906119560331318,0.3305547742322245
2024-06-08,-1.458179552631579,38,2.4687777922554432,0.40048864191574446
2024-06-09,-2.235521769230769,39,2.3209773078124867,0.37165381132351494
2024-06-10,-2.52774386875,16,1.7860896418122976,0.4465224104530744
2024-06-11,-2.0821827222222224,18,1.8271664097143878,0.4306672528884405
2024-06-12,-1.7893872666666666,15,1.5236313848201823,0.3933999319445007
2024-06-13,-2.6506119166666666,24,2.363213709672265,0.48238897848723306
2024-06-14,-2.50058728125,16,0.9488594488966376,0.2372148622241594
2024-06-15,-2.088165117647059,17,2.1042126625369546,0.5103465333177667
2024-06-16,-1.04296024,25,3.215222682824373,0.6430445365648746
2024-06-17,-2.305260222222222,27,3.1451745065767183,0.6052891160068056
2024-06-19,-3.1830878529411764,34,2.9135977800844812,0.4996778969588431
2024-06-20,-3.902490523809524,21,3.2035673745008024,0.6990757136924224
2024-06-21,-2.8627600952380954,21,2.3367299514110504,0.5099162800481725
2024-06-22,-1.5073073157894736,19,2.7036635757169907,0.6202629633622205
2024-06-23,-4.112129035714285,28,2.762535558961831,0.5220701483561296
2024-06-25,-2.2136115263157894,38,3.1430891021368867,0.5098763808892582
2024-06-26,-3.5732939459459456,37,3.457513239110838,0.5684116751046874
2024-06-27,-3.8987923125,16,3.169958853073684,0.792489713268421
2024-06-28,-1.2333077777777777,18,4.274853239042531,1.007592571301417
2024-06-29,-2.90454,18,3.4568718590582135,0.81479251107767
2024-06-30,-2.707003923076923,26,3.9510931256146513,0.7748731133665929
2024-07-01,-0.8615111764705882,17,5.983527848054119,1.4512186665501101
2024-07-02,-2.4771186666666667,24,3.5319057808592413,0.7209472485576103
2024-07-03,-2.169948325,40,3.325006924218157,0.5257297558180126
2024-07-04,-4.449821571428571,14,1.8163115628875128,0.4854296839972132
2024-07-05,-4.541616583333333,12,1.5557970224346256,0.4491199148535247
2024-07-06,-4.159317615384615,13,1.554627390916043,0.43117605939912257
2024-07-07,-6.328425454545454,11,1.7224183571145175,0.5193286747790208
2024-07-08,-4.0264025,20,3.912948284949416,0.8749618357588111
2024-07-09,-4.849003631578947,19,1.6928004954341918,0.3883550679564856
2024-07-10,-5.0320315,22,2.109394917340374,0.44972450745385134
2024-07-11,-3.856773310344827,29,3.1953761306256614,0.5933664511794117
2024-07-12,-2.847505318181818,22,4.213656663458931,0.8983546191260353
2024-07-13,-3.0023728666666667,15,4.946481939460435,1.2771761449230685
2024-07-14,-3.897193129032258,31,4.633716947464226,0.8322401318558978
2024-07-15,-3.474448388888889,18,2.9758366318413056,0.7014114206927743
2024-07-16,-4.365442233333334,30,3.5587417288425542,0.6497343737406667
2024-07-17,-3.8550621481481477,27,2.9720451282913265,0.5719703516209044
2024-07-18,-3.9900508695652173,23,1.4012041300894256,0.29217125815994976
2024-07-19,-2.923389294117647,17,4.003279996388318,0.9709380161194894
2024-07-20,-4.153384714285714,21,3.3247072396199515,0.7255105994821959
2024-07-21,-2.241244346153846,26,3.5916450950894685,0.7043795548369621
2024-07-22,-3.7696087916666667,24,5.862749414282875,1.196728712899499
2024-07-23,-3.410411380952381,21,2.810868120462813,0.6133817109790044
2024-07-24,-3.862226470588235,17,2.0955763016395728,0.5082519081294808
2024-07-25,-5.416352933333333,15,1.101726628166862,0.2844645921975672
2024-07-26,-0.6387882142857143,14,7.009268646922096,1.8733058434742178
2024-07-27,-4.5476088125,16,0.7742494939816423,0.19356237349541058
2024-07-28,-3.111108882352941,17,2.0821339867315483,0.5049916678813279
2024-07-29,-4.252141391304348,23,2.1743323419217626,0.4533796342411635
2024-07-30,-4.832405533333334,15,1.0275016587830803,0.26529978751115774
2024-07-31,-4.626859846153846,13,1.2659949601470144,0.35112382640685
2024-08-01,-3.7888565499999998,20,1.95681946411586,0.4375581341457773
2024-08-02,-4.7193982,25,1.6021531778646354,0.32043063557292706
2024-08-04,-6.496232363636364,11,1.7416905317389926,0.5251394540629838
2024-08-06,-4.138041125,16,1.4074677843442518,0.35186694608606295
2024-08-07,-5.3161963750000005,8,0.7737315715141114,0.2735554205178761
2024-08-14,-4.9462731818181815,11,1.4335409634108696,0.4322288633853139
2024-08-15,-1.3275425294117646,17,2.644264548686556,0.6413283550771107
2024-08-17,-3.3944600416666666,24,3.4129007527246364,0.6966554489113321
2024-08-18,-6.480453333333333,9,1.4040141159902917,0.46800470533009725
2024-08-19,-3.2513639285714286,14,2.55596040382549,0.6831091518053822
2024-08-20,-2.690321888888889,18,3.543337684099205,0.8351727014867949
2024-08-21,-4.34149975,12,2.416005427238754,0.6974406918899457
2024-08-23,-3.8147077777777776,18,1.584344241403236,0.3734335189433616
2024-08-24,-0.8552486666666668,27,3.026218928676357,0.5823961043660119
2024-08-25,-1.6683038333333335,24,3.776861418304296,0.7709486086708249
2024-08-26,-1.216976347826087,23,3.1542372223326196,0.6577039262117013
2024-08-27,-2.3773992,20,4.706078410352874,1.0523111232993176
2024-08-28,-2.3072748620689656,29,3.667420354677403,0.6810228629992239
2024-08-29,-0.12006947999999992,25,2.694969620064283,0.5389939240128566
2024-08-30,-2.480016057142857,35,3.5190222631900006,0.5948233276438806
2024-08-31,-2.673239551724138,29,3.547577064802978,0.6587685227577421
2024-09-01,-3.5914658125,32,4.265862920416298,0.7541051496596535
2024-09-02,-4.7196105,12,1.3889442437574009,0.40095366651135833
2024-09-03,-4.9061464,10,2.2829872749956457,0.7219439658167415
2024-09-04,-3.136345636363636,11,3.5137325881951877,1.0594302371534365
2024-09-05,-1.91753952,25,3.8073434386752436,0.7614686877350487
2024-09-06,-5.639449384615385,13,1.4320627440736517,0.3971827425722474
2024-09-07,-4.871167666666667,12,1.4130509275914838,0.40791266671179677
2024-09-08,-4.04509452173913,23,2.3637848935106147,0.49288322202733076
2024-09-09,-3.122268625,8,1.7788099566310325,0.6289042913879758
2024-09-10,-4.239854833333333,12,1.400069425348539,0.40416522980457187
2024-09-11,-5.187171214285714,14,1.8541756963337224,0.4955492993259849
2024-09-12,-1.7498203125,16,2.536063743338344,0.634015935834586
2024-09-13,-2.2195634736842105,19,2.0893928287179073,0.4793395891442076
2024-09-14,-4.31569125,8,1.0150237187162179,0.3588650772847122
2024-09-15,-2.506558857142857,14,1.861540678975053,0.4975176737333704
2024-09-17,-2.4149246153846153,13,2.694763476782101,0.747392914675806
2024-09-18,-2.13524,8,2.5451389902364863,0.8998425195292508
2024-09-19,-0.19888714285714282,14,3.098908510721051,0.8282181371482896
2024-09-20,-1.5752318125,32,3.207662154879283,0.5670399153676486
2024-09-21,-1.1761912413793103,29,3.312168785906187,0.6150543027983247
2024-09-22,-2.5837624285714287,21,3.600425529799104,0.7856772630645656
2024-09-23,-0.21389559999999996,15,3.253835544922326,0.8401367251187936
2024-09-24,-1.0386164074074076,27,3.051272636404159,0.5872176926662934
2024-09-25,-2.7843321875,16,1.5510367361316846,0.38775918403292114
2024-09-26,-2.418915888888889,9,1.0185387005235056,0.33951290017450186
2024-09-27,-2.715833285714286,14,1.8368201767185524,0.49091084159959913
2024-09-28,-2.8024809090909093,11,1.0907233638513898,0.32886546799721383
2024-09-29,-0.23472278260869564,23,2.48141943528468,0.5174117195782225
2024-09-30,0.9049539310344829,29,2.3721483532288508,0.44049689065896813
2024-10-01,-1.2526822857142856,35,2.5033033968257596,0.42313550334072775
2024-10-02,-1.9109636296296297,27,2.396485832798824,0.4612039135585085
2024-10-03,-2.189986333333333,18,1.5586226503031073,0.3673708817800921
2024-10-04,0.2762036842105263,19,1.864409326018626,0.42772483376368253
2024-10-05,-1.018512157894737,38,2.901439716396164,0.4706756741190224
2024-10-06,-1.211143576923077,26,2.6156627276335023,0.5129736649684831
2024-10-07,-2.363572066666667,15,1.806007501506904,0.466309131764127
2024-10-08,-1.5276299090909091,22,2.681200526160284,0.5716338728704121
2024-10-09,0.6332245909090909,22,2.451373842649127,0.5226346593081993
2024-10-10,-0.4064311666666666,36,2.8444879509699,0.47408132516165
2024-10-12,-1.2612646111111114,18,3.3654523848166233,0.7932447343547576
2024-10-13,-2.1726146666666666,9,1.6935656066229028,0.5645218688743009
2024-10-14,-1.857007789473684,19,1.5693308592625845,0.3600291907634451
2024-10-15,-1.9642652727272727,11,0.557232653944668,0.16801196673349253
2024-10-17,-1.1760894,10,2.2922812163886097,0.7248829681409299
2024-10-18,-0.39692107692307693,26,1.981009786978246,0.38850798309309087
2024-10-19,-0.6193434285714287,21,2.178138983258864,0.4753088935675188
2024-10-21,1.4209925294117647,17,1.79971459299819,0.4364949036998256
2024-10-22,-0.3861538125,32,1.639333363844101,0.2897959345498794
2024-10-23,-1.2498635,14,0.9635982399666009,0.25753246231810006
2024-10-24,-0.5381660645161291,31,2.330901549624107,0.4186422768149154
2024-10-25,-0.5600247894736843,19,2.2673453443079046,0.5201646961023995
2024-10-26,-1.2380020833333332,12,0.9910265125063239,0.28608471188479107
2024-10-27,0.30027110714285715,28,1.0595593305921638,0.20023789200463837
2024-10-28,-0.6599549,20,1.688320901832503,0.37752003043312254
2024-10-29,-0.53227904,25,1.2194278019716693,0.24388556039433387
2024-10-30,-0.34606378260869564,23,1.1447745333655308,0.23870199105217485
2024-10-31,-1.2852944,10,1.8454880311939292,0.5835945573152688
2024-11-01,-0.7579030909090908,11,0.8865636496370077,0.26730899805582353
2024-11-02,-0.6178735555555556,18,0.8490220316173622,0.20011641197780541
2024-11-03,-0.4729332307692308,13,0.9447962260345838,0.26203932598711976
2024-11-04,-0.008781619047619049,21,0.8372481533704017,0.18270252563246964
2024-11-05,-0.4701716451612903,31,1.591298097874448,0.28580557548337265
2024-11-06,-0.04205065957446809,47,1.1984725055825323,0.17481518183725647
2024-11-07,-0.6098334615384616,26,1.5129619561096501,0.2967162514433314
2024-11-09,0.40966376923076925,13,2.1670528037583345,0.6010323077375905
2024-11-10,-0.3284627666666667,30,1.2900270585512508,0.2355256399201859
2024-11-12,0.35017775000000007,12,0.6716078353904464,0.19387648227626808
2024-11-14,0.18801222222222225,9,0.780698614816047,0.26023287160534897
2024-11-19,0.85047025,8,1.347934488588241,0.476566808737983
2024-11-20,-0.24166822222222228,9,0.9029915209164173,0.3009971736388058
2024-11-21,-0.18934872413793105,29,0.5341820495115402,0.09919511633215614
2024-11-22,-0.59071342,30,0.6494949781521521,0.11858101684008623
2024-11-23,-0.7014040277777778,36,0.5589582235812561,0.09315970393020935
2024-11-24,-1.0386789666666667,30,0.4022199740100608,0.07343498428148398
2024-11-25,-0.45515885714285714,14,0.5289283685881885,0.14136205267159183
2024-11-26,-0.4558202,25,0.4832876435486773,0.09665752870973546
2024-11-27,-0.5148239473684211,38,0.3698680310359759,0.060000517625492994
2024-11-28,-0.443163625,8,0.5351632384481093,0.18920877747420567
2024-11-30,-0.9003956363636363,22,0.4191392062553176,0.08936077902635566
2024-12-01,-0.5747554705882353,17,0.5052002350054033,0.1225290547655378
2024-12-02,-0.41972237500000004,24,0.44582695761012114,0.09100404664351855
2024-12-03,0.1169271875,16,0.13980577709580708,0.03495144427395177
2024-12-05,-0.3293224166666666,36,0.5799580786362002,0.09665967977270003
2024-12-06,-0.1773762222222222,27,0.45526754411523557,0.08761627971607702
2024-12-07,0.191210878125,32,0.26710202132080996,0.04721741263614462
2024-12-08,-0.048389857142857144,14,0.35203616525728565,0.09408562272474963
2024-12-09,-0.686515375,8,0.20556575340330363,0.0726784691055988
2024-12-11,-0.8936704285714285,14,0.37753469305802556,0.10090039093171385
2024-12-12,-0.3890298888888889,27,0.6796192418285705,0.1307927840720582
2024-12-13,0.07953592307692309,26,0.6134457942367801,0.12030661828249102
2024-12-14,-0.29225873684210524,19,0.3190373850909155,0.07319219583277739
2024-12-17,-0.575735275862069,29,0.4716746728356691,0.08758778788176988
2024-12-18,-0.7312460000000001,19,0.6370661377582567,0.14615299551789485
2024-12-19,-1.684048,10,0.5052790352270714,0.15978326052499994
2024-12-20,-0.04048892857142857,28,0.5741921492954369,0.10851211655724266
2024-12-21,-0.3810952941176471,17,0.25828018755867743,0.06264214672404514
2024-12-22,-0.23956592857142858,14,0.23250100416771216,0.06213850711974851
2024-12-23,-0.20927576000000003,25,0.4991257849419723,0.09982515698839446
2024-12-24,0.035446,15,0.23029162707098147,0.05946104242779469
2024-12-25,0.046121125,8,0.27050499760761615,0.09563795907659808
2024-12-28,0.27045205555555557,18,0.3964590814588967,0.0934463016541919
2024-12-31,-0.4960993,10,0.7788543005496457,0.2462953555154213
