date,fch4_mean,fch4_n,fch4_sd,fch4_se,frac_site_aggregated,frac_tga100a,frac_li7700,n_analyzers,is_mixed
2009-04-24,13.736333333333334,15,2.744079566387729,0.7085182974191829,1.0,0.0,0.0,1,False
2009-04-25,11.766314285714286,35,4.915837130381456,0.8309281332588617,1.0,0.0,0.0,1,False
2009-04-26,8.835727272727272,11,4.992036680372232,1.5051556916805473,1.0,0.0,0.0,1,False
2009-04-30,21.073,17,10.432621578491188,2.530282395306895,1.0,0.0,0.0,1,False
2009-05-01,15.824027027027029,37,5.680665642170655,0.9338956787931928,1.0,0.0,0.0,1,False
2009-05-02,18.873620689655173,29,6.957039853957762,1.2918898683919142,1.0,0.0,0.0,1,False
2009-05-03,17.093999999999998,24,5.717439887708941,1.167067529993538,1.0,0.0,0.0,1,False
2009-05-07,24.45,24,7.689218878177533,1.5695552310092202,1.0,0.0,0.0,1,False
2009-05-08,20.206090909090907,44,4.382150877950774,0.6606341016767826,1.0,0.0,0.0,1,False
2009-05-09,18.863599999999998,40,4.790000775119042,0.7573656221674083,1.0,0.0,0.0,1,False
2009-05-10,20.6745,34,5.124790906303723,0.8788943895822839,1.0,0.0,0.0,1,False
2009-05-13,15.987749999999998,8,17.094589517906368,6.043850084856033,1.0,0.0,0.0,1,False
2009-05-14,23.72446153846154,26,7.57821856760951,1.4862109367120022,1.0,0.0,0.0,1,False
2009-05-16,21.568631578947368,38,11.82710329485136,1.9186095043511118,1.0,0.0,0.0,1,False
2009-05-17,21.914,9,6.995489922085515,2.331829974028505,1.0,0.0,0.0,1,False
2009-05-18,24.2865,24,9.673388444593755,1.9745721477491438,1.0,0.0,0.0,1,False
2009-05-19,21.506962962962962,27,6.750764477971148,1.299185229530802,1.0,0.0,0.0,1,False
2009-05-21,32.058125,32,10.264366648437129,1.814500815423732,1.0,0.0,0.0,1,False
2009-05-23,29.046325000000003,40,4.890062552101102,0.7731867782667643,1.0,0.0,0.0,1,False
2009-05-27,25.181172413793103,29,4.878478642165913,0.905910741246524,1.0,0.0,0.0,1,False
2009-05-29,31.423655172413792,29,5.661911068559437,1.0513904906045377,1.0,0.0,0.0,1,False
2009-05-30,33.297225,40,6.143901076291544,0.9714360559920605,1.0,0.0,0.0,1,False
2009-05-31,23.580090909090906,11,5.431092016428104,1.6375358563987952,1.0,0.0,0.0,1,False
2009-06-01,32.03055,20,6.567418314159521,1.4685193787137758,1.0,0.0,0.0,1,False
2009-06-02,37.54992307692308,13,4.493082877445033,1.2461569768874885,1.0,0.0,0.0,1,False
2009-06-06,28.609666666666666,21,5.806650982565882,1.267115126752279,1.0,0.0,0.0,1,False
2009-06-07,29.39238888888889,36,8.05018493941165,1.3416974899019418,1.0,0.0,0.0,1,False
2009-06-08,27.622633333333333,30,5.022205906896328,0.916925154547603,1.0,0.0,0.0,1,False
2009-06-09,35.292125,24,6.285895234311428,1.2831029917212922,1.0,0.0,0.0,1,False
2009-06-10,38.85381081081081,37,7.709066710474529,1.2673627602714546,1.0,0.0,0.0,1,False
2009-06-11,33.030647058823526,17,7.770753156396558,1.8846844737896964,1.0,0.0,0.0,1,False
2009-06-12,43.5795,10,11.223151956261368,3.549072270796037,1.0,0.0,0.0,1,False
2009-06-13,40.554809523809524,21,7.868493875063052,1.7170461327510875,1.0,0.0,0.0,1,False
2009-06-14,36.13452,25,7.361056656033379,1.4722113312066758,1.0,0.0,0.0,1,False
2009-06-16,49.61913333333334,15,31.84983496226958,8.22359202588832,1.0,0.0,0.0,1,False
2009-06-19,54.56135294117647,17,7.406348357500278,1.796303328123148,1.0,0.0,0.0,1,False
2009-06-20,53.70124324324324,37,14.307745377951772,2.352178850758178,1.0,0.0,0.0,1,False
2009-06-21,47.25588888888889,9,11.733896235313793,3.9112987451045975,1.0,0.0,0.0,1,False
2009-06-22,43.9768125,16,9.894094812690044,2.473523703172511,1.0,0.0,0.0,1,False
2009-06-23,48.79092307692308,13,17.793062292466402,4.934907572539419,1.0,0.0,0.0,1,False
2009-06-24,60.26552941176471,17,29.41633271483218,7.134508641268552,1.0,0.0,0.0,1,False
2009-06-25,63.27161538461538,26,19.107304810625536,3.747250772367112,1.0,0.0,0.0,1,False
2009-06-27,67.44513043478261,23,10.680431755421377,2.227023969358263,1.0,0.0,0.0,1,False
2009-06-28,66.35244680851063,47,15.030159218122378,2.192374046563422,1.0,0.0,0.0,1,False
2009-06-29,66.8497659574468,47,7.494282163068421,1.093153403998798,1.0,0.0,0.0,1,False
2009-06-30,61.888020833333336,48,7.222822909831781,1.0425246878250938,1.0,0.0,0.0,1,False
2009-07-01,59.708468085106375,47,8.938489136146151,1.3038126418479812,1.0,0.0,0.0,1,False
2009-07-02,60.6893,40,13.724333707053473,2.1700076941255535,1.0,0.0,0.0,1,False
2009-07-03,52.24676923076923,26,34.59779897543506,6.785186619350148,1.0,0.0,0.0,1,False
2009-07-04,60.769,25,16.35894317593082,3.2717886351861636,1.0,0.0,0.0,1,False
2009-07-05,73.80041666666666,24,7.198788321453925,1.4694465128223937,1.0,0.0,0.0,1,False
2009-07-06,71.40333333333334,24,6.29236302241035,1.2844232234385258,1.0,0.0,0.0,1,False
2009-07-07,49.26713043478261,23,9.960574081229856,2.0769232682197294,1.0,0.0,0.0,1,False
2009-07-10,69.06378787878788,33,8.706785933819006,1.5156568862672544,1.0,0.0,0.0,1,False
2009-07-11,66.64714634146341,41,10.539112340612405,1.6459328212000714,1.0,0.0,0.0,1,False
2009-07-12,59.09821212121212,33,16.627204377836595,2.894424763190112,1.0,0.0,0.0,1,False
2009-07-13,46.52065217391304,23,14.896816653868447,3.1062009958970527,1.0,0.0,0.0,1,False
2009-07-15,56.42771052631579,38,7.760289385478656,1.2588851724983197,1.0,0.0,0.0,1,False
2009-07-16,53.23133333333333,36,7.728567218905641,1.2880945364842735,1.0,0.0,0.0,1,False
2009-07-17,52.67919444444445,36,7.668168955659473,1.2780281592765788,1.0,0.0,0.0,1,False
2009-07-18,54.918052631578945,38,5.51832270809424,0.8951901519652057,1.0,0.0,0.0,1,False
2009-07-19,42.11325,8,6.97709529716445,2.466775698804876,1.0,0.0,0.0,1,False
2009-07-22,35.568,8,21.662927153483732,7.65900134528927,1.0,0.0,0.0,1,False
2009-07-24,58.640342857142855,35,6.012122273534756,1.0162341438851963,1.0,0.0,0.0,1,False
2009-07-25,58.50394736842105,38,6.116333860168763,0.9922003709067795,1.0,0.0,0.0,1,False
2009-07-26,60.234719999999996,25,11.229526735797908,2.2459053471595816,1.0,0.0,0.0,1,False
2009-07-27,62.47634482758621,29,8.510815007455689,1.5804186709718124,1.0,0.0,0.0,1,False
2009-07-28,63.585,40,8.623043242917825,1.3634228504872468,1.0,0.0,0.0,1,False
2009-07-29,65.5151875,32,7.462819161327534,1.3192525089359006,1.0,0.0,0.0,1,False
2009-07-30,61.759566666666665,30,13.102670961410443,2.392209483044134,1.0,0.0,0.0,1,False
2009-08-01,68.02502702702702,37,7.3609541179813816,1.2101334025973387,1.0,0.0,0.0,1,False
2009-08-03,69.25264705882353,34,18.998709949637256,3.2582518758956946,1.0,0.0,0.0,1,False
2009-08-04,92.8081724137931,29,114.89817602557896,21.33605565299632,1.0,0.0,0.0,1,False
2009-08-05,70.69095833333334,24,10.912080487395874,2.2274191021917216,1.0,0.0,0.0,1,False
2009-08-06,78.38575,20,66.87731393960374,14.95422201215482,1.0,0.0,0.0,1,False
2009-08-08,46.42195454545455,22,12.03783766169257,2.5664756128454025,1.0,0.0,0.0,1,False
2009-08-09,67.77902702702703,37,9.440018989759878,1.551929562059866,1.0,0.0,0.0,1,False
2009-08-10,73.95515,20,6.001415484568712,1.341957298471548,1.0,0.0,0.0,1,False
2009-08-11,68.92491666666668,12,5.1447765471103795,1.4851690621973255,1.0,0.0,0.0,1,False
2009-08-16,64.3334375,16,7.944190606715912,1.986047651678978,1.0,0.0,0.0,1,False
2009-08-17,66.7719375,16,5.155217169285887,1.2888042923214718,1.0,0.0,0.0,1,False
2009-08-18,65.95494736842106,38,16.35310608721957,2.6528241093708824,1.0,0.0,0.0,1,False
2009-08-19,44.116083333333336,12,11.787974337960879,3.4028950786110572,1.0,0.0,0.0,1,False
2009-08-20,63.24636111111111,36,8.99207799010655,1.4986796650177583,1.0,0.0,0.0,1,False
2009-08-21,66.89817391304348,23,7.799611054709271,1.6263313289457868,1.0,0.0,0.0,1,False
2009-08-25,72.66787878787879,33,6.6202074682254795,1.1524301980090965,1.0,0.0,0.0,1,False
2009-08-26,55.813625,8,10.229824924315311,3.6167892871672582,1.0,0.0,0.0,1,False
2009-08-28,70.38626666666667,30,10.6329352904997,1.9412995036998109,1.0,0.0,0.0,1,False
2009-08-29,62.77042424242424,33,8.875619876346327,1.5450471032281694,1.0,0.0,0.0,1,False
2009-08-30,60.345555555555556,18,7.310374531503133,1.7230718014130988,1.0,0.0,0.0,1,False
2009-09-03,49.598444444444446,9,12.267037632524724,4.089012544174908,1.0,0.0,0.0,1,False
2009-09-04,54.947625,8,6.659144881557349,2.354363251326445,1.0,0.0,0.0,1,False
2009-09-09,41.90342857142857,14,19.137657740752854,5.11475417508853,1.0,0.0,0.0,1,False
2009-09-12,39.124785714285714,14,14.653080721911593,3.9162005515810963,1.0,0.0,0.0,1,False
2009-09-13,46.342,13,27.134462733456388,7.525745901357213,1.0,0.0,0.0,1,False
2009-09-14,46.411461538461545,13,18.413568532540456,5.107005039103448,1.0,0.0,0.0,1,False
2009-09-15,44.36446153846154,13,7.550464893141618,2.09412217890868,1.0,0.0,0.0,1,False
2009-09-16,61.757666666666665,9,14.60485754808995,4.868285849363317,1.0,0.0,0.0,1,False
2009-09-17,54.778166666666664,24,13.411323679658906,2.737574982539137,1.0,0.0,0.0,1,False
2009-09-22,50.93361904761905,21,11.565762328857492,2.5238562543742,1.0,0.0,0.0,1,False
2009-09-23,43.31766666666667,18,12.831943587597873,3.024518108864564,1.0,0.0,0.0,1,False
2009-09-24,45.05192857142857,14,12.713774955137836,3.397899283905216,1.0,0.0,0.0,1,False
2009-09-26,53.053875,8,9.380565813539333,3.3165308490601824,1.0,0.0,0.0,1,False
2009-09-27,56.26405263157895,19,8.155756674982433,1.8710589028608273,1.0,0.0,0.0,1,False
2009-09-28,46.86856818181818,44,6.851803423773468,1.0329482315422314,1.0,0.0,0.0,1,False
2009-09-29,39.850702702702705,37,7.9070135985748795,1.2999050282153992,1.0,0.0,0.0,1,False
2009-09-30,38.20675,8,11.901692481683911,4.207883730697821,1.0,0.0,0.0,1,False
2009-10-01,42.58077272727273,22,10.852041396423855,2.313662999638305,1.0,0.0,0.0,1,False
2009-10-02,36.96846808510638,47,5.302431746690109,0.773439161649119,1.0,0.0,0.0,1,False
2009-10-03,39.584649999999996,20,3.32980848627412,0.7445678127364608,1.0,0.0,0.0,1,False
2009-10-04,36.11214285714286,28,6.031450840228681,1.139837069154047,1.0,0.0,0.0,1,False
2009-10-05,31.044863636363633,44,7.826516869371325,1.1798918123223487,1.0,0.0,0.0,1,False
2009-10-06,30.690884615384615,26,6.5881561992832145,1.2920437314900919,1.0,0.0,0.0,1,False
2009-10-07,32.3192,20,4.791300654091197,1.0713673963187123,1.0,0.0,0.0,1,False
2009-10-08,33.980755555555554,45,6.398500535123816,0.9538321433737088,1.0,0.0,0.0,1,False
2009-10-09,24.5555,8,7.373578758939632,2.60695377102965,1.0,0.0,0.0,1,False
2009-10-13,27.811200000000003,10,17.982875705020657,5.686684610757151,1.0,0.0,0.0,1,False
2009-10-14,16.698125,8,10.906300412900269,3.8559594898097114,1.0,0.0,0.0,1,False
2009-10-16,22.864136363636366,22,4.24651777000823,0.9053606305825841,1.0,0.0,0.0,1,False
2009-10-17,18.9618,15,5.166383222332622,1.3339544120146438,1.0,0.0,0.0,1,False
2009-10-19,24.319805555555558,36,7.583219447548814,1.2638699079248024,1.0,0.0,0.0,1,False
2009-10-20,22.501875,24,22.717838312488958,4.637259327054034,1.0,0.0,0.0,1,False
2009-10-21,15.079818181818183,11,2.1570346690854008,0.6503704233767906,1.0,0.0,0.0,1,False
2009-10-22,16.383928571428573,14,4.867362537496932,1.3008573566094395,1.0,0.0,0.0,1,False
2009-10-23,20.84721212121212,33,2.781374769758381,0.48417520025385774,1.0,0.0,0.0,1,False
2009-10-24,17.587,13,3.6619591978429615,1.0156447428061368,1.0,0.0,0.0,1,False
2009-10-26,14.301230769230768,26,5.586649896370399,1.095632186046299,1.0,0.0,0.0,1,False
2009-10-30,28.691222222222223,9,11.153741129972689,3.717913709990896,1.0,0.0,0.0,1,False
2009-10-31,14.484710526315789,38,6.822739443107502,1.1067944884658065,1.0,0.0,0.0,1,False
2009-11-01,18.2088,10,2.6111455893704747,0.8257167364713448,1.0,0.0,0.0,1,False
2009-11-02,18.85107142857143,42,4.612410048790996,0.7117103219272665,1.0,0.0,0.0,1,False
2009-11-04,20.327346153846154,26,3.759337355889282,0.7372667129176059,1.0,0.0,0.0,1,False
2009-11-07,20.334928571428573,28,4.056636318051104,0.7666322040711386,1.0,0.0,0.0,1,False
2009-11-08,14.956375000000001,8,6.5483575244374945,2.3151940055818527,1.0,0.0,0.0,1,False
2009-11-09,19.778785714285714,14,6.173769639850037,1.6500093412275418,1.0,0.0,0.0,1,False
2009-11-13,13.28855,20,2.0503514583191773,0.4584725238567507,1.0,0.0,0.0,1,False
2009-11-14,11.8021,10,2.600674034425178,0.822405340044271,1.0,0.0,0.0,1,False
2009-11-15,32.198375,8,25.954899999463358,9.176442897319628,1.0,0.0,0.0,1,False
2009-11-16,21.99277777777778,9,28.741000864521823,9.580333621507274,1.0,0.0,0.0,1,False
2009-11-18,39.44455555555556,9,42.65652079433786,14.218840264779287,1.0,0.0,0.0,1,False
2009-11-19,20.650750000000002,8,11.150014192816078,3.942125323033249,1.0,0.0,0.0,1,False
2009-11-20,19.5698,10,3.005887068182479,0.950544952470248,1.0,0.0,0.0,1,False
2009-11-30,17.385,17,9.681023512521802,2.347993088600911,1.0,0.0,0.0,1,False
2009-12-01,15.368653846153846,26,4.130328528747396,0.8100240679089211,1.0,0.0,0.0,1,False
2009-12-02,12.377560975609757,41,2.826591295613681,0.4414393959575776,1.0,0.0,0.0,1,False
2009-12-03,11.291136363636364,44,3.3946548448783767,0.5117634733283495,1.0,0.0,0.0,1,False
2009-12-04,11.168975609756098,41,3.5416674850118617,0.5531155344928608,1.0,0.0,0.0,1,False
2009-12-05,9.554214285714284,14,6.324428307134797,1.6902745637509375,1.0,0.0,0.0,1,False
2009-12-06,10.361615384615385,39,3.702307236642298,0.592843622622745,1.0,0.0,0.0,1,False
2009-12-07,11.875128205128204,39,5.269849224745616,0.8438512271896851,1.0,0.0,0.0,1,False
2009-12-08,6.3481764705882355,34,2.9877247598535095,0.5123905691101188,1.0,0.0,0.0,1,False
2009-12-09,6.84,45,4.306209570334026,0.641931821641803,1.0,0.0,0.0,1,False
2009-12-10,7.169933333333333,45,1.7514955349902865,0.26109753856837614,1.0,0.0,0.0,1,False
2009-12-11,6.904631578947368,19,2.584636364075791,0.592956248252988,1.0,0.0,0.0,1,False
2009-12-12,10.489925925925926,27,8.06250606643028,1.551630015932171,1.0,0.0,0.0,1,False
2009-12-13,6.614608695652174,46,2.0598931739104107,0.30371467903147065,1.0,0.0,0.0,1,False
2009-12-14,6.976644444444445,45,1.6661613088385854,0.2483766632028732,1.0,0.0,0.0,1,False
2009-12-15,5.949425,40,1.5625663126441245,0.2470634271503097,1.0,0.0,0.0,1,False
2009-12-18,9.594277777777778,36,3.473928304310852,0.5789880507184754,1.0,0.0,0.0,1,False
2009-12-19,8.652733333333334,30,3.0370797786046375,0.5544923678948519,1.0,0.0,0.0,1,False
2009-12-20,10.890600000000001,10,3.2939422244140495,1.0416359910149886,1.0,0.0,0.0,1,False
2009-12-21,11.145777777777777,36,2.1845267825073846,0.3640877970845641,1.0,0.0,0.0,1,False
2009-12-22,8.462176470588235,17,2.8657512373567537,0.6950467675509648,1.0,0.0,0.0,1,False
2009-12-23,11.244000000000002,27,5.888556784136499,1.1332532814865348,1.0,0.0,0.0,1,False
2009-12-24,12.144275862068966,29,2.2419859005634093,0.4163263299933045,1.0,0.0,0.0,1,False
2009-12-25,13.29328125,32,3.058816398062566,0.5407274543686625,1.0,0.0,0.0,1,False
2009-12-26,12.081707317073171,41,3.159433242243792,0.49342057487712865,1.0,0.0,0.0,1,False
2009-12-27,14.378948717948719,39,1.7833650325735921,0.28556695022655837,1.0,0.0,0.0,1,False
2009-12-28,13.11060975609756,41,6.564840873463913,1.025255895408942,1.0,0.0,0.0,1,False
2010-01-25,24.75769230769231,13,48.286405735956734,13.392239368373115,1.0,0.0,0.0,1,False
2010-01-26,8.96672972972973,37,2.808109443584269,0.46165034876786415,1.0,0.0,0.0,1,False
2010-01-27,7.79990625,32,4.231920736493026,0.7481049625545468,1.0,0.0,0.0,1,False
2010-01-28,6.169160000000001,25,2.9550507141728275,0.5910101428345655,1.0,0.0,0.0,1,False
2010-01-30,6.597526315789474,19,3.433983698408551,0.7878098902699435,1.0,0.0,0.0,1,False
2010-01-31,7.685305555555555,36,4.783910473478152,0.7973184122463587,1.0,0.0,0.0,1,False
2010-02-01,7.828047619047619,21,6.788266579003734,1.4813212112296923,1.0,0.0,0.0,1,False
2010-02-02,4.86776923076923,26,1.8455135070259943,0.36193497634325383,1.0,0.0,0.0,1,False
2010-02-03,4.476111111111111,9,4.319146919370897,1.4397156397902988,1.0,0.0,0.0,1,False
2010-02-04,5.876,24,1.3061187108974903,0.2666103654333825,1.0,0.0,0.0,1,False
2010-02-05,8.236323529411765,34,2.557342165757825,0.4385805631527463,1.0,0.0,0.0,1,False
2010-02-06,10.932333333333334,15,8.03205172744679,2.0738668384185286,1.0,0.0,0.0,1,False
2010-02-08,5.748,27,3.36832972760182,0.6482353583167765,1.0,0.0,0.0,1,False
2010-02-09,5.754279069767442,43,1.9333771874202945,0.2948372569952672,1.0,0.0,0.0,1,False
2010-02-10,5.69075,24,7.288928973927275,1.4878463964591648,1.0,0.0,0.0,1,False
2010-02-11,5.8109,10,3.0526606045655758,0.9653360433893818,1.0,0.0,0.0,1,False
2010-02-12,4.649181818181819,11,6.062221784431544,1.8278286413525644,1.0,0.0,0.0,1,False
2010-02-13,3.9308529411764708,34,2.7820794395598036,0.47712268763857024,1.0,0.0,0.0,1,False
2010-02-14,5.960395348837209,43,6.4091280297621305,0.9773828616173482,1.0,0.0,0.0,1,False
2010-02-15,6.030977272727273,44,5.738307551675058,0.8650824127531408,1.0,0.0,0.0,1,False
2010-02-16,6.904555555555556,45,1.9797938776498423,0.2951302461241966,1.0,0.0,0.0,1,False
2010-02-17,7.35153488372093,43,5.5562094322214435,0.8473139948823033,1.0,0.0,0.0,1,False
2010-02-18,23.121666666666666,27,36.87768257778263,7.097113321124124,1.0,0.0,0.0,1,False
2010-02-19,12.571545454545456,11,18.712836777803822,5.642132577739856,1.0,0.0,0.0,1,False
2010-02-20,9.608407407407409,27,11.786827919527731,2.2683760907437107,1.0,0.0,0.0,1,False
2010-02-21,10.578151515151516,33,13.177925671651655,2.293982411279535,1.0,0.0,0.0,1,False
2010-02-22,7.969,12,2.663803603189176,0.7689738636847829,1.0,0.0,0.0,1,False
2010-02-23,6.450678571428571,28,3.617136201508667,0.6835744891029106,1.0,0.0,0.0,1,False
2010-02-24,9.938208333333334,24,11.871146935465243,2.423187721124506,1.0,0.0,0.0,1,False
2010-02-25,3.9807777777777775,9,2.344004307684703,0.7813347692282343,1.0,0.0,0.0,1,False
2010-02-26,3.4735789473684213,19,5.05803052707924,1.1603917853095882,1.0,0.0,0.0,1,False
2010-02-27,5.700625,32,4.884057037459872,0.8633874627224387,1.0,0.0,0.0,1,False
2010-02-28,6.9799999999999995,28,5.179102031419332,0.978758284983213,1.0,0.0,0.0,1,False
2010-03-01,3.958636363636364,11,6.86878277823265,2.0710159310775134,1.0,0.0,0.0,1,False
2010-03-02,7.623736842105263,19,4.943497478080623,1.1341161018211374,1.0,0.0,0.0,1,False
2010-03-03,11.64221052631579,19,6.541888434278722,1.5008121360493931,1.0,0.0,0.0,1,False
2010-03-06,7.544333333333333,9,2.752615438087929,0.917538479362643,1.0,0.0,0.0,1,False
2010-03-10,4.529375,8,3.9513412166901363,1.3970100845517492,1.0,0.0,0.0,1,False
2010-03-12,3.8908666666666667,15,2.0102440458336206,0.5190427807550821,1.0,0.0,0.0,1,False
2010-03-13,5.06274358974359,39,1.3146527401791166,0.21051291617968082,1.0,0.0,0.0,1,False
2010-03-14,9.506742857142857,35,3.213981838072858,0.5432620850134908,1.0,0.0,0.0,1,False
2010-03-15,10.590847826086955,46,2.2072230815855605,0.32543728881921513,1.0,0.0,0.0,1,False
2010-03-16,12.135527777777778,36,7.360170442460112,1.226695073743352,1.0,0.0,0.0,1,False
2010-03-17,11.792846153846154,13,3.095459385566593,0.8585259642905082,1.0,0.0,0.0,1,False
2010-03-18,12.544893617021277,47,4.378707746803261,0.6387001682592227,1.0,0.0,0.0,1,False
2010-03-19,9.766622222222223,45,3.33383108374577,0.49697819525048903,1.0,0.0,0.0,1,False
2010-03-20,10.85578125,32,6.133413182982659,1.0842445133765013,1.0,0.0,0.0,1,False
2010-03-21,9.95804347826087,23,26.231083117134595,5.4695589262517466,1.0,0.0,0.0,1,False
2010-03-23,9.006129032258064,31,3.4360855707421436,0.617139186722986,1.0,0.0,0.0,1,False
2010-03-24,10.504636363636365,33,4.565609090103572,0.7947705284152563,1.0,0.0,0.0,1,False
2010-03-25,7.839617647058824,34,4.5329862524088504,0.7774007287585613,1.0,0.0,0.0,1,False
2010-03-27,12.1824,15,2.437434799127969,0.6293429589659362,1.0,0.0,0.0,1,False
2010-03-28,11.37830303030303,33,2.716387737934891,0.47286241008650626,1.0,0.0,0.0,1,False
2010-03-31,12.699941176470588,17,4.729411782539509,1.1470508427324173,1.0,0.0,0.0,1,False
2010-04-01,9.874766666666666,30,4.809459039645,0.8780830684702331,1.0,0.0,0.0,1,False
2010-04-02,8.606294117647058,17,2.37720047442117,0.5765558029004058,1.0,0.0,0.0,1,False
2010-04-05,13.199099999999998,20,3.463459464633287,0.7744530800235058,1.0,0.0,0.0,1,False
2010-04-06,12.809166666666666,36,10.877506062644011,1.8129176771073352,1.0,0.0,0.0,1,False
2010-04-07,10.448837209302326,43,3.748068626005822,0.5715751069743777,1.0,0.0,0.0,1,False
2010-04-08,10.766314285714287,35,4.7598523257581435,0.804561888998784,1.0,0.0,0.0,1,False
2010-04-09,11.026,10,6.281010605167151,1.9862299520000755,1.0,0.0,0.0,1,False
2010-04-10,13.272666666666666,24,3.751087606532811,0.765687551373602,1.0,0.0,0.0,1,False
2010-04-11,14.544611111111111,18,5.573887355484857,1.313777848877765,1.0,0.0,0.0,1,False
2010-04-12,9.8575,30,4.340809679358656,0.7925197930738344,1.0,0.0,0.0,1,False
2010-04-13,11.116299999999999,10,5.313449267869434,1.680260191822154,1.0,0.0,0.0,1,False
2010-04-15,15.352172413793104,29,5.634901102370612,1.0463748657989531,1.0,0.0,0.0,1,False
2010-04-16,12.067978723404256,47,5.641146805583609,0.8228458308348281,1.0,0.0,0.0,1,False
2010-04-17,15.837636363636365,33,12.449386731427229,2.1671600602928187,1.0,0.0,0.0,1,False
2010-04-18,12.078652173913042,23,9.477267690295436,1.9761469193039993,1.0,0.0,0.0,1,False
2010-04-19,11.682,18,9.46251761673704,2.23033679129731,1.0,0.0,0.0,1,False
2010-04-20,12.472966666666668,30,7.091819349680712,1.294783143857248,1.0,0.0,0.0,1,False
2010-04-21,13.333250000000001,28,7.508638889454083,1.4189993704345507,1.0,0.0,0.0,1,False
2010-04-22,15.277600000000001,10,2.676850520875439,0.8464944601774491,1.0,0.0,0.0,1,False
2010-04-24,10.957590909090909,22,3.411929724323604,0.7274258613807928,1.0,0.0,0.0,1,False
2010-04-25,8.739142857142857,35,2.8283465045110425,0.478077816426807,1.0,0.0,0.0,1,False
2010-04-26,15.185375,32,13.661451412406677,2.4150262336408246,1.0,0.0,0.0,1,False
2010-04-27,10.410187500000001,16,2.9032954888941864,0.7258238722235466,1.0,0.0,0.0,1,False
2010-05-03,14.098700000000001,30,5.67193183139572,1.035548336229008,1.0,0.0,0.0,1,False
2010-05-05,11.842545454545455,22,2.519864730444922,0.5372369656500945,1.0,0.0,0.0,1,False
2010-05-06,10.7208,40,3.059258886288202,0.48371130163903886,1.0,0.0,0.0,1,False
2010-05-07,10.233818181818181,11,3.225340627536317,0.9724767893297628,1.0,0.0,0.0,1,False
2010-05-08,11.296076923076923,26,3.409832933421541,0.6687232563695295,1.0,0.0,0.0,1,False
2010-05-09,11.600466666666668,15,7.711415998066639,1.9910790490793024,1.0,0.0,0.0,1,False
2010-05-11,10.7994375,16,6.342644999984891,1.5856612499962228,1.0,0.0,0.0,1,False
2010-05-12,13.724133333333333,30,7.925630037974935,1.4470154514131328,1.0,0.0,0.0,1,False
2010-05-14,14.638166666666667,30,5.765094562632251,1.0525574460346878,1.0,0.0,0.0,1,False
2010-05-16,15.815066666666667,15,3.1821779035000244,0.8216348016616551,1.0,0.0,0.0,1,False
2010-05-17,10.147733333333331,15,8.885892458326985,2.2943275671527,1.0,0.0,0.0,1,False
2010-05-18,14.41675,8,6.422238033360556,2.270604031891703,1.0,0.0,0.0,1,False
2010-05-19,13.431875,16,11.518242816651043,2.8795607041627607,1.0,0.0,0.0,1,False
2010-05-20,20.302,11,10.505785710740533,3.167613575491234,1.0,0.0,0.0,1,False
2010-05-23,16.22727777777778,18,3.7971727223036003,0.895002193759153,1.0,0.0,0.0,1,False
2010-05-24,10.482833333333334,18,4.848496543805524,1.1428015948948083,1.0,0.0,0.0,1,False
2010-05-25,19.77342857142857,14,3.1768839526101122,0.8490579505862302,1.0,0.0,0.0,1,False
2010-05-26,19.582078947368423,38,8.179856898839414,1.326948010776002,1.0,0.0,0.0,1,False
2010-05-27,17.813222222222223,18,6.9370316380792465,1.6350740375304864,1.0,0.0,0.0,1,False
2010-05-30,19.137363636363634,22,3.302946513493015,0.7041905627609767,1.0,0.0,0.0,1,False
2010-05-31,16.8401,10,6.794102253670704,2.1484837777682504,1.0,0.0,0.0,1,False
2010-06-01,20.11803846153846,26,4.536178219433351,0.8896177406932781,1.0,0.0,0.0,1,False
2010-06-02,22.850692307692306,26,16.340902197294323,3.204714583604422,1.0,0.0,0.0,1,False
2010-06-04,21.36192857142857,14,3.6382795694221635,0.972371116148368,1.0,0.0,0.0,1,False
2010-06-05,20.825045454545457,22,4.1846707497185225,0.8921748015523583,1.0,0.0,0.0,1,False
2010-06-08,20.1614,10,3.264709148181845,1.0323916806242786,1.0,0.0,0.0,1,False
2010-06-09,19.53015625,32,4.86090013640362,0.8592938622804033,1.0,0.0,0.0,1,False
2010-06-10,16.681545454545454,11,5.317097542149033,1.6031652291844771,1.0,0.0,0.0,1,False
2010-06-11,16.00225,28,3.847357579247422,0.727082239959154,1.0,0.0,0.0,1,False
2010-06-12,14.387954545454546,22,3.5643285145648766,0.7599173926319606,1.0,0.0,0.0,1,False
2010-06-13,21.34474074074074,27,3.684800439149084,0.7091401751509249,1.0,0.0,0.0,1,False
2010-06-14,17.06108,25,4.173704628584379,0.8347409257168759,1.0,0.0,0.0,1,False
2010-06-15,18.870266666666666,15,6.886130848790681,1.77799133981143,1.0,0.0,0.0,1,False
2010-06-16,21.749777777777776,18,4.31005909002152,1.0158906699563124,1.0,0.0,0.0,1,False
2010-06-18,22.34058333333333,12,7.809080325997345,2.254287314168989,1.0,0.0,0.0,1,False
2010-06-19,21.95,30,5.667894676947123,1.0348112560424652,1.0,0.0,0.0,1,False
2010-06-20,21.91205882352941,17,5.953221191827457,1.4438682227394155,1.0,0.0,0.0,1,False
2010-06-22,26.201772727272726,22,4.94500916202934,1.0542794957297121,1.0,0.0,0.0,1,False
2010-06-23,27.634333333333334,30,9.379782970554949,1.712506239158587,1.0,0.0,0.0,1,False
2010-06-25,22.640428571428572,21,5.7166524870017135,1.2474758449258527,1.0,0.0,0.0,1,False
2010-06-26,25.50918181818182,11,6.913542099650248,2.0845113742605212,1.0,0.0,0.0,1,False
2010-06-27,30.604444444444447,27,6.582668118939505,1.266835070151897,1.0,0.0,0.0,1,False
2010-06-28,28.523075,40,4.920428725262121,0.777988091817359,1.0,0.0,0.0,1,False
2010-06-29,28.20676923076923,13,3.906013657465587,1.0833332711272932,1.0,0.0,0.0,1,False
2010-07-06,39.11953846153846,13,6.562794864682077,1.8201917996125372,1.0,0.0,0.0,1,False
2010-07-07,38.31442857142857,21,6.835833932823622,1.4917012588243772,1.0,0.0,0.0,1,False
2010-07-08,41.18111111111111,27,5.235724594136043,1.0076156679423962,1.0,0.0,0.0,1,False
2010-07-09,44.72230434782609,23,4.874196562556208,1.0163402402404158,1.0,0.0,0.0,1,False
2010-07-11,47.02344827586207,29,19.43382810349411,3.6087712817530337,1.0,0.0,0.0,1,False
2010-07-12,31.74065,20,41.304976439413764,9.23607351275564,1.0,0.0,0.0,1,False
2010-07-14,44.08683333333333,18,6.070129529095735,1.430743250901433,1.0,0.0,0.0,1,False
2010-07-15,45.43489743589743,39,6.009359641841488,0.9622676649988772,1.0,0.0,0.0,1,False
2010-07-16,50.1486,30,8.08615894749404,1.4763238863715726,1.0,0.0,0.0,1,False
2010-07-17,47.011625,8,11.416403598550636,4.036308200648829,1.0,0.0,0.0,1,False
2010-07-18,48.5094347826087,23,5.703811802216026,1.1893269758309024,1.0,0.0,0.0,1,False
2010-07-19,45.86493333333333,15,6.857215224717337,1.7705253577793465,1.0,0.0,0.0,1,False
2010-07-20,50.98509090909091,11,5.2743371612847305,1.590272489255424,1.0,0.0,0.0,1,False
2010-07-21,47.178370370370374,27,14.948892074069075,2.8769156210168143,1.0,0.0,0.0,1,False
2010-07-23,53.34764864864865,37,11.584663523661638,1.9045069515632853,1.0,0.0,0.0,1,False
2010-07-24,39.85504347826087,23,12.58430452977135,2.624008885341065,1.0,0.0,0.0,1,False
2010-07-25,48.539923076923074,13,6.48009312512223,1.7972544640315298,1.0,0.0,0.0,1,False
2010-07-27,50.4135,16,9.578652577476644,2.394663144369161,1.0,0.0,0.0,1,False
2010-07-28,57.01531578947368,38,14.182035631542416,2.300629974675922,1.0,0.0,0.0,1,False
2010-07-29,51.499,20,11.990323958575058,2.68111794436182,1.0,0.0,0.0,1,False
2010-07-31,56.49675,24,26.408636028604437,5.390640256080071,1.0,0.0,0.0,1,False
2010-08-02,64.52105263157895,19,72.05873187235971,16.531406854279442,1.0,0.0,0.0,1,False
2010-08-03,52.42344,25,7.855913903338471,1.5711827806676941,1.0,0.0,0.0,1,False
2010-08-04,62.232275,40,15.300105803199619,2.4191591389835367,1.0,0.0,0.0,1,False
2010-08-05,59.400675,40,10.880239487342322,1.7203169134052243,1.0,0.0,0.0,1,False
2010-08-06,67.39013333333334,30,31.32605589131429,5.719329149780147,1.0,0.0,0.0,1,False
2010-08-09,58.44539999999999,10,15.314810792171086,4.842968403778822,1.0,0.0,0.0,1,False
2010-08-11,68.99291304347825,23,14.379297558115354,2.9982908048827492,1.0,0.0,0.0,1,False
2010-08-12,60.9685,8,11.65335037047899,4.120081535254229,1.0,0.0,0.0,1,False
2010-08-14,63.1064375,16,7.676251706562261,1.9190629266405652,1.0,0.0,0.0,1,False
2010-08-15,68.68319565217392,46,10.85836313757908,1.600978301644886,1.0,0.0,0.0,1,False
2010-08-16,85.10746341463414,41,64.84898979401976,10.127710690807886,1.0,0.0,0.0,1,False
2010-08-18,44.36266666666667,9,49.27375929437493,16.424586431458312,1.0,0.0,0.0,1,False
2010-08-24,71.15691489361703,47,7.345890684533852,1.0715082822439932,1.0,0.0,0.0,1,False
2010-08-25,70.82283783783784,37,10.36947895807026,1.7047318395909623,1.0,0.0,0.0,1,False
2010-08-31,71.42931818181818,22,14.830094593624283,3.161786790982162,1.0,0.0,0.0,1,False
2010-09-01,73.676,13,19.121487873593935,5.303346537800448,1.0,0.0,0.0,1,False
2010-09-02,72.6705625,16,9.872415908099699,2.4681039770249247,1.0,0.0,0.0,1,False
2010-09-03,59.37746428571428,28,8.26424317290455,1.5617951578334859,1.0,0.0,0.0,1,False
2010-09-04,70.98476470588236,34,33.916458869492686,5.81662470916209,1.0,0.0,0.0,1,False
2010-09-06,56.03957894736842,19,9.42686049609654,2.1626701188073953,1.0,0.0,0.0,1,False
2010-09-07,61.03341935483871,31,13.1233857033267,2.357029652859852,1.0,0.0,0.0,1,False
2010-09-08,60.09632352941177,34,15.801509877455013,2.709936587098913,1.0,0.0,0.0,1,False
2010-09-11,60.73544444444445,27,7.473792952883034,1.4383321244048493,1.0,0.0,0.0,1,False
2010-09-12,58.48365714285714,35,9.73062587897812,1.644775972557954,1.0,0.0,0.0,1,False
2010-09-13,62.69232258064516,31,19.021712820506107,3.4164004761935756,1.0,0.0,0.0,1,False
2010-09-14,54.633242424242425,33,18.559481768139268,3.230791081950194,1.0,0.0,0.0,1,False
2010-09-15,48.269571428571425,21,22.20879682371701,4.8463567875513345,1.0,0.0,0.0,1,False
2010-09-17,53.50089655172414,29,7.405390475596754,1.375146488699058,1.0,0.0,0.0,1,False
2010-09-18,55.95314285714286,35,8.295442526730305,1.4021857092643988,1.0,0.0,0.0,1,False
2010-09-19,59.88470588235294,17,45.42154389406626,11.016342538462593,1.0,0.0,0.0,1,False
2010-09-21,53.43597777777778,45,11.385181765804358,1.6972026909686422,1.0,0.0,0.0,1,False
2010-09-22,44.86831818181818,22,8.200117963067672,1.7482710239265367,1.0,0.0,0.0,1,False
2010-09-23,35.291,23,5.483377020181499,1.143363146417174,1.0,0.0,0.0,1,False
2010-09-24,42.01065,20,3.941306105648362,0.8813028372364705,1.0,0.0,0.0,1,False
2010-09-25,40.487071428571426,14,9.572012950136582,2.558228068655312,1.0,0.0,0.0,1,False
2010-09-27,41.05417647058824,17,4.721678094640905,1.1451751479040935,1.0,0.0,0.0,1,False
2010-09-28,37.439772727272725,22,4.6701433436939945,0.9956779063589454,1.0,0.0,0.0,1,False
2010-09-29,59.88327586206896,29,55.409075229409176,10.289206962802846,1.0,0.0,0.0,1,False
2010-09-30,57.88758333333333,36,32.77861300942168,5.463102168236947,1.0,0.0,0.0,1,False
2010-10-01,34.34851612903226,31,8.81825273649668,1.5838049460869206,1.0,0.0,0.0,1,False
2010-10-02,35.63015,20,6.501058911924717,1.4536809652794485,1.0,0.0,0.0,1,False
2010-10-06,39.66861111111111,36,15.608673686269578,2.601445614378263,1.0,0.0,0.0,1,False
2010-10-07,84.6879411764706,17,138.70839193947072,33.64172653682418,1.0,0.0,0.0,1,False
2010-10-08,51.605823529411765,17,40.79441386273876,9.89409866419019,1.0,0.0,0.0,1,False
2010-10-10,22.6616,20,83.55544870034383,18.683566318446527,1.0,0.0,0.0,1,False
2010-10-11,28.55013333333333,15,13.872640354652166,3.581900337432853,1.0,0.0,0.0,1,False
2010-10-12,43.04972,25,17.545317909440495,3.509063581888099,1.0,0.0,0.0,1,False
2010-10-13,38.17919047619048,21,5.3502215712907395,1.1675140635821613,1.0,0.0,0.0,1,False
2010-10-14,37.908354838709684,31,22.64886737646188,4.067856665713805,1.0,0.0,0.0,1,False
2010-10-16,33.50523333333334,30,6.141024797569852,1.1211926026092014,1.0,0.0,0.0,1,False
2010-10-17,48.88392857142857,28,34.12852125577403,6.44968427551142,1.0,0.0,0.0,1,False
2010-10-18,36.094791666666666,24,11.24022563977125,2.294401450932347,1.0,0.0,0.0,1,False
2010-10-19,35.71861538461538,26,5.608085713160405,1.0998360955886852,1.0,0.0,0.0,1,False
2010-10-20,33.886023809523806,42,6.5244391497608065,1.006742817431915,1.0,0.0,0.0,1,False
2010-10-21,29.30486111111111,36,3.8275261697549143,0.6379210282924858,1.0,0.0,0.0,1,False
2010-10-22,57.801625,8,64.57045773845476,22.82910426559037,1.0,0.0,0.0,1,False
2010-10-23,26.061026315789473,38,10.288585833764923,1.6690290153791774,1.0,0.0,0.0,1,False
2010-10-24,26.208433333333335,30,5.754641039665489,1.0506489025899233,1.0,0.0,0.0,1,False
2010-10-28,25.689999999999998,41,4.170818426879789,0.6513724038801347,1.0,0.0,0.0,1,False
2010-10-30,22.30105,40,5.291802906140391,0.8367075056050932,1.0,0.0,0.0,1,False
2010-11-03,25.177208333333336,48,4.151744780406331,0.5992527416435548,1.0,0.0,0.0,1,False
2010-11-04,22.139659574468087,47,3.511530920172888,0.5122094278156122,1.0,0.0,0.0,1,False
2010-11-05,28.298375,8,5.434006412991117,1.9212113918186027,1.0,0.0,0.0,1,False
2010-11-11,23.848,17,4.008145066611236,0.9721179689668507,1.0,0.0,0.0,1,False
2010-11-12,22.932285714285715,14,3.3661558634001625,0.8996429965231166,1.0,0.0,0.0,1,False
2010-11-13,23.504057142857146,35,11.51449520474814,1.9463049226687985,1.0,0.0,0.0,1,False
2010-11-14,23.053534883720932,43,3.454721705757259,0.5268401210249993,1.0,0.0,0.0,1,False
2010-11-15,20.8358,30,7.646567331726092,1.396065805022823,1.0,0.0,0.0,1,False
2010-11-16,17.51304761904762,21,11.09764250404648,2.4217041338262986,1.0,0.0,0.0,1,False
2010-11-17,19.040100000000002,40,7.608646039463669,1.2030325697362287,1.0,0.0,0.0,1,False
2010-11-18,14.055368421052632,19,2.5765810509822322,0.5911082326880721,1.0,0.0,0.0,1,False
2010-11-19,14.986434782608695,23,6.796520264919575,1.4171724406667399,1.0,0.0,0.0,1,False
2010-11-20,9.491944444444444,36,2.726245319057428,0.45437421984290466,1.0,0.0,0.0,1,False
2010-11-21,14.9789375,16,5.108640973471646,1.2771602433679115,1.0,0.0,0.0,1,False
2010-11-22,13.278083333333333,36,3.6169810882636844,0.6028301813772807,1.0,0.0,0.0,1,False
2010-11-23,13.08874193548387,31,2.8398639869747515,0.5100546290955614,1.0,0.0,0.0,1,False
2010-11-25,18.9876,15,4.112881589765085,1.0619414601388841,1.0,0.0,0.0,1,False
2010-11-26,15.770204545454545,44,3.218035668204957,0.4851371306098393,1.0,0.0,0.0,1,False
2010-11-27,13.294142857142857,14,3.0472726231107776,0.8144178656983175,1.0,0.0,0.0,1,False
2010-11-30,14.832217391304349,23,6.886569464983812,1.4359489968544425,1.0,0.0,0.0,1,False
2010-12-01,15.028512195121952,41,3.9768208353026875,0.6210750702062094,1.0,0.0,0.0,1,False
2010-12-02,14.471193548387097,31,4.4733635102262435,0.8034398043297385,1.0,0.0,0.0,1,False
2010-12-03,13.168086956521739,23,7.390332831187728,1.5409909199818717,1.0,0.0,0.0,1,False
2010-12-04,23.660208333333333,24,22.10713860897536,4.512600772080927,1.0,0.0,0.0,1,False
2010-12-05,13.757,31,4.8791423973207975,0.8763198439024444,1.0,0.0,0.0,1,False
2010-12-06,12.696543478260871,46,3.4274110132318802,0.5053441843377464,1.0,0.0,0.0,1,False
2010-12-07,21.89414285714286,14,36.10201592891826,9.648669612704822,1.0,0.0,0.0,1,False
2010-12-08,14.250214285714284,28,23.27350424259653,4.3982788830655055,1.0,0.0,0.0,1,False
2010-12-16,14.225999999999999,33,13.900067915751345,2.4196912403989965,1.0,0.0,0.0,1,False
2010-12-17,10.89257894736842,38,2.703596010037512,0.4385811869117445,1.0,0.0,0.0,1,False
2010-12-18,11.074829268292682,41,2.3760676326910293,0.3710794206991127,1.0,0.0,0.0,1,False
2010-12-19,12.143444444444444,9,3.280700005757579,1.0935666685858596,1.0,0.0,0.0,1,False
2010-12-20,18.397411764705883,17,24.49042098213816,5.9397995603058025,1.0,0.0,0.0,1,False
2010-12-21,9.574666666666667,21,2.080092914591397,0.45391348731697095,1.0,0.0,0.0,1,False
2010-12-22,9.804625,40,2.594654679731251,0.41025092647827377,1.0,0.0,0.0,1,False
2010-12-23,7.759555555555555,18,1.5863887299821502,0.3739154095227645,1.0,0.0,0.0,1,False
2010-12-24,8.29453125,32,2.0308181091718494,0.35900131408796426,1.0,0.0,0.0,1,False
2010-12-25,9.140142857142857,35,2.0872112712316175,0.35280309727974346,1.0,0.0,0.0,1,False
2011-01-01,8.63052,25,2.7996649668606186,0.5599329933721238,1.0,0.0,0.0,1,False
2011-01-02,9.006699999999999,20,2.6499545398285416,0.5925478488340793,1.0,0.0,0.0,1,False
2011-01-05,13.0715,14,7.409578642125755,1.9802931899423044,1.0,0.0,0.0,1,False
2011-01-06,13.401636363636364,33,10.216718210298078,1.7785023576085817,1.0,0.0,0.0,1,False
2011-01-07,9.469975609756098,41,2.291474846990525,0.35786824712762827,1.0,0.0,0.0,1,False
2011-01-08,6.499294117647059,34,1.738058173337056,0.29807451762267845,1.0,0.0,0.0,1,False
2011-01-09,13.263769230769231,13,16.84732617338157,4.672607567122598,1.0,0.0,0.0,1,False
2011-01-10,8.39625,24,6.886584079397323,1.4057180887748066,1.0,0.0,0.0,1,False
2011-01-11,6.8210303030303026,33,1.693766355730043,0.29484687694211054,1.0,0.0,0.0,1,False
2011-01-12,7.9649090909090905,33,3.7052066943326216,0.6449936961807826,1.0,0.0,0.0,1,False
2011-01-14,8.33275,8,9.015780257019196,3.187559678713034,1.0,0.0,0.0,1,False
2011-01-15,10.087,32,7.927379895022063,1.4013760202030003,1.0,0.0,0.0,1,False
2011-01-17,9.338,20,2.2947565402341414,0.5131231615775771,1.0,0.0,0.0,1,False
2011-01-18,7.746125000000001,40,5.9258856275795475,0.936964786840384,1.0,0.0,0.0,1,False
2011-01-19,9.283083333333332,12,3.127549242642155,0.9028456985716292,1.0,0.0,0.0,1,False
2011-01-20,8.19416,25,2.3496871898191043,0.46993743796382087,1.0,0.0,0.0,1,False
2011-01-22,5.934461538461538,13,1.0758545917381694,0.2983883765734882,1.0,0.0,0.0,1,False
2011-01-24,7.21972,25,1.8045140047484622,0.36090280094969246,1.0,0.0,0.0,1,False
2011-01-25,8.35668,25,1.4791144794549655,0.2958228958909931,1.0,0.0,0.0,1,False
2011-01-26,6.86975,12,1.8899139049654663,0.5455711508885144,1.0,0.0,0.0,1,False
2011-01-27,8.516333333333334,36,1.345383131835899,0.22423052197264984,1.0,0.0,0.0,1,False
2011-01-30,7.652361111111111,36,3.9505847679464052,0.6584307946577342,1.0,0.0,0.0,1,False
2011-01-31,6.522666666666667,42,1.8359704507248913,0.28329639097826254,1.0,0.0,0.0,1,False
2011-02-01,7.228891304347826,46,1.6569570533998743,0.2443049892179318,1.0,0.0,0.0,1,False
2011-02-02,10.687173913043479,23,6.202345887955137,1.2932785186062725,1.0,0.0,0.0,1,False
2011-02-03,7.397526315789474,19,1.49896569408602,0.34388631475554027,1.0,0.0,0.0,1,False
2011-02-04,9.824181818181819,22,1.9778160306464931,0.4216717945534423,1.0,0.0,0.0,1,False
2011-02-05,7.1982,30,2.3136301286968477,0.4224091370702813,1.0,0.0,0.0,1,False
2011-02-06,7.174311111111111,45,2.224942643001492,0.33167486638595883,1.0,0.0,0.0,1,False
2011-02-07,8.062348837209301,43,5.309882954874138,0.8097495592517725,1.0,0.0,0.0,1,False
2011-02-08,9.107219512195122,41,5.923181317975143,0.9250455087764898,1.0,0.0,0.0,1,False
2011-02-09,7.762073170731707,41,1.977106223628916,0.3087721165975035,1.0,0.0,0.0,1,False
2011-02-11,10.844529411764706,17,7.299653648612781,1.7704260602150494,1.0,0.0,0.0,1,False
2011-02-13,11.410533333333332,15,4.764599021753587,1.2302141775071862,1.0,0.0,0.0,1,False
2011-02-14,6.721541666666667,24,2.401144237725489,0.49013151510429326,1.0,0.0,0.0,1,False
2011-02-18,6.4794634146341465,41,9.58788677993634,1.4973763469846921,1.0,0.0,0.0,1,False
2011-02-19,5.194171428571428,35,2.198685843938632,0.3716457391632188,1.0,0.0,0.0,1,False
2011-02-20,7.018085714285714,35,6.561064105640131,1.1090222488856611,1.0,0.0,0.0,1,False
2011-02-21,4.16475,28,4.708673231585714,0.8898555982744747,1.0,0.0,0.0,1,False
2011-02-24,7.987435897435897,39,3.5093851747839326,0.5619513690290941,1.0,0.0,0.0,1,False
2011-02-25,7.262466666666667,30,2.830817911942539,0.5168342755202006,1.0,0.0,0.0,1,False
2011-02-27,7.537894736842105,19,3.9298297940911278,0.9015647861978147,1.0,0.0,0.0,1,False
2011-03-01,9.656571428571429,21,6.843688001154265,1.4934151570452596,1.0,0.0,0.0,1,False
2011-03-02,6.032153846153847,26,2.6986139359650196,0.5292417353515025,1.0,0.0,0.0,1,False
2011-03-04,7.90425,32,4.4529076763608675,0.7871703034881004,1.0,0.0,0.0,1,False
2011-03-05,6.979125000000001,40,5.10737592912547,0.8075470401377597,1.0,0.0,0.0,1,False
2011-03-06,4.6401666666666666,12,1.849872960421058,0.5340123258328539,1.0,0.0,0.0,1,False
2011-03-07,4.852411764705883,17,6.508436602391772,1.5785277393704358,1.0,0.0,0.0,1,False
2011-03-08,11.560846153846153,13,10.883965284200988,3.018668839427435,1.0,0.0,0.0,1,False
2011-03-09,9.840937499999999,32,22.946639333585324,4.056431069555035,1.0,0.0,0.0,1,False
2011-03-10,8.207333333333334,21,5.5477819561815265,1.2106252739672394,1.0,0.0,0.0,1,False
2011-03-12,7.628,16,5.695800850919327,1.4239502127298318,1.0,0.0,0.0,1,False
2011-03-13,6.892142857142857,28,3.343824010900247,0.6319233400577562,1.0,0.0,0.0,1,False
2011-03-17,5.196076923076924,26,7.036330088465589,1.379937862506388,1.0,0.0,0.0,1,False
2011-03-18,5.617942857142857,35,6.1074171730814655,1.0323419218463619,1.0,0.0,0.0,1,False
2011-03-21,1.5035384615384615,26,7.463142760155505,1.463642714106217,1.0,0.0,0.0,1,False
2011-03-22,5.952869565217391,23,24.682737127769624,5.146706469521688,1.0,0.0,0.0,1,False
2011-03-23,8.2545,30,10.396202893530322,1.8980782790623454,1.0,0.0,0.0,1,False
2011-03-24,5.804148148148148,27,4.672214675847845,0.8991681336041577,1.0,0.0,0.0,1,False
2011-03-25,4.966178571428571,28,4.781033717866427,0.9035304448063651,1.0,0.0,0.0,1,False
2011-03-26,10.936800000000002,10,12.578535189405446,3.9776820827098676,1.0,0.0,0.0,1,False
2011-03-27,3.6682727272727274,11,3.423879644231353,1.0323385552046302,1.0,0.0,0.0,1,False
2011-03-28,3.934333333333333,12,2.9301269390229288,0.8458547885023311,1.0,0.0,0.0,1,False
2011-03-29,4.137214285714285,14,2.462775831598016,0.6582045273047895,1.0,0.0,0.0,1,False
2011-04-01,6.266875,8,4.260452371604955,1.506297381442086,1.0,0.0,0.0,1,False
2011-04-02,6.767695652173914,23,6.116627824922537,1.2754050669189225,1.0,0.0,0.0,1,False
2011-04-04,5.464043478260869,23,15.359120120034875,3.2025979322613,1.0,0.0,0.0,1,False
2011-04-11,13.729666666666665,21,9.90524367864483,2.161501377827275,1.0,0.0,0.0,1,False
2011-04-13,13.25628125,32,3.431414795531419,0.6065941677460291,1.0,0.0,0.0,1,False
2011-04-14,14.116357142857142,28,7.566419820811022,1.4299189400697045,1.0,0.0,0.0,1,False
2011-04-15,14.49228125,32,6.905454535199086,1.220723432253668,1.0,0.0,0.0,1,False
2011-04-16,13.95009375,32,3.2806832624236635,0.5799483454462445,1.0,0.0,0.0,1,False
2011-04-17,12.348066666666666,45,4.790968640909876,0.7141954372762841,1.0,0.0,0.0,1,False
2011-04-18,11.400190476190476,21,4.597622272643194,1.0032834324382063,1.0,0.0,0.0,1,False
2011-04-19,13.869176470588236,17,3.5197556952737163,0.8536661475284035,1.0,0.0,0.0,1,False
2011-04-20,15.621904761904762,21,3.9653256474690934,0.8653049968893761,1.0,0.0,0.0,1,False
2011-04-23,19.10609090909091,11,5.062791393185095,1.5264890402759672,1.0,0.0,0.0,1,False
2011-04-24,22.820533333333334,15,4.799085774047664,1.239118618660502,1.0,0.0,0.0,1,False
2011-04-25,17.88073684210526,19,5.127879471218589,1.1764162320894007,1.0,0.0,0.0,1,False
2011-04-26,14.498186046511629,43,4.71411251181878,0.718895418439408,1.0,0.0,0.0,1,False
2011-04-27,16.082066666666666,30,5.013672106889551,0.9153671029592865,1.0,0.0,0.0,1,False
2011-05-01,18.731583333333333,24,4.9728902445215875,1.01508697049518,1.0,0.0,0.0,1,False
2011-05-02,16.221657894736843,38,5.556028604387654,0.9013068560469325,1.0,0.0,0.0,1,False
2011-05-03,17.439916666666665,12,8.157166079403416,2.3547710158840234,1.0,0.0,0.0,1,False
2011-05-06,19.458827586206898,29,6.83319366385757,1.2688922082393197,1.0,0.0,0.0,1,False
2011-05-09,19.022222222222222,9,6.473793165096057,2.157931055032019,1.0,0.0,0.0,1,False
2011-05-10,21.32875,16,5.4452845961743215,1.3613211490435804,1.0,0.0,0.0,1,False
2011-05-11,28.14375,24,5.518345579499585,1.1264275745097607,1.0,0.0,0.0,1,False
2011-05-12,25.465125,40,4.712876149376193,0.7451711481156353,1.0,0.0,0.0,1,False
2011-05-13,23.931391304347827,46,4.722008487348299,0.6962221683546601,1.0,0.0,0.0,1,False
2011-05-14,19.264477272727273,44,3.7624771929379763,0.5672147786929496,1.0,0.0,0.0,1,False
2011-05-15,28.26248780487805,41,27.69869005397363,4.325808625115578,1.0,0.0,0.0,1,False
2011-05-16,28.270190476190475,21,3.775516330504313,0.8238852081941869,1.0,0.0,0.0,1,False
2011-05-18,32.12473333333333,15,11.646012097750559,3.006987393621201,1.0,0.0,0.0,1,False
2011-05-19,37.14935294117647,17,14.233558093205193,3.4521449086264773,1.0,0.0,0.0,1,False
2011-05-20,37.9449375,16,17.130554664959526,4.282638666239881,1.0,0.0,0.0,1,False
2011-05-21,30.878833333333333,18,5.369468998283667,1.2655959800191066,1.0,0.0,0.0,1,False
2011-05-22,34.636375,16,8.390532115624929,2.097633028906232,1.0,0.0,0.0,1,False
2011-05-23,39.950875,24,5.420324467365559,1.1064190987807192,1.0,0.0,0.0,1,False
2011-05-24,31.26446153846154,39,6.014680915744292,0.9631197507648244,1.0,0.0,0.0,1,False
2011-05-25,35.96025,12,5.294900361754607,1.5285060745956347,1.0,0.0,0.0,1,False
2011-05-29,43.22877777777777,18,6.8292624660401895,1.6096726000799275,1.0,0.0,0.0,1,False
2011-05-30,39.23295238095238,21,9.255913652774588,2.0198059495149883,1.0,0.0,0.0,1,False
2011-06-04,10.50790625,32,12.218990910132277,2.160032832952829,1.0,0.0,0.0,1,False
2011-06-06,13.668354838709677,31,11.900898628670545,2.1374644925924047,1.0,0.0,0.0,1,False
2011-06-07,16.8159,20,15.906684761279983,3.5568428422882055,1.0,0.0,0.0,1,False
2011-06-08,9.502846153846153,39,8.321027237757244,1.3324307293439113,1.0,0.0,0.0,1,False
2011-06-09,16.285,30,7.754565645142711,1.4157835091664215,1.0,0.0,0.0,1,False
2011-06-10,25.497363636363637,11,11.010291242948364,3.3197277168541377,1.0,0.0,0.0,1,False
2011-07-03,17.9216,10,30.0349312752853,9.497879219652727,1.0,0.0,0.0,1,False
2011-07-05,9.101307692307692,26,23.52731802780628,4.61408668178029,1.0,0.0,0.0,1,False
2011-07-06,67.346,22,15.918937763676615,3.393928934836233,1.0,0.0,0.0,1,False
2011-07-07,90.61769230769231,13,15.300869557994709,4.24369767311815,1.0,0.0,0.0,1,False
2011-07-08,109.39758333333333,12,12.902028279293804,3.724494750071221,1.0,0.0,0.0,1,False
2011-07-09,103.17272727272729,11,22.95433614849669,6.920992756023201,1.0,0.0,0.0,1,False
2011-07-10,115.09649999999999,10,13.7774781537761,4.356821137914404,1.0,0.0,0.0,1,False
2011-07-11,119.91614705882353,34,17.693333458014806,3.0343816545041524,1.0,0.0,0.0,1,False
2011-07-12,111.1611052631579,38,13.058014467232686,2.1182896640205437,1.0,0.0,0.0,1,False
2011-07-18,108.0454827586207,29,33.86806262186576,6.289141341968932,1.0,0.0,0.0,1,False
2011-07-20,101.6934705882353,17,14.789702731620599,3.587029796115163,1.0,0.0,0.0,1,False
2011-07-21,111.18368421052631,38,14.384158905236527,2.333418699378183,1.0,0.0,0.0,1,False
2011-07-22,134.01977142857143,35,94.60625987592431,15.991376611617834,1.0,0.0,0.0,1,False
2011-07-23,104.12312,25,18.175333564843683,3.6350667129687366,1.0,0.0,0.0,1,False
2011-07-24,122.91287096774194,31,30.55950000326351,5.488648227873371,1.0,0.0,0.0,1,False
2011-07-25,126.13522857142857,35,15.55496217418532,2.629268492730772,1.0,0.0,0.0,1,False
2011-07-27,122.19244444444445,9,21.350680434772503,7.116893478257501,1.0,0.0,0.0,1,False
2011-07-28,141.22466666666665,18,15.985796846686416,3.767888450987498,1.0,0.0,0.0,1,False
2011-07-29,144.3287692307692,26,36.7279918506936,7.2029518131447485,1.0,0.0,0.0,1,False
2011-07-30,182.3122,15,65.37070097550256,16.878642413868423,1.0,0.0,0.0,1,False
2011-07-31,174.52634782608695,23,191.15523750525824,39.85862234234989,1.0,0.0,0.0,1,False
2011-08-01,160.69387500000002,8,216.1979434073173,76.43751593094974,1.0,0.0,0.0,1,False
2011-08-02,162.67090322580646,31,148.50612623084047,26.672487654516463,1.0,0.0,0.0,1,False
2011-08-03,181.417375,24,85.6365656723669,17.480490768470062,1.0,0.0,0.0,1,False
2011-08-05,18.6911,10,366.5786022501253,115.92233245913212,1.0,0.0,0.0,1,False
2011-08-06,116.09043333333334,30,22.774745651607226,4.158080644942657,1.0,0.0,0.0,1,False
2011-08-07,163.73029166666666,24,107.45054121719329,21.933249880668008,1.0,0.0,0.0,1,False
2011-08-08,155.2275,12,20.82338033644787,6.011192121343069,1.0,0.0,0.0,1,False
2011-08-09,159.3216216216216,37,19.443498243987978,3.1964914209851165,1.0,0.0,0.0,1,False
2011-08-10,157.86836363636365,22,17.448772704952376,3.7200908402220687,1.0,0.0,0.0,1,False
2011-08-12,135.1933,10,37.487781582951946,11.854677422904054,1.0,0.0,0.0,1,False
2011-08-13,132.97933333333333,27,26.237717233314804,5.049451035858528,1.0,0.0,0.0,1,False
2011-08-16,118.51055555555556,9,157.05701188351247,52.35233729450416,1.0,0.0,0.0,1,False
2011-08-17,177.32004545454546,22,22.96988492099057,4.897195919761123,1.0,0.0,0.0,1,False
2011-08-19,170.65396551724137,29,17.087047284174805,3.172985023882116,1.0,0.0,0.0,1,False
2011-08-20,186.80399999999997,9,25.29040021431057,8.43013340477019,1.0,0.0,0.0,1,False
2011-08-24,181.52261538461536,39,54.21064480563678,8.680650469309954,1.0,0.0,0.0,1,False
2011-08-26,255.54937500000003,24,212.01329394163872,43.277032403643254,1.0,0.0,0.0,1,False
2011-08-27,172.06252631578948,19,21.84617338057787,5.011855898368803,1.0,0.0,0.0,1,False
2011-08-28,157.70566666666667,15,22.471851092507034,5.802207002648846,1.0,0.0,0.0,1,False
2011-08-29,179.88595454545455,22,20.388701713676234,4.346885810916635,1.0,0.0,0.0,1,False
2011-09-01,167.56676923076924,13,73.81864995734914,20.473609808211535,1.0,0.0,0.0,1,False
2011-09-02,155.1077837837838,37,19.7767602154301,3.2512793515975886,1.0,0.0,0.0,1,False
2011-09-03,161.61938095238096,21,15.0613191702327,3.2866492934990874,1.0,0.0,0.0,1,False
2011-09-04,142.24144444444445,36,11.063243997114162,1.843873999519027,1.0,0.0,0.0,1,False
2011-09-07,149.12492307692307,13,29.583471909895728,8.204978836721358,1.0,0.0,0.0,1,False
2011-09-08,163.4765789473684,19,44.39244439881357,10.184325210061925,1.0,0.0,0.0,1,False
2011-09-09,145.48361904761904,21,44.47879670975395,9.706069178238106,1.0,0.0,0.0,1,False
2011-09-10,181.6486,10,30.11338190240345,9.52268748620892,1.0,0.0,0.0,1,False
2011-09-11,167.08492307692308,13,18.01070072883311,4.9952696142188024,1.0,0.0,0.0,1,False
2011-09-12,138.25904,25,24.34323937030567,4.868647874061134,1.0,0.0,0.0,1,False
2011-09-13,141.25548571428573,35,45.40666619779874,7.675127426021424,1.0,0.0,0.0,1,False
2011-09-14,118.65973684210526,38,18.193685473758894,2.9514055131592785,1.0,0.0,0.0,1,False
2011-09-15,127.45272727272727,11,17.95756195083791,5.414408649135626,1.0,0.0,0.0,1,False
2011-09-19,98.75025,16,45.343463836955976,11.335865959238994,1.0,0.0,0.0,1,False
2011-09-21,85.56183999999999,25,13.818398796773332,2.7636797593546665,1.0,0.0,0.0,1,False
2011-09-22,81.634,34,14.041445252817772,2.408087994214245,1.0,0.0,0.0,1,False
2011-09-26,57.46105882352941,17,24.14241784305838,5.855396401454482,1.0,0.0,0.0,1,False
2011-09-27,64.15276470588235,17,49.64673390633241,12.041101638984836,1.0,0.0,0.0,1,False
2011-09-28,236.37377777777778,9,291.5730550697277,97.1910183565759,1.0,0.0,0.0,1,False
2011-09-29,69.66578260869565,46,17.243807412663365,2.542460696481402,1.0,0.0,0.0,1,False
2011-09-30,64.25873529411764,34,8.295734198821972,1.4227066778162922,1.0,0.0,0.0,1,False
2011-10-03,204.342,8,148.78937523031874,52.60498809693405,1.0,0.0,0.0,1,False
2011-10-08,58.6318,10,12.136830959246874,3.8380029407666347,1.0,0.0,0.0,1,False
2011-10-09,60.25993548387097,31,30.920097629142422,5.553413473379492,1.0,0.0,0.0,1,False
2011-10-13,55.13868965517241,29,7.727159897324354,1.4348975702817992,1.0,0.0,0.0,1,False
2011-10-14,51.29768085106383,47,10.379474603663887,1.5140019748160454,1.0,0.0,0.0,1,False
2011-10-15,52.60152083333333,48,8.556545325915732,1.2350309368126704,1.0,0.0,0.0,1,False
2011-10-16,51.97784375,32,12.99867357031869,2.297862557000674,1.0,0.0,0.0,1,False
2011-10-17,47.78662962962963,27,9.852372085122632,1.8960898918339686,1.0,0.0,0.0,1,False
2011-10-18,46.6192,35,9.137528993435938,1.5445243013015124,1.0,0.0,0.0,1,False
2011-10-19,44.05597619047619,42,9.964306477863131,1.537525869583254,1.0,0.0,0.0,1,False
2011-10-20,46.496782608695646,23,6.553295444115551,1.3664565596726517,1.0,0.0,0.0,1,False
2011-10-21,63.28453846153846,13,41.311809214830625,11.457834338942888,1.0,0.0,0.0,1,False
2011-10-22,51.751,16,16.5506276336176,4.1376569084044,1.0,0.0,0.0,1,False
2011-10-23,98.50105882352942,17,146.01567280067513,35.41400246781243,1.0,0.0,0.0,1,False
2011-10-24,47.30005555555556,18,61.4611314394737,14.486527606749856,1.0,0.0,0.0,1,False
2011-10-25,33.50121428571428,14,7.565145533996647,2.021870190664175,1.0,0.0,0.0,1,False
2011-10-26,48.12285714285714,14,24.701617246516605,6.601784902549388,1.0,0.0,0.0,1,False
2011-10-27,37.9395625,16,48.52225164323237,12.130562910808093,1.0,0.0,0.0,1,False
2011-10-28,43.940266666666666,15,5.079053377306033,1.3114059429869867,1.0,0.0,0.0,1,False
2011-11-01,91.4371052631579,19,220.75830317991935,50.64542813204116,1.0,0.0,0.0,1,False
2011-11-02,71.22982142857143,28,99.06162886325363,18.720888174367655,1.0,0.0,0.0,1,False
2011-11-07,34.99963636363636,33,51.664380484054355,8.993614251067484,1.0,0.0,0.0,1,False
2011-11-08,54.574125,8,28.9812092739786,10.246404802308364,1.0,0.0,0.0,1,False
2011-11-09,41.2897037037037,27,7.407893496985365,1.4256497682041929,1.0,0.0,0.0,1,False
2011-11-10,32.76125,36,5.288860873166763,0.8814768121944604,1.0,0.0,0.0,1,False
2011-11-13,38.18796428571428,28,6.195187890506409,1.1707804631142005,1.0,0.0,0.0,1,False
2011-11-14,38.8855,12,6.05030613049681,1.746572936560988,1.0,0.0,0.0,1,False
2011-11-15,33.296,12,5.935086045175452,1.7133117629228194,1.0,0.0,0.0,1,False
2011-11-16,31.705063829787232,47,5.264478711566115,0.7679031425034383,1.0,0.0,0.0,1,False
2011-11-17,28.16538235294118,34,5.13802073680132,0.8811632867942972,1.0,0.0,0.0,1,False
2011-11-18,20.595181818181818,22,5.808636309401009,1.2384054222135041,1.0,0.0,0.0,1,False
2011-11-19,26.305090909090907,44,5.753825889235471,0.8674218901648667,1.0,0.0,0.0,1,False
2011-11-20,18.357466666666667,15,9.018196350131428,2.328488285125835,1.0,0.0,0.0,1,False
2011-11-25,26.116387096774197,31,8.14514007114025,1.4629103425275316,1.0,0.0,0.0,1,False
2011-11-26,23.800818181818183,22,3.8581708426509893,0.8225647874755201,1.0,0.0,0.0,1,False
2011-11-27,24.50272972972973,37,4.165596960345064,0.6848199218030031,1.0,0.0,0.0,1,False
2011-11-28,24.70878947368421,19,7.957020496105221,1.8254656965370806,1.0,0.0,0.0,1,False
2011-11-29,26.388583333333333,12,12.418910056539756,3.58503053209249,1.0,0.0,0.0,1,False
2011-11-30,24.84465625,32,6.530919184475738,1.1545143106810276,1.0,0.0,0.0,1,False
2011-12-01,16.489916666666666,36,4.266326404866034,0.7110544008110057,1.0,0.0,0.0,1,False
2011-12-03,29.35795652173913,23,4.897081686420828,1.0211121184336704,1.0,0.0,0.0,1,False
2011-12-04,14.22487234042553,47,4.200407369566107,0.6126923852494538,1.0,0.0,0.0,1,False
2011-12-05,12.92890625,32,6.203186623119604,1.096578831543388,1.0,0.0,0.0,1,False
2011-12-07,22.27638095238095,42,6.644208796708791,1.025223675179766,1.0,0.0,0.0,1,False
2011-12-08,14.628933333333334,45,3.85023196703783,0.5739586938292879,1.0,0.0,0.0,1,False
2011-12-09,12.307176470588235,34,3.0318752420022097,0.5199623143319805,1.0,0.0,0.0,1,False
2011-12-12,23.05841176470588,34,6.341159472973029,1.0874998777778915,1.0,0.0,0.0,1,False
2011-12-13,16.301157894736843,19,2.9902809838831366,0.6860175063967352,1.0,0.0,0.0,1,False
2011-12-15,18.03910810810811,37,5.088779403876859,0.8365901806177154,1.0,0.0,0.0,1,False
2011-12-16,13.24688,25,6.030971800630476,1.2061943601260952,1.0,0.0,0.0,1,False
2011-12-17,22.825722222222222,18,4.6161480479566075,1.0880365292237206,1.0,0.0,0.0,1,False
2011-12-18,32.726600000000005,10,13.671235262404055,4.323224185720653,1.0,0.0,0.0,1,False
2011-12-19,17.56878125,32,4.504673621304412,0.7963213161641278,1.0,0.0,0.0,1,False
2011-12-21,21.88417142857143,35,5.4776777737721405,0.9258965353070706,1.0,0.0,0.0,1,False
2011-12-22,10.983736842105264,19,4.00736894624703,0.919353487693362,1.0,0.0,0.0,1,False
2011-12-23,22.63909090909091,22,4.92802892026427,1.0506592960215078,1.0,0.0,0.0,1,False
2011-12-25,22.09281818181818,22,4.889950302954824,1.0425409075333025,1.0,0.0,0.0,1,False
2011-12-26,23.405,12,3.8809940619757337,1.1203464832025145,1.0,0.0,0.0,1,False
2011-12-27,14.772842105263159,38,6.125802281825383,0.9937363517237816,1.0,0.0,0.0,1,False
2011-12-29,13.685105263157894,19,5.492424134860033,1.2600485136272996,1.0,0.0,0.0,1,False
2011-12-30,11.325239999999999,25,5.9463155138287105,1.189263102765742,1.0,0.0,0.0,1,False
2012-01-01,24.040232558139536,43,6.075836202834687,0.9265563345073712,1.0,0.0,0.0,1,False
2012-01-02,13.18251219512195,41,6.496120712094069,1.0145236092902212,1.0,0.0,0.0,1,False
2012-01-04,15.075695652173913,23,6.87665703293516,1.4338821118939373,1.0,0.0,0.0,1,False
2012-01-05,34.047125,24,6.946855174090115,1.4180208744611655,1.0,0.0,0.0,1,False
2012-01-06,28.180600000000002,35,4.074576991397209,0.6887292160996539,1.0,0.0,0.0,1,False
2012-01-07,23.055851851851852,27,3.1635531108075736,0.6088260800401435,1.0,0.0,0.0,1,False
2012-01-08,17.9043,10,4.661766738289489,1.4741800813408863,1.0,0.0,0.0,1,False
2012-01-09,23.920785714285717,28,3.5591736073414246,0.6726205884235759,1.0,0.0,0.0,1,False
2012-01-10,25.1068,10,5.534619866500919,1.7502004761359953,1.0,0.0,0.0,1,False
2012-01-11,19.7604,35,11.429363018636023,1.9319149568073992,1.0,0.0,0.0,1,False
2012-01-12,12.042458333333334,48,3.4783423843704346,0.5020554779874888,1.0,0.0,0.0,1,False
2012-01-13,11.684870967741935,31,2.827978650814458,0.5079199597048022,1.0,0.0,0.0,1,False
2012-01-16,15.035384615384615,39,5.1315808870960735,0.8217105735521655,1.0,0.0,0.0,1,False
2012-01-17,10.69502564102564,39,4.207243706346044,0.6736981673052641,1.0,0.0,0.0,1,False
2012-01-18,12.008678571428572,28,4.203672169386185,0.7944193681028022,1.0,0.0,0.0,1,False
2012-01-19,11.941333333333333,39,3.0051100893516045,0.48120273058891283,1.0,0.0,0.0,1,False
2012-01-20,13.480933333333333,15,8.429481118301975,2.1764826658902283,1.0,0.0,0.0,1,False
2012-01-23,20.623222222222225,18,4.049056688336122,0.9543718139104057,1.0,0.0,0.0,1,False
2012-01-24,17.878999999999998,20,4.53774135794218,1.014669814067092,1.0,0.0,0.0,1,False
2012-01-26,23.16017857142857,28,4.350938051718753,0.8222500039068361,1.0,0.0,0.0,1,False
2012-01-27,17.3504,20,4.310790199878489,0.9639219923668206,1.0,0.0,0.0,1,False
2012-01-28,20.476249999999997,44,4.657567870780868,0.7021547755906656,1.0,0.0,0.0,1,False
2012-01-29,16.960366666666665,30,5.898690728390107,1.0769486572286135,1.0,0.0,0.0,1,False
2012-01-31,18.087791666666668,24,3.3285080869880614,0.6794288681540096,1.0,0.0,0.0,1,False
2012-02-01,17.007076923076923,13,5.625159026811871,1.560138407985332,1.0,0.0,0.0,1,False
2012-02-02,15.062804878048782,41,4.332466383132777,0.6766175733097687,1.0,0.0,0.0,1,False
2012-02-03,13.526714285714284,21,2.9444733169593706,0.6425367550830484,1.0,0.0,0.0,1,False
2012-02-04,19.077296296296296,27,11.164001484217078,2.148513087382037,1.0,0.0,0.0,1,False
2012-02-05,17.526823529411764,17,3.2804436673126642,0.7956244552481574,1.0,0.0,0.0,1,False
2012-02-06,15.07204,25,4.252065091223322,0.8504130182446644,1.0,0.0,0.0,1,False
2012-02-07,10.269919999999999,25,7.103585432254148,1.4207170864508296,1.0,0.0,0.0,1,False
2012-02-08,15.586133333333333,30,5.479013325051505,1.0003263970006981,1.0,0.0,0.0,1,False
2012-02-09,18.63475,20,6.720200019540458,1.5026824066087878,1.0,0.0,0.0,1,False
2012-02-10,10.22875,48,4.145288710013055,0.5983208881486886,1.0,0.0,0.0,1,False
2012-02-11,9.476891304347827,46,3.0100420316612104,0.44380648525658967,1.0,0.0,0.0,1,False
2012-02-12,14.015666666666666,27,10.77292269463656,2.0732499392358155,1.0,0.0,0.0,1,False
2012-02-13,17.6445,10,6.933655669590498,2.1926144427245853,1.0,0.0,0.0,1,False
2012-02-16,20.321823529411766,34,3.8397111907694965,0.6585050365728264,1.0,0.0,0.0,1,False
2012-02-17,17.960964285714287,28,3.9847681607558476,0.7530503989720158,1.0,0.0,0.0,1,False
2012-02-21,20.543692307692307,13,3.447944445236305,0.9562877301731336,1.0,0.0,0.0,1,False
2012-02-22,18.928424999999997,40,4.3642476655820595,0.6900481448156073,1.0,0.0,0.0,1,False
2012-02-23,16.60728,25,9.999177497507816,1.9998354995015633,1.0,0.0,0.0,1,False
2012-02-24,19.73817142857143,35,6.399001836158486,1.0816287255689867,1.0,0.0,0.0,1,False
2012-02-25,16.790933333333335,30,7.129187398358914,1.3016055849209152,1.0,0.0,0.0,1,False
2012-02-26,18.96457142857143,21,5.251543426188426,1.1459807269455333,1.0,0.0,0.0,1,False
2012-02-27,16.1154375,32,3.795029898624201,0.670872844030717,1.0,0.0,0.0,1,False
2012-02-28,20.82181818181818,11,8.18721442027973,2.468538028204997,1.0,0.0,0.0,1,False
2012-02-29,14.677228571428572,35,5.860663489269264,0.9906329366975984,1.0,0.0,0.0,1,False
2012-03-03,17.54362962962963,27,2.872969411978701,0.5529032211264879,1.0,0.0,0.0,1,False
2012-03-04,13.934149999999999,20,11.256206331456251,2.5169642525899705,1.0,0.0,0.0,1,False
2012-03-07,16.686888888888888,36,6.432147523085129,1.0720245871808547,1.0,0.0,0.0,1,False
2012-03-08,14.608969696969696,33,9.562435619014805,1.6646063777853697,1.0,0.0,0.0,1,False
2012-03-09,14.939692307692308,13,3.4946469632047097,0.9692406781137768,1.0,0.0,0.0,1,False
2012-03-12,9.961666666666666,9,5.0328742781833915,1.6776247593944638,1.0,0.0,0.0,1,False
2012-03-13,11.259,9,3.6759303244212886,1.2253101081404296,1.0,0.0,0.0,1,False
2012-03-14,15.386052631578947,19,3.8971507750846253,0.8940677050702678,1.0,0.0,0.0,1,False
2012-03-20,19.565833333333334,12,4.913573738002505,1.418426560159411,1.0,0.0,0.0,1,False
2012-03-22,15.434,22,11.144786229230156,2.3760764077020116,1.0,0.0,0.0,1,False
2012-03-24,25.19841176470588,17,3.302478937457882,0.8009687932656722,1.0,0.0,0.0,1,False
2012-03-25,20.18872340425532,47,4.654469393483548,0.6789241385076882,1.0,0.0,0.0,1,False
2012-03-27,24.783076923076923,13,6.328610253727886,1.755240674787928,1.0,0.0,0.0,1,False
2012-03-28,21.981536585365852,41,4.918228553542224,0.7680982550346467,1.0,0.0,0.0,1,False
2012-03-29,15.733799999999999,10,8.463134483682088,2.676278111274852,1.0,0.0,0.0,1,False
2012-04-01,23.566941176470586,17,5.676808340416605,1.3768282590544094,1.0,0.0,0.0,1,False
2012-04-02,19.925190476190476,21,3.9487929753159707,0.8616972720521583,1.0,0.0,0.0,1,False
2012-04-03,19.73216216216216,37,4.759162411797044,0.7824014809211559,1.0,0.0,0.0,1,False
2012-04-04,19.265142857142855,21,7.144325190567087,1.559019570245404,1.0,0.0,0.0,1,False
2012-04-05,14.341818181818182,11,3.5170529657138174,1.0604313686435842,1.0,0.0,0.0,1,False
2012-04-07,21.16735294117647,17,4.72540803715902,1.1460797918440742,1.0,0.0,0.0,1,False
2012-04-08,20.59551111111111,45,5.614492839648533,0.8369591765759964,1.0,0.0,0.0,1,False
2012-04-09,22.9975,46,6.417983960888515,0.9462801097641574,1.0,0.0,0.0,1,False
2012-04-10,19.9186,40,5.388334349932886,0.8519704670155335,1.0,0.0,0.0,1,False
2012-04-11,17.65,31,11.200869760871253,2.0117355963638515,1.0,0.0,0.0,1,False
2012-04-14,24.65413636363636,22,6.822964955944248,1.4546610162765397,1.0,0.0,0.0,1,False
2012-04-15,16.764333333333333,12,6.935161757742974,2.0020087538532523,1.0,0.0,0.0,1,False
2012-04-18,16.519583333333333,12,7.869351127903903,2.271685996021502,1.0,0.0,0.0,1,False
2012-04-19,14.8830625,16,4.941857147115849,1.2354642867789623,1.0,0.0,0.0,1,False
2012-04-20,19.35316,25,10.813194828079256,2.162638965615851,1.0,0.0,0.0,1,False
2012-04-22,10.4005,8,2.831725874545668,1.0011662841763243,1.0,0.0,0.0,1,False
2012-04-23,16.466636363636365,11,5.21620837913378,1.5727460019904231,1.0,0.0,0.0,1,False
2012-04-24,15.877857142857142,28,5.581097228604091,1.0547282364113018,1.0,0.0,0.0,1,False
2012-04-25,16.90177777777778,9,4.472042424267064,1.4906808080890215,1.0,0.0,0.0,1,False
2012-04-26,17.837038461538462,26,5.390296737514694,1.0571241634093442,1.0,0.0,0.0,1,False
2012-04-28,17.614636363636365,11,5.051824230369208,1.5231823162691458,1.0,0.0,0.0,1,False
2012-04-30,24.48818181818182,11,4.15660377756124,1.253263193849501,1.0,0.0,0.0,1,False
2012-05-02,22.442962962962966,27,5.862567785282917,1.1282516963251734,1.0,0.0,0.0,1,False
2012-05-03,23.29795238095238,21,21.121254182638374,4.609035526873476,1.0,0.0,0.0,1,False
2012-05-04,19.141407407407407,27,4.099696041821592,0.7889868711137799,1.0,0.0,0.0,1,False
2012-05-05,20.65975,20,4.806990401871447,1.0748757305773589,1.0,0.0,0.0,1,False
2012-05-06,19.97625,8,3.4874429744441713,1.2329972881154285,1.0,0.0,0.0,1,False
2012-05-07,32.31371428571428,21,4.3687050843797754,0.9533296065766077,1.0,0.0,0.0,1,False
2012-05-08,24.49046666666667,30,3.84708427642092,0.7023782796063925,1.0,0.0,0.0,1,False
2012-05-09,29.454954545454545,22,5.458018901686659,1.1636535397220578,1.0,0.0,0.0,1,False
2012-05-14,33.893125,16,10.986684236687005,2.746671059171751,1.0,0.0,0.0,1,False
2012-05-15,39.47735135135135,37,13.391807357104181,2.201599567696361,1.0,0.0,0.0,1,False
2012-05-16,38.45473076923077,26,15.040731624645638,2.9497301558761624,1.0,0.0,0.0,1,False
2012-05-19,40.22035714285715,14,3.2784375877059966,0.8761993012226774,1.0,0.0,0.0,1,False
2012-05-20,41.360789473684214,19,5.246918583309926,1.2037256773491347,1.0,0.0,0.0,1,False
2012-05-21,36.64044444444445,9,18.502519998037506,6.167506666012502,1.0,0.0,0.0,1,False
2012-05-22,39.5971,10,5.937703268099546,1.877666639741997,1.0,0.0,0.0,1,False
2012-05-29,47.53484210526316,19,6.523544267268946,1.4966036955126012,1.0,0.0,0.0,1,False
2012-05-30,47.95366666666666,30,6.323716063405655,1.154547311728349,1.0,0.0,0.0,1,False
2012-05-31,47.0008,15,6.788954350371532,1.752900475810089,1.0,0.0,0.0,1,False
2012-06-01,53.22228571428571,14,12.787815483309288,3.41768744741617,1.0,0.0,0.0,1,False
2012-06-02,60.580958333333335,24,5.970196766687929,1.2186613118666147,1.0,0.0,0.0,1,False
2012-06-03,50.84885714285714,14,27.834779038675126,7.439157614234232,1.0,0.0,0.0,1,False
2012-06-04,62.930200000000006,25,18.770097839826693,3.7540195679653388,1.0,0.0,0.0,1,False
2012-06-08,82.43066666666667,12,24.02640632657529,6.935826080153786,1.0,0.0,0.0,1,False
2012-06-11,86.8529,20,11.703261479289932,2.616928822614703,1.0,0.0,0.0,1,False
2012-06-12,88.83597297297297,37,12.396829376198674,2.0380261952443663,1.0,0.0,0.0,1,False
2012-06-15,101.68257142857144,14,55.05925049046189,14.715203664848106,1.0,0.0,0.0,1,False
2012-06-16,80.232,15,14.4608889817624,3.733785479848007,1.0,0.0,0.0,1,False
2012-06-17,89.4142380952381,21,7.777105823535911,1.6971036249540568,1.0,0.0,0.0,1,False
2012-06-18,97.46668421052631,19,12.243404238167642,2.8088295683731754,1.0,0.0,0.0,1,False
2012-06-19,73.17833333333334,9,25.1429411913165,8.3809803971055,1.0,0.0,0.0,1,False
2012-06-20,80.55300000000001,30,17.100295678024455,3.122072560954031,1.0,0.0,0.0,1,False
2012-06-21,101.25509090909091,33,14.780040515767448,2.5728748079150408,1.0,0.0,0.0,1,False
2012-06-22,92.59892857142857,28,34.78778243912288,6.5742729283813635,1.0,0.0,0.0,1,False
2012-06-24,97.30994871794873,39,35.90083580609577,5.748734557689683,1.0,0.0,0.0,1,False
2012-06-27,108.127,14,20.688347139987172,5.529193349748325,1.0,0.0,0.0,1,False
2012-06-28,122.91036666666668,30,17.383543126173684,3.1737862331897335,1.0,0.0,0.0,1,False
2012-06-29,131.8614074074074,27,39.369979154621454,7.576756020970217,1.0,0.0,0.0,1,False
2012-06-30,105.30339130434783,23,44.418452558633305,9.261887608585397,1.0,0.0,0.0,1,False
2012-07-01,157.0098888888889,9,94.56706260300736,31.522354201002454,1.0,0.0,0.0,1,False
2012-07-07,116.69115,20,44.902056992238236,10.040405176421444,1.0,0.0,0.0,1,False
2012-07-08,140.3029230769231,26,45.53621360449117,8.930386220939605,1.0,0.0,0.0,1,False
2012-07-09,123.30260714285714,28,38.13609356204802,7.207044252905031,1.0,0.0,0.0,1,False
2012-07-10,126.62294444444446,18,24.012880995470216,5.659890329240855,1.0,0.0,0.0,1,False
2012-07-14,131.81527272727274,22,22.317846024206123,4.758180759874957,1.0,0.0,0.0,1,False
2012-07-15,114.24483333333335,12,34.26274019406593,9.890801137109086,1.0,0.0,0.0,1,False
2012-07-16,145.7105652173913,23,12.095736847884908,2.5221354814252903,1.0,0.0,0.0,1,False
2012-07-17,114.32061538461538,39,32.69032799147606,5.234641868557824,1.0,0.0,0.0,1,False
2012-07-18,118.0868,20,58.55836371168062,13.094048191047476,1.0,0.0,0.0,1,False
2012-07-19,157.0088,10,57.53804813010449,18.19512842115224,1.0,0.0,0.0,1,False
2012-07-20,165.4213076923077,13,43.16902723671339,11.97293393952859,1.0,0.0,0.0,1,False
2012-07-21,144.7219375,32,39.214549167153066,6.932218409316802,1.0,0.0,0.0,1,False
2012-07-23,175.0670882352941,34,139.79161239141635,23.97406373991791,1.0,0.0,0.0,1,False
2012-07-24,170.5261176470588,17,52.78717977037885,12.802771639514106,1.0,0.0,0.0,1,False
2012-07-25,134.665375,24,18.72514590368071,3.8222544019320286,1.0,0.0,0.0,1,False
2012-07-26,138.4841818181818,22,76.36396155482191,16.280851307240326,1.0,0.0,0.0,1,False
2012-07-27,101.96197297297297,37,45.73049008684012,7.518046259254197,1.0,0.0,0.0,1,False
2012-07-30,145.71107692307692,26,17.48443407588149,3.4289796360402445,1.0,0.0,0.0,1,False
2012-07-31,189.83409090909092,11,165.66473202311622,49.949796101404665,1.0,0.0,0.0,1,False
2012-08-01,156.2815,18,16.413341543319167,3.8686617024039522,1.0,0.0,0.0,1,False
2012-08-02,166.250875,32,41.06546295678205,7.259416832326389,1.0,0.0,0.0,1,False
2012-08-04,125.03313333333334,30,13.332605091779076,2.4341895196918784,1.0,0.0,0.0,1,False
2012-08-05,133.6915294117647,34,20.20562722734991,3.465236481407463,1.0,0.0,0.0,1,False
2012-08-06,141.541875,32,32.5898768715072,5.761130733469342,1.0,0.0,0.0,1,False
2012-08-07,123.96866666666666,24,63.73337748687149,13.00952120225167,1.0,0.0,0.0,1,False
2012-08-08,103.047,8,37.8583485225801,13.384947482420051,1.0,0.0,0.0,1,False
2012-08-09,115.95020833333332,24,25.213158557248857,5.146614439095583,1.0,0.0,0.0,1,False
2012-08-10,116.95145833333333,24,36.203496844052495,7.390007847699146,1.0,0.0,0.0,1,False
2012-08-11,147.18345454545454,11,21.4171512408333,6.457514067648966,1.0,0.0,0.0,1,False
2012-08-12,132.09565,20,16.318233806244574,3.6488680063498,1.0,0.0,0.0,1,False
2012-08-13,150.802375,32,21.81867705955225,3.857033626332189,1.0,0.0,0.0,1,False
2012-08-14,125.53088235294118,17,45.08643441613335,10.935066551776536,1.0,0.0,0.0,1,False
2012-08-16,122.66808333333334,36,19.72264645147806,3.28710774191301,1.0,0.0,0.0,1,False
2012-08-17,100.62636,25,79.05389073383212,15.810778146766424,1.0,0.0,0.0,1,False
2012-08-18,104.511625,16,45.93919731394966,11.484799328487416,1.0,0.0,0.0,1,False
2012-08-19,107.60505,20,25.26917881629714,5.650360156883807,1.0,0.0,0.0,1,False
2012-08-20,113.92226315789475,19,9.885977739775921,2.2679988381987304,1.0,0.0,0.0,1,False
2012-08-26,142.05635,20,15.868432437671583,3.5482893626996352,1.0,0.0,0.0,1,False
2012-08-27,125.66572222222223,18,50.249645628022385,11.843955058598528,1.0,0.0,0.0,1,False
2012-08-30,115.2942,15,25.890117629816096,6.684799627441919,1.0,0.0,0.0,1,False
2012-08-31,99.96704545454546,22,35.577037133357685,7.585049802642011,1.0,0.0,0.0,1,False
2012-09-03,182.27366666666666,9,206.95497502838631,68.98499167612877,1.0,0.0,0.0,1,False
2012-09-04,141.42976923076924,13,75.37339532747818,20.904818589156957,1.0,0.0,0.0,1,False
2012-09-05,78.24145833333334,24,120.49073552008925,24.595068396404947,1.0,0.0,0.0,1,False
2012-09-06,84.36671428571428,21,11.467572912970105,2.50242956719575,1.0,0.0,0.0,1,False
2012-09-07,90.58613636363636,44,13.08303399950238,1.9723415861732796,1.0,0.0,0.0,1,False
2012-09-08,93.83262068965517,29,14.310643215587568,2.6574197314496666,1.0,0.0,0.0,1,False
2012-09-09,76.83257894736842,19,11.370402764857882,2.608549294703735,1.0,0.0,0.0,1,False
2012-09-11,89.27881818181818,11,10.86397555978641,3.2756118784911625,1.0,0.0,0.0,1,False
2012-09-12,81.73664864864864,37,11.541288251837923,1.897376100801372,1.0,0.0,0.0,1,False
2012-09-13,77.70791176470588,34,14.580805760599867,2.5005875581806194,1.0,0.0,0.0,1,False
2012-09-14,58.49095238095238,21,29.14440261092375,6.3598300499441285,1.0,0.0,0.0,1,False
2012-09-16,73.96821875,32,21.126068591006113,3.734596590128138,1.0,0.0,0.0,1,False
2012-09-17,74.99090625,32,20.515621673942682,3.626683801475645,1.0,0.0,0.0,1,False
2012-09-18,75.2389,10,8.351797018207122,2.6410701132937264,1.0,0.0,0.0,1,False
2012-09-19,73.7669090909091,11,18.627143621363665,5.616295118920472,1.0,0.0,0.0,1,False
2012-09-20,64.2440625,32,15.2080401314939,2.6884270763841225,1.0,0.0,0.0,1,False
2012-09-22,66.79986363636364,22,11.548287637631471,2.4621031970236698,1.0,0.0,0.0,1,False
2012-09-23,74.00305263157895,19,35.066558165981846,8.044820175963466,1.0,0.0,0.0,1,False
2012-09-24,67.37484375,32,16.966488948302263,2.999279847067786,1.0,0.0,0.0,1,False
2012-09-25,53.04461111111111,18,10.631809597169127,2.505941554147502,1.0,0.0,0.0,1,False
2012-09-26,52.22923529411765,17,7.712156114938056,1.8704726037142787,1.0,0.0,0.0,1,False
2012-09-28,54.987909090909085,11,36.76629312414986,11.08545447500261,1.0,0.0,0.0,1,False
2012-09-29,39.9113,10,12.891774233983465,4.076736966006023,1.0,0.0,0.0,1,False
2012-10-05,44.808,15,10.018965123347677,2.5868856712638992,1.0,0.0,0.0,1,False
2012-10-06,41.22603448275862,29,7.192528000257124,1.3356189193556613,1.0,0.0,0.0,1,False
2012-10-07,46.478500000000004,8,9.882337274147245,3.493933850261049,1.0,0.0,0.0,1,False
2012-10-08,34.791333333333334,9,4.613777031890466,1.537925677296822,1.0,0.0,0.0,1,False
2012-10-09,32.53230434782609,23,12.65631801776482,2.6390247355942296,1.0,0.0,0.0,1,False
2012-10-10,37.6826875,32,11.222225463374295,1.9838279312890772,1.0,0.0,0.0,1,False
2012-10-11,38.650757575757574,33,8.294734538512609,1.443927945239042,1.0,0.0,0.0,1,False
2012-10-14,38.56411111111111,27,13.535264563165061,2.6048628796987168,1.0,0.0,0.0,1,False
2012-10-18,25.347416666666664,12,9.085054334738537,2.6226292828818356,1.0,0.0,0.0,1,False
2012-10-19,27.74707692307692,13,9.915094296589235,2.7499523759548494,1.0,0.0,0.0,1,False
2012-10-21,31.063,15,9.929688032791939,2.563834425602551,1.0,0.0,0.0,1,False
2012-10-22,30.260214285714284,14,6.1809209443075925,1.651920607738162,1.0,0.0,0.0,1,False
2012-11-07,21.673235294117646,17,3.4882647105941467,0.8460284618761345,1.0,0.0,0.0,1,False
2012-11-08,26.047,24,4.303965512226461,0.8785432812909387,1.0,0.0,0.0,1,False
2012-11-09,22.983847826086958,46,5.70602126789428,0.8413069375997789,1.0,0.0,0.0,1,False
2012-11-10,22.798666666666666,9,14.048724363799012,4.682908121266338,1.0,0.0,0.0,1,False
2012-11-11,19.33484,25,7.500470950102621,1.5000941900205242,1.0,0.0,0.0,1,False
2012-11-12,20.423972972972972,37,6.795196315889002,1.1171233928732467,1.0,0.0,0.0,1,False
2012-11-15,20.8674,35,5.260297733689493,0.8891526021532896,1.0,0.0,0.0,1,False
2012-11-19,23.06925,16,11.04187017070327,2.7604675426758174,1.0,0.0,0.0,1,False
2012-11-20,20.433272727272726,11,4.785267664215013,1.4428124876019628,1.0,0.0,0.0,1,False
2012-11-22,26.028,20,14.103807772520529,3.153707292094579,1.0,0.0,0.0,1,False
2012-11-23,20.506295454545455,44,4.05291940474693,0.6110005895952781,1.0,0.0,0.0,1,False
2012-11-24,15.43975,8,4.226513380688964,1.494298136130423,1.0,0.0,0.0,1,False
2012-11-25,20.058309523809523,42,5.541586034693235,0.8550852892563113,1.0,0.0,0.0,1,False
2012-11-26,14.10790625,32,5.013816133119948,0.8863258468379072,1.0,0.0,0.0,1,False
2012-11-27,21.20212,25,4.257595646997648,0.8515191293995296,1.0,0.0,0.0,1,False
2012-11-28,22.7739,10,13.766779954739679,4.353438070332714,1.0,0.0,0.0,1,False
2012-11-29,16.25775,36,5.517475175036391,0.9195791958393985,1.0,0.0,0.0,1,False
2012-11-30,12.493714285714287,14,4.817001835303645,1.2873978927976797,1.0,0.0,0.0,1,False
2012-12-02,14.904375,8,3.766584922996276,1.3316888704828382,1.0,0.0,0.0,1,False
2012-12-03,19.47533333333333,18,6.920511167791683,1.6311801253409108,1.0,0.0,0.0,1,False
2012-12-04,12.215916666666667,36,10.980048116925536,1.8300080194875894,1.0,0.0,0.0,1,False
2012-12-06,19.298965517241378,29,9.57183877126303,1.777445837605905,1.0,0.0,0.0,1,False
2012-12-07,11.12546875,32,5.233185577572662,0.9251052522773171,1.0,0.0,0.0,1,False
2012-12-08,8.608833333333333,12,5.596216024054002,1.6154884139654377,1.0,0.0,0.0,1,False
2012-12-10,12.398136363636365,22,10.168013283005516,2.1678277158501382,1.0,0.0,0.0,1,False
2012-12-11,12.780772727272728,22,14.843481708534616,3.1646409334709804,1.0,0.0,0.0,1,False
2012-12-12,12.462625,8,10.67340238881545,3.77361760373205,1.0,0.0,0.0,1,False
2012-12-13,12.746064516129032,31,5.423123355505778,0.9740217081940723,1.0,0.0,0.0,1,False
2012-12-14,12.274600000000001,10,9.462312028956418,2.992245794271141,1.0,0.0,0.0,1,False
2012-12-17,14.6655,14,2.970426795286133,0.7938799543181148,1.0,0.0,0.0,1,False
2012-12-19,18.53511111111111,9,4.1452253390028275,1.3817417796676092,1.0,0.0,0.0,1,False
2012-12-20,15.694097560975608,41,8.706773021059174,1.3597694966090348,1.0,0.0,0.0,1,False
2012-12-21,9.207666666666666,12,8.706227576055003,2.5132714173307495,1.0,0.0,0.0,1,False
2012-12-22,15.05408695652174,23,7.555959050571479,1.575526374069163,1.0,0.0,0.0,1,False
2012-12-23,13.705558823529413,34,7.867393543169275,1.3492468614128401,1.0,0.0,0.0,1,False
2012-12-24,4.620631578947369,19,16.01246429160916,3.67351124653568,1.0,0.0,0.0,1,False
2013-04-16,23.817666666666668,12,25.389914133312256,7.329436879784658,1.0,0.0,0.0,1,False
2013-04-17,14.874,15,18.750420212434097,4.841337681143213,1.0,0.0,0.0,1,False
2013-04-18,16.892206896551723,29,51.422985741077824,9.549008727263162,1.0,0.0,0.0,1,False
2013-04-19,6.021636363636364,33,25.39816945153009,4.4212538036879705,1.0,0.0,0.0,1,False
2013-04-20,7.261625,8,19.199630286153948,6.788094385807034,1.0,0.0,0.0,1,False
2013-04-22,13.629135135135135,37,22.881483284236328,3.761692679972913,1.0,0.0,0.0,1,False
2013-04-23,9.870297297297299,37,8.135949445601378,1.3375418496244498,1.0,0.0,0.0,1,False
2013-04-24,12.35525,8,12.014342699457178,4.24771159714263,1.0,0.0,0.0,1,False
2013-04-25,9.445772727272727,22,4.432100329058428,0.9449269651151935,1.0,0.0,0.0,1,False
2013-04-26,6.1638125,16,5.079133839790009,1.2697834599475022,1.0,0.0,0.0,1,False
2013-04-28,7.774692307692309,13,9.61972443632193,2.668031516230203,1.0,0.0,0.0,1,False
2013-04-29,3.739666666666667,9,1.8059172184792966,0.6019724061597655,1.0,0.0,0.0,1,False
2013-04-30,10.381695652173914,23,10.45533842952438,2.1800887664006927,1.0,0.0,0.0,1,False
2013-05-01,10.352674418604652,43,14.5782325872399,2.223159627530273,1.0,0.0,0.0,1,False
2013-05-02,5.800025641025641,39,21.65281874987907,3.4672258910943103,1.0,0.0,0.0,1,False
2013-05-03,5.3191951219512195,41,18.07846925242775,2.823382552339138,1.0,0.0,0.0,1,False
2013-05-05,7.430736842105263,38,5.190097711334591,0.8419450265402155,1.0,0.0,0.0,1,False
2013-05-06,14.7276,10,14.132139392966026,4.468974869276199,1.0,0.0,0.0,1,False
2013-05-07,2.163111111111111,9,10.47939501407935,3.4931316713597833,1.0,0.0,0.0,1,False
2013-05-09,8.977500000000001,10,9.957590463226198,3.148866587096591,1.0,0.0,0.0,1,False
2013-05-11,15.835324324324326,37,18.525196418293017,3.0455235308002044,1.0,0.0,0.0,1,False
2013-05-12,19.025199999999998,35,12.861494791910967,2.173989409110442,1.0,0.0,0.0,1,False
2013-05-14,29.111736842105266,19,47.06063516930059,10.796450153779862,1.0,0.0,0.0,1,False
2013-05-15,24.362131578947366,38,14.551116212726539,2.3605027510673784,1.0,0.0,0.0,1,False
2013-05-16,20.07596,25,16.910694400979914,3.3821388801959826,1.0,0.0,0.0,1,False
2013-05-17,18.105733333333333,15,13.773179856241658,3.55621974716956,1.0,0.0,0.0,1,False
2013-06-03,32.14746153846154,13,8.810378478584074,2.4435593354445606,1.0,0.0,0.0,1,False
2013-06-04,40.1250625,16,10.538409585693344,2.634602396423336,1.0,0.0,0.0,1,False
2013-06-09,32.35677777777778,9,10.16205510437945,3.3873517014598167,1.0,0.0,0.0,1,False
2013-06-10,46.18793333333333,15,9.262479939956428,2.3915620368021013,1.0,0.0,0.0,1,False
2013-06-11,51.6418,10,6.837252856390657,2.1621291964686615,1.0,0.0,0.0,1,False
2013-06-12,44.448692307692305,26,11.448030257714139,2.245143449087886,1.0,0.0,0.0,1,False
2013-06-13,44.834125,24,10.611493466632835,2.1660620335106535,1.0,0.0,0.0,1,False
2013-06-15,50.622176470588236,17,8.01113996441279,1.9429868385224023,1.0,0.0,0.0,1,False
2013-06-16,60.2337,20,10.281752288194337,2.2990697044216546,1.0,0.0,0.0,1,False
2014-01-13,10.39075,12,31.01294189418054,8.952665175483679,1.0,0.0,0.0,1,False
2014-01-14,15.85053125,32,16.774319327538088,2.965308736572687,1.0,0.0,0.0,1,False
2014-01-16,11.069333333333335,27,41.724609327571436,8.029904809035113,1.0,0.0,0.0,1,False
2014-01-17,10.853772727272728,22,9.9513767649163,2.1216406550047324,1.0,0.0,0.0,1,False
2014-01-18,7.787428571428571,21,10.323925118729932,2.252865158363613,1.0,0.0,0.0,1,False
2014-01-19,14.943193548387097,31,12.862571268139082,2.310185997455037,1.0,0.0,0.0,1,False
2014-01-20,10.516146341463415,41,14.083632385789143,2.1994938507448945,1.0,0.0,0.0,1,False
2014-01-22,7.382615384615385,39,40.503704309875936,6.485783393407584,1.0,0.0,0.0,1,False
2014-01-23,0.9043750000000004,8,21.360710401091197,7.552151587786801,1.0,0.0,0.0,1,False
2014-01-24,-11.00155,20,51.641116797083306,11.547304759228448,1.0,0.0,0.0,1,False
2014-01-25,9.510121212121215,33,59.69021297120115,10.390732357523087,1.0,0.0,0.0,1,False
2014-01-26,-5.3092173913043474,23,38.8651124133861,8.103936142139545,1.0,0.0,0.0,1,False
2014-01-27,-6.3058387096774196,31,39.49656750495058,7.093792935747553,1.0,0.0,0.0,1,False
2014-01-28,13.764962962962963,27,39.92185982977003,7.682965506422744,1.0,0.0,0.0,1,False
2014-01-29,-1.1607999999999996,10,21.43388540916773,6.777989700002009,1.0,0.0,0.0,1,False
2014-01-30,8.895314285714285,35,52.65116691225227,8.89967154646226,1.0,0.0,0.0,1,False
2014-02-25,4.45952380952381,21,16.581705333345685,3.6184247543575982,1.0,0.0,0.0,1,False
2014-02-26,7.802208333333333,24,14.847166692025692,3.0306652101257487,1.0,0.0,0.0,1,False
2014-02-27,5.490692307692308,13,7.692437470059098,2.1334982870460437,1.0,0.0,0.0,1,False
2014-03-01,7.549675675675676,37,8.548144987377391,1.4053063792642093,1.0,0.0,0.0,1,False
2014-03-02,7.414999999999999,19,4.061201450583586,0.9317035111818233,1.0,0.0,0.0,1,False
2014-03-04,6.8502777777777775,18,6.9845551444139575,1.6462754353954985,1.0,0.0,0.0,1,False
2014-03-07,7.585142857142857,21,7.931393895688918,1.7307720425478643,1.0,0.0,0.0,1,False
2014-03-08,6.661888888888889,18,8.133648417233402,1.9171193172043228,1.0,0.0,0.0,1,False
2014-03-09,15.26775,8,11.135379790174584,3.936951280360041,1.0,0.0,0.0,1,False
2014-03-10,0.11726666666666699,15,24.783606887464565,6.399099782273446,1.0,0.0,0.0,1,False
2014-03-11,4.474261904761905,42,16.570250359560454,2.556845140190736,1.0,0.0,0.0,1,False
2014-03-12,6.381176470588236,17,5.011004193713249,1.2153470341819286,1.0,0.0,0.0,1,False
2014-05-26,28.867655172413794,29,9.796621350080203,1.8191869145956698,1.0,0.0,0.0,1,False
2014-05-27,30.040545454545455,22,7.366422260935557,1.570526503009376,1.0,0.0,0.0,1,False
2014-06-01,30.526521739130434,23,8.967995270402442,1.8699562790745832,1.0,0.0,0.0,1,False
2014-06-03,50.261900000000004,10,5.572036321370013,1.7620325980715188,1.0,0.0,0.0,1,False
2014-06-04,45.66884615384615,13,7.546848634210993,2.0931192091394704,1.0,0.0,0.0,1,False
2014-06-06,53.91645714285714,35,9.873578758016583,1.6689394193469635,1.0,0.0,0.0,1,False
2014-06-07,51.08715151515151,33,14.174283800516195,2.4674260988446792,1.0,0.0,0.0,1,False
2014-06-09,61.330799999999996,15,15.797016762667564,4.078772189438058,1.0,0.0,0.0,1,False
2014-06-12,50.05444444444444,9,16.453884230715182,5.484628076905061,1.0,0.0,0.0,1,False
2014-06-13,61.72277777777778,18,14.502033247122748,3.4181620166777544,1.0,0.0,0.0,1,False
2014-06-14,59.49955555555555,9,14.153424374609056,4.717808124869685,1.0,0.0,0.0,1,False
2014-06-16,49.184363636363635,11,19.870522686999088,5.991188012820052,1.0,0.0,0.0,1,False
2014-06-17,49.597032258064516,31,8.394713989505025,1.5077351415134426,1.0,0.0,0.0,1,False
2014-06-18,59.70327999999999,25,18.512575650351845,3.702515130070369,1.0,0.0,0.0,1,False
2014-06-19,63.44954545454545,11,18.955637247867116,5.715339673932753,1.0,0.0,0.0,1,False
2014-06-25,64.27775,28,22.930757869960186,4.333505907010846,1.0,0.0,0.0,1,False
2014-07-02,88.7064,15,19.931914759285632,5.146398261382604,1.0,0.0,0.0,1,False
2014-07-03,83.3302962962963,27,49.26039531355075,9.480167498221968,1.0,0.0,0.0,1,False
2014-07-06,158.531,12,164.43253328617513,47.46758367815266,1.0,0.0,0.0,1,False
2014-07-07,112.50705555555555,18,37.16332878377352,8.759480598157156,1.0,0.0,0.0,1,False
2014-07-08,103.04646341463415,41,26.404667078092046,4.123716189001863,1.0,0.0,0.0,1,False
2014-07-09,100.03942857142856,14,34.21446035436858,9.144199165671955,1.0,0.0,0.0,1,False
2014-07-15,86.081,14,15.178893377115676,4.056729894824209,1.0,0.0,0.0,1,False
2014-07-16,118.49000000000001,9,26.883599200999846,8.961199733666616,1.0,0.0,0.0,1,False
2014-07-19,104.36928571428572,14,17.747681419223234,4.74326737716766,1.0,0.0,0.0,1,False
2014-07-22,110.46796296296296,27,13.604877766339431,2.6182599468960084,1.0,0.0,0.0,1,False
2014-07-23,153.09990909090908,33,97.78745915420457,17.022611671427477,1.0,0.0,0.0,1,False
2014-07-25,108.83276923076923,13,34.7604980573108,9.640827546638498,1.0,0.0,0.0,1,False
2014-07-27,107.91385714285714,35,33.28186895393988,5.625662630347842,1.0,0.0,0.0,1,False
2014-07-28,155.0532962962963,27,85.7359949432491,16.49989991990842,1.0,0.0,0.0,1,False
2014-07-29,122.13691666666666,12,16.55889020467876,4.78013985857637,1.0,0.0,0.0,1,False
2014-07-30,133.23984615384614,26,19.421950259831906,3.8089578218042828,1.0,0.0,0.0,1,False
2014-07-31,139.30769230769232,26,87.3751987166927,17.13568627924859,1.0,0.0,0.0,1,False
2014-08-01,121.41199999999999,19,27.21187730875374,6.2428328027834254,1.0,0.0,0.0,1,False
2014-08-02,118.59621428571428,14,21.758965247521694,5.815328074781931,1.0,0.0,0.0,1,False
2014-08-03,112.28033333333333,18,28.8127657348981,6.791234011961949,1.0,0.0,0.0,1,False
2014-08-16,110.07114705882353,34,32.334530728030686,5.545326271104239,1.0,0.0,0.0,1,False
2014-08-17,111.81240000000001,15,21.216512931474593,5.478080083213027,1.0,0.0,0.0,1,False
2014-08-18,107.04714285714286,14,25.729172693976842,6.876410647571489,1.0,0.0,0.0,1,False
2014-08-19,90.09797297297297,37,16.429671996601627,2.7010214380004953,1.0,0.0,0.0,1,False
2014-08-20,81.2847,10,70.87184187602294,22.411644229953318,1.0,0.0,0.0,1,False
2014-08-21,84.0925652173913,23,18.003051634820356,3.7538957628738285,1.0,0.0,0.0,1,False
2014-08-22,89.249625,24,23.230543207657156,4.74191477553647,1.0,0.0,0.0,1,False
2014-08-23,94.94675,32,18.922316439045062,3.345024567451612,1.0,0.0,0.0,1,False
2014-09-04,88.49799999999999,13,8.736975926104714,2.423201130312694,1.0,0.0,0.0,1,False
2014-09-05,85.1032857142857,35,13.180337261532086,2.2278836230681294,1.0,0.0,0.0,1,False
2014-09-06,92.1965,22,28.875826915803277,6.156346983809875,1.0,0.0,0.0,1,False
2014-09-09,62.61599999999999,22,15.086569359785512,3.2164673948548743,1.0,0.0,0.0,1,False
2014-09-10,66.92357575757576,33,19.161620054862116,3.3356099034640874,1.0,0.0,0.0,1,False
2014-09-11,91.76246666666665,30,81.79354695005752,14.933390240968128,1.0,0.0,0.0,1,False
2014-09-12,74.5771,20,17.774601036014108,3.974521618946573,1.0,0.0,0.0,1,False
2014-09-14,82.92455172413793,29,17.392127963918057,3.229637083878324,1.0,0.0,0.0,1,False
2014-09-15,85.48143333333333,30,69.1892878920765,12.632177905403122,1.0,0.0,0.0,1,False
2014-09-16,82.38109523809524,21,48.17485050096654,10.51261423875526,1.0,0.0,0.0,1,False
2014-09-17,66.17011111111111,27,31.600206257035403,6.081462529649029,1.0,0.0,0.0,1,False
2014-09-20,70.28034782608695,23,11.216454554921027,2.3387924493171655,1.0,0.0,0.0,1,False
2014-09-21,65.509375,32,11.120976957983501,1.965929555102369,1.0,0.0,0.0,1,False
2014-09-22,61.4645625,16,32.42917230924188,8.10729307731047,1.0,0.0,0.0,1,False
2014-09-25,53.077,9,15.166906622643921,5.055635540881307,1.0,0.0,0.0,1,False
2014-09-28,56.97682352941177,17,10.485613067647108,2.543134719250932,1.0,0.0,0.0,1,False
2014-09-29,57.882739130434786,23,15.927762660945174,3.3211680984871372,1.0,0.0,0.0,1,False
2014-10-03,52.813,16,8.01116559143133,2.0027913978578327,1.0,0.0,0.0,1,False
2014-10-04,51.74772340425532,47,12.418498455936309,1.8114241716917665,1.0,0.0,0.0,1,False
2014-10-05,62.89066666666667,45,16.861608805211915,2.5135802332308566,1.0,0.0,0.0,1,False
2014-10-06,62.96360000000001,35,28.676032489950664,4.8471341735229965,1.0,0.0,0.0,1,False
2014-10-07,53.25703125,32,11.389570465390198,2.013410627719858,1.0,0.0,0.0,1,False
2014-10-08,54.79373913043479,46,12.872333692302664,1.8979220598716946,1.0,0.0,0.0,1,False
2014-10-09,53.7316,20,9.808637538307485,2.1932780302311734,1.0,0.0,0.0,1,False
2014-10-10,47.83932,25,18.998533306810817,3.7997066613621633,1.0,0.0,0.0,1,False
2014-10-13,45.41826666666667,15,109.48623891186813,28.26922532963678,1.0,0.0,0.0,1,False
2014-10-14,32.20721052631579,19,13.954707654802165,3.2014294975755844,1.0,0.0,0.0,1,False
2014-10-16,48.340545454545456,11,10.595702113249848,3.194724390911413,1.0,0.0,0.0,1,False
2014-10-17,38.94717777777778,45,11.568514024731272,1.7245322505305871,1.0,0.0,0.0,1,False
2014-10-18,40.56720833333333,24,7.392441892137075,1.508975882409203,1.0,0.0,0.0,1,False
2014-12-23,18.74913043478261,23,3.3302849087011355,0.694412406380936,1.0,0.0,0.0,1,False
2014-12-24,18.340541666666667,24,3.0915930884052893,0.631068796575677,1.0,0.0,0.0,1,False
2014-12-25,20.78851515151515,33,3.671699701102442,0.6391608773411496,1.0,0.0,0.0,1,False
2014-12-26,18.525916666666667,36,3.4134369305102785,0.5689061550850464,1.0,0.0,0.0,1,False
2014-12-27,15.270150000000001,40,5.497216370407565,0.8691862260625872,1.0,0.0,0.0,1,False
2014-12-28,13.690804347826088,46,5.627319727581251,0.8297030285436225,1.0,0.0,0.0,1,False
2014-12-29,11.707956521739131,46,3.460444178018011,0.5102146587718006,1.0,0.0,0.0,1,False
2014-12-30,11.47248780487805,41,5.629704530976521,0.8792121349239339,1.0,0.0,0.0,1,False
2014-12-31,15.320571428571428,28,6.232973759257925,1.1779213210991317,1.0,0.0,0.0,1,False
2015-01-01,17.1621,30,6.156321658991311,1.123985414629056,0.0,1.0,0.0,1,False
2015-01-03,17.551333333333332,12,4.7693275747375035,1.3767862795641015,0.0,1.0,0.0,1,False
2015-01-04,15.16529411764706,34,3.3722160821650853,0.5783302868861264,0.0,1.0,0.0,1,False
2015-01-05,13.558375,8,3.843383440128911,1.358841246607617,0.0,1.0,0.0,1,False
2015-02-05,13.5206,15,4.454339037067436,1.1501053939282508,0.0,1.0,0.0,1,False
2015-02-06,11.538027027027027,37,3.62849721331394,0.5965212673091228,0.0,1.0,0.0,1,False
2015-02-07,15.4205,14,4.967202118357514,1.3275406069822546,0.0,1.0,0.0,1,False
2015-02-08,10.821794117647059,34,2.7135662633182362,0.46537277484952205,0.0,1.0,0.0,1,False
2015-02-11,22.020727272727274,11,15.179194023998173,4.5766991997824436,0.0,1.0,0.0,1,False
2015-02-13,16.23911111111111,18,9.580404534556545,2.2581230042984277,0.0,1.0,0.0,1,False
2015-02-14,13.474625000000001,24,6.461241035809305,1.3188953035720543,0.0,1.0,0.0,1,False
2015-02-16,16.067,17,6.5371241765779535,1.5854854981064574,0.0,1.0,0.0,1,False
2015-02-17,11.590260869565219,23,3.988099789229672,0.8315762907523685,0.0,1.0,0.0,1,False
2015-02-18,15.657722222222223,18,4.398077184213649,1.0366367337131026,0.0,1.0,0.0,1,False
2015-02-21,14.725323529411765,34,4.162715610727356,0.7138998375903761,0.0,1.0,0.0,1,False
2015-02-22,13.476384615384616,13,2.9255977605286514,0.8114148259206669,0.0,1.0,0.0,1,False
2015-02-24,16.31992,25,7.181154694290698,1.4362309388581396,0.0,1.0,0.0,1,False
2015-02-25,12.023931034482759,29,4.3365285320587486,0.8052731322750837,0.0,1.0,0.0,1,False
2015-02-26,12.17325,32,3.9665841402818476,0.7011996359350765,0.0,1.0,0.0,1,False
2015-03-01,13.657454545454545,22,3.01005903639736,0.6417467428325956,0.0,1.0,0.0,1,False
2015-03-03,18.75433333333333,12,7.004560570648152,2.022042465509375,0.0,1.0,0.0,1,False
2015-03-04,13.454206896551725,29,4.462771115248193,0.8287157914527922,0.0,1.0,0.0,1,False
2015-03-06,13.823714285714287,14,5.118239863146636,1.367907142230247,0.0,1.0,0.0,1,False
2015-03-07,13.962272727272728,22,4.778582347873818,1.0187971797309727,0.0,1.0,0.0,1,False
2015-03-08,14.892227272727274,22,4.567588641012509,0.973813170281616,0.0,1.0,0.0,1,False
2015-03-09,17.30246153846154,13,4.584248368333037,1.271441734729761,0.0,1.0,0.0,1,False
2015-03-10,15.38725,8,3.574160830580675,1.2636566801774691,0.0,1.0,0.0,1,False
2015-03-13,17.778384615384617,26,3.2343757243328803,0.634313266640929,0.0,1.0,0.0,1,False
2015-03-14,18.377592592592592,27,7.555308099705894,1.4540197217252526,0.0,1.0,0.0,1,False
2015-03-15,19.333000000000002,15,6.431668834758207,1.6606497523559864,0.0,1.0,0.0,1,False
2015-03-16,21.9324,10,18.47036463695891,5.840842146661919,0.0,1.0,0.0,1,False
2015-03-17,22.83438095238095,21,6.783624182368821,1.4803081572303831,0.0,0.9523809523809523,0.047619047619047616,2,True
2015-03-18,18.935583333333334,12,6.185690458386169,1.7856550256364774,0.0,0.8333333333333334,0.16666666666666666,2,True
2015-03-20,17.21384375,32,3.9218411748316435,0.6932901223650179,0.0,0.9375,0.0625,2,True
2015-03-21,16.581999999999997,44,6.524333450762935,0.9835802756066064,0.0,0.8409090909090909,0.1590909090909091,2,True
2015-03-22,21.613142857142858,14,23.915213586775657,6.391609683802548,0.0,0.8571428571428571,0.14285714285714285,2,True
2015-03-25,19.336857142857145,21,4.44329375897784,0.9696061897828964,0.0,0.8095238095238095,0.19047619047619047,2,True
2015-03-26,18.791044444444445,45,7.11196060090949,1.060188490462258,0.0,0.8666666666666667,0.13333333333333333,2,True
2015-03-27,23.53822222222222,9,5.158587955482046,1.7195293184940155,0.0,0.7777777777777778,0.2222222222222222,2,True
2015-03-29,21.996304347826086,23,5.0017150552656595,1.0429296840291684,0.0,0.9130434782608695,0.08695652173913043,2,True
2015-03-30,17.659666666666666,18,4.631593182886933,1.0916769824389119,0.0,1.0,0.0,1,False
2015-03-31,23.07665517241379,29,8.682539915073658,1.6123071857653541,0.0,0.9310344827586207,0.06896551724137931,2,True
2015-04-01,23.874125,8,8.015622878167356,2.833950646293084,0.0,0.875,0.125,2,True
2015-04-02,21.51778947368421,38,5.987090500166462,0.9712343293754915,0.0,0.7894736842105263,0.21052631578947367,2,True
2015-04-03,20.9789,40,5.27493122959182,0.8340398593131365,0.0,0.975,0.025,2,True
2015-04-04,20.205967741935485,31,7.417116598264993,1.3321534667991894,0.0,0.9032258064516129,0.0967741935483871,2,True
2015-04-05,25.567,13,30.883977696102118,8.565674244121723,0.0,0.7692307692307693,0.23076923076923078,2,True
2015-04-06,17.731880952380955,42,4.398509210876445,0.6787047060773528,0.0,1.0,0.0,1,False
2015-04-07,19.456517241379313,29,8.046073361853903,1.4941183139268293,0.0,0.896551724137931,0.10344827586206896,2,True
2015-04-08,16.749060606060606,33,3.785077946187121,0.658897496481861,0.0,0.9393939393939394,0.06060606060606061,2,True
2015-04-09,17.966307692307694,26,3.519689267753399,0.6902678560791417,0.0,0.8846153846153846,0.11538461538461539,2,True
2015-04-10,21.01536,25,4.209777853204767,0.8419555706409534,0.0,0.04,0.96,2,True
2015-04-12,21.588866666666664,15,5.114002847458097,1.320429857377501,0.0,0.5333333333333333,0.4666666666666667,2,True
2015-04-13,24.16372972972973,37,8.979107090749455,1.4761561126255633,0.0,0.8378378378378378,0.16216216216216217,2,True
2015-04-16,23.752285714285716,21,5.176793632576608,1.1296689846879866,0.0,1.0,0.0,1,False
2015-04-17,26.075608695652175,23,4.905691210116252,1.0229073282223324,0.0,0.9565217391304348,0.043478260869565216,2,True
2015-04-18,19.015764705882354,17,3.9377637614738235,0.9550479951344754,0.0,1.0,0.0,1,False
2015-04-19,21.03081818181818,11,3.969979315265555,1.1969938012916268,0.0,1.0,0.0,1,False
2015-04-20,24.221791666666665,24,7.214660731902041,1.4726864550378855,0.0,1.0,0.0,1,False
2015-04-21,20.973805555555558,36,6.566038609257027,1.0943397682095044,0.0,0.8333333333333334,0.16666666666666666,2,True
2015-04-22,20.965145833333334,48,5.744792957732796,0.829189440146424,0.0,0.8958333333333334,0.10416666666666667,2,True
2015-04-23,21.303242424242427,33,7.359447618666359,1.2811153905861823,0.0,0.9393939393939394,0.06060606060606061,2,True
2015-04-24,17.766444444444446,9,6.931324604848469,2.3104415349494896,0.0,0.7777777777777778,0.2222222222222222,2,True
2015-04-25,17.96630769230769,26,4.20600131972619,0.824864723210802,0.0,0.9615384615384616,0.038461538461538464,2,True
2015-04-26,17.491055555555555,18,5.4465853358100835,1.2837724750875066,0.0,0.9444444444444444,0.05555555555555555,2,True
2015-04-27,22.906411764705883,17,6.470348474568657,1.5692900114823927,0.0,1.0,0.0,1,False
2015-04-28,21.2875,36,4.064086089498738,0.677347681583123,0.0,1.0,0.0,1,False
2015-04-29,19.575222222222223,18,4.902933198373441,1.1556324374248363,0.0,0.9444444444444444,0.05555555555555555,2,True
2015-05-01,19.716375,8,2.5928359508185514,0.9167059416640336,0.0,1.0,0.0,1,False
2015-05-03,25.38025,28,6.804409848005161,1.2859125911700333,0.0,0.9642857142857143,0.03571428571428571,2,True
2015-05-04,24.735400000000002,20,4.479232563497315,1.0015868499010638,0.0,1.0,0.0,1,False
2015-05-07,23.804875,8,5.453313499607371,1.9280374777542575,0.0,1.0,0.0,1,False
2015-05-08,21.518242424242423,33,3.7730468376888644,0.6568031493159359,0.0,0.9696969696969697,0.030303030303030304,2,True
2015-05-09,18.676243902439026,41,4.225536426185958,0.6599179196747972,0.0,0.975609756097561,0.024390243902439025,2,True
2015-05-10,19.664375,24,5.9478948618854615,1.2141089546117672,0.0,0.7916666666666666,0.20833333333333334,2,True
2015-05-12,20.579954545454545,22,8.253619716609613,1.7596776361079598,0.0,1.0,0.0,1,False
2015-05-15,18.6584,20,4.882506565064173,1.091761658007249,0.0,1.0,0.0,1,False
2015-05-18,20.294105263157896,19,5.32284568727352,1.2211445496256093,0.0,1.0,0.0,1,False
2015-05-19,19.013857142857145,35,3.4014313435484684,0.5749468344333846,0.0,1.0,0.0,1,False
2015-05-20,20.91627777777778,18,3.727575395624529,0.8785979465434108,0.0,1.0,0.0,1,False
2015-05-21,17.833099999999998,30,4.713201498871602,0.8605089263330453,0.0,1.0,0.0,1,False
2015-05-22,18.53507692307692,13,3.8489735311625295,1.067513186500784,0.0,1.0,0.0,1,False
2015-05-25,13.961272727272728,11,2.430274885312733,0.7327554483642125,0.0,1.0,0.0,1,False
2015-05-26,16.03977777777778,9,5.29846283788463,1.7661542792948766,0.0,1.0,0.0,1,False
2015-05-27,21.05309523809524,21,4.340443835655082,0.9471624965044704,0.0,1.0,0.0,1,False
2015-05-29,18.97858620689655,29,3.6957864088449375,0.6862903070206128,0.0,1.0,0.0,1,False
2015-05-30,16.98939393939394,33,3.899971826335688,0.6788979538217785,0.0,1.0,0.0,1,False
2015-06-04,17.389684210526315,19,3.9226823596535105,0.8999250522810169,0.0,1.0,0.0,1,False
2015-06-05,23.794,12,3.477683790320009,1.0039208362488277,0.0,1.0,0.0,1,False
2015-06-07,23.32709375,32,5.879339053040301,1.0393301283249228,0.0,1.0,0.0,1,False
2015-06-08,25.59,28,6.454169252563862,1.219723340128829,0.0,1.0,0.0,1,False
2015-06-09,23.421692307692304,13,3.483447415626636,0.9661344824941812,0.0,1.0,0.0,1,False
2015-06-10,23.407555555555557,36,3.496014763326497,0.5826691272210828,0.0,1.0,0.0,1,False
2015-06-11,23.19427272727273,11,4.937343882917395,1.48866519278122,0.0,1.0,0.0,1,False
2015-06-12,28.008363636363637,11,4.7556854452902435,1.4338931129983619,0.0,1.0,0.0,1,False
2015-06-14,25.595538461538464,13,6.209105647023366,1.7220960603935196,0.0,1.0,0.0,1,False
2015-06-15,27.14109375,32,6.038892417992616,1.0675354449046515,0.0,1.0,0.0,1,False
2015-06-16,25.43753333333333,15,5.681513189618547,1.466960397643361,0.0,1.0,0.0,1,False
2015-06-17,29.047250000000002,12,5.357792186492152,1.546661380566659,0.0,1.0,0.0,1,False
2015-06-18,25.3083125,32,3.7471564138044915,0.6624099275919552,0.0,1.0,0.0,1,False
2015-06-20,26.458,23,4.5578863023834355,0.9503849916802493,0.0,1.0,0.0,1,False
2015-06-21,31.298875,16,3.6665910393715864,0.9166477598428966,0.0,1.0,0.0,1,False
2015-06-22,27.571727272727273,22,4.911210220184006,1.0470735371162252,0.0,1.0,0.0,1,False
2015-06-23,33.642541666666666,24,4.806246831664396,0.9810710262871739,0.0,1.0,0.0,1,False
2015-06-26,32.189625,8,2.4334066031858645,0.8603391552484234,0.0,1.0,0.0,1,False
2015-06-27,29.56581818181818,11,5.46720599242761,1.6484246298604552,0.0,1.0,0.0,1,False
2015-06-28,30.553624999999997,24,10.864490807462392,2.2177048994534383,0.0,1.0,0.0,1,False
2015-06-29,29.16126923076923,26,5.963858694219323,1.1696089176205506,0.0,1.0,0.0,1,False
2015-06-30,29.68288,25,5.946809027537375,1.189361805507475,0.0,1.0,0.0,1,False
2015-07-02,33.19705555555556,18,5.295764494855044,1.2482236619596512,0.0,1.0,0.0,1,False
2015-07-03,35.078250000000004,28,5.89433450913295,1.1139245182422686,0.0,1.0,0.0,1,False
2015-07-06,31.800288888888886,45,4.962820374921639,0.7398135812297185,0.0,1.0,0.0,1,False
2015-07-07,36.63295238095238,21,8.763461984148673,1.9123441853442473,0.0,1.0,0.0,1,False
2015-07-08,33.925125,16,5.176573330882119,1.2941433327205298,0.0,1.0,0.0,1,False
2015-07-09,32.1306,15,3.707007164045641,0.9571451340413568,0.0,1.0,0.0,1,False
2015-07-10,30.07033333333333,9,4.693542318974019,1.5645141063246728,0.0,1.0,0.0,1,False
2015-07-13,35.954375,24,5.727862358776351,1.1691950079913778,0.0,1.0,0.0,1,False
2015-07-14,33.239117647058826,17,4.151555173702273,1.0069000289267027,0.0,1.0,0.0,1,False
2015-07-17,38.05296153846154,26,5.497312976214976,1.078111774540269,0.0,1.0,0.0,1,False
2015-07-18,32.92479310344827,29,6.121326591628592,1.1367018115246517,0.0,1.0,0.0,1,False
2015-07-19,33.46228205128205,39,8.220059485470246,1.316262949576345,0.0,1.0,0.0,1,False
2015-07-20,43.39622727272727,44,24.180817859736475,3.6453954529395727,0.0,1.0,0.0,1,False
2015-07-21,44.86607142857143,28,7.376125179345565,1.393956633130719,0.0,1.0,0.0,1,False
2015-07-24,47.76233333333333,18,8.865190247120873,2.0895453800826718,0.0,1.0,0.0,1,False
2015-07-26,43.03309090909091,11,14.190008509190864,4.278448545176045,0.0,0.8181818181818182,0.18181818181818182,2,True
2015-07-29,51.2253829787234,47,14.216874955569972,2.0737443445208443,0.0,0.7659574468085106,0.23404255319148937,2,True
2015-07-30,62.051102564102564,39,14.256284916512532,2.2828325838004626,0.0,0.7692307692307693,0.23076923076923078,2,True
2015-07-31,66.4625588235294,34,24.987528370613056,4.285325761768438,0.0,0.0,1.0,1,False
2015-08-01,67.02709523809524,21,7.878350505688116,1.7191970258909244,0.0,0.0,1.0,1,False
2015-08-02,67.66179166666667,24,18.095178533855407,3.693662851042431,0.0,0.0,1.0,1,False
2015-08-03,54.912608695652175,23,11.85987740523458,2.4729553879412287,0.0,0.0,1.0,1,False
2015-08-04,58.532000000000004,12,5.576990847140679,1.6099385834323752,0.0,0.0,1.0,1,False
2015-08-06,45.473875,8,10.03883200999997,3.5492630947317787,0.0,0.0,1.0,1,False
2015-08-07,41.8061,20,9.598036169199569,2.146186132483191,0.0,0.0,1.0,1,False
2015-08-09,51.921,11,6.163349381626844,1.8583197591568377,0.0,0.0,1.0,1,False
2015-08-10,58.85872727272727,11,7.130068472194488,2.1497965319828807,0.0,0.0,1.0,1,False
2015-08-11,45.1141,10,17.347644524385565,5.485806873600678,0.0,0.0,1.0,1,False
2015-08-13,52.20414814814814,27,17.203854802169513,3.310883400377268,0.0,0.0,1.0,1,False
2015-08-16,46.87259259259259,27,8.995909443310923,1.7312635795670193,0.0,0.0,1.0,1,False
2015-08-17,45.760111111111115,18,13.910362252181935,3.2787038257597407,0.0,0.0,1.0,1,False
2015-08-18,41.57675,8,3.2613458987707165,1.1530599004078546,0.0,0.0,1.0,1,False
2015-08-20,36.634181818181816,22,8.192204358478993,1.746583837759275,0.0,0.0,1.0,1,False
2015-08-24,52.64025,16,7.2781444292713315,1.8195361073178329,0.0,0.0,1.0,1,False
2015-08-25,57.36558620689655,29,7.471049622744935,1.3873390862331565,0.0,0.0,1.0,1,False
2015-09-03,43.01058333333333,12,7.531344869137169,2.174111993778126,0.0,0.0,1.0,1,False
2015-09-04,46.84823529411764,17,14.123892534148528,3.42554710371571,0.0,0.0,1.0,1,False
2015-09-06,40.4349,10,5.4255588641990515,1.7157123590185186,0.0,0.9,0.1,2,True
2015-09-07,43.29258333333333,12,8.083874998564996,2.333613703258393,0.0,0.8333333333333334,0.16666666666666666,2,True
2015-09-08,49.50344444444445,18,9.101536568541421,2.14525274227766,0.0,1.0,0.0,1,False
2015-09-09,49.639315789473685,19,8.404996662387012,1.9282384774811383,0.0,1.0,0.0,1,False
2015-09-10,50.23839130434782,23,10.786135008928364,2.2490646213271988,0.0,0.9565217391304348,0.043478260869565216,2,True
2015-09-11,49.3159696969697,33,11.774364185288437,2.0496537177437313,0.0,1.0,0.0,1,False
2015-09-14,39.48581818181818,11,5.291983953456054,1.595593197290484,0.0,1.0,0.0,1,False
2015-09-17,48.45627777777778,18,8.364051789059257,1.9714259127464253,0.0,0.9444444444444444,0.05555555555555555,2,True
2015-09-18,53.553071428571435,28,10.144751279022444,1.9171777854927008,0.0,1.0,0.0,1,False
2015-09-19,45.630583333333334,12,13.261213789628853,3.8281826756116977,0.0,1.0,0.0,1,False
2015-09-22,51.0306,10,11.086277355361448,3.5057887215290084,0.0,0.0,1.0,1,False
2015-10-01,49.28007692307692,13,34.39084257585037,9.538303562587583,0.0,0.0,1.0,1,False
2015-10-02,43.46665217391304,23,10.833471426382452,2.258934946676199,0.0,0.0,1.0,1,False
2015-10-03,43.615785714285714,14,9.58588480871401,2.561935478806349,0.0,0.0,1.0,1,False
2015-10-06,46.37339130434783,23,11.690466919437668,2.4376308597601613,0.0,0.0,1.0,1,False
2015-10-08,38.23092592592592,27,8.37214380653957,1.6112198267999598,0.0,0.0,1.0,1,False
2015-10-09,38.09663157894737,19,12.053370285758835,2.7652327897209856,0.0,0.0,1.0,1,False
2015-10-11,42.97577777777778,9,7.071361799147633,2.3571205997158775,0.0,0.0,1.0,1,False
2015-10-13,43.35727777777778,18,6.09703022988922,1.4370838068846807,0.0,0.0,1.0,1,False
2015-10-14,35.796458333333334,24,10.556290920497995,2.1547938609662527,0.0,0.0,1.0,1,False
2015-10-15,42.180240000000005,25,24.380605697767237,4.876121139553447,0.0,0.0,1.0,1,False
2015-10-16,36.6210625,32,7.317267491649792,1.2935223657753616,0.0,0.0,1.0,1,False
2015-10-17,35.17822222222222,9,10.202394544637277,3.4007981815457593,0.0,0.0,1.0,1,False
2015-10-20,35.103764705882355,17,23.582182247751717,5.7195193111791784,0.0,0.0,1.0,1,False
2015-10-24,28.960666666666665,21,5.1713025180638335,1.1284707252639647,0.0,0.0,1.0,1,False
2015-11-03,23.36175,24,9.46598091221585,1.9322352624878398,0.0,1.0,0.0,1,False
2015-11-06,29.345384615384617,13,9.343106420765183,2.5913114824758225,0.0,1.0,0.0,1,False
2015-11-07,30.612750000000002,24,9.847379369990865,2.0100878966739417,0.0,1.0,0.0,1,False
2015-11-11,22.989947368421053,19,6.037663137650417,1.3851349195873088,0.0,1.0,0.0,1,False
2015-11-12,31.10918181818182,11,13.013403765488736,3.9236888668658407,0.0,1.0,0.0,1,False
2015-11-13,33.0833125,16,9.712996384355346,2.4282490960888365,0.0,1.0,0.0,1,False
2015-11-19,24.508111111111113,9,6.505883019322674,2.168627673107558,0.0,1.0,0.0,1,False
2015-11-20,23.440058823529412,17,10.46617238100078,2.5384196601640294,0.0,1.0,0.0,1,False
2015-11-21,13.970357142857143,14,13.172638860719784,3.5205358211798328,0.0,1.0,0.0,1,False
2015-11-23,20.621,15,5.46460931814892,1.4109560588480423,0.0,1.0,0.0,1,False
2015-11-25,20.513866666666665,15,7.22561238993096,1.8656450968235054,0.0,1.0,0.0,1,False
2015-11-26,23.4564,25,19.340231220610228,3.868046244122046,0.0,1.0,0.0,1,False
2015-11-27,13.74252380952381,21,7.313790157087141,1.5959998577083232,0.0,0.5714285714285714,0.42857142857142855,2,True
2015-11-28,14.637727272727272,22,7.2935775673946,1.5549959621637393,0.0,0.5454545454545454,0.45454545454545453,2,True
2015-12-06,16.14676923076923,13,2.57419431259071,0.7139530451579679,0.0,0.9230769230769231,0.07692307692307693,2,True
2015-12-11,15.435954545454546,22,6.605364677415246,1.4082684810149761,0.0,0.7272727272727273,0.2727272727272727,2,True
2015-12-12,11.0475,14,3.5833209510817676,0.9576828075569229,0.0,0.6428571428571429,0.35714285714285715,2,True
2015-12-13,18.77058823529412,17,11.393323182125263,2.7632867592176926,0.0,0.7058823529411765,0.29411764705882354,2,True
2015-12-14,27.315571428571428,28,26.366883088630775,4.982872535745118,0.0,0.39285714285714285,0.6071428571428571,2,True
2015-12-15,15.84475,8,8.242819710858312,2.914276856823024,0.0,0.25,0.75,2,True
2016-01-06,12.910619047619047,21,23.379004571358873,5.101717053379555,0.0,0.2857142857142857,0.7142857142857143,2,True
2016-01-08,11.644962962962962,27,2.1782092942012556,0.41919657411947986,0.0,0.0,1.0,1,False
2016-01-21,10.444769230769232,13,4.911488592301492,1.3622018429538059,0.0,0.3076923076923077,0.6923076923076923,2,True
2016-01-25,13.8895,16,9.374752775406932,2.343688193851733,0.0,0.1875,0.8125,2,True
2016-01-26,19.685029411764706,34,15.074162248163484,2.5851974977686574,0.0,0.5588235294117647,0.4411764705882353,2,True
2016-01-28,8.82525,28,12.907991029461813,2.439381013529183,0.0,0.5,0.5,2,True
2016-01-30,10.235800000000001,20,4.16593940375871,0.9315323696949418,0.0,0.85,0.15,2,True
2016-01-31,12.729800000000001,20,4.388326363624772,0.981259605651945,0.0,0.8,0.2,2,True
2016-02-01,8.316411764705881,17,3.002794824384934,0.7282847195880656,0.0,0.0,1.0,1,False
2016-02-02,9.21348484848485,33,4.331346623173417,0.7539906672936557,0.0,0.0,1.0,1,False
2016-02-03,9.872083333333332,36,2.9000594513610527,0.4833432418935088,0.0,0.1388888888888889,0.8611111111111112,2,True
2016-02-04,10.4496875,16,2.631492193129214,0.6578730482823035,0.0,0.375,0.625,2,True
2016-02-07,14.050777777777776,9,6.692989126275677,2.2309963754252258,0.0,0.5555555555555556,0.4444444444444444,2,True
2016-02-16,11.196515151515152,33,4.767017425243562,0.8298312192863654,0.0,0.6363636363636364,0.36363636363636365,2,True
2016-02-19,10.867375,8,5.4852201398068665,1.9393181785792286,0.0,0.5,0.5,2,True
2016-02-20,9.088074074074074,27,5.571987174359348,1.0723294316791707,0.0,0.48148148148148145,0.5185185185185185,2,True
2016-02-21,6.7743142857142855,35,8.085752174154777,1.3667415705334527,0.0,0.45714285714285713,0.5428571428571428,2,True
2016-02-24,10.402695652173913,23,4.778775446366822,0.9964435621095139,0.0,0.30434782608695654,0.6956521739130435,2,True
2016-02-25,11.523157894736842,38,5.687082753456794,0.9225666463540112,0.0,0.6052631578947368,0.39473684210526316,2,True
2016-02-26,10.47875,12,4.447135873488995,1.2837775468408565,0.0,0.3333333333333333,0.6666666666666666,2,True
2016-02-27,10.741387096774194,31,4.992074055790301,0.8966029685302442,0.0,0.6451612903225806,0.3548387096774194,2,True
2016-02-28,9.243526315789474,38,8.313414528393876,1.3486139192451827,0.0,0.2631578947368421,0.7368421052631579,2,True
2016-03-02,7.6807,10,6.516191373119049,2.0606006408596285,0.0,0.5,0.5,2,True
2016-03-03,11.68047619047619,21,6.894443810917945,1.5044909827691093,0.0,0.47619047619047616,0.5238095238095238,2,True
2016-03-07,4.96475,8,25.87828253160774,9.149354531780604,0.0,0.25,0.75,2,True
2016-03-09,5.614545454545454,33,3.7985563877191315,0.6612437919896893,0.0,0.3333333333333333,0.6666666666666666,2,True
2016-03-10,7.084153846153845,26,4.9158357880816785,0.9640747157325479,0.0,0.19230769230769232,0.8076923076923077,2,True
2016-03-17,3.9750833333333326,12,34.7281235350422,10.025145735703596,0.0,0.5833333333333334,0.4166666666666667,2,True
2016-03-18,6.770777777777778,27,4.9207969596345595,0.9470078164241683,0.0,0.6666666666666666,0.3333333333333333,2,True
2016-03-19,12.551133333333333,15,6.404134600471198,1.6535404436330425,0.0,0.5333333333333333,0.4666666666666667,2,True
2016-03-20,14.402894736842104,38,8.140495674494153,1.3205627770252668,0.0,0.4473684210526316,0.5526315789473685,2,True
2016-03-21,12.405500000000002,12,5.416290268507336,1.5635483222659305,0.0,0.5833333333333334,0.4166666666666667,2,True
2016-03-22,9.82225641025641,39,4.069138048633813,0.6515835633057674,0.0,0.5128205128205128,0.48717948717948717,2,True
2016-03-23,10.586142857142857,35,5.327321002833122,0.9004816023698001,0.0,0.34285714285714286,0.6571428571428571,2,True
2016-03-24,17.877699999999997,20,11.7424050620861,2.6256815938162155,0.0,0.3,0.7,2,True
2016-03-26,9.661918918918918,37,11.10269146643276,1.825271233445378,0.0,0.43243243243243246,0.5675675675675675,2,True
2016-03-27,12.303615384615386,13,3.7118853820859816,1.0294917749043269,0.0,0.8461538461538461,0.15384615384615385,2,True
2016-03-28,19.51421052631579,19,11.612259874704012,2.6640351210508983,0.0,0.5789473684210527,0.42105263157894735,2,True
2016-03-29,18.216,9,17.837971535463332,5.945990511821111,0.0,0.4444444444444444,0.5555555555555556,2,True
2016-03-30,11.766363636363637,11,4.656592558356964,1.4040154834210166,0.0,0.8181818181818182,0.18181818181818182,2,True
2016-03-31,11.017708333333333,24,5.413154135422395,1.1049554609017915,0.0,0.4583333333333333,0.5416666666666666,2,True
2016-04-01,14.101612903225806,31,10.07970573207181,1.8103685923497719,0.0,0.3225806451612903,0.6774193548387096,2,True
2016-04-02,17.58142857142857,28,10.000936605873921,1.889999366918913,0.0,0.39285714285714285,0.6071428571428571,2,True
2016-04-03,9.6986875,32,10.109390570437231,1.7871046565048765,0.0,0.25,0.75,2,True
2016-04-04,14.744052631578947,19,6.725937022483138,1.54303577798015,0.0,0.42105263157894735,0.5789473684210527,2,True
2016-04-06,9.681199999999999,15,4.801567336371978,1.2397593552974784,0.0,0.5333333333333333,0.4666666666666667,2,True
2016-04-08,12.269885714285715,35,10.51633574568473,1.7775851799238072,0.0,0.2571428571428571,0.7428571428571429,2,True
2016-04-10,14.276440000000001,25,10.937809001654154,2.1875618003308306,0.0,0.28,0.72,2,True
2016-04-11,18.87205128205128,39,11.112400962672094,1.7794082504945554,0.0,0.6410256410256411,0.358974358974359,2,True
2016-04-13,11.17825,8,15.405785385923785,5.44676765794566,0.0,0.5,0.5,2,True
2016-04-17,10.675266666666666,15,7.159155351882019,1.848485963383384,0.0,0.8666666666666667,0.13333333333333333,2,True
2016-04-18,12.901666666666667,15,4.059250540725585,1.0480939828209095,0.0,0.6,0.4,2,True
2016-04-19,16.019333333333332,15,14.798509276596876,3.820958665130378,0.0,0.5333333333333333,0.4666666666666667,2,True
2016-04-20,12.106818181818182,11,4.260198371394972,1.2844981391272967,0.0,0.7272727272727273,0.2727272727272727,2,True
2016-04-21,10.923807692307692,26,38.69408763728043,7.588534920121626,0.0,0.5769230769230769,0.4230769230769231,2,True
2016-04-22,16.115473684210528,19,8.551146033449559,1.9617674426981737,0.0,0.6842105263157895,0.3157894736842105,2,True
2016-04-23,16.837,14,4.560324026949097,1.2187978629654839,0.0,0.6428571428571429,0.35714285714285715,2,True
2016-04-29,18.887,21,5.056819187987641,1.1034884145075472,0.0,0.3333333333333333,0.6666666666666666,2,True
2016-04-30,10.848848484848485,33,28.554568114315366,4.9707122841673295,0.0,0.36363636363636365,0.6363636363636364,2,True
2016-05-01,19.18075,20,7.430782404615064,1.661573458272863,0.0,0.65,0.35,2,True
2016-05-03,20.314257142857144,35,12.7074714876093,2.1479547189188626,0.0,0.4,0.6,2,True
2016-05-04,21.96096551724138,29,8.001735264851522,1.4858849360098452,0.0,0.7586206896551724,0.2413793103448276,2,True
2016-05-05,20.316933333333335,15,5.850323476608144,1.5105470263219745,0.0,0.9333333333333333,0.06666666666666667,2,True
2016-05-06,27.737142857142857,35,15.747358040118906,2.6617893296679616,0.0,0.7428571428571429,0.2571428571428571,2,True
2016-05-07,28.001472222222223,36,16.48243695485091,2.7470728258084853,0.0,0.6111111111111112,0.3888888888888889,2,True
2016-05-08,20.784857142857142,14,9.470124626400672,2.5309972687172775,0.0,0.9285714285714286,0.07142857142857142,2,True
2016-05-09,30.2969,10,10.795178928577332,3.4137353163360515,0.0,0.7,0.3,2,True
2016-05-12,26.540451612903226,31,7.647567394663088,1.3735436516885802,0.0,0.8709677419354839,0.12903225806451613,2,True
2016-05-13,30.84360606060606,33,10.111877251960298,1.760251889332992,0.0,0.6363636363636364,0.36363636363636365,2,True
2016-05-14,31.9036875,32,16.50944477571609,2.9184850886334166,0.0,0.53125,0.46875,2,True
2016-05-15,26.719833333333334,30,19.912891804199283,3.635580008773231,0.0,0.8,0.2,2,True
2016-05-16,24.67157894736842,19,6.773843651344893,1.5540263123977343,0.0,0.6842105263157895,0.3157894736842105,2,True
2016-05-17,23.574,20,6.748337612057934,1.5089741635680145,0.0,0.85,0.15,2,True
2016-05-18,22.45442105263158,19,5.011513824471154,1.1497201218435154,0.0,0.9473684210526315,0.05263157894736842,2,True
2016-05-21,23.336235294117646,17,3.4218840484704436,0.8299287864976366,0.0,1.0,0.0,1,False
2016-05-23,27.675400000000003,10,5.793079860201019,1.8319327025485042,0.0,1.0,0.0,1,False
2016-06-07,31.062764705882355,17,5.008338154136204,1.2147004246067385,0.0,1.0,0.0,1,False
2016-06-08,28.879181818181817,11,3.762046751920604,1.1342997745359895,0.0,1.0,0.0,1,False
2016-06-10,35.00359090909091,22,9.112576796510107,1.9428079008614683,0.0,1.0,0.0,1,False
2016-06-11,40.05797222222222,36,42.78739334729739,7.1312322245495645,0.0,1.0,0.0,1,False
2016-06-12,36.13272222222222,18,11.006282210391085,2.5942055955401333,0.0,1.0,0.0,1,False
2016-06-13,26.871764705882352,17,8.927090445166133,2.165137460874244,0.0,1.0,0.0,1,False
2016-06-14,31.512740740740742,27,7.431854151051885,1.430260998229281,0.0,1.0,0.0,1,False
2016-06-15,31.14212,25,5.10345393924546,1.020690787849092,0.0,1.0,0.0,1,False
2016-06-16,28.717136363636367,22,7.6673935553681085,1.6346937985848715,0.0,1.0,0.0,1,False
2016-06-17,37.994375,8,12.521140317051227,4.4268916131876,0.0,1.0,0.0,1,False
2016-06-18,32.134307692307694,13,5.652526107629745,1.5677286705352251,0.0,1.0,0.0,1,False
2016-06-19,38.38964285714286,14,9.559244471329173,2.5548155491519116,0.0,1.0,0.0,1,False
2016-06-20,38.049057142857144,35,7.533980211028435,1.2734750860782258,0.0,1.0,0.0,1,False
2016-06-21,43.940695652173915,23,9.819738269215192,2.0475569713992394,0.0,1.0,0.0,1,False
2016-06-22,33.14095652173913,23,6.369972388110988,1.328231060066708,0.0,1.0,0.0,1,False
2016-06-23,42.46264285714285,14,8.393695286043274,2.2433094263823876,0.0,1.0,0.0,1,False
2016-06-25,45.20377777777778,9,8.663517671502985,2.8878392238343285,0.0,1.0,0.0,1,False
2016-06-26,47.228566666666666,30,11.260708802592383,2.0559147415589454,0.0,0.9666666666666667,0.03333333333333333,2,True
2016-06-27,44.05961111111111,36,7.916388596820712,1.3193980994701187,0.0,1.0,0.0,1,False
2016-06-28,45.38928571428572,14,11.599835465866093,3.100186432587158,0.0,0.9285714285714286,0.07142857142857142,2,True
2016-06-29,48.029043478260874,23,9.892930715131254,2.0628186513728313,0.0,1.0,0.0,1,False
2016-06-30,45.73341176470588,34,10.098694632468964,1.7319118412546757,0.0,0.9411764705882353,0.058823529411764705,2,True
2016-07-01,47.419642857142854,14,7.178011623189068,1.9184043008753275,0.0,1.0,0.0,1,False
2016-07-02,51.641,13,9.42440583449871,2.6138598828513144,0.0,1.0,0.0,1,False
2016-07-05,54.97970588235294,17,10.655422344777715,2.584319518416772,0.0,0.9411764705882353,0.058823529411764705,2,True
2016-07-06,55.187666666666665,12,9.786127224832402,2.8250115937904563,0.0,0.9166666666666666,0.08333333333333333,2,True
2016-07-07,47.43246153846154,13,15.361603538342953,4.260542248526505,0.0,1.0,0.0,1,False
2016-07-08,45.48303571428572,28,7.701287186698764,1.455406476506656,0.0,1.0,0.0,1,False
2016-07-09,49.42675,16,12.881682304730232,3.220420576182558,0.0,1.0,0.0,1,False
2016-07-10,51.946060606060605,33,11.711587013347598,2.038725614804742,0.0,0.9696969696969697,0.030303030303030304,2,True
2016-07-11,44.76627272727273,11,5.5152841466403,1.6629207387819405,0.0,1.0,0.0,1,False
2016-07-12,48.31594736842105,19,6.463097825120399,1.4827363306272279,0.0,1.0,0.0,1,False
2016-07-13,49.24305882352942,34,14.797577553470719,2.5377636139567756,0.0,1.0,0.0,1,False
2016-07-14,61.66246875,32,37.34047658004378,6.600926050621604,0.0,1.0,0.0,1,False
2016-07-15,62.793642857142856,14,10.062744476587831,2.6893815858602528,0.0,1.0,0.0,1,False
2016-07-17,59.349526315789475,19,14.153321963288027,3.2469947449140624,0.0,1.0,0.0,1,False
2016-07-18,56.363458333333334,24,13.426581393311993,2.7406894502967667,0.0,1.0,0.0,1,False
2016-07-21,73.60255555555555,27,40.85954307731769,7.863422731551492,0.0,1.0,0.0,1,False
2016-07-22,71.73734999999999,20,12.581132800954892,2.8132268176887467,0.0,1.0,0.0,1,False
2016-07-23,78.62508333333334,12,33.24975827515232,9.598378445324588,0.0,1.0,0.0,1,False
2016-07-24,73.55869444444444,36,14.690196859168056,2.448366143194676,0.0,1.0,0.0,1,False
2016-07-25,78.0772,25,12.767303542643605,2.553460708528721,0.0,0.88,0.12,2,True
2016-07-26,65.114625,8,22.67727478548577,8.017627389823849,0.0,0.625,0.375,2,True
2016-07-27,55.75986666666667,15,9.130812292661018,2.3575655964548057,0.0,0.9333333333333333,0.06666666666666667,2,True
2016-07-31,85.5311,10,36.33222790810752,11.489259265795454,0.0,1.0,0.0,1,False
2016-08-02,73.82710526315789,19,10.905664949387733,2.5019311277102494,0.0,0.8947368421052632,0.10526315789473684,2,True
2016-08-04,83.91974074074075,27,17.674412029373016,3.4014421809756237,0.0,0.48148148148148145,0.5185185185185185,2,True
2016-08-05,79.27962790697674,43,13.956664917527934,2.12837144653423,0.0,0.9534883720930233,0.046511627906976744,2,True
2016-08-06,82.62077272727272,22,12.62280814705333,2.6911917393712055,0.0,0.6363636363636364,0.36363636363636365,2,True
2016-08-07,79.19777777777777,9,11.918544529196696,3.9728481763988985,0.0,0.6666666666666666,0.3333333333333333,2,True
2016-08-09,82.512,22,13.415568727628148,2.8602088630482463,0.0,0.9090909090909091,0.09090909090909091,2,True
2016-08-10,66.42182352941177,17,15.267738983045646,3.7029706171445627,0.0,0.9411764705882353,0.058823529411764705,2,True
2016-08-11,74.98277777777778,18,23.60029239239497,5.562642262882591,0.0,0.9444444444444444,0.05555555555555555,2,True
2016-08-12,82.07644444444445,9,48.453194391884814,16.15106479729494,0.0,1.0,0.0,1,False
2016-08-13,80.86505555555556,18,17.93876715703671,4.228207967622395,0.0,1.0,0.0,1,False
2016-08-14,73.24336363636364,11,22.394645785422583,6.752239762105511,0.0,0.7272727272727273,0.2727272727272727,2,True
2016-08-17,89.095,8,9.315190972660883,3.2934173524081105,0.0,0.75,0.25,2,True
2016-08-18,90.34011111111111,18,16.595253208244568,3.9115386930191813,0.0,0.8888888888888888,0.1111111111111111,2,True
2016-08-19,92.09878125,32,24.734451510620776,4.372474598022448,0.0,0.9375,0.0625,2,True
2016-08-20,89.40824390243903,41,18.28320030353068,2.855356170765291,0.0,0.975609756097561,0.024390243902439025,2,True
2016-08-21,80.01563157894736,19,13.441239493979074,3.083631822641187,0.0,0.9473684210526315,0.05263157894736842,2,True
2016-08-24,87.83843999999999,25,23.3363874437183,4.66727748874366,0.0,0.96,0.04,2,True
2016-08-25,89.053,25,23.423176028241773,4.6846352056483545,0.0,0.84,0.16,2,True
2016-08-29,91.1554347826087,23,53.42061707705444,11.138968668389369,0.0,0.6521739130434783,0.34782608695652173,2,True
2016-08-30,77.01,29,14.362888895642532,2.6671215106757633,0.0,0.896551724137931,0.10344827586206896,2,True
2016-09-01,80.96976923076923,13,41.118478968613466,11.404214176186423,0.0,0.8461538461538461,0.15384615384615385,2,True
2016-09-06,81.42543333333333,30,32.5417504421663,5.941283592626065,0.0,0.9,0.1,2,True
2016-09-07,80.27029999999999,20,31.30642507133909,7.00032945920179,0.0,0.95,0.05,2,True
2016-09-08,73.05461290322582,31,15.273825099774278,2.7432599701490945,0.0,0.967741935483871,0.03225806451612903,2,True
2016-09-09,73.76332000000001,25,11.481166345077204,2.296233269015441,0.0,0.92,0.08,2,True
2016-09-10,77.32368571428572,35,15.155599900350225,2.561763947748815,0.0,1.0,0.0,1,False
2016-09-12,72.10668965517242,29,14.492160405601194,2.691126627434195,0.0,0.9655172413793104,0.034482758620689655,2,True
2016-09-13,79.78781818181818,33,19.316350775402924,3.3625450646001673,0.0,0.9696969696969697,0.030303030303030304,2,True
2016-09-14,78.186625,8,4.534552740190748,1.6032064961184593,0.0,0.0,1.0,1,False
2016-09-16,73.17925000000001,12,10.088519642057593,2.9123047655333894,0.0,0.0,1.0,1,False
2016-09-19,71.62192592592592,27,17.264401317174478,3.322535582622805,0.0,0.8888888888888888,0.1111111111111111,2,True
2016-09-20,72.19866666666667,12,18.501863200196567,5.341027849571559,0.0,1.0,0.0,1,False
2016-09-21,56.10776923076923,26,16.392243781270928,3.2147834966257864,0.0,0.9615384615384616,0.038461538461538464,2,True
2016-09-22,56.69413888888889,36,14.557190478842461,2.42619841314041,0.0,0.9722222222222222,0.027777777777777776,2,True
2016-09-23,81.76637037037037,27,29.786279753434428,5.732372211267622,0.0,0.7407407407407407,0.25925925925925924,2,True
2016-09-24,68.39145454545455,11,18.541103647645336,5.590353090757223,0.0,0.7272727272727273,0.2727272727272727,2,True
2016-09-25,64.7019375,16,21.717393384009817,5.429348346002454,0.0,1.0,0.0,1,False
2016-09-26,63.602259259259256,27,13.73566199461094,2.6434293833621125,0.0,0.5925925925925926,0.4074074074074074,2,True
2016-09-27,71.38533333333334,15,8.364806023424801,2.1597836281986496,0.0,0.0,1.0,1,False
2016-09-28,64.61424242424242,33,8.426652731179441,1.4668919549963964,0.0,0.0,1.0,1,False
2016-09-29,49.652153846153844,13,10.380686849836048,2.879084516278356,0.0,0.0,1.0,1,False
2016-10-05,51.5661875,16,8.696922208220176,2.174230552055044,0.0,1.0,0.0,1,False
2016-10-06,50.28245454545454,33,11.543606247320715,2.0094839168091396,0.0,0.8787878787878788,0.12121212121212122,2,True
2016-10-07,51.70911764705882,34,13.844708361756972,2.374347895751982,0.0,0.9117647058823529,0.08823529411764706,2,True
2016-10-08,52.813325,40,13.906643107978729,2.1988333414147845,0.0,0.975,0.025,2,True
2016-10-11,46.677933333333335,15,15.430037725473122,3.984018609473971,0.0,1.0,0.0,1,False
2016-10-12,50.18871052631579,38,11.551922949572472,1.8739693576727166,0.0,1.0,0.0,1,False
2016-10-15,51.20085,20,10.639473806117136,2.3790586675306336,0.0,0.95,0.05,2,True
2016-10-16,51.274699999999996,10,17.97968946122881,5.6856770320008705,0.0,0.8,0.2,2,True
2016-10-17,42.34590909090909,11,6.288445236376723,1.8960375785235783,0.0,1.0,0.0,1,False
2016-10-18,45.39148387096774,31,10.730566331345138,1.9272666068595854,0.0,1.0,0.0,1,False
2016-10-19,44.71823809523809,42,9.29494708472198,1.4342414728929815,0.0,0.8571428571428571,0.14285714285714285,2,True
2016-10-20,45.583555555555556,18,11.01693744260986,2.596717057859138,0.0,0.9444444444444444,0.05555555555555555,2,True
2016-10-22,43.61507692307692,13,6.70986772673325,1.8609824723321329,0.0,0.8461538461538461,0.15384615384615385,2,True
2016-10-23,41.439689655172415,29,13.940659131023509,2.5887154117464166,0.0,0.9655172413793104,0.034482758620689655,2,True
2016-10-25,51.412,14,19.06982497600292,5.096625106139109,0.0,0.5714285714285714,0.42857142857142855,2,True
2016-10-26,33.02358823529411,17,4.516501799773021,1.0954125869856723,0.0,0.0,1.0,1,False
2016-10-28,38.67209090909091,11,8.669626721543962,2.6139908098000286,0.0,0.0,1.0,1,False
2016-10-29,39.88427272727272,22,5.348461783156671,1.1402958835696078,0.0,0.0,1.0,1,False
2016-10-30,38.888,13,4.727164742210705,1.3110796050466313,0.0,0.0,1.0,1,False
2016-11-01,39.93788571428571,35,12.08927996632561,2.043461280028861,0.0,0.7714285714285715,0.22857142857142856,2,True
2016-11-02,34.403076923076924,13,10.96653506097481,3.041569575116791,0.0,0.9230769230769231,0.07692307692307693,2,True
2016-11-03,29.818666666666665,9,10.382999024848264,3.4609996749494214,0.0,0.7777777777777778,0.2222222222222222,2,True
2016-11-04,35.504083333333334,12,7.835167219406399,2.2618179516350083,0.0,0.9166666666666666,0.08333333333333333,2,True
2016-11-07,34.39605,20,7.235134556454358,1.6178252694589732,0.0,0.9,0.1,2,True
2016-11-08,34.06120588235294,34,7.221416669456469,1.238462741536313,0.0,0.7941176470588235,0.20588235294117646,2,True
2016-11-13,33.438818181818185,22,8.442310531378547,1.7999066529864205,0.0,0.9090909090909091,0.09090909090909091,2,True
2016-11-14,30.019857142857145,21,8.459201039611923,1.8459490039462272,0.0,0.7142857142857143,0.2857142857142857,2,True
2016-11-15,48.798944444444444,18,34.02941448299626,8.020809913578123,0.0,0.9444444444444444,0.05555555555555555,2,True
2016-11-17,35.69792592592593,27,30.816866936201233,5.930708807065553,0.0,0.7407407407407407,0.25925925925925924,2,True
2016-11-18,27.757666666666665,9,5.046623698077753,1.682207899359251,0.0,0.6666666666666666,0.3333333333333333,2,True
2016-11-19,28.3834375,32,6.708385786978524,1.185886270196992,0.0,0.8125,0.1875,2,True
2016-11-23,17.395625,8,3.351166148308889,1.1848161541760094,0.0,0.75,0.25,2,True
2016-11-24,16.161823529411762,17,6.123139709692388,1.4850795166750337,0.0,0.7058823529411765,0.29411764705882354,2,True
2016-11-25,23.461000000000002,20,15.00300099102983,3.3547730082439413,0.0,0.65,0.35,2,True
2016-11-30,21.654777777777777,9,8.258096024171943,2.7526986747239808,0.0,0.8888888888888888,0.1111111111111111,2,True
2016-12-01,22.76079487179487,39,8.618074483254386,1.3799963563582551,0.0,0.38461538461538464,0.6153846153846154,2,True
2016-12-02,23.97463829787234,47,14.891909727192456,2.172208285744341,0.0,0.3617021276595745,0.6382978723404256,2,True
2016-12-03,24.070166666666665,12,17.304717285565037,4.9954415915356725,0.0,0.3333333333333333,0.6666666666666666,2,True
2016-12-05,14.938176470588235,17,6.325316219716748,1.5341145229014563,0.0,0.23529411764705882,0.7647058823529411,2,True
2016-12-07,25.5899375,16,46.688409170397954,11.672102292599488,0.0,0.4375,0.5625,2,True
2016-12-08,21.433829268292683,41,16.849480122399086,2.6314466965823557,0.0,0.2926829268292683,0.7073170731707317,2,True
2016-12-09,24.003277777777775,36,18.238251207849803,3.0397085346416337,0.0,0.4722222222222222,0.5277777777777778,2,True
2016-12-10,26.11014814814815,27,37.28806171056703,7.1760908220517505,0.0,0.4444444444444444,0.5555555555555556,2,True
2016-12-11,19.2274,10,10.502551152511046,3.3211982884361344,0.0,0.3,0.7,2,True
2016-12-13,14.10035294117647,17,18.858419094469372,4.573838462274246,0.0,0.35294117647058826,0.6470588235294118,2,True
2016-12-14,15.70160606060606,33,26.820174214035454,4.668793059502742,0.0,0.2727272727272727,0.7272727272727273,2,True
2016-12-15,20.83648148148148,27,17.095673153372804,3.2900638323592153,0.0,0.5555555555555556,0.4444444444444444,2,True
2016-12-16,19.689708333333332,24,15.0702885332846,3.076209765255298,0.0,0.16666666666666666,0.8333333333333334,2,True
2016-12-17,18.61195348837209,43,12.69688710810175,1.9362571316599964,0.0,0.4186046511627907,0.5813953488372093,2,True
2016-12-20,16.993299999999998,10,2.44462562687123,0.773058500733001,0.0,0.0,1.0,1,False
2016-12-27,18.42988888888889,18,11.340374586037006,2.672951923660785,0.0,0.2777777777777778,0.7222222222222222,2,True
2016-12-28,15.735400000000002,10,27.40341252553128,8.665719924186591,0.0,0.4,0.6,2,True
2016-12-29,19.746533333333332,30,11.407549441377462,2.082724051632631,0.0,0.23333333333333334,0.7666666666666667,2,True
2016-12-30,18.24409090909091,11,8.67614930086551,2.615957441461384,0.0,0.8181818181818182,0.18181818181818182,2,True
2017-01-01,14.43969696969697,33,5.5349929623083565,0.9635186006099229,0.0,0.15151515151515152,0.8484848484848485,2,True
2017-01-03,14.358266666666667,30,19.965823638948866,3.645243995407392,0.0,0.26666666666666666,0.7333333333333333,2,True
2017-01-04,14.961818181818183,44,8.613546238535127,1.2985409539817323,0.0,0.2727272727272727,0.7272727272727273,2,True
2017-01-05,8.40068,25,8.91946241242524,1.783892482485048,0.0,0.16,0.84,2,True
2017-01-06,15.232818181818182,11,10.223275217054287,3.0824334566825664,0.0,0.6363636363636364,0.36363636363636365,2,True
2017-01-07,10.976285714285714,21,12.544700036839691,2.7374779756825336,0.0,0.42857142857142855,0.5714285714285714,2,True
2017-01-09,12.294875000000001,16,4.64972797591429,1.1624319939785726,0.0,0.5625,0.4375,2,True
2017-01-10,13.569529411764707,17,34.62684992371824,8.398244689288301,0.0,0.35294117647058826,0.6470588235294118,2,True
2017-01-11,20.970285714285716,14,18.031218685843264,4.819045899172983,0.0,0.8571428571428571,0.14285714285714285,2,True
2017-01-12,-4.449913043478261,23,77.24249278433179,16.106173123232768,0.0,0.391304347826087,0.6086956521739131,2,True
2017-01-14,18.14875,8,13.721632282640428,4.851329618001645,0.0,0.375,0.625,2,True
2017-01-22,16.08717391304348,23,8.441504043346422,1.7601752693588066,0.0,0.6521739130434783,0.34782608695652173,2,True
2017-01-23,13.465764705882354,17,14.1093908733218,3.4220299343430347,0.0,0.5882352941176471,0.4117647058823529,2,True
2017-01-24,10.631578947368421,38,5.619428318675664,0.9115916477980178,0.0,0.15789473684210525,0.8421052631578947,2,True
2017-01-25,13.598685714285715,35,9.727024917787583,1.6441672990236949,0.0,0.17142857142857143,0.8285714285714286,2,True
2017-01-26,1.6768333333333334,42,42.70645901335476,6.5897496907794135,0.0,0.14285714285714285,0.8571428571428571,2,True
2017-01-27,9.088717948717948,39,17.754165182094326,2.842941692959323,0.0,0.1282051282051282,0.8717948717948718,2,True
2017-01-28,13.350000000000001,47,19.387050156808506,2.827891906292128,0.0,0.2553191489361702,0.7446808510638298,2,True
2017-01-29,12.486470588235292,34,9.299270024252293,1.594811652017412,0.0,0.20588235294117646,0.7941176470588235,2,True
2017-01-31,26.298148148148147,27,27.104130780414692,5.216192400741082,0.0,0.5555555555555556,0.4444444444444444,2,True
2017-02-01,12.1931,40,6.651617192216857,1.0517130225469644,0.0,0.275,0.725,2,True
2017-02-02,15.168461538461539,39,12.528510296721663,2.0061672237420645,0.0,0.3333333333333333,0.6666666666666666,2,True
2017-02-03,14.913038461538463,26,16.113021542791454,3.1600235103705594,0.0,0.3076923076923077,0.6923076923076923,2,True
2017-02-05,13.215757575757577,33,8.06121127696663,1.4032767632579886,0.0,0.2727272727272727,0.7272727272727273,2,True
2017-02-06,4.1737142857142855,14,15.911334839466686,4.252483109680292,0.0,0.35714285714285715,0.6428571428571429,2,True
2017-02-07,13.205375,32,5.779123774135159,1.021614402501841,0.0,0.28125,0.71875,2,True
2017-02-08,10.761555555555555,36,6.3850474813960885,1.0641745802326814,0.0,0.3055555555555556,0.6944444444444444,2,True
2017-02-09,9.6012,15,4.64365601346919,1.198986827045473,0.0,0.2,0.8,2,True
2017-02-10,9.98912,25,6.9008064282372095,1.380161285647442,0.0,0.4,0.6,2,True
2017-02-11,10.696136363636363,22,5.078109831099555,1.082656653722893,0.0,0.5909090909090909,0.4090909090909091,2,True
2017-02-12,22.491394736842107,38,55.88787453635469,9.066210431265214,0.0,0.34210526315789475,0.6578947368421053,2,True
2017-02-13,14.08242857142857,21,10.774335722314524,2.3511528100177626,0.0,0.23809523809523808,0.7619047619047619,2,True
2017-02-14,-9.348365853658537,41,70.07599987183775,10.944032518090378,0.0,0.34146341463414637,0.6585365853658537,2,True
2017-02-15,11.864833333333333,18,5.634446799402237,1.3280518466973872,0.0,0.5,0.5,2,True
2017-02-18,11.32671875,32,10.131959359705993,1.7910942924886544,0.0,0.28125,0.71875,2,True
2017-02-19,25.1048,10,23.911537223691834,7.561491998276531,0.0,0.4,0.6,2,True
2017-02-21,5.261571428571429,14,7.048570195592706,1.8838096241810067,0.0,0.07142857142857142,0.9285714285714286,2,True
2017-02-22,6.071,15,13.364414753900961,3.4506770515778076,0.0,0.4666666666666667,0.5333333333333333,2,True
2017-02-23,5.92383870967742,31,4.714998961447566,0.8468388125267201,0.0,0.0967741935483871,0.9032258064516129,2,True
2017-02-24,6.02804347826087,46,13.425233894021314,1.9794427471715295,0.0,0.13043478260869565,0.8695652173913043,2,True
2017-02-25,10.070739130434783,23,17.75129366660201,3.7014005976465807,0.0,0.2608695652173913,0.7391304347826086,2,True
2017-02-26,4.3723,20,2.005748294540626,0.448498953234711,0.0,0.0,1.0,1,False
2017-02-27,1.52375,12,5.598561197064183,1.6161654070997997,0.0,0.16666666666666666,0.8333333333333334,2,True
2017-02-28,4.537026315789474,38,8.079504866709385,1.3106687615105088,0.0,0.07894736842105263,0.9210526315789473,2,True
2017-03-01,-1.1091190476190476,42,21.512897977160716,3.319512225268609,0.0,0.09523809523809523,0.9047619047619048,2,True
2017-03-02,8.547951219512194,41,13.515487490192907,2.110764525101821,0.0,0.17073170731707318,0.8292682926829268,2,True
2017-03-08,5.654206896551725,29,89.5085631100572,16.62132289646406,0.0,0.4482758620689655,0.5517241379310345,2,True
2017-03-09,3.583697674418605,43,18.51099166072866,2.8228997636998883,0.0,0.11627906976744186,0.8837209302325582,2,True
2017-03-10,3.9124999999999996,44,13.369509318542871,2.015529365489401,0.0,0.20454545454545456,0.7954545454545454,2,True
2017-03-11,5.642846153846154,39,5.3158740705177765,0.8512211007723451,0.0,0.15384615384615385,0.8461538461538461,2,True
2017-03-12,-0.5338823529411763,17,15.329148263530303,3.7178645553699403,0.0,0.058823529411764705,0.9411764705882353,2,True
2017-03-13,5.873608695652173,23,7.613324376853627,1.587487871466078,0.0,0.30434782608695654,0.6956521739130435,2,True
2017-03-14,4.858875,8,6.86980516333199,2.428842908211204,0.0,0.0,1.0,1,False
2017-03-15,6.388625,8,8.497739816100683,3.004404724361859,0.0,0.125,0.875,2,True
2017-03-18,9.0495,18,9.121753457919088,2.150017908802142,0.0,0.1111111111111111,0.8888888888888888,2,True
2017-03-20,10.7685,42,21.940033355078366,3.385420644968627,0.0,0.2857142857142857,0.7142857142857143,2,True
2017-03-21,10.133,37,30.16595335068255,4.959252181952861,0.0,0.24324324324324326,0.7567567567567568,2,True
2017-03-24,8.766037037037037,27,7.795702941026509,1.500283730508004,0.0,0.48148148148148145,0.5185185185185185,2,True
2017-03-26,17.444857142857142,21,11.958897182791203,2.6096453127778494,0.0,0.5714285714285714,0.42857142857142855,2,True
2017-03-28,44.4387,20,42.153863743871,9.425890484555934,0.0,0.9,0.1,2,True
2017-03-30,43.27829411764706,17,36.92661052642915,8.956018564500727,0.0,0.7647058823529411,0.23529411764705882,2,True
2017-03-31,31.777350000000002,20,13.065130797882944,2.9214520598992326,0.0,0.85,0.15,2,True
2017-04-01,29.692,17,10.360100180500186,2.512693372716639,0.0,0.8235294117647058,0.17647058823529413,2,True
2017-04-03,40.25107692307692,26,21.03957252783065,4.126199649117661,0.0,0.6923076923076923,0.3076923076923077,2,True
2017-04-04,34.91576190476191,42,11.83531183512335,1.8262282640055265,0.0,0.8809523809523809,0.11904761904761904,2,True
2017-04-05,30.789702702702705,37,23.447889904903864,3.854809354813706,0.0,0.7297297297297297,0.2702702702702703,2,True
2017-04-06,27.18456666666667,30,19.74095954360625,3.6041896162766776,0.0,0.8666666666666667,0.13333333333333333,2,True
2017-04-09,43.76409677419355,31,34.87643976894702,6.263993498320354,0.0,0.7096774193548387,0.2903225806451613,2,True
2017-04-10,63.67375,32,51.59643238979647,9.121046806964575,0.0,0.53125,0.46875,2,True
2017-04-11,33.18354545454545,11,9.4307818802434,2.8434877251317974,0.0,0.6363636363636364,0.36363636363636365,2,True
2017-04-12,33.1321,10,9.431943259771845,2.9826423462352225,0.0,0.9,0.1,2,True
2017-04-15,35.65839285714286,28,8.480963298445332,1.6027514118537436,0.0,0.9285714285714286,0.07142857142857142,2,True
2017-04-16,35.06622222222222,27,24.13718413621691,4.6452032528414655,0.0,0.5925925925925926,0.4074074074074074,2,True
2017-04-17,33.7954347826087,23,7.76077917729497,1.6182343227800076,0.0,0.6956521739130435,0.30434782608695654,2,True
2017-04-18,33.8697,20,8.069693707746415,1.8044383688123304,0.0,0.95,0.05,2,True
2017-04-19,35.20495454545455,22,11.114702482907486,2.369662531435358,0.0,0.6363636363636364,0.36363636363636365,2,True
2017-04-21,38.703,16,18.11317904731248,4.52829476182812,0.0,0.9375,0.0625,2,True
2017-04-22,39.272269230769226,26,11.582343744018967,2.2714844909189242,0.0,0.8076923076923077,0.19230769230769232,2,True
2017-04-23,29.648500000000002,22,13.062459214791648,2.784925661959524,0.0,0.6363636363636364,0.36363636363636365,2,True
2017-04-24,37.54475,24,13.99905927972988,2.8575460095260006,0.0,0.4583333333333333,0.5416666666666666,2,True
2017-04-25,52.34642105263158,19,42.929883129115694,9.848790643043525,0.0,1.0,0.0,1,False
2017-04-26,34.930125,8,17.765302960204682,6.2809830964970885,0.0,1.0,0.0,1,False
2017-04-27,28.287944444444445,18,9.391325894438738,2.2135567414301502,0.0,1.0,0.0,1,False
2017-04-28,43.56366666666666,9,21.191335316586354,7.063778438862118,0.0,1.0,0.0,1,False
2017-04-29,37.67855555555556,9,11.06064533731092,3.68688177910364,0.0,1.0,0.0,1,False
2017-04-30,49.88285714285714,14,54.727975939546326,14.626666816956432,0.0,0.8571428571428571,0.14285714285714285,2,True
2017-05-01,33.25518181818182,11,7.272777183692372,2.1928248274695683,0.0,1.0,0.0,1,False
2017-05-02,33.9263125,32,14.314490809141622,2.5304683800941374,0.0,0.96875,0.03125,2,True
2017-05-03,33.17933333333334,9,7.298720915338521,2.432906971779507,0.0,0.8888888888888888,0.1111111111111111,2,True
2017-05-04,28.157941176470587,17,6.824120020839575,1.65509221457728,0.0,0.9411764705882353,0.058823529411764705,2,True
2017-05-05,56.79723529411765,17,50.4777008224045,12.242640719358894,0.0,0.7647058823529411,0.23529411764705882,2,True
2017-05-06,37.727583333333335,24,12.08172466063361,2.4661717192793837,0.0,0.16666666666666666,0.8333333333333334,2,True
2017-05-07,42.02984210526316,19,19.06079141199184,4.3728454499358085,0.0,0.0,1.0,1,False
2017-05-16,39.929,9,6.782933767920781,2.26097792264026,0.0,1.0,0.0,1,False
2017-05-19,44.1451,10,29.184207272084674,9.228856668623692,0.0,0.8,0.2,2,True
2017-05-20,48.647470588235294,17,16.431977354071112,3.985339898152506,0.0,0.6470588235294118,0.35294117647058826,2,True
2017-05-21,43.39407142857143,14,8.634385599845146,2.307636618565367,0.0,0.9285714285714286,0.07142857142857142,2,True
2017-05-22,43.329375,32,14.560524478213173,2.5739613990443124,0.0,1.0,0.0,1,False
2017-05-23,34.904199999999996,30,23.78805266978972,4.343084348788273,0.0,0.9333333333333333,0.06666666666666667,2,True
2017-05-26,71.97066666666666,15,82.45161257165724,21.28891482386497,0.0,1.0,0.0,1,False
2017-05-27,40.1545,8,6.3492876765823105,2.244812185907765,0.0,1.0,0.0,1,False
2017-05-28,46.155366666666666,30,12.174291869184504,2.2227114261346954,0.0,1.0,0.0,1,False
2017-05-29,54.08511428571429,35,35.502950984034975,6.001094015915027,0.0,1.0,0.0,1,False
2017-05-30,52.73428571428571,28,25.68267111823059,4.853568627335663,0.0,1.0,0.0,1,False
2017-05-31,58.562439999999995,25,28.259341424680553,5.651868284936111,0.0,1.0,0.0,1,False
2017-06-01,50.87169230769231,13,12.664962135649516,3.512628490914942,0.0,1.0,0.0,1,False
2017-06-02,26.957444444444445,9,89.86588193401197,29.95529397800399,0.0,0.3333333333333333,0.6666666666666666,2,True
2017-06-03,64.8035625,16,7.161447302221809,1.7903618255554523,0.0,0.0,1.0,1,False
2017-06-04,59.732000000000006,14,10.947383424643254,2.9258112897616457,0.0,0.0,1.0,1,False
2017-06-05,64.00833333333334,9,8.549605502594842,2.849868500864947,0.0,0.0,1.0,1,False
2017-06-06,66.2782,10,16.57199338106983,5.240524445341537,0.0,0.0,1.0,1,False
2017-06-08,79.00666666666667,24,31.49319407726701,6.428521321645457,0.0,0.7083333333333334,0.2916666666666667,2,True
2017-06-15,56.184272727272734,11,16.511865788522563,4.978514855385013,0.0,1.0,0.0,1,False
2017-06-16,66.2825925925926,27,13.112351916768167,2.5234733029517353,0.0,0.9629629629629629,0.037037037037037035,2,True
2017-06-17,70.67785,20,31.1174861491007,6.958081431829732,0.0,0.9,0.1,2,True
2017-06-18,65.07183333333333,48,10.648337603415479,1.5369551454384853,0.0,1.0,0.0,1,False
2017-06-19,69.27815000000001,40,17.040472118700382,2.6943352149844175,0.0,1.0,0.0,1,False
2017-06-20,66.79337931034483,29,12.66065685052318,2.3510249554015106,0.0,0.8620689655172413,0.13793103448275862,2,True
2017-06-22,73.75455555555556,27,13.47776996885365,2.593798039864503,0.0,0.9629629629629629,0.037037037037037035,2,True
2017-06-23,68.09025,44,9.243598871588771,1.3935249622551145,0.0,0.9772727272727273,0.022727272727272728,2,True
2017-06-24,64.63744186046512,43,9.522128061726555,1.4521109159372756,0.0,1.0,0.0,1,False
2017-06-25,64.263,39,12.885713745727946,2.06336555256425,0.0,1.0,0.0,1,False
2017-06-26,73.95048,25,11.84709289277332,2.369418578554664,0.0,1.0,0.0,1,False
2017-06-28,56.96060714285714,28,12.883824384315123,2.4348139468805483,0.0,1.0,0.0,1,False
2017-06-29,66.61476923076923,39,10.222983997530525,1.6369875539035124,0.0,0.9743589743589743,0.02564102564102564,2,True
2017-06-30,70.615,14,9.949727433452638,2.659176510554671,0.0,0.8571428571428571,0.14285714285714285,2,True
2017-07-01,75.9068076923077,26,19.722567946429756,3.867913800654035,0.0,0.9615384615384616,0.038461538461538464,2,True
2017-07-02,78.00438095238096,21,23.15171133734219,5.052117603387519,0.0,1.0,0.0,1,False
2017-07-03,86.1865,8,11.756268978111816,4.156468757937954,0.0,0.875,0.125,2,True
2017-07-05,100.11838095238095,21,40.27181025168373,8.788029469106634,0.0,0.7619047619047619,0.23809523809523808,2,True
2017-07-06,84.58058620689656,29,20.32014562398121,3.773356313452132,0.0,0.896551724137931,0.10344827586206896,2,True
2017-07-07,82.16891428571428,35,16.206692352909297,2.7394309994274813,0.0,0.9714285714285714,0.02857142857142857,2,True
2017-07-08,98.267375,24,16.808952427882772,3.431113046585771,0.0,0.9583333333333334,0.041666666666666664,2,True
2017-07-09,86.6247,10,12.109944729206838,3.8295007683044595,0.0,1.0,0.0,1,False
2017-07-10,101.25772727272728,22,26.725983291068243,5.697998782963824,0.0,1.0,0.0,1,False
2017-07-11,94.89378947368421,19,28.49892079161156,6.538100827926576,0.0,1.0,0.0,1,False
2017-07-12,75.07726315789473,19,17.33922196076509,3.9778903308734836,0.0,0.9473684210526315,0.05263157894736842,2,True
2017-07-13,62.31395833333334,24,10.526561230811064,2.1487253134708975,0.0,1.0,0.0,1,False
2017-07-14,76.60747058823529,17,12.62798569704234,3.062736403982037,0.0,1.0,0.0,1,False
2017-07-15,87.22946875,32,14.19621825149759,2.5095605482095444,0.0,1.0,0.0,1,False
2017-07-16,89.22754545454546,22,31.028496709787024,6.615297725964295,0.0,0.9090909090909091,0.09090909090909091,2,True
2017-07-18,87.34212500000001,24,28.77429353238831,5.873528071951459,0.0,1.0,0.0,1,False
2017-07-20,88.00014814814814,27,19.61747678181117,3.775385166933304,0.0,0.9629629629629629,0.037037037037037035,2,True
2017-07-21,97.016125,8,26.95861524865474,9.531309826861415,0.0,0.625,0.375,2,True
2017-07-22,84.1846896551724,29,16.886927824934055,3.1358237732225964,0.0,0.6896551724137931,0.3103448275862069,2,True
2017-07-23,70.70733333333334,27,20.651313873269846,3.9743472079505993,0.0,0.9259259259259259,0.07407407407407407,2,True
2017-07-26,84.41472413793103,29,16.32552412612259,3.031573723517954,0.0,1.0,0.0,1,False
2017-07-27,90.7042857142857,14,24.05553938582249,6.429113331128158,0.0,0.9285714285714286,0.07142857142857142,2,True
2017-07-28,94.40788888888888,9,34.40451555190264,11.468171850634214,0.0,0.7777777777777778,0.2222222222222222,2,True
2017-07-29,86.58991666666667,12,14.061911181746721,4.059324103051039,0.0,0.75,0.25,2,True
2017-07-30,103.50864705882353,17,18.847805919858338,4.5712643893363385,0.0,0.8823529411764706,0.11764705882352941,2,True
2017-07-31,113.95027272727272,11,33.291307733674,10.03770695753215,0.0,0.9090909090909091,0.09090909090909091,2,True
2017-08-01,107.67572413793104,29,17.013191448941175,3.1592703395820587,0.0,1.0,0.0,1,False
2017-08-02,89.2278,25,21.95326076007844,4.390652152015688,0.0,1.0,0.0,1,False
2017-08-04,79.12838095238095,21,15.167490334515428,3.309817740972763,0.0,0.9523809523809523,0.047619047619047616,2,True
2017-08-06,61.6344375,16,12.751904573925419,3.1879761434813547,0.0,1.0,0.0,1,False
2017-08-07,86.24650000000001,12,6.417761568136868,1.8526481844793279,0.0,0.75,0.25,2,True
2017-08-08,75.78741176470588,17,14.83945451768201,3.599096376644241,0.0,1.0,0.0,1,False
2017-08-09,53.981923076923074,13,16.106319388475747,4.467089262626855,0.0,1.0,0.0,1,False
2017-08-10,57.298742857142855,35,8.092189020148698,1.3678295960892115,0.0,1.0,0.0,1,False
2017-08-11,78.07366666666667,12,9.515203407115786,2.746802624246172,0.0,1.0,0.0,1,False
2017-08-12,83.20322222222222,9,17.28799725805289,5.762665752684296,0.0,0.8888888888888888,0.1111111111111111,2,True
2017-08-14,64.96340000000001,10,16.522568371775616,5.224894885067066,0.0,1.0,0.0,1,False
2017-08-15,70.44030000000001,10,12.615087501788393,3.9892409387974763,0.0,1.0,0.0,1,False
2017-08-16,55.89148387096774,31,13.41879320672061,2.4100864067278907,0.0,1.0,0.0,1,False
2017-08-17,53.885677419354835,31,10.088987198548384,1.8120355929395482,0.0,1.0,0.0,1,False
2017-08-18,56.57053846153846,13,12.013969532835407,3.3320756286538624,0.0,0.8461538461538461,0.15384615384615385,2,True
2017-08-19,50.106,13,6.808526162099989,1.888345399060735,0.0,1.0,0.0,1,False
2017-08-20,57.61019047619048,21,11.603895430496813,2.532177579362087,0.0,0.9523809523809523,0.047619047619047616,2,True
2017-08-21,51.501888888888885,9,7.86849628970562,2.62283209656854,0.0,1.0,0.0,1,False
2017-08-22,67.82877272727272,44,49.96162105841198,7.531997771303253,0.0,0.9545454545454546,0.045454545454545456,2,True
2017-08-23,59.99645,20,15.059552444859495,3.367418297742898,0.0,0.95,0.05,2,True
2017-08-24,49.41275,8,23.402498949288056,8.274032851876319,0.0,1.0,0.0,1,False
2017-08-25,59.10173333333333,15,17.008730331663152,4.39163528764429,0.0,0.9333333333333333,0.06666666666666667,2,True
2017-08-26,50.49292307692308,26,15.52447173960667,3.0445993976336205,0.0,1.0,0.0,1,False
2017-08-27,49.868,9,14.799347755897891,4.93311591863263,0.0,0.1111111111111111,0.8888888888888888,2,True
2017-08-29,59.9511,10,8.293759494007793,2.622717036671024,0.0,1.0,0.0,1,False
2017-08-30,60.5140294117647,34,17.792201034885352,3.051337304053919,0.0,0.9117647058823529,0.08823529411764706,2,True
2017-08-31,62.558166666666665,12,18.535730658935623,5.350804542781441,0.0,1.0,0.0,1,False
2017-09-02,61.13006666666667,30,10.651708520664442,1.9447270109126327,0.0,1.0,0.0,1,False
2017-09-03,64.7140588235294,17,11.019725288491705,2.67267596057302,0.0,0.9411764705882353,0.058823529411764705,2,True
2017-09-04,73.83120512820513,39,27.420712167015086,4.390828015324816,0.0,0.9230769230769231,0.07692307692307693,2,True
2017-09-05,66.30993333333333,45,12.553642159657386,1.8713864822800788,0.0,0.9555555555555556,0.044444444444444446,2,True
2017-09-06,61.272555555555556,18,5.126292987222798,1.2082788445380948,0.0,1.0,0.0,1,False
2017-09-07,64.29027272727272,11,30.672868330467264,9.248217772375888,0.0,1.0,0.0,1,False
2017-09-08,70.46416666666666,12,20.51506343611637,5.922188698642018,0.0,1.0,0.0,1,False
2017-09-09,56.005,9,8.061262633731767,2.6870875445772557,0.0,1.0,0.0,1,False
2017-09-11,65.92190000000001,20,12.454767351458129,2.784970644180539,0.0,1.0,0.0,1,False
2017-09-14,60.627538461538464,13,14.692080648064477,4.074850009219129,0.0,0.7692307692307693,0.23076923076923078,2,True
2017-09-15,58.54666666666666,18,9.182216873167519,2.16426927244743,0.0,0.0,1.0,1,False
2017-09-19,40.20342857142857,14,5.170637897178283,1.3819111058793143,0.0,1.0,0.0,1,False
2017-09-20,51.9304,20,8.526153395659483,1.9065058579285263,0.0,0.9,0.1,2,True
2017-09-21,48.42958333333333,12,10.22622776321511,2.9520576759433346,0.0,0.9166666666666666,0.08333333333333333,2,True
2017-09-23,49.818628571428576,35,8.03346191613449,1.357902903724113,0.0,1.0,0.0,1,False
2017-09-24,54.6005,8,15.551083398179781,5.498138262825231,0.0,1.0,0.0,1,False
2017-09-25,51.82819047619048,42,5.220611739867626,0.8055578803129998,0.0,1.0,0.0,1,False
2017-09-26,46.23313043478261,23,8.505835565306421,1.773589318965696,0.0,1.0,0.0,1,False
2017-09-27,52.137,31,6.627733217322495,1.1903760262500953,0.0,0.967741935483871,0.03225806451612903,2,True
2017-09-28,54.64071428571428,21,13.988482666618482,3.052537175112234,0.0,1.0,0.0,1,False
2017-09-29,49.590105263157895,19,18.209573266385455,4.177562614377581,0.0,1.0,0.0,1,False
2017-10-03,49.260473684210524,19,9.69746162874263,2.2247502762396034,0.0,1.0,0.0,1,False
2017-10-04,49.10751612903226,31,6.091618339275521,1.094086951657421,0.0,1.0,0.0,1,False
2017-10-05,51.84080952380952,21,9.286011558355115,2.026373850971293,0.0,1.0,0.0,1,False
2017-10-08,49.49914285714285,28,7.0365983349189465,1.3297920907176226,0.0,1.0,0.0,1,False
2017-10-09,51.67614285714286,28,7.948870437873249,1.502195313034694,0.0,1.0,0.0,1,False
2017-10-10,50.50533333333333,9,7.629124769591856,2.543041589863952,0.0,1.0,0.0,1,False
2017-10-13,49.660828571428574,35,14.361752953972031,2.4275793228818605,0.0,0.7142857142857143,0.2857142857142857,2,True
2017-10-14,46.59269230769231,13,7.650741613122826,2.121933937033879,0.0,0.0,1.0,1,False
2017-10-15,48.49191304347826,23,5.227742411344268,1.0900596457427694,0.0,0.0,1.0,1,False
2017-10-18,45.727666666666664,30,8.132968891401575,1.4848701737694754,0.0,0.9666666666666667,0.03333333333333333,2,True
2017-10-19,43.276444444444444,9,6.895200397941873,2.298400132647291,0.0,1.0,0.0,1,False
2017-10-22,39.758583333333334,24,6.336920380263359,1.2935184560240647,0.0,1.0,0.0,1,False
2017-10-23,40.76036,25,5.023613232193205,1.004722646438641,0.0,1.0,0.0,1,False
2017-10-24,42.255204545454546,44,9.229032614727275,1.3913290164092271,0.0,0.9090909090909091,0.09090909090909091,2,True
2017-10-27,44.434333333333335,27,3.2771630320235126,0.630690319572355,0.0,0.0,1.0,1,False
2017-10-28,36.05605714285714,35,9.671117579263148,1.6347172340188003,0.0,0.0,1.0,1,False
2017-10-29,34.20735714285714,14,5.236282307238495,1.3994553124366151,0.0,0.0,1.0,1,False
2017-10-30,37.5327,20,4.423540819179513,0.9891337972930495,0.0,0.0,1.0,1,False
2017-10-31,31.72333333333333,21,4.987122359972065,1.0882793197418474,0.0,0.0,1.0,1,False
2017-11-02,32.58772222222222,36,6.883016990540087,1.1471694984233478,0.0,0.9444444444444444,0.05555555555555555,2,True
2017-11-03,27.8027,30,7.8122958131661795,1.426323547591427,0.0,0.9333333333333333,0.06666666666666667,2,True
2017-11-05,30.387945945945948,37,8.123104192315843,1.335430102992627,0.0,0.8918918918918919,0.10810810810810811,2,True
2017-11-06,28.26442105263158,38,7.925357131117881,1.2856626967787659,0.0,0.9736842105263158,0.02631578947368421,2,True
2017-11-07,27.0638125,32,7.029493715709087,1.242650668671529,0.0,0.9375,0.0625,2,True
2017-11-08,26.27092857142857,42,7.545675939570785,1.1643230752041276,0.0,0.9523809523809523,0.047619047619047616,2,True
2017-11-09,26.951676470588236,34,5.782226527854957,0.9916436685006065,0.0,0.9411764705882353,0.058823529411764705,2,True
2017-11-11,25.380782608695654,23,7.083434201498349,1.4769981320372716,0.0,1.0,0.0,1,False
2017-11-12,23.9545,30,6.491803201757184,1.1852356841622236,0.0,1.0,0.0,1,False
2017-11-17,24.2455,14,6.26797917072284,1.675187897448594,0.0,0.8571428571428571,0.14285714285714285,2,True
2017-11-18,22.57631914893617,47,4.8726416909212205,0.7107478388185104,0.0,0.9787234042553191,0.02127659574468085,2,True
2017-11-19,18.56707142857143,14,9.200418673285268,2.4589153207364807,0.0,1.0,0.0,1,False
2017-11-20,29.2519,10,4.564095004610563,1.4432935671966078,0.0,0.6,0.4,2,True
2017-11-21,20.646431818181817,44,6.666728277459317,1.0050471034356783,0.0,0.8636363636363636,0.13636363636363635,2,True
2017-11-24,21.311692307692308,26,4.697470798369954,0.9212498179007952,0.0,0.8846153846153846,0.11538461538461539,2,True
2017-11-25,20.502909090909093,33,4.120163917883277,0.7172284769783651,0.0,0.8787878787878788,0.12121212121212122,2,True
2017-11-26,20.007117647058823,34,5.454245289928704,0.9353953502429657,0.0,0.8823529411764706,0.11764705882352941,2,True
2017-11-28,22.377,44,8.899542805084701,1.3416565586442253,0.0,0.8181818181818182,0.18181818181818182,2,True
2017-11-30,21.6585,36,5.353484032451603,0.8922473387419338,0.0,0.8055555555555556,0.19444444444444445,2,True
2017-12-03,21.764,9,6.840024945129952,2.2800083150433172,0.0,1.0,0.0,1,False
2017-12-04,20.75065384615385,26,6.962408295653496,1.3654406061975948,0.0,0.8846153846153846,0.11538461538461539,2,True
2017-12-05,20.68025,36,4.438973609647038,0.739828934941173,0.0,0.8333333333333334,0.16666666666666666,2,True
2017-12-06,17.6176,45,4.750609479558673,0.7081790487232059,0.0,0.9333333333333333,0.06666666666666667,2,True
2017-12-07,16.777690476190475,42,4.387680789065716,0.6770338443171547,0.0,0.8571428571428571,0.14285714285714285,2,True
2017-12-08,17.921325581395347,43,4.809970090595703,0.7335135621584338,0.0,0.9302325581395349,0.06976744186046512,2,True
2017-12-09,15.966354838709677,31,4.713420630132552,0.8465553358541886,0.0,0.9032258064516129,0.0967741935483871,2,True
2017-12-10,15.23967741935484,31,3.045082564694503,0.5469129737284226,0.0,1.0,0.0,1,False
2017-12-11,19.4681,30,7.258319247594445,1.3251817271604673,0.0,0.8333333333333334,0.16666666666666666,2,True
2017-12-12,15.519874999999999,8,2.5399940066014786,0.8980234931205469,0.0,1.0,0.0,1,False
2017-12-13,15.911285714285714,42,3.070111075179086,0.47372842365585277,0.0,0.9761904761904762,0.023809523809523808,2,True
2017-12-14,17.133378378378378,37,2.7656394112126863,0.45466831845515027,0.0,1.0,0.0,1,False
2017-12-15,14.54465625,32,4.206623261610313,0.7436329585454311,0.0,1.0,0.0,1,False
2017-12-16,11.164941176470588,17,3.9409952180665653,0.9558317384789737,0.0,0.9411764705882353,0.058823529411764705,2,True
2017-12-18,19.584125,8,4.0157907756220865,1.4197964446343811,0.0,1.0,0.0,1,False
2017-12-19,19.87378947368421,38,9.555198050920694,1.5500578070062474,0.0,0.8157894736842105,0.18421052631578946,2,True
2017-12-20,13.565115384615384,26,4.993842931666338,0.9793731752455407,0.0,0.8846153846153846,0.11538461538461539,2,True
2017-12-21,10.583375,16,3.5315547072075786,0.8828886768018946,0.0,0.8125,0.1875,2,True
2017-12-22,14.241333333333333,18,5.084975608710082,1.1985402450290306,0.0,0.9444444444444444,0.05555555555555555,2,True
2017-12-23,14.35388888888889,18,3.022010762017838,0.7122947675471798,0.0,1.0,0.0,1,False
2017-12-24,17.61896875,32,10.853694817551318,1.918680301604956,0.0,0.9375,0.0625,2,True
2017-12-25,14.242954545454547,22,3.8545186405330107,0.8217861353676915,0.0,0.8636363636363636,0.13636363636363635,2,True
2017-12-26,13.648432432432433,37,3.341978801220589,0.5494179305166368,0.0,0.9459459459459459,0.05405405405405406,2,True
2017-12-27,11.91975,8,11.331359995920296,4.006240746590605,0.0,0.5,0.5,2,True
2017-12-29,13.205516129032258,31,1.9119686690418989,0.34339971026900107,0.0,0.9032258064516129,0.0967741935483871,2,True
2017-12-30,14.360454545454544,33,3.5472420633052115,0.6174955834876243,0.0,0.9393939393939394,0.06060606060606061,2,True
2017-12-31,11.98532,25,3.2169003030868084,0.6433800606173616,0.0,0.88,0.12,2,True
2018-01-01,11.692846153846155,39,3.699558384302969,0.5924034539725654,0.0,0.8717948717948718,0.1282051282051282,2,True
2018-01-02,14.618699999999999,30,4.521166863039705,0.8254483590439053,0.0,0.7333333333333333,0.26666666666666666,2,True
2018-01-03,17.9179375,32,20.02386943035011,3.5397534649486433,0.0,0.875,0.125,2,True
2018-01-04,8.04175,8,3.74311679715486,1.323391635020736,0.0,0.375,0.625,2,True
2018-01-05,7.1129999999999995,10,2.5449361485113924,0.8047794728992532,0.0,0.7,0.3,2,True
2018-01-07,16.064470588235295,17,4.087322230349093,0.9913212518626158,0.0,0.9411764705882353,0.058823529411764705,2,True
2018-01-08,17.1391875,16,3.9445464499525578,0.9861366124881394,0.0,1.0,0.0,1,False
2018-01-11,17.28667741935484,31,4.766748482191306,0.8561333008296405,0.0,0.7741935483870968,0.22580645161290322,2,True
2018-01-12,22.83359375,32,32.946931441490605,5.82424966039157,0.0,0.90625,0.09375,2,True
2018-01-13,10.581125,8,6.093315574991055,2.154312381492891,0.0,0.625,0.375,2,True
2018-01-15,14.766347826086955,46,3.1730112176668412,0.4678349808342312,0.0,0.9565217391304348,0.043478260869565216,2,True
2018-01-16,13.285388888888889,18,3.7319177397606014,0.8796214468716983,0.0,0.8888888888888888,0.1111111111111111,2,True
2018-01-17,13.973055555555556,18,2.6850409893294156,0.6328702304395555,0.0,1.0,0.0,1,False
2018-01-18,14.92825,20,2.9753578090887256,0.6653102318507231,0.0,1.0,0.0,1,False
2018-01-19,15.7943125,16,2.1807030278864965,0.5451757569716241,0.0,1.0,0.0,1,False
2018-01-21,10.808095238095238,21,2.5533418083907584,0.5571848624783848,0.0,0.9523809523809523,0.047619047619047616,2,True
2018-01-22,12.9275625,32,2.653508425407704,0.4690784503853564,0.0,0.96875,0.03125,2,True
2018-01-23,11.357161290322582,31,5.2584675150134395,0.9444486462319733,0.0,0.9032258064516129,0.0967741935483871,2,True
2018-01-26,14.571722222222222,18,3.0728712728451746,0.7242827049140537,0.0,1.0,0.0,1,False
2018-01-27,14.743318181818182,44,3.450922874696506,0.5202461979919525,0.0,1.0,0.0,1,False
2018-01-28,13.59506976744186,43,3.2342384574700915,0.4932167408789176,0.0,0.9534883720930233,0.046511627906976744,2,True
2018-01-29,16.83091304347826,23,20.10772050032941,4.192749558149617,0.0,0.782608695652174,0.21739130434782608,2,True
2018-01-31,14.056413043478262,46,4.4765780461622295,0.6600354240062265,0.0,0.782608695652174,0.21739130434782608,2,True
2018-02-01,13.93968888888889,45,3.507349438369134,0.5228447843359395,0.0,0.9333333333333333,0.06666666666666667,2,True
2018-02-03,11.644608695652176,23,1.7061240959643114,0.35575146617865483,0.0,1.0,0.0,1,False
2018-02-04,12.071058823529413,34,3.0987522409802946,0.5314316250352991,0.0,0.9411764705882353,0.058823529411764705,2,True
2018-02-05,17.622333333333334,24,16.10688825550616,3.2878047975014315,0.0,0.9166666666666666,0.08333333333333333,2,True
2018-02-06,11.083777777777776,9,2.454007170821724,0.8180023902739081,0.0,0.8888888888888888,0.1111111111111111,2,True
2018-02-07,28.752,25,46.39678666944512,9.279357333889024,0.0,0.92,0.08,2,True
2018-02-08,14.837782608695653,23,8.889003512801247,1.8534853590230316,0.0,0.8695652173913043,0.13043478260869565,2,True
2018-02-09,14.644724137931034,29,19.81703355683213,3.679930748001927,0.0,0.9655172413793104,0.034482758620689655,2,True
2018-02-10,39.44588888888889,9,46.429175508090935,15.476391836030311,0.0,0.8888888888888888,0.1111111111111111,2,True
2018-02-11,13.398625,32,3.2530476008734306,0.575063004525058,0.0,0.90625,0.09375,2,True
2018-02-12,12.524363636363637,22,9.277473011575912,1.9779638920378269,0.0,0.8636363636363636,0.13636363636363635,2,True
2018-02-15,14.702244444444444,45,2.8352749277912395,0.42265783156280123,0.0,0.9555555555555556,0.044444444444444446,2,True
2018-02-16,10.833874999999999,8,2.576060416189252,0.9107748945168299,0.0,0.75,0.25,2,True
2018-02-17,13.059821428571428,28,2.938151649435299,0.5552584699000022,0.0,0.9285714285714286,0.07142857142857142,2,True
2018-02-18,11.6680625,16,3.8241389526489034,0.9560347381622258,0.0,1.0,0.0,1,False
2018-02-19,10.58314705882353,34,2.018923732666596,0.3462425636629539,0.0,0.9705882352941176,0.029411764705882353,2,True
2018-02-20,12.11158620689655,29,1.859435561769858,0.3452885154612902,0.0,0.9655172413793104,0.034482758620689655,2,True
2018-02-23,12.557368421052631,19,1.9614476289642786,0.44998694724751326,0.0,1.0,0.0,1,False
2018-02-24,14.879285714285714,14,15.208094233656636,4.064534152008252,0.0,0.9285714285714286,0.07142857142857142,2,True
2018-02-25,13.513428571428571,28,2.927210003077401,0.5531906931002442,0.0,1.0,0.0,1,False
2018-03-05,14.144466666666666,15,6.193329785995191,1.5991108745819813,0.0,0.6666666666666666,0.3333333333333333,2,True
2018-03-06,10.54715,40,2.350802498547993,0.3716945112313163,0.0,1.0,0.0,1,False
2018-03-07,17.3642,30,16.48862251915879,3.0103968319769754,0.0,0.9666666666666667,0.03333333333333333,2,True
2018-03-08,11.810967741935483,31,3.2489795678425035,0.5835339565611735,0.0,1.0,0.0,1,False
2018-03-09,8.834333333333333,18,11.19294708077105,2.638202927425127,0.0,0.8888888888888888,0.1111111111111111,2,True
2018-03-11,11.998774193548387,31,3.60827524550329,0.6480653652643538,0.0,0.9032258064516129,0.0967741935483871,2,True
2018-03-12,12.16165,40,3.3912488248885087,0.5362035199508599,0.0,0.95,0.05,2,True
2018-03-13,13.0686875,32,4.7622380848307975,0.8418527108521734,0.0,0.90625,0.09375,2,True
2018-03-14,14.213216216216216,37,3.275378155734551,0.538468851844849,0.0,0.972972972972973,0.02702702702702703,2,True
2018-03-15,11.573189189189188,37,7.674025254200179,1.2616019803462464,0.0,1.0,0.0,1,False
2018-03-16,10.024066666666666,15,3.3729678636956812,0.8708965575590788,0.0,0.7333333333333333,0.26666666666666666,2,True
2018-03-17,13.312,18,3.282387939935695,0.7736662569378241,0.0,0.8888888888888888,0.1111111111111111,2,True
2018-03-18,7.722,12,5.332393305415155,1.5393293551531992,0.0,0.75,0.25,2,True
2018-03-19,12.618105263157895,19,4.327848848443157,0.9928766196464524,0.0,1.0,0.0,1,False
2018-03-20,11.86042857142857,14,3.47790683544628,0.9295097000970827,0.0,0.9285714285714286,0.07142857142857142,2,True
2018-03-21,11.134904761904762,21,5.82136926250828,1.2703269187492117,0.0,0.8571428571428571,0.14285714285714285,2,True
2018-03-22,7.713055555555556,18,9.924395085860974,2.339202354795581,0.0,0.8333333333333334,0.16666666666666666,2,True
2018-03-23,10.501315789473685,19,9.893270170803717,2.2696718366146724,0.0,0.6842105263157895,0.3157894736842105,2,True
2018-03-24,12.505315789473684,19,4.112987533447238,0.9435840533862697,0.0,0.7368421052631579,0.2631578947368421,2,True
2018-03-27,12.202,12,3.8772539016914815,1.119266791929052,0.0,1.0,0.0,1,False
2018-03-28,13.11592857142857,28,6.600405071343735,1.2473593122189328,0.0,0.9642857142857143,0.03571428571428571,2,True
2018-03-29,11.270955555555556,45,3.963013086687013,0.5907711105035618,0.0,0.9111111111111111,0.08888888888888889,2,True
2018-03-30,11.489138888888888,36,3.0278001646907917,0.5046333607817987,0.0,0.7777777777777778,0.2222222222222222,2,True
2018-03-31,13.895340909090908,44,4.625283719484609,0.6972877566577221,0.0,0.75,0.25,2,True
2018-04-01,15.23005,40,3.7318897663523143,0.5900635819173458,0.0,0.925,0.075,2,True
2018-04-02,11.48292,25,3.4784029371729392,0.6956805874345878,0.0,0.96,0.04,2,True
2018-04-03,11.906413043478262,46,2.429578752478041,0.358221843897737,0.0,0.9565217391304348,0.043478260869565216,2,True
2018-04-04,13.38051851851852,27,4.19693222549675,0.8076999833870545,0.0,0.9629629629629629,0.037037037037037035,2,True
2018-04-05,12.459517241379311,29,3.1562575218658844,0.5861023078967491,0.0,0.9655172413793104,0.034482758620689655,2,True
2018-04-06,14.88048,25,5.184503842542057,1.0369007685084113,0.0,0.8,0.2,2,True
2018-04-07,16.1958,40,9.529827004106902,1.5067979520178305,0.0,0.95,0.05,2,True
2018-04-08,10.885176470588235,17,3.9590049607713005,0.9601997426826102,0.0,0.8823529411764706,0.11764705882352941,2,True
2018-04-09,14.903096774193548,31,3.9559528254251513,0.7105101020141579,0.0,1.0,0.0,1,False
2018-04-11,15.589875000000001,16,15.903486120449607,3.9758715301124017,0.0,0.875,0.125,2,True
2018-04-12,11.981117647058824,17,6.154135874377013,1.4925971908505482,0.0,0.9411764705882353,0.058823529411764705,2,True
2018-04-13,9.69509756097561,41,3.162696735421198,0.4939302468835419,0.0,1.0,0.0,1,False
2018-04-14,11.074342857142856,35,3.5287063030392947,0.5964602291401988,0.0,0.8285714285714286,0.17142857142857143,2,True
2018-04-15,10.973931034482758,29,3.2198848796084363,0.5979176116100645,0.0,0.9310344827586207,0.06896551724137931,2,True
2018-04-16,11.862238095238094,21,2.5846189449271217,0.5640100932259731,0.0,0.9523809523809523,0.047619047619047616,2,True
2018-04-17,12.125970588235294,34,2.654605197893746,0.4552610355507271,0.0,1.0,0.0,1,False
2018-04-18,9.95637037037037,27,3.4386077140895277,0.6617603631223709,0.0,0.9259259259259259,0.07407407407407407,2,True
2018-04-19,9.561941176470588,17,3.810790640906888,0.92425248997496,0.0,0.9411764705882353,0.058823529411764705,2,True
2018-04-20,5.4421,10,2.5471831260782527,0.8054900295955114,0.0,0.7,0.3,2,True
2018-04-21,11.788076923076924,13,21.24709580335447,5.892884105668483,0.0,0.7692307692307693,0.23076923076923078,2,True
2018-04-22,7.298416666666667,12,1.7110438843707152,0.4939358236183477,0.0,0.75,0.25,2,True
2018-04-23,41.73435,20,56.76849483117699,12.693821342285718,0.0,0.9,0.1,2,True
2018-04-24,23.099032258064515,31,12.021395108954342,2.159106299326939,0.0,0.9032258064516129,0.0967741935483871,2,True
2018-04-26,22.941137931034483,29,6.574611660037081,1.2208747355933742,0.0,0.9310344827586207,0.06896551724137931,2,True
2018-04-27,27.299153846153846,26,56.06679605519995,10.995603351926597,0.0,0.8846153846153846,0.11538461538461539,2,True
2018-04-28,20.0839,20,35.17286880821637,7.864892561885382,0.0,0.85,0.15,2,True
2018-05-01,20.798815789473686,38,12.49554252384223,2.027044666017562,0.0,0.9736842105263158,0.02631578947368421,2,True
2018-05-02,17.65243333333333,30,4.135738058497629,0.7550790088572572,0.0,0.9666666666666667,0.03333333333333333,2,True
2018-05-03,20.396521739130435,23,4.236885239606666,0.8834516431636529,0.0,1.0,0.0,1,False
2018-05-04,23.54758064516129,31,7.466480374644149,1.3410194627649499,0.0,0.8709677419354839,0.12903225806451613,2,True
2018-05-05,18.65425,16,4.506629731110968,1.126657432777742,0.0,1.0,0.0,1,False
2018-05-06,20.1901,20,4.736299109286868,1.0590686770137143,0.0,0.95,0.05,2,True
2018-05-07,22.792166666666667,18,4.165850781688431,0.98190044571439,0.0,0.9444444444444444,0.05555555555555555,2,True
2018-05-08,16.836857142857145,14,2.75016952924005,0.7350137238544033,0.0,1.0,0.0,1,False
2018-05-09,18.069565217391304,23,4.902244864494475,1.0221887154843694,0.0,0.9130434782608695,0.08695652173913043,2,True
2018-05-10,22.66175,40,3.381366813234113,0.534641036716249,0.0,0.95,0.05,2,True
2018-05-11,18.6948,15,9.606786114884773,2.480461508901692,0.0,1.0,0.0,1,False
2018-05-12,19.817636363636364,11,5.046754110767183,1.5216536176907691,0.0,1.0,0.0,1,False
2018-05-13,21.6997,20,4.198244860088934,0.938756089334795,0.0,1.0,0.0,1,False
2018-05-14,17.856074074074076,27,23.995042965524757,4.617848171787451,0.0,0.4444444444444444,0.5555555555555556,2,True
2018-05-16,13.323368421052631,19,10.498484928844238,2.408517624479833,0.0,0.0,1.0,1,False
2018-05-19,22.689903225806454,31,5.590245846441452,1.004037793654041,0.0,1.0,0.0,1,False
2018-05-20,22.962,11,4.493600405020455,1.3548715001129006,0.0,1.0,0.0,1,False
2018-05-21,22.60511111111111,9,3.013149201601394,1.0043830672004648,0.0,1.0,0.0,1,False
2018-05-22,23.13977777777778,9,3.969447593109707,1.3231491977032357,0.0,1.0,0.0,1,False
2018-05-25,31.7064375,16,8.058552921947795,2.014638230486949,0.0,1.0,0.0,1,False
2018-05-26,32.36533333333333,21,5.960681616504386,1.3007273667220518,0.0,1.0,0.0,1,False
2018-05-27,27.38590909090909,11,5.761115212431451,1.7370415939676151,0.0,1.0,0.0,1,False
2018-05-28,28.084285714285716,28,9.012179634649755,1.7031418631374422,0.0,0.9285714285714286,0.07142857142857142,2,True
2018-05-31,31.0165,40,5.670746154494835,0.8966236940422381,0.0,1.0,0.0,1,False
2018-06-01,32.70216216216216,37,11.918734805417136,1.959427931971692,0.0,0.972972972972973,0.02702702702702703,2,True
2018-06-03,36.13113333333333,15,7.979672566381822,2.060342597185666,0.0,0.9333333333333333,0.06666666666666667,2,True
2018-06-04,37.83796551724138,29,5.72179513216637,1.0625106820474433,0.0,0.9310344827586207,0.06896551724137931,2,True
2018-06-05,30.869142857142858,14,6.117035303241179,1.634846451966381,0.0,0.8571428571428571,0.14285714285714285,2,True
2018-06-06,36.74284615384615,26,5.487032558258117,1.0760956187029647,0.0,0.9230769230769231,0.07692307692307693,2,True
2018-06-07,31.4276,10,6.390145472174759,2.020741427188436,0.0,1.0,0.0,1,False
2018-06-10,35.66488888888889,27,7.124131398246889,1.3710397268400354,0.0,1.0,0.0,1,False
2018-06-11,40.6178125,16,8.755583842849466,2.1888959607123666,0.0,1.0,0.0,1,False
2018-06-12,44.604703703703706,27,8.51922626865399,1.6395258598315705,0.0,1.0,0.0,1,False
2018-06-13,44.576846153846155,26,6.255354971173468,1.2267760408639672,0.0,1.0,0.0,1,False
2018-06-16,34.3057,20,5.847655833525807,1.3075755952786898,0.0,1.0,0.0,1,False
2018-06-17,41.51831818181818,22,10.572289617253317,2.2540197199173893,0.0,1.0,0.0,1,False
2018-06-18,48.995333333333335,27,7.439253245195638,1.431684954561166,0.0,0.9629629629629629,0.037037037037037035,2,True
2018-06-19,45.836000000000006,11,4.857339004022676,1.4645428141728922,0.0,1.0,0.0,1,False
2018-06-20,56.77911111111111,18,3.4526058000382145,0.8137869913236756,0.0,1.0,0.0,1,False
2018-06-21,55.138333333333335,15,9.559514629539565,2.46825606386886,0.0,1.0,0.0,1,False
2018-06-22,63.806062499999996,16,7.308034669400976,1.827008667350244,0.0,0.9375,0.0625,2,True
2018-06-23,66.2301875,16,20.762340340847096,5.190585085211774,0.0,0.5625,0.4375,2,True
2018-06-24,63.95115625,32,12.80500971044051,2.2636272998530185,0.0,0.0,1.0,1,False
2018-06-25,61.77827272727273,22,11.582829061370761,2.469467453308829,0.0,0.5,0.5,2,True
2018-06-26,66.24853333333333,15,42.82954694044533,11.058541468396907,0.0,0.5333333333333333,0.4666666666666667,2,True
2018-06-27,72.15845454545455,11,10.558269482861636,3.183438028191981,0.0,0.8181818181818182,0.18181818181818182,2,True
2018-06-29,64.23507407407408,27,14.015084518875547,2.6972042732293846,0.0,0.7037037037037037,0.2962962962962963,2,True
2018-06-30,64.02467741935484,31,9.901755818665352,1.7784078444067664,0.0,0.9032258064516129,0.0967741935483871,2,True
2018-07-01,67.37548,25,12.002398698176961,2.4004797396353923,0.0,1.0,0.0,1,False
2018-07-02,68.62178571428572,14,8.90756138758675,2.380645918857593,0.0,1.0,0.0,1,False
2018-07-03,61.9965,8,9.244640609564005,3.2684740323276227,0.0,0.5,0.5,2,True
2018-07-04,72.24799999999999,18,13.331970839699139,3.1423756624441905,0.0,0.8333333333333334,0.16666666666666666,2,True
2018-07-05,87.66970270270271,37,13.026918406098929,2.141612193672183,0.0,1.0,0.0,1,False
2018-07-06,83.96079999999999,10,7.906964550318914,2.5004017357216815,0.0,1.0,0.0,1,False
2018-07-09,112.34171428571429,21,12.387002487054149,2.703065549072947,0.0,0.8095238095238095,0.19047619047619047,2,True
2018-07-10,113.35022222222223,9,20.424479300448382,6.808159766816128,0.0,0.8888888888888888,0.1111111111111111,2,True
2018-07-11,110.10623529411765,17,14.34514276475409,3.479208166685063,0.0,0.7058823529411765,0.29411764705882354,2,True
2018-07-12,110.80381818181819,11,19.477921530893294,5.872814310359809,0.0,0.0,1.0,1,False
2018-07-13,106.22469565217392,23,17.45956629533918,3.640571235763301,0.0,0.0,1.0,1,False
2018-07-14,132.0970909090909,11,12.123074102343386,3.655244373013419,0.0,0.0,1.0,1,False
2018-07-16,135.5014,15,15.770434348579538,4.0719086396337305,0.0,0.0,1.0,1,False
2018-07-20,115.42856,25,16.463276856081844,3.2926553712163686,0.0,0.0,1.0,1,False
2018-07-21,102.94178571428571,28,16.79886640434108,3.1746873438345937,0.0,0.0,1.0,1,False
2018-07-22,88.87784615384615,13,16.77950859851659,4.653798356080036,0.0,0.0,1.0,1,False
2018-07-23,106.91,14,9.571307233280423,2.558039457891897,0.0,0.0,1.0,1,False
2018-07-24,119.10719999999999,25,13.951707117768777,2.7903414235537554,0.0,0.0,1.0,1,False
2018-07-25,121.25256521739131,23,18.496545033221963,3.8567962496825743,0.0,0.0,1.0,1,False
2018-07-26,118.65164285714286,14,13.17519723750854,3.5212195761376752,0.0,0.0,1.0,1,False
2018-07-27,118.88883333333332,18,12.996906243862988,3.0634001798271,0.0,0.0,1.0,1,False
2018-07-28,111.2639,10,20.188519088553498,6.384170290561562,0.0,0.0,1.0,1,False
2018-07-29,105.24276923076923,13,14.728694947583591,4.08500498878308,0.0,0.0,1.0,1,False
2018-07-30,111.67,15,16.22179303547281,4.18844895146731,0.0,0.0,1.0,1,False
2018-07-31,126.14564285714286,14,10.01997516968475,2.6779510077816018,0.0,0.0,1.0,1,False
2018-08-01,103.41778260869565,23,24.753999028543614,5.16156560300617,0.0,0.0,1.0,1,False
2018-08-02,101.34246153846154,13,7.936256365728372,2.201121481681626,0.0,0.0,1.0,1,False
2018-08-03,89.45344444444444,9,24.56601295545897,8.18867098515299,0.0,0.0,1.0,1,False
2018-08-05,88.0467,30,40.13844181996211,7.32824333596732,0.0,0.0,1.0,1,False
2018-08-06,89.2075,28,22.79386976636319,4.30763648704221,0.0,0.0,1.0,1,False
2018-08-07,98.72822222222221,18,22.578137829105067,5.3217181218415694,0.0,0.0,1.0,1,False
2018-08-08,102.74409523809524,21,28.704334759587724,6.263799371864895,0.0,0.0,1.0,1,False
2018-08-09,94.37935714285713,28,35.58725657915608,6.725359339392441,0.0,0.0,1.0,1,False
2018-08-10,92.52425,20,22.4565697663524,5.021441653903053,0.0,0.0,1.0,1,False
2018-08-11,88.76166666666666,12,10.531539154829025,3.040193483010811,0.0,0.0,1.0,1,False
2018-08-13,125.080625,16,26.874689705805597,6.718672426451399,0.0,0.0,1.0,1,False
2018-08-14,114.70865714285713,35,79.24261425110595,13.394446518026555,0.0,0.0,1.0,1,False
2018-08-15,87.24466666666667,27,29.02153349073488,5.585196724390507,0.0,0.0,1.0,1,False
2018-08-16,72.7166111111111,18,34.94137694370704,8.235761526963511,0.0,0.0,1.0,1,False
2018-08-17,81.26819047619048,21,21.859169018100953,4.770061745441959,0.0,0.0,1.0,1,False
2018-08-19,81.40419230769231,26,29.763239161111787,5.837051433470691,0.0,0.0,1.0,1,False
2018-08-20,63.02645714285714,35,36.505692555563776,6.170588277029172,0.0,0.0,1.0,1,False
2018-08-21,80.6156,20,26.44373235142279,5.912998311659171,0.0,0.0,1.0,1,False
2018-08-22,73.43204761904762,21,6.429619222599351,1.403057941776412,0.0,0.0,1.0,1,False
2018-08-24,50.14725000000001,12,18.36971409746835,5.302879689554908,0.0,0.0,1.0,1,False
2018-08-25,66.54033333333334,12,21.86522982991836,6.3119481640982,0.0,0.0,1.0,1,False
2018-08-26,62.46104761904762,21,16.33658974044519,3.564936146810908,0.0,0.0,1.0,1,False
2018-08-27,75.66338095238095,21,9.756466883437831,2.1290356194611313,0.0,0.0,1.0,1,False
2018-08-28,66.61153333333333,30,21.773621530037975,3.9753012235273157,0.0,0.0,1.0,1,False
2018-08-29,61.2368947368421,19,16.36656066460831,3.7547465258081845,0.0,0.0,1.0,1,False
2018-09-01,60.128190476190476,21,28.90283409221152,6.307115477443312,0.0,0.0,1.0,1,False
2018-09-02,67.9149,20,14.147040210811443,3.163374359179734,0.0,0.0,1.0,1,False
2018-09-03,60.82,16,10.759806113494799,2.6899515283736997,0.0,0.0,1.0,1,False
2018-09-04,65.177,19,14.916177261990121,3.42200575310285,0.0,0.0,1.0,1,False
2018-09-05,73.79625,36,8.839453920996961,1.4732423201661602,0.0,0.0,1.0,1,False
2018-09-06,58.586999999999996,14,16.010460825540086,4.2789756438240625,0.0,0.0,1.0,1,False
2018-09-07,56.0480625,16,19.95938910377353,4.989847275943382,0.0,0.0,1.0,1,False
2018-09-08,62.185272727272725,11,11.297656917174542,3.4063717276755683,0.0,0.0,1.0,1,False
2018-09-10,47.3010625,16,29.069766256298543,7.267441564074636,0.0,0.0,1.0,1,False
2018-09-12,65.91817142857143,35,15.959387267992089,2.697628810480726,0.0,0.0,1.0,1,False
2018-09-14,72.65361904761906,21,21.5580276799066,4.704347317958344,0.0,0.0,1.0,1,False
2018-09-15,52.17135714285714,14,14.023462277456758,3.7479279441851285,0.0,0.0,1.0,1,False
2018-09-16,51.95007692307692,13,22.94328777827893,6.363323116331612,0.0,0.0,1.0,1,False
2018-09-17,68.5638,30,11.768667792651511,2.148654940606588,0.0,0.0,1.0,1,False
2018-09-18,68.00560869565217,23,37.292545219873155,7.776033215218816,0.0,0.0,1.0,1,False
2018-09-19,62.32982352941176,17,27.321125050579667,6.626346140838153,0.0,0.0,1.0,1,False
2018-09-21,66.97493333333334,15,12.261694222640024,3.165955834704834,0.0,0.0,1.0,1,False
2018-09-22,64.50075,8,5.983434889043964,2.115463692415582,0.0,0.0,1.0,1,False
2018-09-23,56.19137777777778,45,11.686549440759372,1.7421279314633404,0.0,0.0,1.0,1,False
2018-09-25,54.86034482758621,29,11.502372557358582,2.135936961877143,0.0,0.0,1.0,1,False
2018-09-26,55.32853846153846,26,12.049060395668267,2.363015156845019,0.0,0.0,1.0,1,False
2018-09-29,51.3365,8,17.175022453717908,6.072287422027574,0.0,0.0,1.0,1,False
2018-09-30,56.562999999999995,28,17.113781037731187,3.234200615560687,0.0,0.0,1.0,1,False
2018-10-01,67.7189375,16,71.67826284675967,17.919565711689916,0.0,0.0,1.0,1,False
2018-10-04,53.02611111111111,18,10.330096121008799,2.434827005824724,0.0,0.0,1.0,1,False
2018-10-06,55.867074074074075,27,10.233137201968031,1.9693681727368721,0.0,0.0,1.0,1,False
2018-10-07,41.3696,25,9.752768876067968,1.9505537752135935,0.0,0.0,1.0,1,False
2018-10-19,42.694,10,6.224305690864912,1.968298283628102,0.0,0.0,1.0,1,False
2018-10-20,41.657333333333334,33,4.230987094244871,0.7365203157449565,0.0,0.0,1.0,1,False
2018-10-22,41.510555555555555,27,8.108789952093932,1.5605373538811882,0.0,0.0,1.0,1,False
2018-10-23,35.619684210526316,38,13.300812810166727,2.157676756259498,0.0,0.0,1.0,1,False
2018-10-28,32.52548387096774,31,5.813421206547069,1.0441212716107446,0.0,0.0,1.0,1,False
2018-10-29,28.399576923076925,26,6.697118808401576,1.3134130572649576,0.0,0.0,1.0,1,False
2018-10-31,25.9422,25,5.661690089246026,1.132338017849205,0.0,0.0,1.0,1,False
2018-11-01,24.24272222222222,18,12.728082743683958,3.000037873187468,0.0,0.0,1.0,1,False
2018-11-02,10.230944444444443,18,22.35410409080656,5.268912863319754,0.0,0.0,1.0,1,False
2018-11-03,24.506999999999998,10,17.73118867983757,5.60709418504808,0.0,0.0,1.0,1,False
2018-11-04,15.721250000000001,20,10.900141968534657,2.4373458406041864,0.0,0.0,1.0,1,False
2018-11-05,27.5827,10,31.385388936219634,9.924931428870316,0.0,0.0,1.0,1,False
2018-11-07,27.65755882352941,34,6.757240481193291,1.158857181992335,0.0,0.0,1.0,1,False
2018-11-08,24.296652173913042,23,4.729287440164702,0.986124599493426,0.0,0.0,1.0,1,False
2018-11-09,31.026736842105265,19,4.6017633074737425,1.055716906282712,0.0,0.0,1.0,1,False
2018-11-10,16.6285,12,19.371832595056905,5.592166381726235,0.0,0.0,1.0,1,False
2018-11-11,29.4305,8,6.736826679846063,2.3818279144988024,0.0,0.0,1.0,1,False
2018-11-12,29.335675,40,7.801153867274856,1.2334707299009717,0.0,0.0,1.0,1,False
2018-11-16,27.439433333333334,30,3.191651142064822,0.5827131087320095,0.0,0.0,1.0,1,False
2018-11-17,21.962536585365854,41,5.77489289986213,0.9018867486752701,0.0,0.0,1.0,1,False
2018-11-18,20.2184,15,4.724030267835778,1.2197393702871822,0.0,0.0,1.0,1,False
2018-11-19,17.83855882352941,34,13.243243384644101,2.271197503164353,0.0,0.0,1.0,1,False
2018-11-20,20.53081818181818,22,10.605723040107318,2.2611477496200827,0.0,0.0,1.0,1,False
2018-11-21,15.84526923076923,26,6.437134347255415,1.2624259095489891,0.0,0.0,1.0,1,False
2018-11-24,34.37476,25,27.92974139288319,5.585948278576638,0.0,0.0,1.0,1,False
2018-11-25,23.205357142857142,28,3.3177433228949087,0.6269945533089283,0.0,0.0,1.0,1,False
2018-11-26,20.06048387096774,31,7.4315471958893715,1.3347452786439427,0.0,0.0,1.0,1,False
2018-11-27,19.83952,25,4.11185512796029,0.822371025592058,0.0,0.0,1.0,1,False
2018-11-28,14.98975,12,5.782093819008662,1.6691467114421614,0.0,0.0,1.0,1,False
2018-11-30,21.809642857142855,14,4.523081703154011,1.2088444332563046,0.0,0.0,1.0,1,False
2018-12-01,20.97692105263158,38,3.5934506820616963,0.5829346764073563,0.0,0.0,1.0,1,False
2018-12-02,21.143782608695652,46,3.3127486869368656,0.4884381466515384,0.0,0.0,1.0,1,False
2018-12-03,20.018230769230772,26,2.5665415532609996,0.503340210097099,0.0,0.0,1.0,1,False
2018-12-04,19.86092307692308,13,3.287581290795673,0.911810993555376,0.0,0.0,1.0,1,False
2018-12-05,22.60822222222222,9,3.6332091798359807,1.2110697266119936,0.0,0.0,1.0,1,False
2018-12-06,17.53285,40,5.086889491120463,0.8043078498757766,0.0,0.0,1.0,1,False
2018-12-07,14.498555555555555,18,22.689167299220703,5.347888018918342,0.0,0.0,1.0,1,False
2018-12-08,3.308923076923077,13,13.746358241740117,3.8125538070377694,0.0,0.0,1.0,1,False
2018-12-11,6.3808125,16,16.123000358571602,4.0307500896429005,0.0,0.0,1.0,1,False
2018-12-13,19.15925,8,7.191864784006202,2.542708179073755,0.0,0.0,1.0,1,False
2018-12-14,16.57842105263158,19,14.307988508039795,3.2824776837835135,0.0,0.0,1.0,1,False
2018-12-16,19.49274418604651,43,4.783421220827021,0.7294648974747632,0.0,0.0,1.0,1,False
2018-12-17,7.7194062500000005,32,20.6551159278017,3.6513431346857117,0.0,0.0,1.0,1,False
2018-12-18,9.9753,10,11.000375590052471,3.4786241981884483,0.0,0.0,1.0,1,False
2018-12-19,9.620090909090909,11,44.31626693992747,13.361857231724628,0.0,0.0,1.0,1,False
2018-12-20,21.653837837837838,37,54.547406590513084,8.967538403613924,0.0,0.0,1.0,1,False
2018-12-21,14.476666666666667,15,3.9860542729203607,1.0291947877399648,0.0,0.0,1.0,1,False
2018-12-24,19.335526315789473,19,18.20959479495607,4.177567553370409,0.0,0.0,1.0,1,False
2018-12-25,16.19748,25,3.4696617284686413,0.6939323456937283,0.0,0.0,1.0,1,False
2018-12-26,13.367444444444445,18,6.433321191698387,1.5163483467336838,0.0,0.0,1.0,1,False
2018-12-28,13.379384615384616,26,10.652233505052067,2.089074865600283,0.0,0.0,1.0,1,False
2018-12-31,17.13711111111111,36,3.4940087478652266,0.5823347913108711,0.0,0.0,1.0,1,False
2019-01-01,9.524176470588236,17,10.730645642477054,2.602563847941575,1.0,0.0,0.0,1,False
2019-01-03,11.305818181818182,11,4.760584666155657,1.435370283668876,1.0,0.0,0.0,1,False
2019-01-05,13.604625,16,4.090238491416689,1.0225596228541722,1.0,0.0,0.0,1,False
2019-01-06,13.088083333333332,24,4.986569561607822,1.0178792494027642,1.0,0.0,0.0,1,False
2019-01-07,9.5769,10,5.4226370061069,1.7147883863614193,1.0,0.0,0.0,1,False
2019-01-08,11.340581395348837,43,7.554182301822574,1.1520020010598073,1.0,0.0,0.0,1,False
2019-01-09,8.6969375,48,3.1783397539840395,0.45875382813469356,1.0,0.0,0.0,1,False
2019-01-10,5.465052631578947,19,2.8097000131228764,0.6445893904667117,1.0,0.0,0.0,1,False
2019-01-11,6.369888888888889,18,3.7582365215129805,0.8858248432215903,1.0,0.0,0.0,1,False
2019-01-12,9.13165,20,5.971894676645542,1.3353562451448557,1.0,0.0,0.0,1,False
2019-01-13,10.242733333333332,15,3.1534499580769055,0.8142172780486888,1.0,0.0,0.0,1,False
2019-01-14,6.399454545454546,22,11.374735336438645,2.4251017220841944,1.0,0.0,0.0,1,False
2019-01-15,25.15514285714286,21,19.348933431292057,4.222283431693214,1.0,0.0,0.0,1,False
2019-01-16,4.970303030303031,33,7.244072410792359,1.261031144844075,1.0,0.0,0.0,1,False
2019-01-17,12.73970588235294,34,29.25395152954027,5.017011297143688,1.0,0.0,0.0,1,False
2019-01-18,11.161666666666667,42,5.511333965683878,0.8504172936648833,1.0,0.0,0.0,1,False
2019-01-19,9.5326875,16,6.082332411378056,1.520583102844514,1.0,0.0,0.0,1,False
2019-01-20,9.409454545454546,11,8.713156217624432,2.6271154466920437,1.0,0.0,0.0,1,False
2019-01-22,6.17575,8,3.656030507453209,1.2926019820225292,1.0,0.0,0.0,1,False
2019-01-23,5.332272727272727,11,3.671065515375858,1.1068678995740358,1.0,0.0,0.0,1,False
2019-01-24,17.27942857142857,42,9.302948997804357,1.435476194887698,1.0,0.0,0.0,1,False
2019-02-15,8.229142857142858,21,9.016815110035884,1.9676303699600481,1.0,0.0,0.0,1,False
2019-02-16,16.014000000000003,20,23.907682233739713,5.3459202659106015,1.0,0.0,0.0,1,False
2019-02-17,6.623395348837209,43,5.617498914487084,0.856660553304239,1.0,0.0,0.0,1,False
2019-02-18,26.76744,25,48.130810526349265,9.626162105269852,1.0,0.0,0.0,1,False
2019-02-19,13.37811111111111,9,22.39431839465339,7.464772798217797,1.0,0.0,0.0,1,False
2019-02-20,8.495454545454546,11,5.842900501696676,1.7617007865006546,1.0,0.0,0.0,1,False
2019-02-21,8.241875,16,7.609984869673964,1.902496217418491,1.0,0.0,0.0,1,False
2019-02-22,10.719142857142858,14,2.1395430445682644,0.5718169312164039,1.0,0.0,0.0,1,False
2019-02-23,14.2494,10,3.1189044800306984,0.9862841961400152,1.0,0.0,0.0,1,False
2019-02-24,23.039594594594597,37,12.612655069984845,2.0735077207372887,1.0,0.0,0.0,1,False
2019-02-25,10.571142857142856,42,11.017243948601505,1.6999976486187973,1.0,0.0,0.0,1,False
2019-02-26,11.688615384615385,13,16.65183008229857,4.618386707080095,1.0,0.0,0.0,1,False
2019-02-27,12.250599999999999,25,5.2290013705614315,1.0458002741122863,1.0,0.0,0.0,1,False
2019-02-28,10.924083333333334,12,3.2991197574872033,0.9523738400370249,1.0,0.0,0.0,1,False
2019-03-01,5.743357142857143,14,11.793697049416124,3.1519981201658487,1.0,0.0,0.0,1,False
2019-03-02,14.529250000000001,28,8.706722573518821,1.645415904568792,1.0,0.0,0.0,1,False
2019-03-03,12.060107142857143,28,4.39815486008399,0.8311731419523083,1.0,0.0,0.0,1,False
2019-03-04,14.501736842105265,19,5.251290390012146,1.2047286385920648,1.0,0.0,0.0,1,False
2019-03-05,11.951709677419354,31,9.080732258261806,1.6309476598693895,1.0,0.0,0.0,1,False
2019-03-06,11.424866666666667,30,7.276976824598737,1.328588119091681,1.0,0.0,0.0,1,False
2019-03-07,9.991000000000001,15,21.42189193658807,5.531108714310704,1.0,0.0,0.0,1,False
2019-03-09,14.72475,8,9.038264763137416,3.1955091520869456,1.0,0.0,0.0,1,False
2019-03-10,12.446409090909093,22,5.7211079151731,1.2197443058626578,1.0,0.0,0.0,1,False
2019-03-11,7.3575625,16,10.944458731667211,2.736114682916803,1.0,0.0,0.0,1,False
2019-03-14,28.586083333333335,12,8.175405849901646,2.360036384087578,1.0,0.0,0.0,1,False
2019-03-15,10.740512820512821,39,4.485159346296787,0.718200285644136,1.0,0.0,0.0,1,False
2019-03-16,8.498641025641026,39,7.308851286686862,1.1703528629731028,1.0,0.0,0.0,1,False
2019-03-17,9.4958125,16,4.1081803468810865,1.0270450867202716,1.0,0.0,0.0,1,False
2019-03-18,9.573944444444445,18,6.304837008409843,1.486064334307502,1.0,0.0,0.0,1,False
2019-03-19,10.418904761904761,21,7.66095692394078,1.671757857131175,1.0,0.0,0.0,1,False
2019-03-20,11.657452380952382,42,6.856750155343204,1.0580195188225505,1.0,0.0,0.0,1,False
2019-03-21,16.24551515151515,33,7.562898242081257,1.316531598212973,1.0,0.0,0.0,1,False
2019-03-22,6.336944444444445,36,6.1248878517753615,1.0208146419625603,1.0,0.0,0.0,1,False
2019-03-24,8.396899999999999,40,6.107047319622025,0.9656089654215955,1.0,0.0,0.0,1,False
2019-03-25,0.6488666666666669,15,17.22687927076532,4.44796110151999,1.0,0.0,0.0,1,False
2019-03-29,8.454049999999999,20,10.164368976064326,2.2728219978869766,1.0,0.0,0.0,1,False
2019-03-30,10.297108695652174,46,3.781438663485167,0.5575427136240128,1.0,0.0,0.0,1,False
2019-03-31,13.326166666666666,18,11.51179236440514,2.7133554814941316,1.0,0.0,0.0,1,False
2019-04-01,13.936192307692307,26,8.373870866065374,1.6422511903989792,1.0,0.0,0.0,1,False
2019-04-02,11.53825,24,6.0859475576045705,1.2422888431223944,1.0,0.0,0.0,1,False
2019-04-03,9.227044444444443,45,7.178176797372954,1.0700594182291772,1.0,0.0,0.0,1,False
2019-04-06,13.697363636363635,22,11.391513986696014,2.4286789423385455,1.0,0.0,0.0,1,False
2019-04-07,12.357750000000001,12,4.216437986672465,1.2171808033133555,1.0,0.0,0.0,1,False
2019-04-08,18.17646153846154,13,9.855492864517943,2.7334219129222244,1.0,0.0,0.0,1,False
2019-04-09,13.30860465116279,43,4.9511567774830105,0.7550443300587452,1.0,0.0,0.0,1,False
2019-04-10,10.42,39,3.6248356405570488,0.5804382389692806,1.0,0.0,0.0,1,False
2019-04-11,13.298928571428572,28,3.4822368176171254,0.6580809018319926,1.0,0.0,0.0,1,False
2019-04-12,12.648529411764706,17,3.2270171427660372,0.7826666197237222,1.0,0.0,0.0,1,False
2019-04-13,10.390039999999999,25,7.148655902102624,1.4297311804205248,1.0,0.0,0.0,1,False
2019-04-14,5.701058823529412,17,13.14751435381698,3.1887406114771606,1.0,0.0,0.0,1,False
2019-04-15,-19.583875,8,14.787201101314416,5.228065086754303,1.0,0.0,0.0,1,False
2019-04-16,1.468,14,22.498345323771975,6.012935712205884,1.0,0.0,0.0,1,False
2019-04-18,16.22375,12,8.711847410018986,2.5148937236567033,1.0,0.0,0.0,1,False
2019-04-20,13.374545454545455,11,3.5925991249688956,1.0832093926982687,1.0,0.0,0.0,1,False
2019-04-21,11.459148148148147,27,2.4396937339898863,0.469519278019768,1.0,0.0,0.0,1,False
2019-04-22,12.506,35,3.7904004367069497,0.6406946112415411,1.0,0.0,0.0,1,False
2019-04-23,17.17088888888889,9,9.254379752912191,3.0847932509707303,1.0,0.0,0.0,1,False
2019-04-24,20.186999999999998,17,11.345175125356151,2.7516091401749114,1.0,0.0,0.0,1,False
2019-04-25,23.701947368421052,38,30.43965997514691,4.937964899905524,1.0,0.0,0.0,1,False
2019-04-26,22.934025,40,9.257347212328995,1.4637151140985,1.0,0.0,0.0,1,False
2019-04-27,20.764166666666664,30,7.840200120965127,1.4314181538691106,1.0,0.0,0.0,1,False
2019-04-28,22.47790476190476,21,24.463711635614008,5.338419540465387,1.0,0.0,0.0,1,False
2019-04-29,14.794,10,2.047753294602539,0.6475564497057806,1.0,0.0,0.0,1,False
2019-04-30,16.196,20,5.651602520757416,1.263736741822275,1.0,0.0,0.0,1,False
2019-05-01,17.342681818181816,22,5.8216369436321935,1.24117716674467,1.0,0.0,0.0,1,False
2019-05-02,20.021272727272727,11,6.554553136422178,1.9762721292690486,1.0,0.0,0.0,1,False
2019-05-04,23.441625,16,8.672198935871647,2.1680497339679117,1.0,0.0,0.0,1,False
2019-05-05,21.471357142857144,42,5.029620961432327,0.7760873633885655,1.0,0.0,0.0,1,False
2019-05-06,25.07207894736842,38,9.192658996505378,1.4912462063835918,1.0,0.0,0.0,1,False
2019-05-07,23.297,20,9.947426284432096,2.2243121373158323,1.0,0.0,0.0,1,False
2019-05-09,25.151848484848482,33,3.592624607452851,0.6253956703941513,1.0,0.0,0.0,1,False
2019-05-10,20.124950000000002,20,5.185132221579616,1.1594308119776524,1.0,0.0,0.0,1,False
2019-05-12,35.57861538461538,13,43.83847545162898,12.158605467616743,1.0,0.0,0.0,1,False
2019-05-13,23.070375000000002,8,8.820317081075617,3.118453010122052,1.0,0.0,0.0,1,False
2019-05-14,38.96845454545455,11,32.3463229142468,9.752783314021078,1.0,0.0,0.0,1,False
2019-05-15,17.74135,20,19.910563261680174,4.45213729234268,1.0,0.0,0.0,1,False
2019-05-16,30.927078947368422,38,15.422510020029911,2.5018614928526772,1.0,0.0,0.0,1,False
2019-05-17,29.86169047619048,42,10.203250846112114,1.574395786058648,1.0,0.0,0.0,1,False
2019-05-18,28.430190476190475,21,8.331085035090254,1.8179917997340438,1.0,0.0,0.0,1,False
2019-05-19,27.09371875,32,6.350102083174245,1.1225500610598325,1.0,0.0,0.0,1,False
2019-05-20,20.0995,28,30.74954043077235,5.8111169220963985,1.0,0.0,0.0,1,False
2019-05-21,19.768636363636364,22,43.74630230310677,9.326742988931453,1.0,0.0,0.0,1,False
2019-05-23,28.396947368421053,19,8.966190919681955,2.0569852698624027,1.0,0.0,0.0,1,False
2019-05-24,17.670461538461538,13,23.26477476649833,6.452487564056192,1.0,0.0,0.0,1,False
2019-05-25,31.194192307692308,26,13.334517179168447,2.6151139731122357,1.0,0.0,0.0,1,False
2019-05-26,40.301434782608695,23,26.360578795594282,5.496560641768692,1.0,0.0,0.0,1,False
2019-05-27,35.07333333333333,21,21.331297516403765,4.654870740025894,1.0,0.0,0.0,1,False
2019-05-28,38.55992307692308,26,17.169032615550773,3.367124320623245,1.0,0.0,0.0,1,False
2019-05-29,41.09761538461539,13,7.570796870634575,2.099761254861175,1.0,0.0,0.0,1,False
2019-06-05,46.94589655172414,29,7.99954462250744,1.4854781439389357,1.0,0.0,0.0,1,False
2019-06-06,54.99722222222223,9,24.740511270878063,8.246837090292688,1.0,0.0,0.0,1,False
2019-06-09,52.82507692307692,13,16.204756027483302,4.494390674113476,1.0,0.0,0.0,1,False
2019-06-10,52.675590909090914,22,14.67320658842436,3.128338155885936,1.0,0.0,0.0,1,False
2019-06-11,25.815124999999995,8,85.0505481538353,30.069909671604965,1.0,0.0,0.0,1,False
2019-06-12,60.79102702702703,37,8.149614113176995,1.3397883071357455,1.0,0.0,0.0,1,False
2019-06-13,60.29911764705883,17,38.8680007041177,9.426874844685816,1.0,0.0,0.0,1,False
2019-06-14,40.34752380952381,21,51.59966357217753,11.259969721607572,1.0,0.0,0.0,1,False
2019-06-15,56.46209375,32,11.399388487728332,2.0151462252631416,1.0,0.0,0.0,1,False
2019-06-16,53.4471875,16,17.831416953301837,4.457854238325459,1.0,0.0,0.0,1,False
2019-06-17,58.08564705882353,17,17.024095093209713,4.128949544109587,1.0,0.0,0.0,1,False
2019-06-18,66.07857142857144,14,97.74852792494885,26.124392968333126,1.0,0.0,0.0,1,False
2019-06-19,43.4473,10,41.13803216557102,13.008988010047345,1.0,0.0,0.0,1,False
2019-06-20,39.9716923076923,13,29.395545012197047,8.15285729320663,1.0,0.0,0.0,1,False
2019-06-21,64.86074193548387,31,87.17477833791445,15.65705239249828,1.0,0.0,0.0,1,False
2019-06-22,55.248705882352944,17,17.35093602217437,4.2082201131034855,1.0,0.0,0.0,1,False
2019-06-24,62.07972727272727,11,22.15339486440356,6.6794998725284405,1.0,0.0,0.0,1,False
2019-06-25,58.324,10,4.627089822147635,1.4632142776169945,1.0,0.0,0.0,1,False
2019-06-26,56.53704,25,8.60108135391514,1.720216270783028,1.0,0.0,0.0,1,False
2019-06-28,52.97764705882353,17,19.79258641493443,4.8004073172317545,1.0,0.0,0.0,1,False
2019-06-29,66.05146153846154,13,8.149185517741275,2.2601774028834405,1.0,0.0,0.0,1,False
2019-06-30,54.57395833333334,24,11.392557236612538,2.3254960079293903,1.0,0.0,0.0,1,False
2019-07-01,64.31620833333334,24,49.18622796463958,10.04009674046498,1.0,0.0,0.0,1,False
2019-07-02,68.05692307692308,13,31.464785420798965,8.726761323550958,1.0,0.0,0.0,1,False
2019-07-03,79.78976923076924,13,203.4288895306965,56.421022470278906,1.0,0.0,0.0,1,False
2019-07-04,87.04806451612903,31,60.570506025587214,10.878784028640181,1.0,0.0,0.0,1,False
2019-07-05,95.45586666666667,15,92.17725516933329,23.800064944662623,1.0,0.0,0.0,1,False
2019-07-06,69.597125,8,30.01884753873092,10.613265329020868,1.0,0.0,0.0,1,False
2019-07-09,68.554125,16,9.645617988668912,2.411404497167228,1.0,0.0,0.0,1,False
2019-07-10,72.80282142857143,28,23.549101756957178,4.450361917704493,1.0,0.0,0.0,1,False
2019-07-11,70.0186,10,8.972871077741942,2.8374709756714314,1.0,0.0,0.0,1,False
2019-07-12,81.6315,32,15.64481173403977,2.7656381168815973,1.0,0.0,0.0,1,False
2019-07-13,77.28588888888889,18,17.94793988797105,4.230370001037618,1.0,0.0,0.0,1,False
2019-07-15,81.464,10,19.722637568709384,6.236845618312728,1.0,0.0,0.0,1,False
2019-07-16,93.76045,20,44.081720099062665,9.856972270662288,1.0,0.0,0.0,1,False
2019-07-18,90.57728571428572,21,29.68903330043411,6.478678209966854,1.0,0.0,0.0,1,False
2019-07-19,84.83671428571428,14,17.085207242742843,4.5662137060266,1.0,0.0,0.0,1,False
2019-07-20,82.72866666666667,15,19.31660547547726,4.987526087452162,1.0,0.0,0.0,1,False
2019-07-21,86.8337619047619,21,35.603977595073225,7.769424874806421,1.0,0.0,0.0,1,False
2019-07-22,90.78693333333334,30,21.648736775973845,3.9525004912308463,1.0,0.0,0.0,1,False
2019-07-23,92.0491875,32,39.77626123661838,7.031516012665116,1.0,0.0,0.0,1,False
2019-07-24,89.65488888888889,18,15.932685408928073,3.7553699650550008,1.0,0.0,0.0,1,False
2019-07-26,88.95971428571428,14,28.346398160636188,7.57589357615569,1.0,0.0,0.0,1,False
2019-07-27,90.12217241379311,29,16.61771440805814,3.085832096734024,1.0,0.0,0.0,1,False
2019-07-29,88.00831034482759,29,14.350952833232881,2.6649050395301006,1.0,0.0,0.0,1,False
2019-07-30,89.18260869565216,23,25.516200293751222,5.320495553214496,1.0,0.0,0.0,1,False
2019-08-02,44.035636363636364,11,124.733094061899,37.60844290394783,1.0,0.0,0.0,1,False
2019-08-05,107.22335294117647,17,14.317030291497158,3.4723898904123756,1.0,0.0,0.0,1,False
2019-08-06,99.5571,20,14.882484572211233,3.327824717755619,1.0,0.0,0.0,1,False
2019-08-07,88.22394117647059,34,23.6091270999306,4.048931894087761,1.0,0.0,0.0,1,False
2019-08-08,93.82784,25,16.10906894857676,3.221813789715352,1.0,0.0,0.0,1,False
2019-08-09,56.5621,30,164.16329311271244,29.971979584055028,1.0,0.0,0.0,1,False
2019-08-10,84.53413333333333,15,39.135733517860025,10.104802943752219,1.0,0.0,0.0,1,False
2019-08-11,73.88005555555554,18,66.45131493628578,15.662725136736864,1.0,0.0,0.0,1,False
2019-08-12,76.51527272727273,11,15.019604609249267,4.5285811807611225,1.0,0.0,0.0,1,False
2019-08-13,92.99446666666667,15,83.07124594404033,21.448903472664572,1.0,0.0,0.0,1,False
2019-08-14,0.3468000000000046,10,188.37377705143095,59.569018693127894,1.0,0.0,0.0,1,False
2019-08-16,93.2555,18,12.47192334452729,2.9396605237846845,1.0,0.0,0.0,1,False
2019-08-18,79.16176923076924,26,21.35305316868329,4.187678260842321,1.0,0.0,0.0,1,False
2019-08-19,87.79275,8,18.202856657678762,6.435681689805673,1.0,0.0,0.0,1,False
2019-08-20,85.2066923076923,13,16.087712362673027,4.461928602194886,1.0,0.0,0.0,1,False
2019-08-21,98.6822962962963,27,90.39596822519448,17.39671219615763,1.0,0.0,0.0,1,False
2019-08-22,38.97508695652174,23,96.14640186947528,20.047910649509678,1.0,0.0,0.0,1,False
2019-08-23,53.980625,8,36.373854880109775,12.860099721810508,1.0,0.0,0.0,1,False
2019-08-26,73.71000000000001,10,18.18537472806101,5.750720424433794,1.0,0.0,0.0,1,False
2019-08-27,63.88465217391304,23,10.482039373088252,2.1856562980026846,1.0,0.0,0.0,1,False
2019-08-28,69.51584210526316,19,19.458337342649575,4.464048741364908,1.0,0.0,0.0,1,False
2019-08-29,83.401875,16,27.85622090634933,6.964055226587332,1.0,0.0,0.0,1,False
2019-09-10,73.568375,8,50.3441733468943,17.799353183410002,1.0,0.0,0.0,1,False
2019-09-11,58.04207142857143,28,8.518749742767081,1.609892378611225,1.0,0.0,0.0,1,False
2019-09-12,56.73572727272727,11,6.434961881641711,1.940214009240448,1.0,0.0,0.0,1,False
2019-09-13,52.65975,8,16.470556671570897,5.823221156192556,1.0,0.0,0.0,1,False
2019-10-02,51.28563636363637,11,11.271517815030302,3.398490491842003,1.0,0.0,0.0,1,False
2019-10-03,58.317608695652176,23,14.24938081187176,2.9712012906635645,1.0,0.0,0.0,1,False
2019-10-06,56.626933333333334,30,8.673019201199072,1.5834694193907228,1.0,0.0,0.0,1,False
2019-10-07,19.011950000000002,20,125.51838485235834,28.066764095585313,1.0,0.0,0.0,1,False
2019-10-13,42.5961,20,8.218974676096511,1.8378186081101116,1.0,0.0,0.0,1,False
2019-10-14,41.26157575757576,33,34.26484227038545,5.964743424120411,1.0,0.0,0.0,1,False
2019-10-15,60.262,14,39.03986690354046,10.433843312735977,1.0,0.0,0.0,1,False
2019-10-16,45.116956521739134,23,7.056212030919734,1.4713219170897098,1.0,0.0,0.0,1,False
2019-10-19,48.45713333333333,15,10.308862004998186,2.661736724247225,1.0,0.0,0.0,1,False
2019-10-20,52.72092307692307,13,102.5543408746972,28.44345650347179,1.0,0.0,0.0,1,False
2019-10-21,44.841,10,13.604876160161597,4.302239595063638,1.0,0.0,0.0,1,False
2019-10-23,39.36775,24,4.407497646057228,0.899676689613182,1.0,0.0,0.0,1,False
2019-10-24,39.79271875,32,4.21598585443528,0.7452880467644367,1.0,0.0,0.0,1,False
2019-10-27,39.177368421052634,38,5.418069789046263,0.8789269809647356,1.0,0.0,0.0,1,False
2019-10-28,36.003,31,8.811898437151136,1.5826636802337957,1.0,0.0,0.0,1,False
2019-10-29,32.853375,40,9.825992486408113,1.5536258264375362,1.0,0.0,0.0,1,False
2019-10-30,28.696851063829786,47,6.987792476506948,1.0192742901747376,1.0,0.0,0.0,1,False
2019-10-31,31.12963636363636,22,6.67264149555021,1.4226119468354765,1.0,0.0,0.0,1,False
2019-11-01,30.63335,20,5.878591133354819,1.3144929386108906,1.0,0.0,0.0,1,False
2019-11-02,29.86858536585366,41,5.931251339201577,0.9263058343499428,1.0,0.0,0.0,1,False
2019-11-04,28.8996875,16,4.558233264745601,1.1395583161864002,1.0,0.0,0.0,1,False
2019-11-05,18.580875,40,22.37437072392577,3.5376986350297934,1.0,0.0,0.0,1,False
2019-11-06,22.390371428571427,35,8.625654665983719,1.4580017481550043,1.0,0.0,0.0,1,False
2019-11-07,21.29175,28,12.819790174584385,2.422712618712828,1.0,0.0,0.0,1,False
2019-11-09,31.7614375,32,4.465088713763052,0.7893236270253433,1.0,0.0,0.0,1,False
2019-11-10,19.09654347826087,46,5.452392774253731,0.8039114563607965,1.0,0.0,0.0,1,False
2019-11-11,15.12960465116279,43,5.076466028644125,0.7741538117102644,1.0,0.0,0.0,1,False
2019-11-19,19.143727272727272,11,8.085645232025817,2.4379137656868877,1.0,0.0,0.0,1,False
2019-11-20,21.39,13,9.009038544706089,2.49865772427456,1.0,0.0,0.0,1,False
2019-11-21,20.819447368421052,38,5.939893959820479,0.9635780395281106,1.0,0.0,0.0,1,False
2019-11-22,21.00283333333333,12,2.0898496611145516,0.6032876322051673,1.0,0.0,0.0,1,False
2019-11-23,22.068310344827587,29,4.031490136621307,0.7486289242773426,1.0,0.0,0.0,1,False
2019-11-24,17.400793103448276,29,13.927831808441558,2.586333437741655,1.0,0.0,0.0,1,False
2019-11-26,20.082125,48,3.9157162580848204,0.5651849589188663,1.0,0.0,0.0,1,False
2019-11-27,20.038,45,2.321963109486923,0.3461378236039697,1.0,0.0,0.0,1,False
2019-11-28,15.941916666666666,36,3.895738084295269,0.6492896807158782,1.0,0.0,0.0,1,False
2019-11-29,16.521555555555558,36,4.791939252205249,0.7986565420342081,1.0,0.0,0.0,1,False
2019-11-30,17.417333333333332,18,5.134381502358849,1.2101853258389055,1.0,0.0,0.0,1,False
2019-12-01,11.538897435897436,39,24.03609115344199,3.8488549010914532,1.0,0.0,0.0,1,False
2019-12-03,17.802297297297297,37,3.2135820258610086,0.5283096306742483,1.0,0.0,0.0,1,False
2019-12-04,19.591951219512193,41,9.311506078372123,1.454212933107996,1.0,0.0,0.0,1,False
2019-12-05,15.263800000000002,25,17.095740300339926,3.419148060067985,1.0,0.0,0.0,1,False
2019-12-06,16.570136363636365,22,4.627005071631155,0.9864807958528048,1.0,0.0,0.0,1,False
2019-12-08,18.114945945945948,37,3.2186404647679163,0.52914123290789,1.0,0.0,0.0,1,False
2019-12-09,20.369769230769233,39,6.8995141189016405,1.1048064580118522,1.0,0.0,0.0,1,False
2019-12-10,20.09085,20,14.739563380932502,3.29586656784317,1.0,0.0,0.0,1,False
2019-12-17,13.404866666666667,15,6.779915969418866,1.7505667758829988,1.0,0.0,0.0,1,False
2019-12-19,12.389318181818181,22,11.16448417927033,2.3802760247613137,1.0,0.0,0.0,1,False
2019-12-20,16.545,11,5.481070278695575,1.6526048694547204,1.0,0.0,0.0,1,False
2019-12-23,15.091918918918918,37,5.1001840510274095,0.8384650930598408,1.0,0.0,0.0,1,False
2019-12-25,14.514384615384616,13,8.053741992995779,2.233706131931063,1.0,0.0,0.0,1,False
2019-12-26,16.099888888888888,9,4.6105115617587495,1.5368371872529165,1.0,0.0,0.0,1,False
2019-12-27,20.311545454545453,11,6.323362513151312,1.9065655335928786,1.0,0.0,0.0,1,False
2019-12-31,19.585709677419356,31,19.08869471562256,3.428430779696292,1.0,0.0,0.0,1,False
2020-01-07,13.2015,46,1.8589926393972982,0.27409351123029296,1.0,0.0,0.0,1,False
2020-01-08,13.738785714285715,14,12.159468600348339,3.2497546791242256,1.0,0.0,0.0,1,False
2020-01-09,12.075666666666667,15,1.9008657300844591,0.4908014210662342,1.0,0.0,0.0,1,False
2020-01-10,11.125475,40,2.760242919331186,0.436432726021948,1.0,0.0,0.0,1,False
2020-01-11,4.0786875,32,16.675262668410475,2.9477978277249823,1.0,0.0,0.0,1,False
2020-01-12,10.812947368421053,19,2.61785821009984,0.60057786243913,1.0,0.0,0.0,1,False
2020-01-14,0.7411111111111109,18,25.220390079291676,5.944502949745692,1.0,0.0,0.0,1,False
2020-01-15,11.001615384615386,13,2.63024056372738,0.7294974784095675,1.0,0.0,0.0,1,False
2020-01-22,28.377636363636363,11,44.94725560092124,13.55210747131418,1.0,0.0,0.0,1,False
2020-01-23,10.676757575757577,33,3.038438764710248,0.5289242979256861,1.0,0.0,0.0,1,False
2020-01-24,10.770366666666666,30,1.7576071406658376,0.32089369272494495,1.0,0.0,0.0,1,False
2020-01-25,11.731975609756097,41,2.8156154965460476,0.4397252641274518,1.0,0.0,0.0,1,False
2020-01-26,11.346227272727273,22,1.6872093028435242,0.35971423200808944,1.0,0.0,0.0,1,False
2020-01-27,12.02028,25,2.2613597959340015,0.4522719591868003,1.0,0.0,0.0,1,False
2020-01-28,7.498266666666667,15,7.73485512346239,1.99713100523313,1.0,0.0,0.0,1,False
2020-02-01,9.0476875,16,2.256412158531031,0.5641030396327578,1.0,0.0,0.0,1,False
2020-02-02,12.499666666666666,39,5.102390684939207,0.8170364003715893,1.0,0.0,0.0,1,False
2020-02-03,8.473046511627906,43,13.08596900528612,1.9955915647229103,1.0,0.0,0.0,1,False
2020-02-04,10.303785714285713,28,19.434043570701814,3.6726890183193355,1.0,0.0,0.0,1,False
2020-02-05,24.015099999999997,10,25.527848816755224,8.072614602538083,1.0,0.0,0.0,1,False
2020-02-06,10.670478260869565,23,13.547621817028743,2.824874425044591,1.0,0.0,0.0,1,False
2020-02-07,4.765105263157895,38,14.236918520578573,2.3095331549311298,1.0,0.0,0.0,1,False
2020-02-09,9.334842105263158,19,3.355333023100156,0.7697661878746528,1.0,0.0,0.0,1,False
2020-02-10,14.07338888888889,18,20.28905717850907,4.782176638268455,1.0,0.0,0.0,1,False
2020-02-11,9.435294117647059,17,2.6416522236260076,0.6406947731857526,1.0,0.0,0.0,1,False
2020-02-12,9.167615384615384,26,4.136599115959129,0.8112538312379332,1.0,0.0,0.0,1,False
2020-02-13,11.025041666666667,24,8.412749627947823,1.7172453268550993,1.0,0.0,0.0,1,False
2020-02-15,7.804258064516128,31,3.0655949174425277,0.5505971010390113,1.0,0.0,0.0,1,False
2020-02-16,2.9667307692307694,26,14.790857937409019,2.9007258940625893,1.0,0.0,0.0,1,False
2020-02-17,17.1345,14,28.48760927882641,7.613633834975051,1.0,0.0,0.0,1,False
2020-02-18,7.3613888888888885,36,2.390710154837772,0.39845169247296197,1.0,0.0,0.0,1,False
2020-02-19,13.080487804878048,41,9.127030084101705,1.425402623104644,1.0,0.0,0.0,1,False
2020-02-21,9.870636363636363,11,3.708659549560388,1.1182029273691156,1.0,0.0,0.0,1,False
2020-02-23,3.835242424242424,33,9.431102185820803,1.6417441615863437,1.0,0.0,0.0,1,False
2020-02-24,24.439925925925923,27,45.79995754610555,8.81420593937249,1.0,0.0,0.0,1,False
2020-02-25,11.31325641025641,39,9.384834153591546,1.5027761667815418,1.0,0.0,0.0,1,False
2020-02-26,7.68806976744186,43,2.189238924020214,0.3338558060295724,1.0,0.0,0.0,1,False
2020-02-27,4.677133333333333,30,12.839362645942474,2.3441361817239694,1.0,0.0,0.0,1,False
2020-02-28,9.384105263157895,19,9.890766321814935,2.26909741426141,1.0,0.0,0.0,1,False
2020-03-01,9.854380952380954,21,4.1653542523558595,0.9089548170346151,1.0,0.0,0.0,1,False
2020-03-02,8.8775,24,1.66707032792887,0.3402893057299964,1.0,0.0,0.0,1,False
2020-03-03,8.193878048780489,41,2.133766332042031,0.33323831506625645,1.0,0.0,0.0,1,False
2020-03-04,9.1435625,16,7.333599616093495,1.8333999040233737,1.0,0.0,0.0,1,False
2020-03-05,7.712,24,2.258747940977382,0.4610649927463934,1.0,0.0,0.0,1,False
2020-03-09,8.279488372093022,43,2.0384060576376717,0.3108540095470659,1.0,0.0,0.0,1,False
2020-03-10,6.171749999999999,12,3.129189907511643,0.9033193177236537,1.0,0.0,0.0,1,False
2020-03-12,8.849368421052631,19,2.526586173091763,0.579638621087061,1.0,0.0,0.0,1,False
2020-03-13,8.216761904761904,42,3.1062632072410885,0.4793068187412917,1.0,0.0,0.0,1,False
2020-03-14,7.5280512820512815,39,4.991316374985229,0.7992502761834847,1.0,0.0,0.0,1,False
2020-03-15,-1.7068333333333332,12,17.21802017883554,4.970414292581554,1.0,0.0,0.0,1,False
2020-03-16,9.542615384615384,26,2.2985268513014696,0.4507782025885837,1.0,0.0,0.0,1,False
2020-03-17,3.3407222222222224,36,13.340120915303602,2.223353485883934,1.0,0.0,0.0,1,False
2020-03-18,0.5853636363636365,11,17.628494474984116,5.315191072034138,1.0,0.0,0.0,1,False
2020-03-19,10.856913043478261,23,2.2407348614612097,0.4672255166948448,1.0,0.0,0.0,1,False
2020-03-20,5.823756756756757,37,7.351819832929522,1.2086317353850544,1.0,0.0,0.0,1,False
2020-03-23,7.399392857142857,28,8.290626372884134,1.5667811139717762,1.0,0.0,0.0,1,False
2020-03-25,6.842483870967742,31,2.7291696157252394,0.49017333311462885,1.0,0.0,0.0,1,False
2020-03-26,5.6926499999999995,20,13.134298932565834,2.936918525002013,1.0,0.0,0.0,1,False
2020-03-27,-4.1831538461538464,13,19.20654365420873,5.326936766899006,1.0,0.0,0.0,1,False
2020-03-28,5.813483870967741,31,3.4737476196078467,0.6239034903844577,1.0,0.0,0.0,1,False
2020-03-29,6.382636363636364,44,6.332698312031379,0.9546901914329576,1.0,0.0,0.0,1,False
2020-03-30,4.019892857142858,28,8.297845179185067,1.5681453401314203,1.0,0.0,0.0,1,False
2020-03-31,5.008166666666667,18,10.341131934003675,2.4374281718929187,1.0,0.0,0.0,1,False
2020-04-01,6.466304347826087,23,3.936043484548026,0.8207218008836985,1.0,0.0,0.0,1,False
2020-04-02,3.4154444444444443,9,7.934279049023785,2.6447596830079285,1.0,0.0,0.0,1,False
2020-04-03,7.152565217391304,23,2.4613432737963334,0.5132255505289647,1.0,0.0,0.0,1,False
2020-04-04,6.958181818181818,33,8.035125253591824,1.3987357694556968,1.0,0.0,0.0,1,False
2020-04-05,22.001,10,18.7119149444649,5.917227060785219,1.0,0.0,0.0,1,False
2020-04-06,20.407125,16,6.799470831126002,1.6998677077815005,1.0,0.0,0.0,1,False
2020-04-07,28.393375000000002,24,9.38279661569629,1.915255339064065,1.0,0.0,0.0,1,False
2020-04-08,26.423125,32,13.29111869548306,2.3495600397828427,1.0,0.0,0.0,1,False
2020-04-09,23.799219512195123,41,2.8714601382588887,0.44844673190506756,1.0,0.0,0.0,1,False
2020-04-10,24.853296296296296,27,19.893537029000562,3.828512986275754,1.0,0.0,0.0,1,False
2020-04-11,26.513526315789473,38,9.179690101749275,1.4891423738457616,1.0,0.0,0.0,1,False
2020-04-12,24.085900000000002,40,2.8640067665727247,0.45283923082520006,1.0,0.0,0.0,1,False
2020-04-13,18.981425531914894,47,3.826418138613169,0.5581404492561994,1.0,0.0,0.0,1,False
2020-04-14,16.956425531914892,47,5.176359610284637,0.7550496505442134,1.0,0.0,0.0,1,False
2020-04-15,18.119386363636366,44,6.287055136477813,0.9478092238169803,1.0,0.0,0.0,1,False
2020-04-16,19.7381,40,7.344242904200368,1.161226763340148,1.0,0.0,0.0,1,False
2020-04-17,26.06775,20,13.753470623714163,3.07536952411713,1.0,0.0,0.0,1,False
2020-04-18,22.216037037037037,27,8.996261332359902,1.7313313006460702,1.0,0.0,0.0,1,False
2020-04-19,21.459142857142858,35,4.667171666153341,0.7888959982395752,1.0,0.0,0.0,1,False
2020-04-20,22.220527777777775,36,3.683618736949624,0.6139364561582706,1.0,0.0,0.0,1,False
2020-04-21,21.788588235294117,34,5.0705251901652,0.8695878960427823,1.0,0.0,0.0,1,False
2020-04-22,19.489923076923077,26,10.5066578203464,2.0605251249457126,1.0,0.0,0.0,1,False
2020-04-23,21.1542,10,4.698836990859193,1.4859027244966836,1.0,0.0,0.0,1,False
2020-04-24,20.697791666666664,24,19.69777754397946,4.0207920041335425,1.0,0.0,0.0,1,False
2020-04-25,15.423612903225807,31,29.487060322201692,5.296032375050766,1.0,0.0,0.0,1,False
2020-04-26,21.1674,10,13.228903752348073,4.183346680456795,1.0,0.0,0.0,1,False
2020-04-27,47.718722222222226,18,104.29147711204601,24.58173689529645,1.0,0.0,0.0,1,False
2020-04-28,11.578588235294118,17,58.25099601193402,14.127941726743357,1.0,0.0,0.0,1,False
2020-04-29,29.663285714285713,35,29.849371211794324,5.045464616123774,1.0,0.0,0.0,1,False
2020-04-30,30.2475652173913,23,17.33444731747659,3.6144821254068633,1.0,0.0,0.0,1,False
2020-05-02,28.82207894736842,38,6.4768966517030435,1.0506913793563453,1.0,0.0,0.0,1,False
2020-05-03,28.541925,40,6.2988711173673915,0.9959389709365369,1.0,0.0,0.0,1,False
2020-05-04,23.397954545454546,22,25.229540555009777,5.37895611965101,1.0,0.0,0.0,1,False
2020-05-05,28.229416666666665,36,7.782814839210077,1.2971358065350127,1.0,0.0,0.0,1,False
2020-05-06,33.27472093023256,43,8.099950800337297,1.2352309168158748,1.0,0.0,0.0,1,False
2020-05-07,33.5121875,48,7.0778346480064975,1.0215974348265529,1.0,0.0,0.0,1,False
2020-05-08,31.723044444444444,45,6.5762995050254505,0.9803368489090084,1.0,0.0,0.0,1,False
2020-05-09,29.15240625,32,10.037108245227373,1.7743268259259208,1.0,0.0,0.0,1,False
2020-05-10,33.80293617021277,47,7.08667410310812,1.0336976577982155,1.0,0.0,0.0,1,False
2020-05-11,32.57597777777778,45,12.920802118516427,1.9261194573884015,1.0,0.0,0.0,1,False
2020-05-12,33.605066666666666,30,7.464319226335626,1.3627920055611773,1.0,0.0,0.0,1,False
2020-05-14,34.07062962962963,27,4.626524672997816,0.8903750884559114,1.0,0.0,0.0,1,False
2020-05-15,29.13597142857143,35,17.392796890541504,2.939919258734013,1.0,0.0,0.0,1,False
2020-05-16,13.318894736842106,19,84.68333456661728,19.42768934620681,1.0,0.0,0.0,1,False
2020-05-17,22.488236842105263,38,79.07531062099758,12.82770926529471,1.0,0.0,0.0,1,False
2020-05-18,21.872974358974357,39,63.53055564284638,10.173030585300351,1.0,0.0,0.0,1,False
2020-05-19,35.45057142857143,21,10.687391784581628,2.3321800873568805,1.0,0.0,0.0,1,False
2020-05-25,22.7808,15,61.578922943534124,15.899609535846498,1.0,0.0,0.0,1,False
2020-05-27,92.64020000000001,10,167.39054923727193,52.93353943763401,1.0,0.0,0.0,1,False
2020-05-29,44.4405,20,6.105618348787667,1.3652577672559243,1.0,0.0,0.0,1,False
2020-05-30,41.7305641025641,39,6.854284475670257,1.0975639187439479,1.0,0.0,0.0,1,False
2020-05-31,42.83266666666666,9,3.455985134516639,1.1519950448388796,1.0,0.0,0.0,1,False
2020-06-02,67.966375,16,64.22783583865072,16.05695895966268,1.0,0.0,0.0,1,False
2020-06-03,51.4515,30,6.306347802290031,1.151376315595793,1.0,0.0,0.0,1,False
2020-06-04,43.607136363636364,22,37.51188342162604,7.997560417338818,1.0,0.0,0.0,1,False
2020-06-05,52.66434482758621,29,26.360992546178995,4.8951134255454525,1.0,0.0,0.0,1,False
2020-06-06,38.50477272727273,22,7.9308215687538475,1.6908568397468464,1.0,0.0,0.0,1,False
2020-06-07,40.962,17,9.13296769265062,2.215070027773654,1.0,0.0,0.0,1,False
2020-06-08,44.204375,8,14.65322196590712,5.180696309162299,1.0,0.0,0.0,1,False
2020-06-10,40.410761904761905,21,12.538757438058852,2.7361811943140597,1.0,0.0,0.0,1,False
2020-06-11,42.11886666666666,45,14.729264907288854,2.195709172753334,1.0,0.0,0.0,1,False
2020-06-12,35.08861538461538,39,22.50599910154411,3.6038440856692078,1.0,0.0,0.0,1,False
2020-06-13,45.58857894736842,19,17.81247591285947,4.0864622336003595,1.0,0.0,0.0,1,False
2020-06-23,53.86336363636363,11,10.287270000079975,3.1017286097586036,1.0,0.0,0.0,1,False
2020-06-24,55.007666666666665,27,75.81751571168965,14.591087701810899,1.0,0.0,0.0,1,False
2020-06-26,67.59094285714286,35,15.902099356305607,2.6879453860194578,1.0,0.0,0.0,1,False
2020-06-27,83.59658823529412,17,31.212263601545366,7.5700858613995905,1.0,0.0,0.0,1,False
2020-06-28,82.4955,16,35.47392556982288,8.86848139245572,1.0,0.0,0.0,1,False
2020-06-29,62.611999999999995,11,14.050152710913856,4.236280435390547,1.0,0.0,0.0,1,False
2020-06-30,62.52657894736843,19,17.676231565818014,4.055205636738129,1.0,0.0,0.0,1,False
2020-07-01,66.71133333333334,15,13.559394801426514,3.501020683371754,1.0,0.0,0.0,1,False
2020-07-02,68.56960000000001,15,11.00752799418912,2.8421315069604263,1.0,0.0,0.0,1,False
2020-07-03,94.88844444444445,18,54.80434635321011,12.91750831495037,1.0,0.0,0.0,1,False
2020-07-04,68.89175,20,59.532146267793834,13.31179259012474,1.0,0.0,0.0,1,False
2020-07-05,96.64861538461538,13,118.9904378332831,33.00200960752403,1.0,0.0,0.0,1,False
2020-07-06,68.37820833333333,24,19.64089311477496,4.009180518645168,1.0,0.0,0.0,1,False
2020-07-07,67.44483333333334,18,11.774260142860985,2.775219730157164,1.0,0.0,0.0,1,False
2020-07-08,65.95875,8,17.548928357594942,6.204483122106143,1.0,0.0,0.0,1,False
2020-07-09,63.23964285714286,14,10.332769087542966,2.7615486987310414,1.0,0.0,0.0,1,False
2020-07-10,73.0605,30,16.959101594109008,3.0962941660384415,1.0,0.0,0.0,1,False
2020-07-11,84.66896000000001,25,19.85917585248693,3.9718351704973864,1.0,0.0,0.0,1,False
2020-07-12,77.25235714285714,14,13.4298346321633,3.589274282470451,1.0,0.0,0.0,1,False
2020-07-14,65.6440909090909,11,12.688619171955205,3.8257626273714034,1.0,0.0,0.0,1,False
2020-07-15,65.20641666666667,12,10.004081525769488,2.887929580948988,1.0,0.0,0.0,1,False
2020-07-16,69.06872727272727,11,11.660543478679791,3.515786142764217,1.0,0.0,0.0,1,False
2020-07-18,65.25691666666667,24,11.465048087336031,2.340293140870459,1.0,0.0,0.0,1,False
2020-07-19,69.7161875,32,17.564581178146828,3.105008614942305,1.0,0.0,0.0,1,False
2020-07-22,69.5128125,16,17.97256655097337,4.493141637743342,1.0,0.0,0.0,1,False
2020-08-05,45.232,12,119.15843933489258,34.39807851310796,1.0,0.0,0.0,1,False
2020-08-08,67.53772,25,14.70287996312287,2.940575992624574,1.0,0.0,0.0,1,False
2020-08-09,59.936125,8,22.536190173886343,7.967746447032336,1.0,0.0,0.0,1,False
2020-08-10,67.8826111111111,18,15.006178194874934,3.536990120429924,1.0,0.0,0.0,1,False
2020-08-11,54.06699999999999,19,64.47864461630344,14.792415573628398,1.0,0.0,0.0,1,False
2020-08-12,73.713,11,23.642829445732595,7.128581295805577,1.0,0.0,0.0,1,False
2020-08-13,69.41729032258066,31,17.671085220765868,3.173820598216532,1.0,0.0,0.0,1,False
2020-08-14,70.01555555555555,9,8.441728645708638,2.813909548569546,1.0,0.0,0.0,1,False
2020-08-15,71.98444827586206,29,7.596766796220453,1.4106841792763558,1.0,0.0,0.0,1,False
2020-08-16,79.19766666666666,24,14.553189785319784,2.970657425326478,1.0,0.0,0.0,1,False
2020-08-17,89.02265625,32,28.58129429405158,5.052506752603063,1.0,0.0,0.0,1,False
2020-08-19,88.632,11,11.422805049548904,3.444105309339158,1.0,0.0,0.0,1,False
2020-08-20,79.251,12,18.490750395314357,5.337819859126462,1.0,0.0,0.0,1,False
2020-08-21,83.6714,10,16.549856932580685,5.233524285688268,1.0,0.0,0.0,1,False
2020-08-22,69.965,17,32.48735165991528,7.879340140612701,1.0,0.0,0.0,1,False
2020-08-23,48.79835294117647,17,181.95647686017568,44.13092784469177,1.0,0.0,0.0,1,False
2020-08-24,97.87836666666666,30,18.063796947797673,3.2979830208339185,1.0,0.0,0.0,1,False
2020-08-25,96.25323529411764,17,15.987910419006498,3.8776378464986414,1.0,0.0,0.0,1,False
2020-08-28,104.45784615384615,13,10.012321649232629,2.7769183917497244,1.0,0.0,0.0,1,False
2020-08-29,112.35249999999999,28,16.12563875163238,3.0474592763489525,1.0,0.0,0.0,1,False
2020-08-31,95.7233125,16,14.296010645019116,3.574002661254779,1.0,0.0,0.0,1,False
2020-09-02,97.7955,8,10.481320418453285,3.7057063718386694,1.0,0.0,0.0,1,False
2020-09-03,96.41966666666667,30,13.249619818445106,2.4190385509766292,1.0,0.0,0.0,1,False
2020-09-04,88.0213,20,49.09124189131478,10.977135396886519,1.0,0.0,0.0,1,False
2020-09-05,64.07976470588235,17,97.65270472094552,23.684259775982987,1.0,0.0,0.0,1,False
2020-09-06,110.55688,25,39.11630467733374,7.823260935466747,1.0,0.0,0.0,1,False
2020-09-07,104.35869230769231,39,10.366959190148405,1.6600420356911454,1.0,0.0,0.0,1,False
2020-09-08,98.81506896551724,29,14.782825109205604,2.7451017078661484,1.0,0.0,0.0,1,False
2020-09-09,94.32708333333333,12,17.922632672169428,5.173818398931901,1.0,0.0,0.0,1,False
2020-09-10,77.49707142857143,14,93.7878882220319,25.065867482563885,1.0,0.0,0.0,1,False
2020-09-12,87.36075,16,12.461918779492455,3.115479694873114,1.0,0.0,0.0,1,False
2020-09-13,88.1562258064516,31,16.453886527119113,2.955205259217511,1.0,0.0,0.0,1,False
2020-09-14,68.754,8,12.964073951832098,4.583492301572179,1.0,0.0,0.0,1,False
2020-09-15,90.28880000000001,10,18.58330468039644,5.876556924292014,1.0,0.0,0.0,1,False
2020-09-16,89.18970967741934,31,13.235624113715602,2.3771882664567556,1.0,0.0,0.0,1,False
2020-09-17,79.78150000000001,12,41.312590463661095,11.92591761255775,1.0,0.0,0.0,1,False
2020-09-18,41.4879,10,59.55743514447956,18.833714665431483,1.0,0.0,0.0,1,False
2020-09-22,76.7125,8,12.25526922243186,4.332891986224177,1.0,0.0,0.0,1,False
2020-09-23,76.15162962962962,27,11.688210013474624,2.2493970658748177,1.0,0.0,0.0,1,False
2020-09-24,75.00886363636363,22,18.552782266756175,3.9554664696620825,1.0,0.0,0.0,1,False
2020-09-25,58.53075,8,26.845840751275738,9.491438020940617,1.0,0.0,0.0,1,False
2020-10-06,57.85811111111111,18,5.767438914629865,1.3593983888713197,1.0,0.0,0.0,1,False
2020-10-07,55.887951219512196,41,11.66752874637817,1.822161856265331,1.0,0.0,0.0,1,False
2020-10-09,62.245782608695656,23,9.695351181958392,2.0216204707836214,1.0,0.0,0.0,1,False
2020-10-10,57.020828571428574,35,8.048044630934438,1.3603678324158468,1.0,0.0,0.0,1,False
2020-10-11,56.434999999999995,9,5.68668086408935,1.8955602880297835,1.0,0.0,0.0,1,False
2020-10-13,45.85553846153846,13,41.02154271155459,11.377328895780474,1.0,0.0,0.0,1,False
2020-10-15,47.36265789473684,38,7.553691462962908,1.2253705639051518,1.0,0.0,0.0,1,False
2020-10-16,35.06824242424242,33,46.23591403135006,8.04863953554658,1.0,0.0,0.0,1,False
2020-10-18,42.69441463414634,41,8.432072918255658,1.316868548163023,1.0,0.0,0.0,1,False
2020-10-19,42.75912121212121,33,8.399275458921947,1.4621261836153507,1.0,0.0,0.0,1,False
2020-10-20,25.45675,8,35.41096483032178,12.519666679939435,1.0,0.0,0.0,1,False
2020-10-21,38.68434615384616,26,7.320418168068314,1.4356521187169031,1.0,0.0,0.0,1,False
2020-10-22,46.965538461538465,13,60.862146761644034,16.88012237568632,1.0,0.0,0.0,1,False
2020-10-23,39.558564102564105,39,6.937073426600431,1.1108207606118568,1.0,0.0,0.0,1,False
2020-10-24,37.970351351351354,37,7.396890383488545,1.2160412882542528,1.0,0.0,0.0,1,False
2020-10-25,43.53477142857143,35,23.102167509826888,3.9049790328762186,1.0,0.0,0.0,1,False
2020-10-26,36.859394736842106,38,7.871369757989938,1.2769047883868343,1.0,0.0,0.0,1,False
2020-10-28,36.6635,28,3.808251513830539,0.7196918882557757,1.0,0.0,0.0,1,False
2020-10-29,33.98016666666667,24,6.979572539961149,1.4246992788038308,1.0,0.0,0.0,1,False
2020-11-10,36.52230769230769,13,4.178352733327159,1.158866540537399,1.0,0.0,0.0,1,False
2020-11-11,21.57477777777778,9,17.278328585093075,5.759442861697692,1.0,0.0,0.0,1,False
2020-11-12,29.8095,34,6.028676608636024,1.0339095086628165,1.0,0.0,0.0,1,False
2020-11-15,30.5977,30,8.427177361739037,1.5385850457071146,1.0,0.0,0.0,1,False
2020-11-16,24.152439024390244,41,11.786688120606188,1.8407714240028126,1.0,0.0,0.0,1,False
2020-11-17,13.310689655172414,29,24.560682329841512,4.560804211099062,1.0,0.0,0.0,1,False
2020-11-19,31.181526315789473,19,7.664628586844178,1.7583863920961438,1.0,0.0,0.0,1,False
2020-11-20,24.632470588235293,17,3.6239029049777094,0.8789255561297515,1.0,0.0,0.0,1,False
2020-11-21,23.41288888888889,9,4.361172504168016,1.4537241680560051,1.0,0.0,0.0,1,False
2020-11-22,28.043599999999998,20,7.589438918308575,1.6970501332420447,1.0,0.0,0.0,1,False
2020-11-23,15.976590909090909,22,4.051824558547266,0.8638518984295321,1.0,0.0,0.0,1,False
2020-11-25,29.092785714285714,14,6.72513035822837,1.7973666915630615,1.0,0.0,0.0,1,False
2020-11-26,27.17811111111111,18,2.700449785823028,0.6365021186030744,1.0,0.0,0.0,1,False
2020-11-27,25.994933333333332,30,4.707569252944067,0.8594806236184028,1.0,0.0,0.0,1,False
2020-11-29,24.628170731707318,41,4.585151463705639,0.7160803529159581,1.0,0.0,0.0,1,False
2020-11-30,19.72369230769231,13,6.264185001320543,1.7373723247118213,1.0,0.0,0.0,1,False
2020-12-02,25.6490625,32,10.625165455827487,1.8782816362611674,1.0,0.0,0.0,1,False
2020-12-03,25.03048888888889,45,10.773565216901426,1.606028279001257,1.0,0.0,0.0,1,False
2020-12-04,15.740029411764707,34,24.019675290472076,4.119340327898441,1.0,0.0,0.0,1,False
2020-12-05,41.98421428571429,14,39.02485752830362,10.42983188846985,1.0,0.0,0.0,1,False
2020-12-06,27.83617142857143,35,5.731221512781671,0.9687532492638069,1.0,0.0,0.0,1,False
2020-12-08,23.2377,20,5.201647897794656,1.163123829448773,1.0,0.0,0.0,1,False
2020-12-09,42.18268181818182,22,81.49742785563491,17.375309999961043,1.0,0.0,0.0,1,False
2020-12-10,22.055911764705883,34,13.934748487727395,2.389789649961963,1.0,0.0,0.0,1,False
2020-12-11,21.99729268292683,41,4.110378280912247,0.6419332389152872,1.0,0.0,0.0,1,False
2020-12-12,18.522524999999998,40,2.5155482553511073,0.3977431025486174,1.0,0.0,0.0,1,False
2020-12-13,17.3736,20,2.300420405514015,0.514389640355697,1.0,0.0,0.0,1,False
2020-12-14,16.073081081081078,37,3.9472863278908905,0.6489298749095449,1.0,0.0,0.0,1,False
2020-12-18,25.263625,8,3.0120840406365064,1.064932525318925,1.0,0.0,0.0,1,False
2020-12-21,22.691181818181818,11,2.803495418872014,0.8452856732617016,1.0,0.0,0.0,1,False
2020-12-23,26.334333333333333,18,4.910739575305391,1.1574724181131963,1.0,0.0,0.0,1,False
2020-12-24,16.895708333333335,24,6.683183727634522,1.3641991658313506,1.0,0.0,0.0,1,False
2020-12-25,16.909230769230767,13,3.3066157460926258,0.917090201599506,1.0,0.0,0.0,1,False
2020-12-26,17.426045454545456,22,4.507907554691536,0.9610891199251035,1.0,0.0,0.0,1,False
2020-12-27,18.59509090909091,22,11.077484547319573,2.361727640906738,1.0,0.0,0.0,1,False
2020-12-28,15.990222222222222,18,3.8229090487181656,0.9010683040693429,1.0,0.0,0.0,1,False
2021-01-01,17.327199999999998,10,3.916225671627098,1.2384192953564277,1.0,0.0,0.0,1,False
2021-01-04,17.33888888888889,18,4.831935757374957,1.1388981800991962,1.0,0.0,0.0,1,False
2021-01-05,38.733916666666666,12,56.60318988675515,16.339933459054794,1.0,0.0,0.0,1,False
2021-01-06,8.797933333333333,15,35.16366637691051,9.079219617957873,1.0,0.0,0.0,1,False
2021-01-07,14.847333333333333,9,3.8988105557977555,1.2996035185992518,1.0,0.0,0.0,1,False
2021-01-09,16.9695,16,4.251656022461523,1.0629140056153807,1.0,0.0,0.0,1,False
2021-01-10,18.79553333333333,15,3.0425718413085674,0.7855886714018477,1.0,0.0,0.0,1,False
2021-01-11,17.513263157894738,19,3.2662627614600437,0.7493320684344434,1.0,0.0,0.0,1,False
2021-01-12,17.849,13,4.845649990799308,1.343941500367578,1.0,0.0,0.0,1,False
2021-01-15,18.02937037037037,27,5.848627834788051,1.1255689516016063,1.0,0.0,0.0,1,False
2021-01-16,18.085217391304347,23,2.871901776563615,0.5988329161696343,1.0,0.0,0.0,1,False
2021-01-17,17.11714285714286,14,2.7133174374708755,0.7251645880411031,1.0,0.0,0.0,1,False
2021-01-18,17.164916666666667,12,3.100953591113937,0.8951681952870841,1.0,0.0,0.0,1,False
2021-01-19,16.072190476190478,21,3.1272405347054404,0.682419831743898,1.0,0.0,0.0,1,False
2021-01-21,16.9342,25,3.0614910991214734,0.6122982198242947,1.0,0.0,0.0,1,False
2021-01-22,14.0993,10,3.7644855646776847,1.190434860320659,1.0,0.0,0.0,1,False
2021-01-24,17.99295238095238,21,13.978729686477921,3.0504089003624473,1.0,0.0,0.0,1,False
2021-01-27,22.588666666666665,15,43.2177668932361,11.158779429185179,1.0,0.0,0.0,1,False
2021-01-28,8.050222222222223,18,10.808746717116248,2.5476460332669113,1.0,0.0,0.0,1,False
2021-01-29,-2.6025,14,17.923780253532545,4.790331770324497,1.0,0.0,0.0,1,False
2021-01-30,12.743538461538462,13,6.379916465171319,1.7694704575655504,1.0,0.0,0.0,1,False
2021-01-31,14.930357142857144,14,3.44638061220403,0.9210839625205506,1.0,0.0,0.0,1,False
2021-02-01,12.878914285714286,35,2.49188163456298,0.4212048731461506,1.0,0.0,0.0,1,False
2021-02-04,15.639125,24,3.4484907261066367,0.7039202218067601,1.0,0.0,0.0,1,False
2021-02-05,16.754302325581396,43,3.6885289398019316,0.5624953899502326,1.0,0.0,0.0,1,False
2021-02-06,12.689894736842106,19,2.728792669432498,0.6260279728384658,1.0,0.0,0.0,1,False
2021-02-09,9.507428571428571,14,2.718763455189643,0.7266200975000979,1.0,0.0,0.0,1,False
2021-02-10,15.38738888888889,18,12.67042625746078,2.9864481090582022,1.0,0.0,0.0,1,False
2021-02-11,9.501692307692307,13,2.7445732632662403,0.7612076638441505,1.0,0.0,0.0,1,False
2021-02-12,9.097333333333333,15,3.5944787356378094,0.9280904187614618,1.0,0.0,0.0,1,False
2021-02-13,11.793285714285714,21,6.291215559356214,1.3728557863825617,1.0,0.0,0.0,1,False
2021-02-14,13.28678947368421,19,11.249715105424508,2.5808616467457073,1.0,0.0,0.0,1,False
2021-02-16,7.396727272727273,11,4.604411451877626,1.3882822878448757,1.0,0.0,0.0,1,False
2021-02-19,8.1399,10,11.803819103719496,3.73269534563609,1.0,0.0,0.0,1,False
2021-02-22,14.545565217391305,23,2.762060690302984,0.5759294664286062,1.0,0.0,0.0,1,False
2021-02-23,13.058375000000002,40,2.9497576579076146,0.46639763722559247,1.0,0.0,0.0,1,False
2021-02-24,12.213513513513513,37,2.3916080088233245,0.39317793468193657,1.0,0.0,0.0,1,False
2021-02-25,12.1576,20,3.1719228669190884,0.70926351498171,1.0,0.0,0.0,1,False
2021-02-27,12.648194444444444,36,5.391803826547128,0.898633971091188,1.0,0.0,0.0,1,False
2021-02-28,12.812613636363636,44,2.68934102947785,0.40543341491300683,1.0,0.0,0.0,1,False
2021-03-02,12.891190476190475,21,3.3929170137073443,0.7403951924770203,1.0,0.0,0.0,1,False
2021-03-03,9.631848484848485,33,5.457663156752692,0.9500572093232829,1.0,0.0,0.0,1,False
2021-03-04,-0.9962500000000003,8,21.156679625728472,7.480015815371935,1.0,0.0,0.0,1,False
2021-03-05,-1.3778518518518519,27,28.252695299201378,5.437233745442129,1.0,0.0,0.0,1,False
2021-03-06,4.032461538461539,13,16.714574775802628,4.635788953979492,1.0,0.0,0.0,1,False
2021-03-07,11.362833333333333,12,4.241647896606681,1.2244582774567385,1.0,0.0,0.0,1,False
2021-03-08,11.06575,32,8.609426304366778,1.5219459304858964,1.0,0.0,0.0,1,False
2021-03-10,15.155586206896551,29,6.392588831257431,1.1870739448471934,1.0,0.0,0.0,1,False
2021-03-11,12.92128125,32,2.7790307457976615,0.4912678713698587,1.0,0.0,0.0,1,False
2021-03-12,9.330666666666668,15,2.8908086527244694,0.7464035846049446,1.0,0.0,0.0,1,False
2021-03-13,14.330942857142857,35,6.715044684459346,1.135049717152585,1.0,0.0,0.0,1,False
2021-03-14,10.992794871794871,39,4.580577734071079,0.7334794559174913,1.0,0.0,0.0,1,False
2021-03-15,9.26825,20,4.9102433520463915,1.0979637921242162,1.0,0.0,0.0,1,False
2021-03-16,13.932809523809524,21,8.32893372298668,1.8175223449455626,1.0,0.0,0.0,1,False
2021-03-17,15.192088235294117,34,16.47265492643223,2.8250370134239056,1.0,0.0,0.0,1,False
2021-03-18,7.597178571428572,28,13.789494517240481,2.605969514136213,1.0,0.0,0.0,1,False
2021-03-22,7.21434375,32,45.1443169863976,7.980463168279196,1.0,0.0,0.0,1,False
2021-03-23,20.331413793103447,29,19.644869042062943,3.6479606002097755,1.0,0.0,0.0,1,False
2021-03-24,23.65564705882353,17,8.094710463793442,1.9632556618242871,1.0,0.0,0.0,1,False
2021-03-25,16.56345945945946,37,6.648929373275882,1.093077255631399,1.0,0.0,0.0,1,False
2021-03-27,21.01623529411765,17,2.8329122720579383,0.6870821485766703,1.0,0.0,0.0,1,False
2021-03-28,18.41409375,32,3.8999619713561553,0.6894223890788983,1.0,0.0,0.0,1,False
2021-03-31,22.591058823529412,17,4.940058596193323,1.1981401993438572,1.0,0.0,0.0,1,False
2021-04-03,43.1428,35,87.571829133306,14.802340797274445,1.0,0.0,0.0,1,False
2021-04-04,20.380357142857143,14,10.110332061861218,2.7020999030000317,1.0,0.0,0.0,1,False
2021-04-05,34.26311111111111,9,33.49665947316405,11.16555315772135,1.0,0.0,0.0,1,False
2021-04-06,22.102333333333334,42,3.8946534437809066,0.6009580733167916,1.0,0.0,0.0,1,False
2021-04-07,20.55490909090909,11,3.203712797818976,0.9659557533113885,1.0,0.0,0.0,1,False
2021-04-10,19.734161290322582,31,5.559454889925656,0.9985075746093282,1.0,0.0,0.0,1,False
2021-04-11,15.26725,16,12.83797755879017,3.2094943896975425,1.0,0.0,0.0,1,False
2021-04-14,20.606285714285715,14,3.879212041888671,1.0367630279567979,1.0,0.0,0.0,1,False
2021-04-15,16.725555555555555,36,13.73236833687775,2.2887280561462915,1.0,0.0,0.0,1,False
2021-04-16,22.790030303030303,33,26.10251908160021,4.543865336263839,1.0,0.0,0.0,1,False
2021-04-17,18.84741379310345,29,16.985187152586054,3.154070072299984,1.0,0.0,0.0,1,False
2021-04-18,25.033375,8,16.093863736907394,5.6900400919297445,1.0,0.0,0.0,1,False
2021-04-19,21.22019512195122,41,2.6623217519630513,0.41578480336193413,1.0,0.0,0.0,1,False
2021-04-20,20.164955555555554,45,3.514008297679675,0.5238374284740046,1.0,0.0,0.0,1,False
2021-04-21,19.64461111111111,36,3.751127207941465,0.6251878679902442,1.0,0.0,0.0,1,False
2021-04-22,16.944142857142857,14,2.8067898131041193,0.7501461312373485,1.0,0.0,0.0,1,False
2021-04-23,19.874777777777776,18,2.8029535589436327,0.6606624896266701,1.0,0.0,0.0,1,False
2021-04-24,19.52631428571429,35,2.619937401266416,0.4428502483605368,1.0,0.0,0.0,1,False
2021-04-27,-2.7254666666666663,15,51.63742577940742,13.332726005644432,1.0,0.0,0.0,1,False
2021-04-28,47.58691666666667,12,79.61841856397795,22.983857695182486,1.0,0.0,0.0,1,False
2021-04-29,22.512184210526314,38,3.0916814095443814,0.5015369519398487,1.0,0.0,0.0,1,False
2021-04-30,19.84388,25,5.25927206876896,1.051854413753792,1.0,0.0,0.0,1,False
2021-05-01,20.49288888888889,27,12.852016747856325,2.473371776334809,1.0,0.0,0.0,1,False
2021-05-02,18.129900000000003,30,24.70764050660136,4.510977349397979,1.0,0.0,0.0,1,False
2021-05-03,20.42221875,32,12.633632590608126,2.2333318189595937,1.0,0.0,0.0,1,False
2021-05-04,22.565,30,7.749746941363467,1.4149037382471457,1.0,0.0,0.0,1,False
2021-05-05,24.58023076923077,26,21.840738814074385,4.283321284778793,1.0,0.0,0.0,1,False
2021-05-06,24.107642857142856,28,11.608108424763193,2.1937262916997953,1.0,0.0,0.0,1,False
2021-05-07,25.757057142857143,35,5.957114164854425,1.0069360764660462,1.0,0.0,0.0,1,False
2021-05-08,32.037,33,40.71872520797404,7.088220237708306,1.0,0.0,0.0,1,False
2021-05-09,24.519078947368417,38,29.64257135268471,4.808660050802544,1.0,0.0,0.0,1,False
2021-05-10,26.628,27,12.830653382847236,2.469260394821878,1.0,0.0,0.0,1,False
2021-05-11,21.1214375,16,7.147709712150227,1.7869274280375567,1.0,0.0,0.0,1,False
2021-05-12,25.665000000000003,12,4.226980353525542,1.2202241224836157,1.0,0.0,0.0,1,False
2021-05-15,27.880571428571425,21,6.37480258181717,1.3910959700751002,1.0,0.0,0.0,1,False
2021-05-16,25.661545454545454,11,4.239179716964976,1.2781607763688934,1.0,0.0,0.0,1,False
2021-05-17,24.601357142857143,14,14.326304551188578,3.828865946366277,1.0,0.0,0.0,1,False
2021-05-22,29.35581818181818,11,7.245856772227587,2.184708018012234,1.0,0.0,0.0,1,False
2021-05-25,30.7165,8,16.889292787359178,5.971266729693361,1.0,0.0,0.0,1,False
2021-05-26,38.57627272727273,22,8.559550929374398,1.8249023898249526,1.0,0.0,0.0,1,False
2021-05-27,31.319777777777777,36,4.946131140951691,0.8243551901586151,1.0,0.0,0.0,1,False
2021-05-28,33.11752941176471,17,7.230675609146486,1.7536964282993106,1.0,0.0,0.0,1,False
2021-05-30,24.06411111111111,9,28.152445073405456,9.384148357801818,1.0,0.0,0.0,1,False
2021-05-31,41.19215,20,7.7923489281744205,1.742422190779563,1.0,0.0,0.0,1,False
2021-06-01,34.847625,8,2.5348330989013306,0.8961988367046206,1.0,0.0,0.0,1,False
2021-06-02,7.067999999999999,11,98.28095384457764,29.63282254006373,1.0,0.0,0.0,1,False
2021-06-04,42.507416666666664,12,14.036121197294909,4.051879175818214,1.0,0.0,0.0,1,False
2021-06-05,44.29766666666667,15,12.315532757263817,3.1798568845703117,1.0,0.0,0.0,1,False
2021-06-08,36.953375,16,12.180874658660601,3.0452186646651502,1.0,0.0,0.0,1,False
2021-06-10,46.45056666666667,30,9.436489059563646,1.7228593071912401,1.0,0.0,0.0,1,False
2021-06-11,44.352315789473685,19,7.6711630586577035,1.7598855027427,1.0,0.0,0.0,1,False
2021-06-12,53.98167741935484,31,11.76141014047521,2.1124116205408234,1.0,0.0,0.0,1,False
2021-06-13,46.228611111111114,18,22.56244738273516,5.3180198481655685,1.0,0.0,0.0,1,False
2021-06-14,48.627766666666666,30,19.165494037522194,3.4991244700272226,1.0,0.0,0.0,1,False
2021-06-15,32.90715,20,52.11883974884503,11.654126858683556,1.0,0.0,0.0,1,False
2021-06-17,75.27662962962962,27,24.412324896608062,4.698154116867089,1.0,0.0,0.0,1,False
2021-06-18,73.1638076923077,26,70.43860886134492,13.814147734397208,1.0,0.0,0.0,1,False
2021-06-19,47.777054054054055,37,17.335418531540093,2.8499252510997155,1.0,0.0,0.0,1,False
2021-06-20,45.51855555555556,9,5.586651638305164,1.862217212768388,1.0,0.0,0.0,1,False
2021-06-21,49.695625,24,10.925179118270984,2.230092849022812,1.0,0.0,0.0,1,False
2021-06-22,42.8405652173913,23,5.180120600790602,1.0801298118188345,1.0,0.0,0.0,1,False
2021-06-24,44.08165625,32,10.057408082087406,1.7779153640010983,1.0,0.0,0.0,1,False
2021-06-25,49.259368421052635,19,9.221034264781837,2.115450342900521,1.0,0.0,0.0,1,False
2021-06-26,44.409076923076924,13,7.428122704308027,2.060190560832371,1.0,0.0,0.0,1,False
2021-06-27,42.38607142857143,14,3.998392705234782,1.068615400054626,1.0,0.0,0.0,1,False
2021-06-28,41.83052380952381,21,27.32374208013801,5.962529350080123,1.0,0.0,0.0,1,False
2021-06-29,59.888958333333335,24,13.891048119841557,2.835498323838287,1.0,0.0,0.0,1,False
2021-06-30,46.04335,20,9.570867013879592,2.140110924664519,1.0,0.0,0.0,1,False
2021-07-01,48.471,18,14.413258095974568,3.397237512885175,1.0,0.0,0.0,1,False
2021-07-02,46.446,22,20.710213921315894,4.415432443902485,1.0,0.0,0.0,1,False
2021-07-03,76.74584615384616,13,81.81822584632978,22.692292965879624,1.0,0.0,0.0,1,False
2021-07-04,50.907833333333336,12,12.07838313858375,3.4867288782183827,1.0,0.0,0.0,1,False
2021-07-05,33.602441176470585,34,68.54660418845825,11.755645634644159,1.0,0.0,0.0,1,False
2021-07-06,44.48583333333333,30,8.110612226916187,1.4807884239530682,1.0,0.0,0.0,1,False
2021-07-07,49.222470588235296,17,22.88926810788641,5.551462947170433,1.0,0.0,0.0,1,False
2021-07-08,38.17195454545455,22,24.02649617654736,5.122466196355233,1.0,0.0,0.0,1,False
2021-07-09,38.07266666666666,21,15.374757846331542,3.3550472201157393,1.0,0.0,0.0,1,False
2021-07-10,39.607176470588236,17,17.72352498882239,4.298586211011105,1.0,0.0,0.0,1,False
2021-07-11,40.53955555555555,9,5.440626046492975,1.8135420154976583,1.0,0.0,0.0,1,False
2021-07-13,46.22216666666666,24,12.803381814351157,2.6134793689324867,1.0,0.0,0.0,1,False
2021-07-14,36.01343478260869,23,39.827485705484264,8.304604845245573,1.0,0.0,0.0,1,False
2021-07-15,39.96242105263158,19,13.922925743438768,3.1941382270563414,1.0,0.0,0.0,1,False
2021-07-16,26.7844375,16,22.443442448277995,5.610860612069499,1.0,0.0,0.0,1,False
2021-07-17,30.41409523809524,21,18.97257235301729,4.1401547112251516,1.0,0.0,0.0,1,False
2021-07-18,35.91873684210526,19,17.526635225159147,4.020885882461524,1.0,0.0,0.0,1,False
2021-07-19,34.652944444444444,18,4.707299643947524,1.1095211664374383,1.0,0.0,0.0,1,False
2021-07-20,35.86009677419355,31,8.047172424128611,1.4453148336971535,1.0,0.0,0.0,1,False
2021-07-21,30.40475,20,7.753970723883479,1.733840563414671,1.0,0.0,0.0,1,False
2021-07-22,30.7005,12,6.6732150831105805,1.9263912622970825,1.0,0.0,0.0,1,False
2021-07-23,34.1898,15,12.534485590903659,3.236390263123113,1.0,0.0,0.0,1,False
2021-07-24,47.60492857142857,28,22.87611955394885,4.323180235852178,1.0,0.0,0.0,1,False
2021-07-25,39.73059259259259,27,27.19269471081025,5.233236537092537,1.0,0.0,0.0,1,False
2021-07-26,31.495538461538462,13,8.88274708461469,2.4636307754274256,1.0,0.0,0.0,1,False
2021-07-27,29.421176470588232,17,9.415777445565062,2.283661467963129,1.0,0.0,0.0,1,False
2021-07-28,37.8748,10,11.133090793765325,3.5205924305750336,1.0,0.0,0.0,1,False
2021-07-29,42.83629166666666,24,11.78224591596506,2.405040876508784,1.0,0.0,0.0,1,False
2021-07-30,33.001125,16,10.567420908149732,2.641855227037433,1.0,0.0,0.0,1,False
2021-07-31,42.690347826086956,23,13.743419858935122,2.865701139026222,1.0,0.0,0.0,1,False
2021-08-01,41.72737931034483,29,13.706116602279106,2.5451619575543236,1.0,0.0,0.0,1,False
2021-08-02,45.929227272727275,22,90.85467117269353,19.370280978271687,1.0,0.0,0.0,1,False
2021-08-03,31.901875,16,9.41102478922106,2.352756197305265,1.0,0.0,0.0,1,False
2021-08-04,32.2125,8,4.383579848219292,1.549829518274279,1.0,0.0,0.0,1,False
2021-08-05,39.862500000000004,22,8.716610600293144,1.8583876241754058,1.0,0.0,0.0,1,False
2021-08-06,39.11754285714286,35,8.735671836323334,1.476598044076148,1.0,0.0,0.0,1,False
2021-08-07,36.44375675675676,37,12.752503415245801,2.09649864707452,1.0,0.0,0.0,1,False
2021-08-08,32.5015652173913,23,7.999141026760805,1.6679362041549368,1.0,0.0,0.0,1,False
2021-08-09,29.730529411764707,17,7.145432335744695,1.733021897704664,1.0,0.0,0.0,1,False
2021-08-10,35.51383333333334,18,11.666533424589277,2.749828299155531,1.0,0.0,0.0,1,False
2021-08-12,38.540473684210525,19,11.012792648998005,2.526507907534205,1.0,0.0,0.0,1,False
2021-08-13,36.35804761904762,21,5.605437221806972,1.22320668439302,1.0,0.0,0.0,1,False
2021-08-14,31.349999999999998,9,8.017090759745706,2.672363586581902,1.0,0.0,0.0,1,False
2021-08-21,33.0534,25,8.562095080450034,1.7124190160900068,1.0,0.0,0.0,1,False
2021-08-23,28.893071428571428,28,22.05930351126518,4.1688165132929695,1.0,0.0,0.0,1,False
2021-08-24,24.826571428571427,21,17.93212384959302,3.9131102339087107,1.0,0.0,0.0,1,False
2021-08-25,35.46902631578948,38,16.604967124794463,2.69368136481375,1.0,0.0,0.0,1,False
2021-08-26,24.34656,25,18.728346358928757,3.7456692717857516,1.0,0.0,0.0,1,False
2021-08-27,33.126041666666666,24,38.902724054033484,7.940985294723287,1.0,0.0,0.0,1,False
2021-08-29,32.84828,25,14.278912845288094,2.855782569057619,1.0,0.0,0.0,1,False
2021-08-30,31.23364705882353,17,17.2538039100845,4.18466211558667,1.0,0.0,0.0,1,False
2021-08-31,28.770307692307693,13,13.268128487624114,3.6799167378133246,1.0,0.0,0.0,1,False
2021-09-01,26.884043478260867,23,4.018383703547088,0.8378909234016192,1.0,0.0,0.0,1,False
2021-09-02,24.209,15,4.669285904412243,1.2056044364313103,1.0,0.0,0.0,1,False
2021-09-04,37.660185185185185,27,45.431669496438474,8.74332887116762,1.0,0.0,0.0,1,False
2021-09-05,34.37741666666667,24,8.09737795949038,1.6528703546008559,1.0,0.0,0.0,1,False
2021-09-07,31.156239999999997,25,11.133553708946662,2.2267107417893324,1.0,0.0,0.0,1,False
2021-09-08,30.45028125,32,10.891113563831857,1.925295063914573,1.0,0.0,0.0,1,False
2021-09-09,30.542625,16,5.550579884120216,1.387644971030054,1.0,0.0,0.0,1,False
2021-09-11,39.07639393939394,33,22.955776472027953,3.996087758893585,1.0,0.0,0.0,1,False
2021-09-12,35.16225,32,12.157177163332168,2.1491056030696027,1.0,0.0,0.0,1,False
2021-09-14,34.80228571428571,21,7.14518284680565,1.5592067261803308,1.0,0.0,0.0,1,False
2021-09-16,32.18666666666666,15,8.241400597563729,2.1279204842525448,1.0,0.0,0.0,1,False
2021-09-17,26.302513513513514,37,13.24938288630334,2.178185128929201,1.0,0.0,0.0,1,False
2021-09-21,36.66314705882353,34,9.993557558481767,1.713880981819848,1.0,0.0,0.0,1,False
2021-09-22,26.008100000000002,10,11.568097984927725,3.6581537828375787,1.0,0.0,0.0,1,False
2021-09-24,32.36656,25,9.658801711737677,1.9317603423475354,1.0,0.0,0.0,1,False
2021-09-25,30.776526315789475,19,13.708883398765039,3.145033545473642,1.0,0.0,0.0,1,False
2021-09-26,44.60321052631579,19,52.87217307975376,12.129708388423067,1.0,0.0,0.0,1,False
2021-09-29,29.845000000000002,9,7.814168637801465,2.6047228792671553,1.0,0.0,0.0,1,False
2021-09-30,37.374,14,44.053438865157325,11.77377678161501,1.0,0.0,0.0,1,False
2021-10-02,35.9363125,16,8.459632267175289,2.1149080667938223,1.0,0.0,0.0,1,False
2021-10-03,29.927037037037035,27,14.216924744503757,2.7360484427626317,1.0,0.0,0.0,1,False
2021-10-08,22.477444444444444,9,10.369986259768032,3.456662086589344,1.0,0.0,0.0,1,False
2021-10-09,28.339153846153845,13,8.198916227629864,2.2739702201502507,1.0,0.0,0.0,1,False
2021-10-11,34.10342857142857,14,8.208543014298117,2.1938254002928703,1.0,0.0,0.0,1,False
2021-10-12,32.265611111111106,36,13.172159856037881,2.1953599760063134,1.0,0.0,0.0,1,False
2021-10-13,30.999111111111112,18,8.272373291219457,1.9498170835759192,1.0,0.0,0.0,1,False
2021-10-14,29.51125,16,2.8844033351804326,0.7211008337951081,1.0,0.0,0.0,1,False
2021-10-15,30.228095238095236,21,4.706825277241146,1.0271134817090029,1.0,0.0,0.0,1,False
2021-10-16,29.20088235294118,34,6.708585420889872,1.1505129079902752,1.0,0.0,0.0,1,False
2021-10-17,53.01464705882353,17,67.96027137043117,16.48278689446633,1.0,0.0,0.0,1,False
2021-10-19,32.695807692307696,26,6.049183330131304,1.186342455447681,1.0,0.0,0.0,1,False
2021-10-20,29.76382608695652,46,3.821302723210431,0.5634203485701814,1.0,0.0,0.0,1,False
2021-10-21,39.3242972972973,37,29.354809057900987,4.825900881661052,1.0,0.0,0.0,1,False
2021-10-22,44.93274074074074,27,76.84722229132122,14.789254825456437,1.0,0.0,0.0,1,False
2021-10-23,27.425555555555555,18,18.050930460691827,4.254645111827334,1.0,0.0,0.0,1,False
2021-10-24,12.586125,16,19.56209823400002,4.890524558500005,1.0,0.0,0.0,1,False
2021-10-25,25.754107142857144,28,10.441694833124325,1.9732948424625032,1.0,0.0,0.0,1,False
2021-10-26,24.886625,16,4.510342911945094,1.1275857279862735,1.0,0.0,0.0,1,False
2021-10-28,28.051499999999997,20,10.72157992825193,2.3974181545768634,1.0,0.0,0.0,1,False
2021-10-29,28.27458620689655,29,4.795393038541125,0.8904821319837745,1.0,0.0,0.0,1,False
2021-10-30,23.229136363636364,22,29.231603967355756,6.232198906063751,1.0,0.0,0.0,1,False
2021-10-31,24.765685714285713,35,3.8786778809539837,0.6556162227619292,1.0,0.0,0.0,1,False
2021-11-01,28.45417073170732,41,3.3896088483956297,0.5293679651848513,1.0,0.0,0.0,1,False
2021-11-02,24.392500000000002,42,4.878784516009961,0.7528127945635202,1.0,0.0,0.0,1,False
2021-11-03,19.860055555555554,18,14.356205346048393,3.383790050765795,1.0,0.0,0.0,1,False
2021-11-06,24.92136,25,4.460094532630446,0.8920189065260893,1.0,0.0,0.0,1,False
2021-11-07,2.1328750000000003,8,41.03345272696935,14.507516339368829,1.0,0.0,0.0,1,False
2021-11-08,50.27851515151515,33,132.66808610285702,23.09454944891404,1.0,0.0,0.0,1,False
2021-11-09,20.313578947368423,19,13.569223482719142,3.1129933633416718,1.0,0.0,0.0,1,False
2021-11-10,4.9432,20,45.33225846150898,10.13660114935241,1.0,0.0,0.0,1,False
2021-11-12,23.776320000000002,25,6.093313485015083,1.2186626970030168,1.0,0.0,0.0,1,False
2021-11-13,18.306347826086956,23,5.642655271224835,1.176574957605511,1.0,0.0,0.0,1,False
2021-11-14,19.92562962962963,27,4.871165680647607,0.9374562723297208,1.0,0.0,0.0,1,False
2021-11-15,15.653392857142858,28,5.00849413562737,0.9465164232711019,1.0,0.0,0.0,1,False
2021-11-17,19.0964,40,2.472589038608348,0.3909506539784195,1.0,0.0,0.0,1,False
2021-11-18,20.709244444444444,45,2.6770922332360025,0.3990773477034949,1.0,0.0,0.0,1,False
2021-11-20,19.257739130434782,23,5.797451087389348,1.208852116511541,1.0,0.0,0.0,1,False
2021-11-21,19.811709677419355,31,4.0565983055884685,0.7285865638765202,1.0,0.0,0.0,1,False
2021-11-22,17.095266666666664,30,12.583514403934338,2.2974248972420037,1.0,0.0,0.0,1,False
2021-11-24,17.841806451612904,31,10.018310926895662,1.7993417598232346,1.0,0.0,0.0,1,False
2021-11-25,13.09078125,32,5.599098572232194,0.989790142239325,1.0,0.0,0.0,1,False
2021-11-27,17.380575757575755,33,4.160616781427237,0.7242704166407934,1.0,0.0,0.0,1,False
2021-11-28,12.538735294117647,34,10.658743152664584,1.8279593700793801,1.0,0.0,0.0,1,False
2021-11-30,6.216571428571428,14,13.232236974172558,3.5364640869968587,1.0,0.0,0.0,1,False
2021-12-01,15.381125,16,1.9334878975571579,0.48337197438928947,1.0,0.0,0.0,1,False
2021-12-02,12.582500000000001,36,7.39794579789359,1.2329909663155985,1.0,0.0,0.0,1,False
2021-12-03,13.37803125,32,1.8430929559176408,0.3258158818716306,1.0,0.0,0.0,1,False
2021-12-04,9.069222222222223,36,11.24277940498729,1.8737965674978818,1.0,0.0,0.0,1,False
2021-12-06,11.133277777777778,36,4.554236562091615,0.7590394270152693,1.0,0.0,0.0,1,False
2021-12-07,10.046444444444445,18,6.971791846832173,1.6432670973053713,1.0,0.0,0.0,1,False
2021-12-08,12.19625,8,2.734636813180134,0.9668401173410213,1.0,0.0,0.0,1,False
2021-12-09,10.882846153846154,13,2.0262719398834337,0.5619867213295082,1.0,0.0,0.0,1,False
2021-12-11,49.280611111111114,18,72.98582148459414,17.202923100742446,1.0,0.0,0.0,1,False
2021-12-13,8.813692307692309,26,6.72717577453856,1.3193077132977222,1.0,0.0,0.0,1,False
2021-12-14,7.099875,16,2.8712507814539645,0.7178126953634911,1.0,0.0,0.0,1,False
2021-12-17,7.96925,12,2.982360966049915,0.8609334532847754,1.0,0.0,0.0,1,False
2021-12-18,8.810391304347826,23,8.782306948628074,1.8312375874625593,1.0,0.0,0.0,1,False
2021-12-20,10.627342857142857,35,10.335303953932273,1.746985222115664,1.0,0.0,0.0,1,False
2021-12-21,9.24642857142857,14,5.20103823532136,1.3900359380059908,1.0,0.0,0.0,1,False
2021-12-24,9.9765,24,2.503015676790872,0.5109259355270613,1.0,0.0,0.0,1,False
2021-12-25,9.69690625,32,1.83126709807057,0.3237253458023776,1.0,0.0,0.0,1,False
2021-12-26,8.58185,20,11.124754650280936,2.4875707631035073,1.0,0.0,0.0,1,False
2021-12-27,7.261545454545455,11,1.8813460268454798,0.567247170170214,1.0,0.0,0.0,1,False
