origin,method,horizon,target,forecast,actual,train_n,mase_scale,n_predictors,predictors,error,scaled
2012-12,ordinary least squares,1,2013-01,-0.07285622406155493,-0.1819952202292226,48,0.2891144570408768,5,"sin_year, cos_year, year_fraction, flux_lag1, flux_lag12",-0.10913899616766767,0.37749408066521184
2012-12,ridge,1,2013-01,-0.10170912655179529,-0.1819952202292226,48,0.2891144570408768,5,"sin_year, cos_year, year_fraction, flux_lag1, flux_lag12",-0.08028609367742731,0.27769657214366134
2012-12,random forest,1,2013-01,-0.11817400790697492,-0.1819952202292226,48,0.2891144570408768,5,"sin_year, cos_year, year_fraction, flux_lag1, flux_lag12",-0.06382121232224768,0.22074721885396495
2012-12,gradient boosting,1,2013-01,-0.1535386760114203,-0.1819952202292226,48,0.2891144570408768,5,"sin_year, cos_year, year_fraction, flux_lag1, flux_lag12",-0.028456544217802304,0.09842656956368993
2012-12,ordinary least squares,3,2013-03,-0.2306042874718603,-0.1925970480171465,48,0.2891144570408768,4,"sin_year, cos_year, year_fraction, flux_lag12",0.03800723945471379,0.13146087485116698
2012-12,ridge,3,2013-03,-0.29915086679964836,-0.1925970480171465,48,0.2891144570408768,4,"sin_year, cos_year, year_fraction, flux_lag12",0.10655381878250186,0.3685523715178194
2012-12,random forest,3,2013-03,-0.3204951406475398,-0.1925970480171465,48,0.2891144570408768,4,"sin_year, cos_year, year_fraction, flux_lag12",0.1278980926303933,0.4423787517907148
2012-12,gradient boosting,3,2013-03,-0.35375482302638944,-0.1925970480171465,48,0.2891144570408768,4,"sin_year, cos_year, year_fraction, flux_lag12",0.16115777500924294,0.5574185969761362
2012-12,ordinary least squares,6,2013-06,-1.9103984913657244,-1.8743521388207536,48,0.2891144570408768,4,"sin_year, cos_year, year_fraction, flux_lag12",0.036046352544970794,0.12467848517127021
2012-12,ridge,6,2013-06,-1.822890445079468,-1.8743521388207536,48,0.2891144570408768,4,"sin_year, cos_year, year_fraction, flux_lag12",-0.05146169374128551,0.17799764933238718
2012-12,random forest,6,2013-06,-1.966422896178183,-1.8743521388207536,48,0.2891144570408768,4,"sin_year, cos_year, year_fraction, flux_lag12",0.09207075735742953,0.3184578118292161
2012-12,gradient boosting,6,2013-06,-1.7531714503616684,-1.8743521388207536,48,0.2891144570408768,4,"sin_year, cos_year, year_fraction, flux_lag12",-0.12118068845908514,0.4191443406164634
2012-12,ordinary least squares,12,2013-12,-0.14660893511356798,-0.3300164853587963,48,0.2891144570408768,9,"sin_year, cos_year, year_fraction, flux_lag12, flux_lag13, precip_in_lag12, precip_in_lag13, wte_m_lag12, wte_m_lag13",-0.1834075502452283,0.63437695963885
2012-12,ridge,12,2013-12,-0.14451300180890891,-0.3300164853587963,48,0.2891144570408768,9,"sin_year, cos_year, year_fraction, flux_lag12, flux_lag13, precip_in_lag12, precip_in_lag13, wte_m_lag12, wte_m_lag13",-0.18550348354988738,0.6416264528883789
2012-12,random forest,12,2013-12,-0.17906089454250668,-0.3300164853587963,48,0.2891144570408768,9,"sin_year, cos_year, year_fraction, flux_lag12, flux_lag13, precip_in_lag12, precip_in_lag13, wte_m_lag12, wte_m_lag13",-0.15095559081628962,0.5221308970894755
2012-12,gradient boosting,12,2013-12,-0.19692373671165336,-0.3300164853587963,48,0.2891144570408768,9,"sin_year, cos_year, year_fraction, flux_lag12, flux_lag13, precip_in_lag12, precip_in_lag13, wte_m_lag12, wte_m_lag13",-0.13309274864714293,0.4603462241541434
2013-01,ordinary least squares,1,2013-02,-0.07740054673628521,-0.2134840139627155,49,0.2852468028792451,6,"sin_year, cos_year, year_fraction, flux_lag1, flux_lag12, wte_m_lag1",-0.13608346722643028,0.4770727168642067
2013-01,ridge,1,2013-02,-0.11963377735614572,-0.2134840139627155,49,0.2852468028792451,6,"sin_year, cos_year, year_fraction, flux_lag1, flux_lag12, wte_m_lag1",-0.09385023660656977,0.32901415777234794
2013-01,random forest,1,2013-02,-0.15663662139789708,-0.2134840139627155,49,0.2852468028792451,6,"sin_year, cos_year, year_fraction, flux_lag1, flux_lag12, wte_m_lag1",-0.05684739256481841,0.19929195346278392
2013-01,gradient boosting,1,2013-02,-0.20313263906424212,-0.2134840139627155,49,0.2852468028792451,6,"sin_year, cos_year, year_fraction, flux_lag1, flux_lag12, wte_m_lag1",-0.010351374898473376,0.03628918814860643
2013-01,ordinary least squares,3,2013-04,-0.5192502955701326,-0.1102712846226026,49,0.2852468028792451,4,"sin_year, cos_year, year_fraction, flux_lag12",0.40897901094753,1.4337724623706476
2013-01,ridge,3,2013-04,-0.5499056956386867,-0.1102712846226026,49,0.2852468028792451,4,"sin_year, cos_year, year_fraction, flux_lag12",0.43963441101608414,1.5412422035180415
2013-01,random forest,3,2013-04,-0.5677772658282475,-0.1102712846226026,49,0.2852468028792451,4,"sin_year, cos_year, year_fraction, flux_lag12",0.4575059812056449,1.6038952114016265
2013-01,gradient boosting,3,2013-04,-0.6226165592607614,-0.1102712846226026,49,0.2852468028792451,4,"sin_year, cos_year, year_fraction, flux_lag12",0.5123452746381588,1.7961472993443242
2013-01,ordinary least squares,6,2013-07,-2.2745098811958537,-2.3274102803441834,49,0.2852468028792451,4,"sin_year, cos_year, year_fraction, flux_lag12",-0.05290039914832967,0.18545483635350068
2013-01,ridge,6,2013-07,-1.9678077090458623,-2.3274102803441834,49,0.2852468028792451,4,"sin_year, cos_year, year_fraction, flux_lag12",-0.35960257129832107,1.260671697871942
2013-01,random forest,6,2013-07,-1.8903735925967706,-2.3274102803441834,49,0.2852468028792451,4,"sin_year, cos_year, year_fraction, flux_lag12",-0.4370366877474128,1.5321352714071457
2013-01,gradient boosting,6,2013-07,-1.7069727660155873,-2.3274102803441834,49,0.2852468028792451,4,"sin_year, cos_year, year_fraction, flux_lag12",-0.6204375143285961,2.175090160751947
2013-01,ordinary least squares,12,2014-01,-0.1840681582379739,-0.2205127684844346,49,0.2852468028792451,9,"sin_year, cos_year, year_fraction, flux_lag12, flux_lag13, soil_temp_f_lag12, precip_in_lag12, precip_in_lag13, wte_m_lag12",-0.0364446102464607,0.1277651839690872
2013-01,ridge,12,2014-01,-0.14417588543512866,-0.2205127684844346,49,0.2852468028792451,9,"sin_year, cos_year, year_fraction, flux_lag12, flux_lag13, soil_temp_f_lag12, precip_in_lag12, precip_in_lag13, wte_m_lag12",-0.07633688304930594,0.2676169628503146
2013-01,random forest,12,2014-01,-0.13117461435211464,-0.2205127684844346,49,0.2852468028792451,9,"sin_year, cos_year, year_fraction, flux_lag12, flux_lag13, soil_temp_f_lag12, precip_in_lag12, precip_in_lag13, wte_m_lag12",-0.08933815413231996,0.3131959875818132
2013-01,gradient boosting,12,2014-01,-0.1738783424897683,-0.2205127684844346,49,0.2852468028792451,9,"sin_year, cos_year, year_fraction, flux_lag12, flux_lag13, soil_temp_f_lag12, precip_in_lag12, precip_in_lag13, wte_m_lag12",-0.0466344259946663,0.1634879883803931
2013-02,ordinary least squares,1,2013-03,-0.30244079736828433,-0.1925970480171465,50,0.2798471725871334,5,"sin_year, cos_year, year_fraction, flux_lag1, flux_lag12",0.10984374935113783,0.39251334339258626
2013-02,ridge,1,2013-03,-0.33823532621970215,-0.1925970480171465,50,0.2798471725871334,5,"sin_year, cos_year, year_fraction, flux_lag1, flux_lag12",0.14563827820255565,0.5204207598603113
2013-02,random forest,1,2013-03,-0.38563560067737235,-0.1925970480171465,50,0.2798471725871334,5,"sin_year, cos_year, year_fraction, flux_lag1, flux_lag12",0.19303855266022585,0.6897999035531484
2013-02,gradient boosting,1,2013-03,-0.34423186608644674,-0.1925970480171465,50,0.2798471725871334,5,"sin_year, cos_year, year_fraction, flux_lag1, flux_lag12",0.15163481806930024,0.5418486692842578
2013-02,ordinary least squares,3,2013-05,-0.9122747456441704,-0.6183280364493146,50,0.2798471725871334,4,"sin_year, cos_year, year_fraction, flux_lag12",0.2939467091948559,1.0503829875334276
2013-02,ridge,3,2013-05,-0.8953181414338038,-0.6183280364493146,50,0.2798471725871334,4,"sin_year, cos_year, year_fraction, flux_lag12",0.2769901049844893,0.9897906147264914
2013-02,random forest,3,2013-05,-0.8932377231637718,-0.6183280364493146,50,0.2798471725871334,4,"sin_year, cos_year, year_fraction, flux_lag12",0.27490968671445726,0.9823564918414933
2013-02,gradient boosting,3,2013-05,-0.8728884533637975,-0.6183280364493146,50,0.2798471725871334,4,"sin_year, cos_year, year_fraction, flux_lag12",0.25456041691448295,0.909640839180617
2013-02,ordinary least squares,6,2013-08,-2.01452016627369,-1.4957553788975266,50,0.2798471725871334,4,"sin_year, cos_year, year_fraction, flux_lag12",0.5187647873761634,1.8537431791083774
2013-02,ridge,6,2013-08,-1.752708489838324,-1.4957553788975266,50,0.2798471725871334,4,"sin_year, cos_year, year_fraction, flux_lag12",0.2569531109407974,0.9181908416844639
2013-02,random forest,6,2013-08,-1.6633590533351206,-1.4957553788975266,50,0.2798471725871334,4,"sin_year, cos_year, year_fraction, flux_lag12",0.16760367443759394,0.5989114447293863
2013-02,gradient boosting,6,2013-08,-1.4917443173670335,-1.4957553788975266,50,0.2798471725871334,4,"sin_year, cos_year, year_fraction, flux_lag12",-0.004011061530493132,0.014333042901279432
2013-02,ordinary least squares,12,2014-02,-0.23987897234654723,-0.1820369855247651,50,0.2798471725871334,10,"sin_year, cos_year, year_fraction, flux_lag12, flux_lag13, soil_temp_f_lag12, precip_in_lag12, precip_in_lag13, wte_m_lag12, wte_m_lag13",0.057841986821782126,0.20669133901566367
2013-02,ridge,12,2014-02,-0.15401183515040798,-0.1820369855247651,50,0.2798471725871334,10,"sin_year, cos_year, year_fraction, flux_lag12, flux_lag13, soil_temp_f_lag12, precip_in_lag12, precip_in_lag13, wte_m_lag12, wte_m_lag13",-0.028025150374357127,0.10014448284493994
2013-02,random forest,12,2014-02,-0.11783602790233327,-0.1820369855247651,50,0.2798471725871334,10,"sin_year, cos_year, year_fraction, flux_lag12, flux_lag13, soil_temp_f_lag12, precip_in_lag12, precip_in_lag13, wte_m_lag12, wte_m_lag13",-0.06420095762243183,0.22941435151517275
2013-02,gradient boosting,12,2014-02,-0.18584911848745364,-0.1820369855247651,50,0.2798471725871334,10,"sin_year, cos_year, year_fraction, flux_lag12, flux_lag13, soil_temp_f_lag12, precip_in_lag12, precip_in_lag13, wte_m_lag12, wte_m_lag13",0.003812132962688536,0.013622195741504545
2013-03,ordinary least squares,1,2013-04,-0.4624070299693459,-0.1102712846226026,51,0.28003374901835587,5,"sin_year, cos_year, year_fraction, flux_lag1, flux_lag12",0.3521357453467433,1.2574760955818265
2013-03,ridge,1,2013-04,-0.5068704370895767,-0.1102712846226026,51,0.28003374901835587,5,"sin_year, cos_year, year_fraction, flux_lag1, flux_lag12",0.3965991524669741,1.4162548402013413
2013-03,random forest,1,2013-04,-0.47691397526025897,-0.1102712846226026,51,0.28003374901835587,5,"sin_year, cos_year, year_fraction, flux_lag1, flux_lag12",0.36664269063765637,1.3092803703942963
2013-03,gradient boosting,1,2013-04,-0.573016346271289,-0.1102712846226026,51,0.28003374901835587,5,"sin_year, cos_year, year_fraction, flux_lag1, flux_lag12",0.46274506164868634,1.6524617595943907
2013-03,ordinary least squares,3,2013-06,-1.9078147817782374,-1.8743521388207536,51,0.28003374901835587,4,"sin_year, cos_year, year_fraction, flux_lag12",0.0334626429574838,0.11949503613327109
2013-03,ridge,3,2013-06,-1.8224632153264464,-1.8743521388207536,51,0.28003374901835587,4,"sin_year, cos_year, year_fraction, flux_lag12",-0.05188892349430718,0.1852952498625654
2013-03,random forest,3,2013-06,-1.7870549336932924,-1.8743521388207536,51,0.28003374901835587,4,"sin_year, cos_year, year_fraction, flux_lag12",-0.0872972051274612,0.3117381581094319
2013-03,gradient boosting,3,2013-06,-1.741829901917208,-1.8743521388207536,51,0.28003374901835587,4,"sin_year, cos_year, year_fraction, flux_lag12",-0.13252223690354548,0.47323666296685835
2013-03,ordinary least squares,6,2013-09,-1.0385053245128195,-0.8729548029017856,51,0.28003374901835587,4,"sin_year, cos_year, year_fraction, flux_lag12",0.1655505216110339,0.5911806065924656
2013-03,ridge,6,2013-09,-0.8505689536353469,-0.8729548029017856,51,0.28003374901835587,4,"sin_year, cos_year, year_fraction, flux_lag12",-0.022385849266438718,0.07993982634204334
2013-03,random forest,6,2013-09,-0.8269451443256596,-0.8729548029017856,51,0.28003374901835587,4,"sin_year, cos_year, year_fraction, flux_lag12",-0.046009658576126045,0.1643004057097067
2013-03,gradient boosting,6,2013-09,-0.6709403088414979,-0.8729548029017856,51,0.28003374901835587,4,"sin_year, cos_year, year_fraction, flux_lag12",-0.2020144940602877,0.7213933847917949
2013-03,ordinary least squares,12,2014-03,-0.48954107724780443,-0.1445974539930555,51,0.28003374901835587,10,"sin_year, cos_year, year_fraction, flux_lag12, flux_lag13, soil_temp_f_lag12, precip_in_lag12, precip_in_lag13, wte_m_lag12, wte_m_lag13",0.3449436232547489,1.2317930408885762
2013-03,ridge,12,2014-03,-0.3727114823408442,-0.1445974539930555,51,0.28003374901835587,10,"sin_year, cos_year, year_fraction, flux_lag12, flux_lag13, soil_temp_f_lag12, precip_in_lag12, precip_in_lag13, wte_m_lag12, wte_m_lag13",0.2281140283477887,0.8145947734779501
2013-03,random forest,12,2014-03,-0.3162384407162051,-0.1445974539930555,51,0.28003374901835587,10,"sin_year, cos_year, year_fraction, flux_lag12, flux_lag13, soil_temp_f_lag12, precip_in_lag12, precip_in_lag13, wte_m_lag12, wte_m_lag13",0.1716409867231496,0.612929646247384
2013-03,gradient boosting,12,2014-03,-0.31914624427196525,-0.1445974539930555,51,0.28003374901835587,10,"sin_year, cos_year, year_fraction, flux_lag12, flux_lag13, soil_temp_f_lag12, precip_in_lag12, precip_in_lag13, wte_m_lag12, wte_m_lag13",0.17454879027890974,0.6233134073688678
2013-04,ordinary least squares,1,2013-05,-0.6858365164177999,-0.6183280364493146,52,0.2867627031100094,5,"sin_year, cos_year, year_fraction, flux_lag1, flux_lag12",0.0675084799684853,0.23541583070720096
2013-04,ridge,1,2013-05,-0.7340554986989718,-0.6183280364493146,52,0.2867627031100094,5,"sin_year, cos_year, year_fraction, flux_lag1, flux_lag12",0.11572746224965724,0.4035652509708045
2013-04,random forest,1,2013-05,-0.8051600818991735,-0.6183280364493146,52,0.2867627031100094,5,"sin_year, cos_year, year_fraction, flux_lag1, flux_lag12",0.18683204544985899,0.6515214266835304
2013-04,gradient boosting,1,2013-05,-0.8780543434939708,-0.6183280364493146,52,0.2867627031100094,5,"sin_year, cos_year, year_fraction, flux_lag1, flux_lag12",0.25972630704465627,0.9057185757696624
2013-04,ordinary least squares,3,2013-07,-2.3242010514960985,-2.3274102803441834,52,0.2867627031100094,4,"sin_year, cos_year, year_fraction, flux_lag12",-0.003209228848084944,0.011191235168590954
2013-04,ridge,3,2013-07,-2.007811019640066,-2.3274102803441834,52,0.2867627031100094,4,"sin_year, cos_year, year_fraction, flux_lag12",-0.3195992607041176,1.114507769797076
2013-04,random forest,3,2013-07,-1.9471023665613136,-2.3274102803441834,52,0.2867627031100094,4,"sin_year, cos_year, year_fraction, flux_lag12",-0.38030791378286977,1.3262112180501175
2013-04,gradient boosting,3,2013-07,-1.6451439299161554,-2.3274102803441834,52,0.2867627031100094,4,"sin_year, cos_year, year_fraction, flux_lag12",-0.682266350428028,2.3792018384144376
2013-04,ordinary least squares,6,2013-10,-0.274830832145492,-0.549610230725987,52,0.2867627031100094,4,"sin_year, cos_year, year_fraction, flux_lag12",-0.27477939858049505,0.9582117744059719
2013-04,ridge,6,2013-10,-0.24991597206062433,-0.549610230725987,52,0.2867627031100094,4,"sin_year, cos_year, year_fraction, flux_lag12",-0.2996942586653627,1.045094970214423
2013-04,random forest,6,2013-10,-0.35602633064237227,-0.549610230725987,52,0.2867627031100094,4,"sin_year, cos_year, year_fraction, flux_lag12",-0.19358390008361476,0.6750665201023408
2013-04,gradient boosting,6,2013-10,-0.24356367300564186,-0.549610230725987,52,0.2867627031100094,4,"sin_year, cos_year, year_fraction, flux_lag12",-0.30604655772034517,1.067246731883881
2013-04,ordinary least squares,12,2014-04,-0.7139776745787988,-0.9542662447285354,52,0.2867627031100094,9,"sin_year, cos_year, year_fraction, flux_lag12, flux_lag13, soil_temp_f_lag12, precip_in_lag12, precip_in_lag13, wte_m_lag13",-0.2402885701497366,0.8379352249917795
2013-04,ridge,12,2014-04,-0.680974214911699,-0.9542662447285354,52,0.2867627031100094,9,"sin_year, cos_year, year_fraction, flux_lag12, flux_lag13, soil_temp_f_lag12, precip_in_lag12, precip_in_lag13, wte_m_lag13",-0.2732920298168364,0.9530250163390136
2013-04,random forest,12,2014-04,-0.4677030419226605,-0.9542662447285354,52,0.2867627031100094,9,"sin_year, cos_year, year_fraction, flux_lag12, flux_lag13, soil_temp_f_lag12, precip_in_lag12, precip_in_lag13, wte_m_lag13",-0.4865632028058749,1.6967450701537605
2013-04,gradient boosting,12,2014-04,-0.47262015914363764,-0.9542662447285354,52,0.2867627031100094,9,"sin_year, cos_year, year_fraction, flux_lag12, flux_lag13, soil_temp_f_lag12, precip_in_lag12, precip_in_lag13, wte_m_lag13",-0.48164608558489774,1.6795980800896766
2013-05,ordinary least squares,1,2013-06,-1.7379075553527303,-1.8743521388207536,53,0.2869020195640198,5,"sin_year, cos_year, year_fraction, flux_lag1, flux_lag12",-0.13644458346802324,0.47557902755570103
2013-05,ridge,1,2013-06,-1.7239125050032496,-1.8743521388207536,53,0.2869020195640198,5,"sin_year, cos_year, year_fraction, flux_lag1, flux_lag12",-0.15043963381750403,0.5243589224157925
2013-05,random forest,1,2013-06,-1.6544803840979732,-1.8743521388207536,53,0.2869020195640198,5,"sin_year, cos_year, year_fraction, flux_lag1, flux_lag12",-0.21987175472278042,0.7663653084662859
2013-05,gradient boosting,1,2013-06,-1.7516735692473384,-1.8743521388207536,53,0.2869020195640198,5,"sin_year, cos_year, year_fraction, flux_lag1, flux_lag12",-0.12267856957341516,0.4275974416626247
2013-05,ordinary least squares,3,2013-08,-2.0899864429430464,-1.4957553788975266,53,0.2869020195640198,4,"sin_year, cos_year, year_fraction, flux_lag12",0.5942310640455197,2.0711986097153354
2013-05,ridge,3,2013-08,-1.8136159743196139,-1.4957553788975266,53,0.2869020195640198,4,"sin_year, cos_year, year_fraction, flux_lag12",0.3178605954220872,1.1079064410390436
2013-05,random forest,3,2013-08,-1.8552610545378996,-1.4957553788975266,53,0.2869020195640198,4,"sin_year, cos_year, year_fraction, flux_lag12",0.35950567564037295,1.2530608051720329
2013-05,gradient boosting,3,2013-08,-1.5032353793352535,-1.4957553788975266,53,0.2869020195640198,4,"sin_year, cos_year, year_fraction, flux_lag12",0.007480000437726897,0.026071620022381187
2013-05,ordinary least squares,6,2013-11,-0.1347015469976929,-0.1819946597507816,53,0.2869020195640198,4,"sin_year, cos_year, year_fraction, flux_lag12",-0.0472931127530887,0.16484064080467598
2013-05,ridge,6,2013-11,-0.1780391366099982,-0.1819946597507816,53,0.2869020195640198,4,"sin_year, cos_year, year_fraction, flux_lag12",-0.003955523140783401,0.013787017417285065
2013-05,random forest,6,2013-11,-0.24292222851041395,-0.1819946597507816,53,0.2869020195640198,4,"sin_year, cos_year, year_fraction, flux_lag12",0.060927568759632345,0.2123636802983078
2013-05,gradient boosting,6,2013-11,-0.2228585170759215,-0.1819946597507816,53,0.2869020195640198,4,"sin_year, cos_year, year_fraction, flux_lag12",0.04086385732513989,0.1424314035406135
2013-05,ordinary least squares,12,2014-05,-1.0756668109532739,-0.9670759734081892,53,0.2869020195640198,9,"sin_year, cos_year, year_fraction, flux_lag12, flux_lag13, soil_temp_f_lag12, precip_in_lag12, wte_m_lag12, wte_m_lag13",0.1085908375450847,0.3784945038382818
2013-05,ridge,12,2014-05,-1.076238356845701,-0.9670759734081892,53,0.2869020195640198,9,"sin_year, cos_year, year_fraction, flux_lag12, flux_lag13, soil_temp_f_lag12, precip_in_lag12, wte_m_lag12, wte_m_lag13",0.10916238343751183,0.3804866330442584
2013-05,random forest,12,2014-05,-0.8618082023984411,-0.9670759734081892,53,0.2869020195640198,9,"sin_year, cos_year, year_fraction, flux_lag12, flux_lag13, soil_temp_f_lag12, precip_in_lag12, wte_m_lag12, wte_m_lag13",-0.10526777100974805,0.3669119205564129
2013-05,gradient boosting,12,2014-05,-0.835837716767589,-0.9670759734081892,53,0.2869020195640198,9,"sin_year, cos_year, year_fraction, flux_lag12, flux_lag13, soil_temp_f_lag12, precip_in_lag12, wte_m_lag12, wte_m_lag13",-0.13123825664060018,0.4574323207624388
2013-06,ordinary least squares,1,2013-07,-2.2033291590617576,-2.3274102803441834,54,0.28509350181353654,6,"sin_year, cos_year, year_fraction, flux_lag1, flux_lag12, wte_m_lag1",-0.12408112128242577,0.4352295667671169
2013-06,ridge,1,2013-07,-1.9983309043873343,-2.3274102803441834,54,0.28509350181353654,6,"sin_year, cos_year, year_fraction, flux_lag1, flux_lag12, wte_m_lag1",-0.3290793759568491,1.154285782957204
2013-06,random forest,1,2013-07,-1.9316064058177824,-2.3274102803441834,54,0.28509350181353654,6,"sin_year, cos_year, year_fraction, flux_lag1, flux_lag12, wte_m_lag1",-0.395803874526401,1.388330046137894
2013-06,gradient boosting,1,2013-07,-1.6914686260851246,-2.3274102803441834,54,0.28509350181353654,6,"sin_year, cos_year, year_fraction, flux_lag1, flux_lag12, wte_m_lag1",-0.6359416542590588,2.2306424040313346
2013-06,ordinary least squares,3,2013-09,-1.0972207167088763,-0.8729548029017856,54,0.28509350181353654,4,"sin_year, cos_year, year_fraction, flux_lag12",0.2242659138070907,0.78663986509861
2013-06,ridge,3,2013-09,-0.9148528798809196,-0.8729548029017856,54,0.28509350181353654,4,"sin_year, cos_year, year_fraction, flux_lag12",0.04189807697913395,0.146962581442972
2013-06,random forest,3,2013-09,-0.951418599225185,-0.8729548029017856,54,0.28509350181353654,4,"sin_year, cos_year, year_fraction, flux_lag12",0.07846379632339939,0.2752212724045815
2013-06,gradient boosting,3,2013-09,-0.7117930158298029,-0.8729548029017856,54,0.28509350181353654,4,"sin_year, cos_year, year_fraction, flux_lag12",-0.1611617870719827,0.5652944947773291
2013-06,ordinary least squares,6,2013-12,-0.16178139984706533,-0.3300164853587963,54,0.28509350181353654,4,"sin_year, cos_year, year_fraction, flux_lag12",-0.16823508551173097,0.5901049460670064
2013-06,ridge,6,2013-12,-0.19228212112941984,-0.3300164853587963,54,0.28509350181353654,4,"sin_year, cos_year, year_fraction, flux_lag12",-0.13773436422937646,0.48311997065250784
2013-06,random forest,6,2013-12,-0.20529833325578287,-0.3300164853587963,54,0.28509350181353654,4,"sin_year, cos_year, year_fraction, flux_lag12",-0.12471815210301343,0.437464029554011
2013-06,gradient boosting,6,2013-12,-0.2107968090401618,-0.3300164853587963,54,0.28509350181353654,4,"sin_year, cos_year, year_fraction, flux_lag12",-0.1192196763186345,0.4181774595360975
2013-06,ordinary least squares,12,2014-06,-1.8967479815451906,-2.167361030522487,54,0.28509350181353654,8,"sin_year, cos_year, year_fraction, flux_lag12, flux_lag13, soil_temp_f_lag12, precip_in_lag12, wte_m_lag13",-0.2706130489772962,0.9492080572018398
2013-06,ridge,12,2014-06,-1.8894934650417394,-2.167361030522487,54,0.28509350181353654,8,"sin_year, cos_year, year_fraction, flux_lag12, flux_lag13, soil_temp_f_lag12, precip_in_lag12, wte_m_lag13",-0.2778675654807474,0.9746541528066284
2013-06,random forest,12,2014-06,-1.7557841901033084,-2.167361030522487,54,0.28509350181353654,8,"sin_year, cos_year, year_fraction, flux_lag12, flux_lag13, soil_temp_f_lag12, precip_in_lag12, wte_m_lag13",-0.4115768404191784,1.443655635084827
2013-06,gradient boosting,12,2014-06,-1.815188950312448,-2.167361030522487,54,0.28509350181353654,8,"sin_year, cos_year, year_fraction, flux_lag12, flux_lag13, soil_temp_f_lag12, precip_in_lag12, wte_m_lag13",-0.35217208021003876,1.235286241074602
2013-07,ordinary least squares,1,2013-08,-2.144992241606154,-1.4957553788975266,55,0.30946126159470705,7,"sin_year, cos_year, year_fraction, flux_lag1, flux_lag12, atm_temp_f_lag1, wte_m_lag1",0.6492368627086273,2.0979584306061385
2013-07,ridge,1,2013-08,-2.0001830591600314,-1.4957553788975266,55,0.30946126159470705,7,"sin_year, cos_year, year_fraction, flux_lag1, flux_lag12, atm_temp_f_lag1, wte_m_lag1",0.5044276802625047,1.6300188193607892
2013-07,random forest,1,2013-08,-1.9433822211123253,-1.4957553788975266,55,0.30946126159470705,7,"sin_year, cos_year, year_fraction, flux_lag1, flux_lag12, atm_temp_f_lag1, wte_m_lag1",0.44762684221479865,1.4464713286183242
2013-07,gradient boosting,1,2013-08,-1.5692797830026797,-1.4957553788975266,55,0.30946126159470705,7,"sin_year, cos_year, year_fraction, flux_lag1, flux_lag12, atm_temp_f_lag1, wte_m_lag1",0.07352440410515304,0.23758839386315803
2013-07,ordinary least squares,3,2013-10,-0.3056538026866948,-0.549610230725987,55,0.30946126159470705,4,"sin_year, cos_year, year_fraction, flux_lag12",-0.24395642803929224,0.7883262246852574
2013-07,ridge,3,2013-10,-0.2993384320469946,-0.549610230725987,55,0.30946126159470705,4,"sin_year, cos_year, year_fraction, flux_lag12",-0.2502717986789924,0.8087338537602374
2013-07,random forest,3,2013-10,-0.38832416464604197,-0.549610230725987,55,0.30946126159470705,4,"sin_year, cos_year, year_fraction, flux_lag12",-0.16128606607994506,0.5211833792986245
2013-07,gradient boosting,3,2013-10,-0.3145393140010508,-0.549610230725987,55,0.30946126159470705,4,"sin_year, cos_year, year_fraction, flux_lag12",-0.23507091672493624,0.7596133859003076
2013-07,ordinary least squares,6,2014-01,-0.1421187899972355,-0.2205127684844346,55,0.30946126159470705,4,"sin_year, cos_year, year_fraction, flux_lag12",-0.07839397848719909,0.2533240447712953
2013-07,ridge,6,2014-01,-0.15218056183963233,-0.2205127684844346,55,0.30946126159470705,4,"sin_year, cos_year, year_fraction, flux_lag12",-0.06833220664480227,0.22081021156791864
2013-07,random forest,6,2014-01,-0.11798859361655455,-0.2205127684844346,55,0.30946126159470705,4,"sin_year, cos_year, year_fraction, flux_lag12",-0.10252417486788006,0.33129889776689775
2013-07,gradient boosting,6,2014-01,-0.15680804831990963,-0.2205127684844346,55,0.30946126159470705,4,"sin_year, cos_year, year_fraction, flux_lag12",-0.06370472016452497,0.2058568488871389
2013-07,ordinary least squares,12,2014-07,-1.456373715319599,-2.5473065212326387,55,0.30946126159470705,8,"sin_year, cos_year, year_fraction, flux_lag12, flux_lag13, soil_temp_f_lag12, precip_in_lag12, wte_m_lag13",-1.0909328059130396,3.5252645203192006
2013-07,ridge,12,2014-07,-1.5848686622142185,-2.5473065212326387,55,0.30946126159470705,8,"sin_year, cos_year, year_fraction, flux_lag12, flux_lag13, soil_temp_f_lag12, precip_in_lag12, wte_m_lag13",-0.9624378590184202,3.1100430924982745
2013-07,random forest,12,2014-07,-1.5099755466013942,-2.5473065212326387,55,0.30946126159470705,8,"sin_year, cos_year, year_fraction, flux_lag12, flux_lag13, soil_temp_f_lag12, precip_in_lag12, wte_m_lag13",-1.0373309746312445,3.3520543711535966
2013-07,gradient boosting,12,2014-07,-1.832806958362727,-2.5473065212326387,55,0.30946126159470705,8,"sin_year, cos_year, year_fraction, flux_lag12, flux_lag13, soil_temp_f_lag12, precip_in_lag12, wte_m_lag13",-0.7144995628699118,2.308849770688495
2013-08,ordinary least squares,1,2013-09,-0.8788691335520672,-0.8729548029017856,56,0.314717576284938,6,"sin_year, cos_year, year_fraction, flux_lag1, flux_lag12, wte_m_lag1",0.005914330650281574,0.018792501899947512
2013-08,ridge,1,2013-09,-0.8372506069056006,-0.8729548029017856,56,0.314717576284938,6,"sin_year, cos_year, year_fraction, flux_lag1, flux_lag12, wte_m_lag1",-0.03570419599618502,0.11344836986117122
2013-08,random forest,1,2013-09,-0.8426622497936823,-0.8729548029017856,56,0.314717576284938,6,"sin_year, cos_year, year_fraction, flux_lag1, flux_lag12, wte_m_lag1",-0.030292553108103304,0.0962531342090571
2013-08,gradient boosting,1,2013-09,-0.7465495409160348,-0.8729548029017856,56,0.314717576284938,6,"sin_year, cos_year, year_fraction, flux_lag1, flux_lag12, wte_m_lag1",-0.12640526198575086,0.4016466556392976
2013-08,ordinary least squares,3,2013-11,-0.19276691030674875,-0.1819946597507816,56,0.314717576284938,4,"sin_year, cos_year, year_fraction, flux_lag12",0.010772250555967144,0.03422830934048055
2013-08,ridge,3,2013-11,-0.21801577495430127,-0.1819946597507816,56,0.314717576284938,4,"sin_year, cos_year, year_fraction, flux_lag12",0.036021115203519666,0.11445536543820795
2013-08,random forest,3,2013-11,-0.2611242335881751,-0.1819946597507816,56,0.314717576284938,4,"sin_year, cos_year, year_fraction, flux_lag12",0.0791295738373935,0.2514304246094963
2013-08,gradient boosting,3,2013-11,-0.28728417362213976,-0.1819946597507816,56,0.314717576284938,4,"sin_year, cos_year, year_fraction, flux_lag12",0.10528951387135815,0.3345523790385049
2013-08,ordinary least squares,6,2014-02,-0.1836527711430906,-0.1820369855247651,56,0.314717576284938,5,"sin_year, cos_year, year_fraction, flux_lag12, atm_temp_f_lag6",0.0016157856183254826,0.005134081284556499
2013-08,ridge,6,2014-02,-0.18503782815435416,-0.1820369855247651,56,0.314717576284938,5,"sin_year, cos_year, year_fraction, flux_lag12, atm_temp_f_lag6",0.003000842629589051,0.009535033489429766
2013-08,random forest,6,2014-02,-0.19241443927219992,-0.1820369855247651,56,0.314717576284938,5,"sin_year, cos_year, year_fraction, flux_lag12, atm_temp_f_lag6",0.010377453747434817,0.03297386142183337
2013-08,gradient boosting,6,2014-02,-0.17169294320488418,-0.1820369855247651,56,0.314717576284938,5,"sin_year, cos_year, year_fraction, flux_lag12, atm_temp_f_lag6",-0.010344042319880925,0.03286769821370151
2013-08,ordinary least squares,12,2014-08,-1.4613220716822095,-1.2608568043627584,56,0.314717576284938,7,"sin_year, cos_year, year_fraction, flux_lag12, flux_lag13, soil_temp_f_lag12, wte_m_lag13",0.20046526731945113,0.6369687695419798
2013-08,ridge,12,2014-08,-1.4386987162379707,-1.2608568043627584,56,0.314717576284938,7,"sin_year, cos_year, year_fraction, flux_lag12, flux_lag13, soil_temp_f_lag12, wte_m_lag13",0.17784191187521237,0.5650841429783966
2013-08,random forest,12,2014-08,-1.5350689358799696,-1.2608568043627584,56,0.314717576284938,7,"sin_year, cos_year, year_fraction, flux_lag12, flux_lag13, soil_temp_f_lag12, wte_m_lag13",0.27421213151721124,0.8712958925082275
2013-08,gradient boosting,12,2014-08,-1.533316235699725,-1.2608568043627584,56,0.314717576284938,7,"sin_year, cos_year, year_fraction, flux_lag12, flux_lag13, soil_temp_f_lag12, wte_m_lag13",0.2724594313369666,0.8657267717716792
2013-09,ordinary least squares,1,2013-10,-0.3321784805556626,-0.549610230725987,57,0.32035772922899397,6,"sin_year, cos_year, year_fraction, flux_lag1, flux_lag12, wte_m_lag1",-0.2174317501703244,0.6787154806397777
2013-09,ridge,1,2013-10,-0.3298463899098278,-0.549610230725987,57,0.32035772922899397,6,"sin_year, cos_year, year_fraction, flux_lag1, flux_lag12, wte_m_lag1",-0.21976384081615924,0.6859951259645447
2013-09,random forest,1,2013-10,-0.38493218493675013,-0.549610230725987,57,0.32035772922899397,6,"sin_year, cos_year, year_fraction, flux_lag1, flux_lag12, wte_m_lag1",-0.1646780457892369,0.5140442410600428
2013-09,gradient boosting,1,2013-10,-0.3190311691504564,-0.549610230725987,57,0.32035772922899397,6,"sin_year, cos_year, year_fraction, flux_lag1, flux_lag12, wte_m_lag1",-0.23057906157553065,0.7197549505999623
2013-09,ordinary least squares,3,2013-12,-0.20058158728431097,-0.3300164853587963,57,0.32035772922899397,4,"sin_year, cos_year, year_fraction, flux_lag12",-0.12943489807448533,0.4040323871254698
2013-09,ridge,3,2013-12,-0.21210945532151754,-0.3300164853587963,57,0.32035772922899397,4,"sin_year, cos_year, year_fraction, flux_lag12",-0.11790703003727876,0.36804802656407265
2013-09,random forest,3,2013-12,-0.19297163501029474,-0.3300164853587963,57,0.32035772922899397,4,"sin_year, cos_year, year_fraction, flux_lag12",-0.13704485034850156,0.4277869326840587
2013-09,gradient boosting,3,2013-12,-0.2352055503491447,-0.3300164853587963,57,0.32035772922899397,4,"sin_year, cos_year, year_fraction, flux_lag12",-0.0948109350096516,0.29595332454700995
2013-09,ordinary least squares,6,2014-03,-0.49161820747087315,-0.1445974539930555,57,0.32035772922899397,5,"sin_year, cos_year, year_fraction, flux_lag12, atm_temp_f_lag6",0.34702075347781763,1.083228908860709
2013-09,ridge,6,2014-03,-0.43824162569906694,-0.1445974539930555,57,0.32035772922899397,5,"sin_year, cos_year, year_fraction, flux_lag12, atm_temp_f_lag6",0.2936441717060114,0.9166133509958565
2013-09,random forest,6,2014-03,-0.3955745355354321,-0.1445974539930555,57,0.32035772922899397,5,"sin_year, cos_year, year_fraction, flux_lag12, atm_temp_f_lag6",0.2509770815423766,0.7834275831159248
2013-09,gradient boosting,6,2014-03,-0.3275877653237326,-0.1445974539930555,57,0.32035772922899397,5,"sin_year, cos_year, year_fraction, flux_lag12, atm_temp_f_lag6",0.1829903113306771,0.5712061693378853
2013-09,ordinary least squares,12,2014-09,-0.5446001200635333,-1.1031968063449369,57,0.32035772922899397,8,"sin_year, cos_year, year_fraction, flux_lag12, flux_lag13, soil_temp_f_lag12, precip_in_lag12, wte_m_lag13",-0.5585966862814036,1.7436653943882674
2013-09,ridge,12,2014-09,-0.6511179420025979,-1.1031968063449369,57,0.32035772922899397,8,"sin_year, cos_year, year_fraction, flux_lag12, flux_lag13, soil_temp_f_lag12, precip_in_lag12, wte_m_lag13",-0.452078864342339,1.4111688999368261
2013-09,random forest,12,2014-09,-0.8011010225537532,-1.1031968063449369,57,0.32035772922899397,8,"sin_year, cos_year, year_fraction, flux_lag12, flux_lag13, soil_temp_f_lag12, precip_in_lag12, wte_m_lag13",-0.30209578379118374,0.942995146451558
2013-09,gradient boosting,12,2014-09,-0.7384288318588185,-1.1031968063449369,57,0.32035772922899397,8,"sin_year, cos_year, year_fraction, flux_lag12, flux_lag13, soil_temp_f_lag12, precip_in_lag12, wte_m_lag13",-0.3647679744861184,1.1386270447228064
2013-10,ordinary least squares,1,2013-11,-0.28430587147342223,-0.1819946597507816,58,0.3190128264037337,6,"sin_year, cos_year, year_fraction, flux_lag1, flux_lag12, wte_m_lag1",0.10231121172264063,0.32071190640202796
2013-10,ridge,1,2013-11,-0.2914269482853601,-0.1819946597507816,58,0.3190128264037337,6,"sin_year, cos_year, year_fraction, flux_lag1, flux_lag12, wte_m_lag1",0.10943228853457848,0.3430341336686069
2013-10,random forest,1,2013-11,-0.329216498523426,-0.1819946597507816,58,0.3190128264037337,6,"sin_year, cos_year, year_fraction, flux_lag1, flux_lag12, wte_m_lag1",0.1472218387726444,0.4614919106303411
2013-10,gradient boosting,1,2013-11,-0.2933844063287164,-0.1819946597507816,58,0.3190128264037337,6,"sin_year, cos_year, year_fraction, flux_lag1, flux_lag12, wte_m_lag1",0.11138974657793477,0.34917011906274587
2013-10,ordinary least squares,3,2014-01,-0.16958873215493397,-0.2205127684844346,58,0.3190128264037337,4,"sin_year, cos_year, year_fraction, flux_lag12",-0.05092403632950063,0.15963005909064168
2013-10,ridge,3,2014-01,-0.17077414383555806,-0.2205127684844346,58,0.3190128264037337,4,"sin_year, cos_year, year_fraction, flux_lag12",-0.049738624648876545,0.15591418442194152
2013-10,random forest,3,2014-01,-0.11381166712795299,-0.2205127684844346,58,0.3190128264037337,4,"sin_year, cos_year, year_fraction, flux_lag12",-0.10670110135648161,0.334472762613763
2013-10,gradient boosting,3,2014-01,-0.1592037458794992,-0.2205127684844346,58,0.3190128264037337,4,"sin_year, cos_year, year_fraction, flux_lag12",-0.0613090226049354,0.19218356608440695
2013-10,ordinary least squares,6,2014-04,-0.8002311714214181,-0.9542662447285354,58,0.3190128264037337,5,"sin_year, cos_year, year_fraction, flux_lag12, atm_temp_f_lag6",-0.1540350733071173,0.4828491538837841
2013-10,ridge,6,2014-04,-0.7069645002266527,-0.9542662447285354,58,0.3190128264037337,5,"sin_year, cos_year, year_fraction, flux_lag12, atm_temp_f_lag6",-0.2473017445018827,0.7752094086301864
2013-10,random forest,6,2014-04,-0.5536584897165764,-0.9542662447285354,58,0.3190128264037337,5,"sin_year, cos_year, year_fraction, flux_lag12, atm_temp_f_lag6",-0.400607755011959,1.255773191090947
2013-10,gradient boosting,6,2014-04,-0.49675340622897557,-0.9542662447285354,58,0.3190128264037337,5,"sin_year, cos_year, year_fraction, flux_lag12, atm_temp_f_lag6",-0.4575128384995598,1.4341518604664014
2013-10,ordinary least squares,12,2014-10,-0.238086949829864,-0.41289199902476,58,0.3190128264037337,9,"sin_year, cos_year, year_fraction, flux_lag12, flux_lag13, soil_temp_f_lag12, atm_temp_f_lag12, precip_in_lag12, wte_m_lag13",-0.17480504919489598,0.5479561783314243
2013-10,ridge,12,2014-10,-0.23159879739066047,-0.41289199902476,58,0.3190128264037337,9,"sin_year, cos_year, year_fraction, flux_lag12, flux_lag13, soil_temp_f_lag12, atm_temp_f_lag12, precip_in_lag12, wte_m_lag13",-0.1812932016340995,0.5682943964286249
2013-10,random forest,12,2014-10,-0.2070708391936025,-0.41289199902476,58,0.3190128264037337,9,"sin_year, cos_year, year_fraction, flux_lag12, flux_lag13, soil_temp_f_lag12, atm_temp_f_lag12, precip_in_lag12, wte_m_lag13",-0.20582115983115748,0.6451814560292193
2013-10,gradient boosting,12,2014-10,-0.35679612102366065,-0.41289199902476,58,0.3190128264037337,9,"sin_year, cos_year, year_fraction, flux_lag12, flux_lag13, soil_temp_f_lag12, atm_temp_f_lag12, precip_in_lag12, wte_m_lag13",-0.05609587800109933,0.17584207705211816
2013-11,ordinary least squares,1,2013-12,-0.15790322316630895,-0.3300164853587963,59,0.31666457165142725,5,"sin_year, cos_year, year_fraction, flux_lag1, flux_lag12",-0.17211326219248735,0.5435191606528794
2013-11,ridge,1,2013-12,-0.1767866167746652,-0.3300164853587963,59,0.31666457165142725,5,"sin_year, cos_year, year_fraction, flux_lag1, flux_lag12",-0.1532298685841311,0.483886996846622
2013-11,random forest,1,2013-12,-0.2201179630974715,-0.3300164853587963,59,0.31666457165142725,5,"sin_year, cos_year, year_fraction, flux_lag1, flux_lag12",-0.1098985222613248,0.3470502610639281
2013-11,gradient boosting,1,2013-12,-0.23073131837840768,-0.3300164853587963,59,0.31666457165142725,5,"sin_year, cos_year, year_fraction, flux_lag1, flux_lag12",-0.09928516698038861,0.31353418054507876
2013-11,ordinary least squares,3,2014-02,-0.17372242929534734,-0.1820369855247651,59,0.31666457165142725,4,"sin_year, cos_year, year_fraction, flux_lag12",-0.008314556229417763,0.02625666706590127
2013-11,ridge,3,2014-02,-0.17539366481839724,-0.1820369855247651,59,0.31666457165142725,4,"sin_year, cos_year, year_fraction, flux_lag12",-0.006643320706367861,0.02097904628775645
2013-11,random forest,3,2014-02,-0.19043327371943847,-0.1820369855247651,59,0.31666457165142725,4,"sin_year, cos_year, year_fraction, flux_lag12",0.008396288194673363,0.026514769716378908
2013-11,gradient boosting,3,2014-02,-0.15789514885827796,-0.1820369855247651,59,0.31666457165142725,4,"sin_year, cos_year, year_fraction, flux_lag12",-0.024141836666487143,0.0762378833242564
2013-11,ordinary least squares,6,2014-05,-1.0111081964574116,-0.9670759734081892,59,0.31666457165142725,5,"sin_year, cos_year, year_fraction, flux_lag12, atm_temp_f_lag6",0.044032223049222385,0.13905004535111506
2013-11,ridge,6,2014-05,-0.9601869992114732,-0.9670759734081892,59,0.31666457165142725,5,"sin_year, cos_year, year_fraction, flux_lag12, atm_temp_f_lag6",-0.006888974196715969,0.021754799284269474
2013-11,random forest,6,2014-05,-0.8565352561878427,-0.9670759734081892,59,0.31666457165142725,5,"sin_year, cos_year, year_fraction, flux_lag12, atm_temp_f_lag6",-0.11054071722034653,0.34907825856195146
2013-11,gradient boosting,6,2014-05,-0.8345527316046183,-0.9670759734081892,59,0.31666457165142725,5,"sin_year, cos_year, year_fraction, flux_lag12, atm_temp_f_lag6",-0.1325232418035709,0.4184972165103699
2013-11,ordinary least squares,12,2014-11,-0.2317153576417582,-0.3378808084904101,59,0.31666457165142725,9,"sin_year, cos_year, year_fraction, flux_lag12, flux_lag13, soil_temp_f_lag12, atm_temp_f_lag12, precip_in_lag12, wte_m_lag13",-0.10616545084865187,0.3352615365053054
2013-11,ridge,12,2014-11,-0.22151216395469653,-0.3378808084904101,59,0.31666457165142725,9,"sin_year, cos_year, year_fraction, flux_lag12, flux_lag13, soil_temp_f_lag12, atm_temp_f_lag12, precip_in_lag12, wte_m_lag13",-0.11636864453571355,0.3674823613164023
2013-11,random forest,12,2014-11,-0.2637610254250714,-0.3378808084904101,59,0.31666457165142725,9,"sin_year, cos_year, year_fraction, flux_lag12, flux_lag13, soil_temp_f_lag12, atm_temp_f_lag12, precip_in_lag12, wte_m_lag13",-0.07411978306533867,0.23406402136746454
2013-11,gradient boosting,12,2014-11,-0.25424008160305356,-0.3378808084904101,59,0.31666457165142725,9,"sin_year, cos_year, year_fraction, flux_lag12, flux_lag13, soil_temp_f_lag12, atm_temp_f_lag12, precip_in_lag12, wte_m_lag13",-0.08364072688735652,0.2641303586667888
2013-12,ordinary least squares,1,2014-01,-0.19495736236373434,-0.2205127684844346,60,0.3113854401703153,6,"sin_year, cos_year, year_fraction, flux_lag1, flux_lag12, wte_m_lag1",-0.025555406120700258,0.08207000978183977
2013-12,ridge,1,2014-01,-0.18814973824958886,-0.2205127684844346,60,0.3113854401703153,6,"sin_year, cos_year, year_fraction, flux_lag1, flux_lag12, wte_m_lag1",-0.03236303023484574,0.10393238109381245
2013-12,random forest,1,2014-01,-0.16165998779141152,-0.2205127684844346,60,0.3113854401703153,6,"sin_year, cos_year, year_fraction, flux_lag1, flux_lag12, wte_m_lag1",-0.05885278069302308,0.18900299468347967
2013-12,gradient boosting,1,2014-01,-0.14439741863677966,-0.2205127684844346,60,0.3113854401703153,6,"sin_year, cos_year, year_fraction, flux_lag1, flux_lag12, wte_m_lag1",-0.07611534984765495,0.24444094048206916
2013-12,ordinary least squares,3,2014-03,-0.4331563458884975,-0.1445974539930555,60,0.3113854401703153,4,"sin_year, cos_year, year_fraction, flux_lag12",0.288558891895442,0.92669359151029
2013-12,ridge,3,2014-03,-0.4032575045431027,-0.1445974539930555,60,0.3113854401703153,4,"sin_year, cos_year, year_fraction, flux_lag12",0.2586600505500472,0.8306748395447475
2013-12,random forest,3,2014-03,-0.4133676490685009,-0.1445974539930555,60,0.3113854401703153,4,"sin_year, cos_year, year_fraction, flux_lag12",0.26877019507544536,0.8631431030572235
2013-12,gradient boosting,3,2014-03,-0.3101652962903138,-0.1445974539930555,60,0.3113854401703153,4,"sin_year, cos_year, year_fraction, flux_lag12",0.1655678422972583,0.5317135001774629
2013-12,ordinary least squares,6,2014-06,-1.707596365998089,-2.167361030522487,60,0.3113854401703153,5,"sin_year, cos_year, year_fraction, flux_lag12, atm_temp_f_lag6",-0.4597646645243978,1.4765130452885822
2013-12,ridge,6,2014-06,-1.7507925034057326,-2.167361030522487,60,0.3113854401703153,5,"sin_year, cos_year, year_fraction, flux_lag12, atm_temp_f_lag6",-0.4165685271167543,1.3377906394367962
2013-12,random forest,6,2014-06,-2.0074273553598063,-2.167361030522487,60,0.3113854401703153,5,"sin_year, cos_year, year_fraction, flux_lag12, atm_temp_f_lag6",-0.15993367516268053,0.5136196319108667
2013-12,gradient boosting,6,2014-06,-1.771208353839076,-2.167361030522487,60,0.3113854401703153,5,"sin_year, cos_year, year_fraction, flux_lag12, atm_temp_f_lag6",-0.3961526766834109,1.2722260760385309
2013-12,ordinary least squares,12,2014-12,-0.10160021901306937,-0.3176719443452381,60,0.3113854401703153,9,"sin_year, cos_year, year_fraction, flux_lag12, flux_lag13, soil_temp_f_lag12, atm_temp_f_lag12, precip_in_lag12, wte_m_lag13",-0.21607172533216873,0.6939043945471125
2013-12,ridge,12,2014-12,-0.19875554967669462,-0.3176719443452381,60,0.3113854401703153,9,"sin_year, cos_year, year_fraction, flux_lag12, flux_lag13, soil_temp_f_lag12, atm_temp_f_lag12, precip_in_lag12, wte_m_lag13",-0.11891639466854348,0.38189452468779855
2013-12,random forest,12,2014-12,-0.17455722066984108,-0.3176719443452381,60,0.3113854401703153,9,"sin_year, cos_year, year_fraction, flux_lag12, flux_lag13, soil_temp_f_lag12, atm_temp_f_lag12, precip_in_lag12, wte_m_lag13",-0.14311472367539702,0.45960634381979787
2013-12,gradient boosting,12,2014-12,-0.24815687220718888,-0.3176719443452381,60,0.3113854401703153,9,"sin_year, cos_year, year_fraction, flux_lag12, flux_lag13, soil_temp_f_lag12, atm_temp_f_lag12, precip_in_lag12, wte_m_lag13",-0.06951507213804922,0.22324445259877046
2014-01,ordinary least squares,1,2014-02,-0.18080589923923354,-0.1820369855247651,61,0.30581670768225194,6,"sin_year, cos_year, year_fraction, flux_lag1, flux_lag12, wte_m_lag1",-0.001231086285531563,0.004025569089608667
2014-01,ridge,1,2014-02,-0.18198009684346053,-0.1820369855247651,61,0.30581670768225194,6,"sin_year, cos_year, year_fraction, flux_lag1, flux_lag12, wte_m_lag1",-5.688868130457325e-05,0.00018602214946242056
2014-01,random forest,1,2014-02,-0.16423963161817792,-0.1820369855247651,61,0.30581670768225194,6,"sin_year, cos_year, year_fraction, flux_lag1, flux_lag12, wte_m_lag1",-0.017797353906587182,0.05819614644821464
2014-01,gradient boosting,1,2014-02,-0.16568511993491325,-0.1820369855247651,61,0.30581670768225194,6,"sin_year, cos_year, year_fraction, flux_lag1, flux_lag12, wte_m_lag1",-0.016351865589851855,0.05346949718274282
2014-01,ordinary least squares,3,2014-04,-0.7323464945948626,-0.9542662447285354,61,0.30581670768225194,4,"sin_year, cos_year, year_fraction, flux_lag12",-0.22191975013367282,0.7256626095270462
2014-01,ridge,3,2014-04,-0.6613248609968442,-0.9542662447285354,61,0.30581670768225194,4,"sin_year, cos_year, year_fraction, flux_lag12",-0.2929413837316912,0.9578985594078844
2014-01,random forest,3,2014-04,-0.6540696139663364,-0.9542662447285354,61,0.30581670768225194,4,"sin_year, cos_year, year_fraction, flux_lag12",-0.30019663076219893,0.9816227276702869
2014-01,gradient boosting,3,2014-04,-0.4838813239506967,-0.9542662447285354,61,0.30581670768225194,4,"sin_year, cos_year, year_fraction, flux_lag12",-0.47038492077783867,1.5381269530459256
2014-01,ordinary least squares,6,2014-07,-1.3956843343788456,-2.5473065212326387,61,0.30581670768225194,5,"sin_year, cos_year, year_fraction, flux_lag12, atm_temp_f_lag6",-1.151622186853793,3.7657268485485935
2014-01,ridge,6,2014-07,-1.5287256475078845,-2.5473065212326387,61,0.30581670768225194,5,"sin_year, cos_year, year_fraction, flux_lag12, atm_temp_f_lag6",-1.0185808737247541,3.330690731204505
2014-01,random forest,6,2014-07,-1.3633073260976587,-2.5473065212326387,61,0.30581670768225194,5,"sin_year, cos_year, year_fraction, flux_lag12, atm_temp_f_lag6",-1.18399919513498,3.8715974810806366
2014-01,gradient boosting,6,2014-07,-1.796554116496536,-2.5473065212326387,61,0.30581670768225194,5,"sin_year, cos_year, year_fraction, flux_lag12, atm_temp_f_lag6",-0.7507524047361027,2.4549097085831737
2014-01,ordinary least squares,12,2015-01,-0.14949712047134356,-0.6013752118055555,61,0.30581670768225194,7,"sin_year, cos_year, year_fraction, flux_lag12, flux_lag13, soil_temp_f_lag12, precip_in_lag12",-0.451878091334212,1.4776108694614551
2014-01,ridge,12,2015-01,-0.14640815155725856,-0.6013752118055555,61,0.30581670768225194,7,"sin_year, cos_year, year_fraction, flux_lag12, flux_lag13, soil_temp_f_lag12, precip_in_lag12",-0.454967060248297,1.4877115893910362
2014-01,random forest,12,2015-01,-0.09154535423717804,-0.6013752118055555,61,0.30581670768225194,7,"sin_year, cos_year, year_fraction, flux_lag12, flux_lag13, soil_temp_f_lag12, precip_in_lag12",-0.5098298575683775,1.6671092349149812
2014-01,gradient boosting,12,2015-01,-0.16618948697479938,-0.6013752118055555,61,0.30581670768225194,7,"sin_year, cos_year, year_fraction, flux_lag12, flux_lag13, soil_temp_f_lag12, precip_in_lag12",-0.4351857248307561,1.4230279572655673
2014-02,ordinary least squares,1,2014-03,-0.3974966551748908,-0.1445974539930555,62,0.3003293140973659,5,"sin_year, cos_year, year_fraction, flux_lag1, flux_lag12",0.2528992011818353,0.8420729822592212
2014-02,ridge,1,2014-03,-0.3840006250429001,-0.1445974539930555,62,0.3003293140973659,5,"sin_year, cos_year, year_fraction, flux_lag1, flux_lag12",0.2394031710498446,0.7971355435927602
2014-02,random forest,1,2014-03,-0.39893441639955673,-0.1445974539930555,62,0.3003293140973659,5,"sin_year, cos_year, year_fraction, flux_lag1, flux_lag12",0.2543369624065012,0.8468602646095542
2014-02,gradient boosting,1,2014-03,-0.33615987937466657,-0.1445974539930555,62,0.3003293140973659,5,"sin_year, cos_year, year_fraction, flux_lag1, flux_lag12",0.19156242538161106,0.6378412508860426
2014-02,ordinary least squares,3,2014-05,-0.9687027211014234,-0.9670759734081892,62,0.3003293140973659,4,"sin_year, cos_year, year_fraction, flux_lag12",0.0016267476932342317,0.005416546493716044
2014-02,ridge,3,2014-05,-0.9259065900600859,-0.9670759734081892,62,0.3003293140973659,4,"sin_year, cos_year, year_fraction, flux_lag12",-0.04116938334810327,0.13708080235802847
2014-02,random forest,3,2014-05,-0.8600220092395662,-0.9670759734081892,62,0.3003293140973659,4,"sin_year, cos_year, year_fraction, flux_lag12",-0.107053964168623,0.35645526141985734
2014-02,gradient boosting,3,2014-05,-0.8477744202645988,-0.9670759734081892,62,0.3003293140973659,4,"sin_year, cos_year, year_fraction, flux_lag12",-0.11930155314359037,0.397235792656967
2014-02,ordinary least squares,6,2014-08,-1.4474939914559912,-1.2608568043627584,62,0.3003293140973659,5,"sin_year, cos_year, year_fraction, flux_lag12, atm_temp_f_lag6",0.18663718709323285,0.6214417918349642
2014-02,ridge,6,2014-08,-1.4821315021581334,-1.2608568043627584,62,0.3003293140973659,5,"sin_year, cos_year, year_fraction, flux_lag12, atm_temp_f_lag6",0.221274697795375,0.7367735595854569
2014-02,random forest,6,2014-08,-1.8461163456357155,-1.2608568043627584,62,0.3003293140973659,5,"sin_year, cos_year, year_fraction, flux_lag12, atm_temp_f_lag6",0.5852595412729571,1.948725994436952
2014-02,gradient boosting,6,2014-08,-1.5310620867476874,-1.2608568043627584,62,0.3003293140973659,5,"sin_year, cos_year, year_fraction, flux_lag12, atm_temp_f_lag6",0.270205282384929,0.8996966652989766
2014-02,ordinary least squares,12,2015-02,-0.13677907731630612,-0.6199505983813487,62,0.3003293140973659,9,"sin_year, cos_year, year_fraction, flux_lag12, flux_lag13, soil_temp_f_lag12, atm_temp_f_lag12, precip_in_lag12, wte_m_lag13",-0.4831715210650426,1.6088057288620177
2014-02,ridge,12,2015-02,-0.1617921126219538,-0.6199505983813487,62,0.3003293140973659,9,"sin_year, cos_year, year_fraction, flux_lag12, flux_lag13, soil_temp_f_lag12, atm_temp_f_lag12, precip_in_lag12, wte_m_lag13",-0.4581584857593949,1.525520367987992
2014-02,random forest,12,2015-02,-0.14251643431741956,-0.6199505983813487,62,0.3003293140973659,9,"sin_year, cos_year, year_fraction, flux_lag12, flux_lag13, soil_temp_f_lag12, atm_temp_f_lag12, precip_in_lag12, wte_m_lag13",-0.47743416406392913,1.5897021757561314
2014-02,gradient boosting,12,2015-02,-0.17293062731698966,-0.6199505983813487,62,0.3003293140973659,9,"sin_year, cos_year, year_fraction, flux_lag12, flux_lag13, soil_temp_f_lag12, atm_temp_f_lag12, precip_in_lag12, wte_m_lag13",-0.44701997106435903,1.488432697313844
2014-03,ordinary least squares,1,2014-04,-0.5773723813899839,-0.9542662447285354,63,0.2953816725273017,6,"sin_year, cos_year, year_fraction, flux_lag1, flux_lag12, wte_m_lag1",-0.37689386333855146,1.2759554785976632
2014-03,ridge,1,2014-04,-0.5606101065061581,-0.9542662447285354,63,0.2953816725273017,6,"sin_year, cos_year, year_fraction, flux_lag1, flux_lag12, wte_m_lag1",-0.3936561382223773,1.3327033287279944
2014-03,random forest,1,2014-04,-0.39584570435411487,-0.9542662447285354,63,0.2953816725273017,6,"sin_year, cos_year, year_fraction, flux_lag1, flux_lag12, wte_m_lag1",-0.5584205403744205,1.8905050391127651
2014-03,gradient boosting,1,2014-04,-0.4958321137989434,-0.9542662447285354,63,0.2953816725273017,6,"sin_year, cos_year, year_fraction, flux_lag1, flux_lag12, wte_m_lag1",-0.458434130929592,1.552006009740566
2014-03,ordinary least squares,3,2014-06,-1.7037496092708615,-2.167361030522487,63,0.2953816725273017,4,"sin_year, cos_year, year_fraction, flux_lag12",-0.46361142125162536,1.569533469307492
2014-03,ridge,3,2014-06,-1.716492780757785,-2.167361030522487,63,0.2953816725273017,4,"sin_year, cos_year, year_fraction, flux_lag12",-0.45086824976470186,1.5263920943606573
2014-03,random forest,3,2014-06,-1.775873604110345,-2.167361030522487,63,0.2953816725273017,4,"sin_year, cos_year, year_fraction, flux_lag12",-0.39148742641214196,1.3253612624729023
2014-03,gradient boosting,3,2014-06,-1.786884092693579,-2.167361030522487,63,0.2953816725273017,4,"sin_year, cos_year, year_fraction, flux_lag12",-0.3804769378289079,1.2880857995471637
2014-03,ordinary least squares,6,2014-09,-0.5759013944951477,-1.1031968063449369,63,0.2953816725273017,5,"sin_year, cos_year, year_fraction, flux_lag12, atm_temp_f_lag6",-0.5272954118497892,1.7851324604475998
2014-03,ridge,6,2014-09,-0.6237914921121835,-1.1031968063449369,63,0.2953816725273017,5,"sin_year, cos_year, year_fraction, flux_lag12, atm_temp_f_lag6",-0.47940531423275334,1.6230029105426054
2014-03,random forest,6,2014-09,-0.7542764860017926,-1.1031968063449369,63,0.2953816725273017,5,"sin_year, cos_year, year_fraction, flux_lag12, atm_temp_f_lag6",-0.34892032034314424,1.181252436407997
2014-03,gradient boosting,6,2014-09,-0.7418505313038489,-1.1031968063449369,63,0.2953816725273017,5,"sin_year, cos_year, year_fraction, flux_lag12, atm_temp_f_lag6",-0.36134627504108796,1.223319889651208
2014-03,ordinary least squares,12,2015-03,-0.3281896836456489,-0.407049608213773,63,0.2953816725273017,9,"sin_year, cos_year, year_fraction, flux_lag12, flux_lag13, soil_temp_f_lag12, atm_temp_f_lag12, precip_in_lag12, wte_m_lag13",-0.07885992456812413,0.26697636279662956
2014-03,ridge,12,2015-03,-0.34190902113954486,-0.407049608213773,63,0.2953816725273017,9,"sin_year, cos_year, year_fraction, flux_lag12, flux_lag13, soil_temp_f_lag12, atm_temp_f_lag12, precip_in_lag12, wte_m_lag13",-0.06514058707422815,0.22053022625568383
2014-03,random forest,12,2015-03,-0.2668723059583612,-0.407049608213773,63,0.2953816725273017,9,"sin_year, cos_year, year_fraction, flux_lag12, flux_lag13, soil_temp_f_lag12, atm_temp_f_lag12, precip_in_lag12, wte_m_lag13",-0.1401773022554118,0.47456330332226493
2014-03,gradient boosting,12,2015-03,-0.28815305942602165,-0.407049608213773,63,0.2953816725273017,9,"sin_year, cos_year, year_fraction, flux_lag12, flux_lag13, soil_temp_f_lag12, atm_temp_f_lag12, precip_in_lag12, wte_m_lag13",-0.11889654878775135,0.4025183680844719
2014-04,ordinary least squares,1,2014-05,-1.0781645525135999,-0.9670759734081892,64,0.30593192805766,6,"sin_year, cos_year, year_fraction, flux_lag1, flux_lag12, wte_m_lag1",0.1110885791054107,0.36311534991036787
2014-04,ridge,1,2014-05,-1.044358528266176,-0.9670759734081892,64,0.30593192805766,6,"sin_year, cos_year, year_fraction, flux_lag1, flux_lag12, wte_m_lag1",0.07728255485798685,0.2526135645555149
2014-04,random forest,1,2014-05,-0.973511755642415,-0.9670759734081892,64,0.30593192805766,6,"sin_year, cos_year, year_fraction, flux_lag1, flux_lag12, wte_m_lag1",0.006435782234225806,0.021036647842172372
2014-04,gradient boosting,1,2014-05,-1.0394488713644245,-0.9670759734081892,64,0.30593192805766,6,"sin_year, cos_year, year_fraction, flux_lag1, flux_lag12, wte_m_lag1",0.07237289795623536,0.23656536411784715
2014-04,ordinary least squares,3,2014-07,-1.4280896181079954,-2.5473065212326387,64,0.30593192805766,4,"sin_year, cos_year, year_fraction, flux_lag12",-1.1192169031246433,3.658385413482246
2014-04,ridge,3,2014-07,-1.5166435768237094,-2.5473065212326387,64,0.30593192805766,4,"sin_year, cos_year, year_fraction, flux_lag12",-1.0306629444089292,3.368928999835142
2014-04,random forest,3,2014-07,-1.3696258032296282,-2.5473065212326387,64,0.30593192805766,4,"sin_year, cos_year, year_fraction, flux_lag12",-1.1776807180030104,3.849486143796829
2014-04,gradient boosting,3,2014-07,-1.7275006939221438,-2.5473065212326387,64,0.30593192805766,4,"sin_year, cos_year, year_fraction, flux_lag12",-0.8198058273104949,2.6797001297490706
2014-04,ordinary least squares,6,2014-10,-0.15007274107353477,-0.41289199902476,64,0.30593192805766,5,"sin_year, cos_year, year_fraction, flux_lag12, atm_temp_f_lag6",-0.2628192579512252,0.8590775719940247
2014-04,ridge,6,2014-10,-0.19425354172030046,-0.41289199902476,64,0.30593192805766,5,"sin_year, cos_year, year_fraction, flux_lag12, atm_temp_f_lag6",-0.21863845730445952,0.7146637446198555
2014-04,random forest,6,2014-10,-0.23100533762746311,-0.41289199902476,64,0.30593192805766,5,"sin_year, cos_year, year_fraction, flux_lag12, atm_temp_f_lag6",-0.18188666139729687,0.5945331124870892
2014-04,gradient boosting,6,2014-10,-0.2723070259390286,-0.41289199902476,64,0.30593192805766,5,"sin_year, cos_year, year_fraction, flux_lag12, atm_temp_f_lag6",-0.14058497308573137,0.45953024248987456
2014-04,ordinary least squares,12,2015-04,-0.35351042641900055,-0.6166704869032074,64,0.30593192805766,7,"sin_year, cos_year, year_fraction, flux_lag12, flux_lag13, soil_temp_f_lag12, precip_in_lag12",-0.2631600604842068,0.8601915535753044
2014-04,ridge,12,2015-04,-0.43912834457397265,-0.6166704869032074,64,0.30593192805766,7,"sin_year, cos_year, year_fraction, flux_lag12, flux_lag13, soil_temp_f_lag12, precip_in_lag12",-0.1775421423292347,0.5803321786530654
2014-04,random forest,12,2015-04,-0.30284823974146174,-0.6166704869032074,64,0.30593192805766,7,"sin_year, cos_year, year_fraction, flux_lag12, flux_lag13, soil_temp_f_lag12, precip_in_lag12",-0.3138222471617456,1.025791093967147
2014-04,gradient boosting,12,2015-04,-0.5686400137531484,-0.6166704869032074,64,0.30593192805766,7,"sin_year, cos_year, year_fraction, flux_lag12, flux_lag13, soil_temp_f_lag12, precip_in_lag12",-0.04803047315005893,0.1569972557457503
2014-05,ordinary least squares,1,2014-06,-1.7552943457358208,-2.167361030522487,65,0.3067397772822112,6,"sin_year, cos_year, year_fraction, flux_lag1, flux_lag12, wte_m_lag1",-0.4120666847866661,1.3433754449379758
2014-05,ridge,1,2014-06,-1.7679967369078053,-2.167361030522487,65,0.3067397772822112,6,"sin_year, cos_year, year_fraction, flux_lag1, flux_lag12, wte_m_lag1",-0.3993642936146815,1.3019644767077359
2014-05,random forest,1,2014-06,-1.811966910682737,-2.167361030522487,65,0.3067397772822112,6,"sin_year, cos_year, year_fraction, flux_lag1, flux_lag12, wte_m_lag1",-0.3553941198397499,1.1586176497506386
2014-05,gradient boosting,1,2014-06,-1.7811572581095165,-2.167361030522487,65,0.3067397772822112,6,"sin_year, cos_year, year_fraction, flux_lag1, flux_lag12, wte_m_lag1",-0.3862037724129703,1.2590599622743075
2014-05,ordinary least squares,3,2014-08,-1.4949081888204916,-1.2608568043627584,65,0.3067397772822112,4,"sin_year, cos_year, year_fraction, flux_lag12",0.2340513844577332,0.7630291269410353
2014-05,ridge,3,2014-08,-1.4954970928740856,-1.2608568043627584,65,0.3067397772822112,4,"sin_year, cos_year, year_fraction, flux_lag12",0.23464028851132723,0.7649490085384331
2014-05,random forest,3,2014-08,-1.7024503696665778,-1.2608568043627584,65,0.3067397772822112,4,"sin_year, cos_year, year_fraction, flux_lag12",0.44159356530381944,1.4396358021005475
2014-05,gradient boosting,3,2014-08,-1.611797703594912,-1.2608568043627584,65,0.3067397772822112,4,"sin_year, cos_year, year_fraction, flux_lag12",0.35094089923215366,1.1440997393346737
2014-05,ordinary least squares,6,2014-11,-0.2657821080535401,-0.3378808084904101,65,0.3067397772822112,5,"sin_year, cos_year, year_fraction, flux_lag12, atm_temp_f_lag6",-0.07209870043687,0.23504842141988225
2014-05,ridge,6,2014-11,-0.25315449370625126,-0.3378808084904101,65,0.3067397772822112,5,"sin_year, cos_year, year_fraction, flux_lag12, atm_temp_f_lag6",-0.08472631478415882,0.2762156102963056
2014-05,random forest,6,2014-11,-0.3179876420846328,-0.3378808084904101,65,0.3067397772822112,5,"sin_year, cos_year, year_fraction, flux_lag12, atm_temp_f_lag6",-0.019893166405777263,0.06485355952865175
2014-05,gradient boosting,6,2014-11,-0.3485259658393101,-0.3378808084904101,65,0.3067397772822112,5,"sin_year, cos_year, year_fraction, flux_lag12, atm_temp_f_lag6",0.010645157348900036,0.0347041959905517
2014-05,ordinary least squares,12,2015-05,-0.7409832116919355,-0.6342355885051938,65,0.3067397772822112,8,"sin_year, cos_year, year_fraction, flux_lag12, flux_lag13, soil_temp_f_lag12, atm_temp_f_lag12, precip_in_lag12",0.10674762318674169,0.3480071092590323
2014-05,ridge,12,2015-05,-0.743733259012818,-0.6342355885051938,65,0.3067397772822112,8,"sin_year, cos_year, year_fraction, flux_lag12, flux_lag13, soil_temp_f_lag12, atm_temp_f_lag12, precip_in_lag12",0.10949767050762416,0.3569725174798002
2014-05,random forest,12,2015-05,-0.6678074300233323,-0.6342355885051938,65,0.3067397772822112,8,"sin_year, cos_year, year_fraction, flux_lag12, flux_lag13, soil_temp_f_lag12, atm_temp_f_lag12, precip_in_lag12",0.03357184151813852,0.10944730356001814
2014-05,gradient boosting,12,2015-05,-0.8417539516056056,-0.6342355885051938,65,0.3067397772822112,8,"sin_year, cos_year, year_fraction, flux_lag12, flux_lag13, soil_temp_f_lag12, atm_temp_f_lag12, precip_in_lag12",0.20751836310041183,0.6765290271091504
2014-06,ordinary least squares,1,2014-07,-1.6811167944875993,-2.5473065212326387,66,0.3064855016233135,6,"sin_year, cos_year, year_fraction, flux_lag1, flux_lag12, wte_m_lag1",-0.8661897267450394,2.826201311831159
2014-06,ridge,1,2014-07,-1.7070315826968077,-2.5473065212326387,66,0.3064855016233135,6,"sin_year, cos_year, year_fraction, flux_lag1, flux_lag12, wte_m_lag1",-0.840274938535831,2.7416466165129476
2014-06,random forest,1,2014-07,-1.507545634106422,-2.5473065212326387,66,0.3064855016233135,6,"sin_year, cos_year, year_fraction, flux_lag1, flux_lag12, wte_m_lag1",-1.0397608871262167,3.3925287872316274
2014-06,gradient boosting,1,2014-07,-1.7965446378067826,-2.5473065212326387,66,0.3064855016233135,6,"sin_year, cos_year, year_fraction, flux_lag1, flux_lag12, wte_m_lag1",-0.750761883425856,2.449583681607821
2014-06,ordinary least squares,3,2014-09,-0.634064724530816,-1.1031968063449369,66,0.3064855016233135,4,"sin_year, cos_year, year_fraction, flux_lag12",-0.4691320818141209,1.5306827870465092
2014-06,ridge,3,2014-09,-0.6582897003501732,-1.1031968063449369,66,0.3064855016233135,4,"sin_year, cos_year, year_fraction, flux_lag12",-0.4449071059947637,1.4516416066609816
2014-06,random forest,3,2014-09,-0.8162061132870535,-1.1031968063449369,66,0.3064855016233135,4,"sin_year, cos_year, year_fraction, flux_lag12",-0.2869906930578834,0.9363923955222188
2014-06,gradient boosting,3,2014-09,-0.6518950751111448,-1.1031968063449369,66,0.3064855016233135,4,"sin_year, cos_year, year_fraction, flux_lag12",-0.45130173123379214,1.4725059712236086
2014-06,ordinary least squares,6,2014-12,-0.20962791105438613,-0.3176719443452381,66,0.3064855016233135,5,"sin_year, cos_year, year_fraction, flux_lag12, atm_temp_f_lag6",-0.10804403329085197,0.3525257564178147
2014-06,ridge,6,2014-12,-0.20797803544841065,-0.3176719443452381,66,0.3064855016233135,5,"sin_year, cos_year, year_fraction, flux_lag12, atm_temp_f_lag6",-0.10969390889682745,0.3579089657286527
2014-06,random forest,6,2014-12,-0.14853846635106716,-0.3176719443452381,66,0.3064855016233135,5,"sin_year, cos_year, year_fraction, flux_lag12, atm_temp_f_lag6",-0.16913347799417094,0.5518482182626855
2014-06,gradient boosting,6,2014-12,-0.08200630605425124,-0.3176719443452381,66,0.3064855016233135,5,"sin_year, cos_year, year_fraction, flux_lag12, atm_temp_f_lag6",-0.23566563829098686,0.7689291566575703
2014-06,ordinary least squares,12,2015-06,-1.8171568342340334,-0.8818818890815007,66,0.3064855016233135,6,"sin_year, cos_year, year_fraction, flux_lag12, flux_lag13, precip_in_lag12",0.9352749451525327,3.051612360776641
2014-06,ridge,12,2015-06,-1.7313446857376324,-0.8818818890815007,66,0.3064855016233135,6,"sin_year, cos_year, year_fraction, flux_lag12, flux_lag13, precip_in_lag12",0.8494627966561318,2.7716247331665476
2014-06,random forest,12,2015-06,-1.5361524420228962,-0.8818818890815007,66,0.3064855016233135,6,"sin_year, cos_year, year_fraction, flux_lag12, flux_lag13, precip_in_lag12",0.6542705529413956,2.1347520501818966
2014-06,gradient boosting,12,2015-06,-1.8483810056409178,-0.8818818890815007,66,0.3064855016233135,6,"sin_year, cos_year, year_fraction, flux_lag12, flux_lag13, precip_in_lag12",0.9664991165594171,3.1534904960930072
2014-07,ordinary least squares,1,2014-08,-1.8830524029856033,-1.2608568043627584,67,0.3049111514281343,6,"sin_year, cos_year, year_fraction, flux_lag1, flux_lag12, wte_m_lag1",0.6221955986228449,2.04058000407208
2014-07,ridge,1,2014-08,-1.798465145038426,-1.2608568043627584,67,0.3049111514281343,6,"sin_year, cos_year, year_fraction, flux_lag1, flux_lag12, wte_m_lag1",0.5376083406756675,1.7631639189240298
2014-07,random forest,1,2014-08,-1.858997069970723,-1.2608568043627584,67,0.3049111514281343,6,"sin_year, cos_year, year_fraction, flux_lag1, flux_lag12, wte_m_lag1",0.5981402656079646,1.9616870777156297
2014-07,gradient boosting,1,2014-08,-1.7336179004595782,-1.2608568043627584,67,0.3049111514281343,6,"sin_year, cos_year, year_fraction, flux_lag1, flux_lag12, wte_m_lag1",0.4727610960968198,1.550488048346263
2014-07,ordinary least squares,3,2014-10,-0.24792989531227233,-0.41289199902476,67,0.3049111514281343,4,"sin_year, cos_year, year_fraction, flux_lag12",-0.16496210371248765,0.5410169583494824
2014-07,ridge,3,2014-10,-0.2705003952235289,-0.41289199902476,67,0.3049111514281343,4,"sin_year, cos_year, year_fraction, flux_lag12",-0.14239160380123106,0.4669937558344497
2014-07,random forest,3,2014-10,-0.06523387299759054,-0.41289199902476,67,0.3049111514281343,4,"sin_year, cos_year, year_fraction, flux_lag12",-0.34765812602716945,1.1401948547923488
2014-07,gradient boosting,3,2014-10,-0.23829645656131626,-0.41289199902476,67,0.3049111514281343,4,"sin_year, cos_year, year_fraction, flux_lag12",-0.17459554246344372,0.5726112070538516
2014-07,ordinary least squares,6,2015-01,-0.1430835916691619,-0.6013752118055555,67,0.3049111514281343,4,"sin_year, cos_year, year_fraction, flux_lag12",-0.45829162013639363,1.5030333196731578
2014-07,ridge,6,2015-01,-0.1535479797464902,-0.6013752118055555,67,0.3049111514281343,4,"sin_year, cos_year, year_fraction, flux_lag12",-0.4478272320590653,1.4687138530734107
2014-07,random forest,6,2015-01,-0.1424613139354695,-0.6013752118055555,67,0.3049111514281343,4,"sin_year, cos_year, year_fraction, flux_lag12",-0.458913897870086,1.5050741690510103
2014-07,gradient boosting,6,2015-01,-0.09506127784391623,-0.6013752118055555,67,0.3049111514281343,4,"sin_year, cos_year, year_fraction, flux_lag12",-0.5063139339616393,1.660529408616839
2014-07,ordinary least squares,12,2015-07,-1.6142187276233584,-1.136474650032359,67,0.3049111514281343,6,"sin_year, cos_year, year_fraction, flux_lag12, flux_lag13, soil_temp_f_lag12",0.47774407759099935,1.566830453243035
2014-07,ridge,12,2015-07,-1.6733561084720243,-1.136474650032359,67,0.3049111514281343,6,"sin_year, cos_year, year_fraction, flux_lag12, flux_lag13, soil_temp_f_lag12",0.5368814584396653,1.7607800040275174
2014-07,random forest,12,2015-07,-1.5468481348406773,-1.136474650032359,67,0.3049111514281343,6,"sin_year, cos_year, year_fraction, flux_lag12, flux_lag13, soil_temp_f_lag12",0.41037348480831826,1.3458788991029762
2014-07,gradient boosting,12,2015-07,-1.9444659062430643,-1.136474650032359,67,0.3049111514281343,6,"sin_year, cos_year, year_fraction, flux_lag12, flux_lag13, soil_temp_f_lag12",0.8079912562107052,2.649923600452979
2014-08,ordinary least squares,1,2014-09,-0.6074252011177984,-1.1031968063449369,68,0.3036609268407527,5,"sin_year, cos_year, year_fraction, flux_lag1, flux_lag12",-0.4957716052271385,1.63264865975705
2014-08,ridge,1,2014-09,-0.630216039322518,-1.1031968063449369,68,0.3036609268407527,5,"sin_year, cos_year, year_fraction, flux_lag1, flux_lag12",-0.47298076702241887,1.5575950845676687
2014-08,random forest,1,2014-09,-0.5236447466134653,-1.1031968063449369,68,0.3036609268407527,5,"sin_year, cos_year, year_fraction, flux_lag1, flux_lag12",-0.5795520597314716,1.9085499927865368
2014-08,gradient boosting,1,2014-09,-0.6357358898177624,-1.1031968063449369,68,0.3036609268407527,5,"sin_year, cos_year, year_fraction, flux_lag1, flux_lag12",-0.4674609165271745,1.539417406745658
2014-08,ordinary least squares,3,2014-11,-0.27993080004163684,-0.3378808084904101,68,0.3036609268407527,4,"sin_year, cos_year, year_fraction, flux_lag12",-0.05795000844877324,0.19083788306805655
2014-08,ridge,3,2014-11,-0.2764121574414907,-0.3378808084904101,68,0.3036609268407527,4,"sin_year, cos_year, year_fraction, flux_lag12",-0.061468651048919354,0.20242528957686753
2014-08,random forest,3,2014-11,-0.34166913833429974,-0.3378808084904101,68,0.3036609268407527,4,"sin_year, cos_year, year_fraction, flux_lag12",0.0037883298438896595,0.012475526184099259
2014-08,gradient boosting,3,2014-11,-0.2969139407003644,-0.3378808084904101,68,0.3036609268407527,4,"sin_year, cos_year, year_fraction, flux_lag12",-0.04096686779004566,0.13490990828572982
2014-08,ordinary least squares,6,2015-02,-0.18730284567747074,-0.6199505983813487,68,0.3036609268407527,4,"sin_year, cos_year, year_fraction, flux_lag12",-0.43264775270387795,1.4247725487934415
2014-08,ridge,6,2015-02,-0.1893426423035538,-0.6199505983813487,68,0.3036609268407527,4,"sin_year, cos_year, year_fraction, flux_lag12",-0.4306079560777949,1.4180551991254917
2014-08,random forest,6,2015-02,-0.19524947639295176,-0.6199505983813487,68,0.3036609268407527,4,"sin_year, cos_year, year_fraction, flux_lag12",-0.42470112198839693,1.398603127530862
2014-08,gradient boosting,6,2015-02,-0.2388557276305504,-0.6199505983813487,68,0.3036609268407527,4,"sin_year, cos_year, year_fraction, flux_lag12",-0.3810948707507983,1.2550013421735153
2014-08,ordinary least squares,12,2015-08,-1.3176124905060917,-1.2211042920623445,68,0.3036609268407527,6,"sin_year, cos_year, year_fraction, flux_lag12, flux_lag13, soil_temp_f_lag12",0.09650819844374725,0.3178156618561549
2014-08,ridge,12,2015-08,-1.3577454525555828,-1.2211042920623445,68,0.3036609268407527,6,"sin_year, cos_year, year_fraction, flux_lag12, flux_lag13, soil_temp_f_lag12",0.13664116049323827,0.4499793961469935
2014-08,random forest,12,2015-08,-1.245157601257322,-1.2211042920623445,68,0.3036609268407527,6,"sin_year, cos_year, year_fraction, flux_lag12, flux_lag13, soil_temp_f_lag12",0.0240533091949775,0.0792110774515012
2014-08,gradient boosting,12,2015-08,-1.4334420500055232,-1.2211042920623445,68,0.3036609268407527,6,"sin_year, cos_year, year_fraction, flux_lag12, flux_lag13, soil_temp_f_lag12",0.21233775794317866,0.6992594014393358
2014-09,ordinary least squares,1,2014-10,-0.403851481708133,-0.41289199902476,69,0.30237287555307546,5,"sin_year, cos_year, year_fraction, flux_lag1, flux_lag12",-0.009040517316626973,0.029898572416890257
2014-09,ridge,1,2014-10,-0.39286007404132633,-0.41289199902476,69,0.30237287555307546,5,"sin_year, cos_year, year_fraction, flux_lag1, flux_lag12",-0.020031924983433647,0.06624908053274589
2014-09,random forest,1,2014-10,-0.4025714369484764,-0.41289199902476,69,0.30237287555307546,5,"sin_year, cos_year, year_fraction, flux_lag1, flux_lag12",-0.010320562076283568,0.03413190438264692
2014-09,gradient boosting,1,2014-10,-0.3589974590263156,-0.41289199902476,69,0.30237287555307546,5,"sin_year, cos_year, year_fraction, flux_lag1, flux_lag12",-0.0538945399984444,0.178238672697956
2014-09,ordinary least squares,3,2014-12,-0.20577049592123436,-0.3176719443452381,69,0.30237287555307546,4,"sin_year, cos_year, year_fraction, flux_lag12",-0.11190144842400374,0.3700776672488326
2014-09,ridge,3,2014-12,-0.22206616579516636,-0.3176719443452381,69,0.30237287555307546,4,"sin_year, cos_year, year_fraction, flux_lag12",-0.09560577855007174,0.3161850360261236
2014-09,random forest,3,2014-12,-0.14419901258242612,-0.3176719443452381,69,0.30237287555307546,4,"sin_year, cos_year, year_fraction, flux_lag12",-0.17347293176281198,0.5737053346650544
2014-09,gradient boosting,3,2014-12,-0.16554655489985087,-0.3176719443452381,69,0.30237287555307546,4,"sin_year, cos_year, year_fraction, flux_lag12",-0.15212538944538723,0.5031052774397573
2014-09,ordinary least squares,6,2015-03,-0.38648797592655054,-0.407049608213773,69,0.30237287555307546,4,"sin_year, cos_year, year_fraction, flux_lag12",-0.020561632287222464,0.06800091525938902
2014-09,ridge,6,2015-03,-0.37091430837950956,-0.407049608213773,69,0.30237287555307546,4,"sin_year, cos_year, year_fraction, flux_lag12",-0.036135299834263446,0.11950575847178006
2014-09,random forest,6,2015-03,-0.3328661294853309,-0.407049608213773,69,0.30237287555307546,4,"sin_year, cos_year, year_fraction, flux_lag12",-0.07418347872844211,0.2453377426554939
2014-09,gradient boosting,6,2015-03,-0.3547153668770817,-0.407049608213773,69,0.30237287555307546,4,"sin_year, cos_year, year_fraction, flux_lag12",-0.05233424133669129,0.1730784920471647
2014-09,ordinary least squares,12,2015-09,-0.7341382782558098,-0.5576488081893868,69,0.30237287555307546,7,"sin_year, cos_year, year_fraction, flux_lag12, flux_lag13, soil_temp_f_lag12, precip_in_lag12",0.17648947006642302,0.5836815545825764
2014-09,ridge,12,2015-09,-0.7692091071804614,-0.5576488081893868,69,0.30237287555307546,7,"sin_year, cos_year, year_fraction, flux_lag12, flux_lag13, soil_temp_f_lag12, precip_in_lag12",0.21156029899107465,0.6996669215256364
2014-09,random forest,12,2015-09,-0.7016935271008913,-0.5576488081893868,69,0.30237287555307546,7,"sin_year, cos_year, year_fraction, flux_lag12, flux_lag13, soil_temp_f_lag12, precip_in_lag12",0.1440447189115045,0.47638108625990283
2014-09,gradient boosting,12,2015-09,-0.8646260460982137,-0.5576488081893868,69,0.30237287555307546,7,"sin_year, cos_year, year_fraction, flux_lag12, flux_lag13, soil_temp_f_lag12, precip_in_lag12",0.3069772379088269,1.0152274318499288
2014-10,ordinary least squares,1,2014-11,-0.2907585671426468,-0.3378808084904101,70,0.2995167610039057,5,"sin_year, cos_year, year_fraction, flux_lag1, flux_lag12",-0.04712224134776327,0.15732756053391217
2014-10,ridge,1,2014-11,-0.2867424420146979,-0.3378808084904101,70,0.2995167610039057,5,"sin_year, cos_year, year_fraction, flux_lag1, flux_lag12",-0.05113836647571218,0.1707362429545148
2014-10,random forest,1,2014-11,-0.32024533209027384,-0.3378808084904101,70,0.2995167610039057,5,"sin_year, cos_year, year_fraction, flux_lag1, flux_lag12",-0.01763547640013624,0.05887976466167206
2014-10,gradient boosting,1,2014-11,-0.2902212366541072,-0.3378808084904101,70,0.2995167610039057,5,"sin_year, cos_year, year_fraction, flux_lag1, flux_lag12",-0.04765957183630287,0.15912155191769517
2014-10,ordinary least squares,3,2015-01,-0.17641563961964382,-0.6013752118055555,70,0.2995167610039057,4,"sin_year, cos_year, year_fraction, flux_lag12",-0.42495957218591174,1.4188173334993106
2014-10,ridge,3,2015-01,-0.17324030588224842,-0.6013752118055555,70,0.2995167610039057,4,"sin_year, cos_year, year_fraction, flux_lag12",-0.4281349059233071,1.4294188561878989
2014-10,random forest,3,2015-01,-0.15401602685614565,-0.6013752118055555,70,0.2995167610039057,4,"sin_year, cos_year, year_fraction, flux_lag12",-0.44735918494940985,1.4936031741595133
2014-10,gradient boosting,3,2015-01,-0.08876316045959268,-0.6013752118055555,70,0.2995167610039057,4,"sin_year, cos_year, year_fraction, flux_lag12",-0.5126120513459629,1.7114636577526239
2014-10,ordinary least squares,6,2015-04,-0.4089796099672124,-0.6166704869032074,70,0.2995167610039057,4,"sin_year, cos_year, year_fraction, flux_lag12",-0.20769087693599497,0.6934198815447483
2014-10,ridge,6,2015-04,-0.4488760543323594,-0.6166704869032074,70,0.2995167610039057,4,"sin_year, cos_year, year_fraction, flux_lag12",-0.16779443257084797,0.5602171711808139
2014-10,random forest,6,2015-04,-0.4077507440948719,-0.6166704869032074,70,0.2995167610039057,4,"sin_year, cos_year, year_fraction, flux_lag12",-0.20891974280833547,0.6975227099414686
2014-10,gradient boosting,6,2015-04,-0.494660174650313,-0.6166704869032074,70,0.2995167610039057,4,"sin_year, cos_year, year_fraction, flux_lag12",-0.12201031225289438,0.4073572104744528
2014-10,ordinary least squares,12,2015-10,-0.19811441537647706,-0.3816889985983566,70,0.2995167610039057,7,"sin_year, cos_year, year_fraction, flux_lag12, flux_lag13, soil_temp_f_lag12, precip_in_lag12",-0.18357458322187953,0.6129025387647196
2014-10,ridge,12,2015-10,-0.245000505016964,-0.3816889985983566,70,0.2995167610039057,7,"sin_year, cos_year, year_fraction, flux_lag12, flux_lag13, soil_temp_f_lag12, precip_in_lag12",-0.1366884935813926,0.45636342060873913
2014-10,random forest,12,2015-10,-0.2316454716259621,-0.3816889985983566,70,0.2995167610039057,7,"sin_year, cos_year, year_fraction, flux_lag12, flux_lag13, soil_temp_f_lag12, precip_in_lag12",-0.15004352697239448,0.5009520217482518
2014-10,gradient boosting,12,2015-10,-0.27717820557347905,-0.3816889985983566,70,0.2995167610039057,7,"sin_year, cos_year, year_fraction, flux_lag12, flux_lag13, soil_temp_f_lag12, precip_in_lag12",-0.10451079302487754,0.34893136756214693
2014-11,ordinary least squares,1,2014-12,-0.2343243958828977,-0.3176719443452381,71,0.29708234384688403,5,"sin_year, cos_year, year_fraction, flux_lag1, flux_lag12",-0.08334754846234041,0.2805536922291742
2014-11,ridge,1,2014-12,-0.2422251553561507,-0.3176719443452381,71,0.29708234384688403,5,"sin_year, cos_year, year_fraction, flux_lag1, flux_lag12",-0.07544678898908741,0.2539591818622941
2014-11,random forest,1,2014-12,-0.2339879694998769,-0.3176719443452381,71,0.29708234384688403,5,"sin_year, cos_year, year_fraction, flux_lag1, flux_lag12",-0.08368397484536119,0.2816861270237313
2014-11,gradient boosting,1,2014-12,-0.2009361849750892,-0.3176719443452381,71,0.29708234384688403,5,"sin_year, cos_year, year_fraction, flux_lag1, flux_lag12",-0.1167357593701489,0.39294075123600886
2014-11,ordinary least squares,3,2015-02,-0.18186487539910745,-0.6199505983813487,71,0.29708234384688403,4,"sin_year, cos_year, year_fraction, flux_lag12",-0.43808572298224124,1.4746272609456395
2014-11,ridge,3,2015-02,-0.18038667945382658,-0.6199505983813487,71,0.29708234384688403,4,"sin_year, cos_year, year_fraction, flux_lag12",-0.4395639189275221,1.4796029721445612
2014-11,random forest,3,2015-02,-0.20944240667587138,-0.6199505983813487,71,0.29708234384688403,4,"sin_year, cos_year, year_fraction, flux_lag12",-0.4105081917054773,1.3817993570060592
2014-11,gradient boosting,3,2015-02,-0.18295833693641075,-0.6199505983813487,71,0.29708234384688403,4,"sin_year, cos_year, year_fraction, flux_lag12",-0.43699226144493797,1.4709465927405077
2014-11,ordinary least squares,6,2015-05,-0.806277613643449,-0.6342355885051938,71,0.29708234384688403,4,"sin_year, cos_year, year_fraction, flux_lag12",0.17204202513825517,0.5791055197374014
2014-11,ridge,6,2015-05,-0.8201516303379616,-0.6342355885051938,71,0.29708234384688403,4,"sin_year, cos_year, year_fraction, flux_lag12",0.18591604183276778,0.625806432739701
2014-11,random forest,6,2015-05,-0.693086721848766,-0.6342355885051938,71,0.29708234384688403,4,"sin_year, cos_year, year_fraction, flux_lag12",0.05885113334357217,0.19809704131694877
2014-11,gradient boosting,6,2015-05,-0.7886025566804198,-0.6342355885051938,71,0.29708234384688403,4,"sin_year, cos_year, year_fraction, flux_lag12",0.154366968175226,0.5196100386725998
2014-11,ordinary least squares,12,2015-11,-0.1774569944456036,-0.2276627347990261,71,0.29708234384688403,7,"sin_year, cos_year, year_fraction, flux_lag12, flux_lag13, soil_temp_f_lag12, precip_in_lag12",-0.05020574035342251,0.16899604232050391
2014-11,ridge,12,2015-11,-0.21410933668073395,-0.2276627347990261,71,0.29708234384688403,7,"sin_year, cos_year, year_fraction, flux_lag12, flux_lag13, soil_temp_f_lag12, precip_in_lag12",-0.013553398118292148,0.04562168839383318
2014-11,random forest,12,2015-11,-0.2524114675396171,-0.2276627347990261,71,0.29708234384688403,7,"sin_year, cos_year, year_fraction, flux_lag12, flux_lag13, soil_temp_f_lag12, precip_in_lag12",0.024748732740590973,0.08330596971911076
2014-11,gradient boosting,12,2015-11,-0.20276575521268364,-0.2276627347990261,71,0.29708234384688403,7,"sin_year, cos_year, year_fraction, flux_lag12, flux_lag13, soil_temp_f_lag12, precip_in_lag12",-0.02489697958634246,0.08380497899657861
2014-12,ordinary least squares,1,2015-01,-0.19167919964104096,-0.6013752118055555,72,0.2923367137996619,5,"sin_year, cos_year, year_fraction, flux_lag1, flux_lag12",-0.40969601216451457,1.4014524786827798
2014-12,ridge,1,2015-01,-0.18322997232543525,-0.6013752118055555,72,0.2923367137996619,5,"sin_year, cos_year, year_fraction, flux_lag1, flux_lag12",-0.4181452394801203,1.4303548604800793
2014-12,random forest,1,2015-01,-0.18425942884797133,-0.6013752118055555,72,0.2923367137996619,5,"sin_year, cos_year, year_fraction, flux_lag1, flux_lag12",-0.4171157829575842,1.426833385160898
2014-12,gradient boosting,1,2015-01,-0.2035307811243674,-0.6013752118055555,72,0.2923367137996619,5,"sin_year, cos_year, year_fraction, flux_lag1, flux_lag12",-0.39784443068118813,1.3609116197216014
2014-12,ordinary least squares,3,2015-03,-0.35579612970977376,-0.407049608213773,72,0.2923367137996619,4,"sin_year, cos_year, year_fraction, flux_lag12",-0.05125347850399925,0.1753234406921712
2014-12,ridge,3,2015-03,-0.34398347096703763,-0.407049608213773,72,0.2923367137996619,4,"sin_year, cos_year, year_fraction, flux_lag12",-0.06306613724673538,0.21573115612825333
2014-12,random forest,3,2015-03,-0.3324028038663169,-0.407049608213773,72,0.2923367137996619,4,"sin_year, cos_year, year_fraction, flux_lag12",-0.07464680434745613,0.2553452947364371
2014-12,gradient boosting,3,2015-03,-0.33497821437455405,-0.407049608213773,72,0.2923367137996619,4,"sin_year, cos_year, year_fraction, flux_lag12",-0.07207139383921896,0.2465355545065387
2014-12,ordinary least squares,6,2015-06,-1.6786321984463464,-0.8818818890815007,72,0.2923367137996619,4,"sin_year, cos_year, year_fraction, flux_lag12",0.7967503093648457,2.72545414843398
2014-12,ridge,6,2015-06,-1.7152933485766286,-0.8818818890815007,72,0.2923367137996619,4,"sin_year, cos_year, year_fraction, flux_lag12",0.833411459495128,2.8508614216217265
2014-12,random forest,6,2015-06,-1.443475996723557,-0.8818818890815007,72,0.2923367137996619,4,"sin_year, cos_year, year_fraction, flux_lag12",0.5615941076420564,1.9210522699756294
2014-12,gradient boosting,6,2015-06,-1.7605363074325564,-0.8818818890815007,72,0.2923367137996619,4,"sin_year, cos_year, year_fraction, flux_lag12",0.8786544183510557,3.0056245995608912
2014-12,ordinary least squares,12,2015-12,-0.22419633059101945,-0.3217976024822695,72,0.2923367137996619,6,"sin_year, cos_year, year_fraction, flux_lag12, flux_lag13, soil_temp_f_lag12",-0.09760127189125006,0.33386594048579243
2014-12,ridge,12,2015-12,-0.22104943275995148,-0.3217976024822695,72,0.2923367137996619,6,"sin_year, cos_year, year_fraction, flux_lag12, flux_lag13, soil_temp_f_lag12",-0.10074816972231804,0.3446305748355667
2014-12,random forest,12,2015-12,-0.21845341206400948,-0.3217976024822695,72,0.2923367137996619,6,"sin_year, cos_year, year_fraction, flux_lag12, flux_lag13, soil_temp_f_lag12",-0.10334419041826004,0.3535108166026718
2014-12,gradient boosting,12,2015-12,-0.14630578936791153,-0.3217976024822695,72,0.2923367137996619,6,"sin_year, cos_year, year_fraction, flux_lag12, flux_lag13, soil_temp_f_lag12",-0.175491813114358,0.600307128151623
2015-01,ordinary least squares,1,2015-02,-0.32517764624679335,-0.6199505983813487,73,0.29378795526722684,5,"sin_year, cos_year, year_fraction, flux_lag1, flux_lag12",-0.29477295213455534,1.0033527476183717
2015-01,ridge,1,2015-02,-0.29846987458755003,-0.6199505983813487,73,0.29378795526722684,5,"sin_year, cos_year, year_fraction, flux_lag1, flux_lag12",-0.32148072379379866,1.0942610751396624
2015-01,random forest,1,2015-02,-0.30426014532064666,-0.6199505983813487,73,0.29378795526722684,5,"sin_year, cos_year, year_fraction, flux_lag1, flux_lag12",-0.31569045306070204,1.0745520617873965
2015-01,gradient boosting,1,2015-02,-0.3153627854681256,-0.6199505983813487,73,0.29378795526722684,5,"sin_year, cos_year, year_fraction, flux_lag1, flux_lag12",-0.3045878129132231,1.036760723005723
2015-01,ordinary least squares,3,2015-04,-0.3990736981788261,-0.6166704869032074,73,0.29378795526722684,4,"sin_year, cos_year, year_fraction, flux_lag12",-0.21759678872438126,0.740659325282608
2015-01,ridge,3,2015-04,-0.4379230214634491,-0.6166704869032074,73,0.29378795526722684,4,"sin_year, cos_year, year_fraction, flux_lag12",-0.17874746543975828,0.6084233959733687
2015-01,random forest,3,2015-04,-0.40646004591140994,-0.6166704869032074,73,0.29378795526722684,4,"sin_year, cos_year, year_fraction, flux_lag12",-0.21021044099179742,0.7155175602777586
2015-01,gradient boosting,3,2015-04,-0.535891907305089,-0.6166704869032074,73,0.29378795526722684,4,"sin_year, cos_year, year_fraction, flux_lag12",-0.0807785795981184,0.27495538244460344
2015-01,ordinary least squares,6,2015-07,-1.6157940692847665,-1.136474650032359,73,0.29378795526722684,4,"sin_year, cos_year, year_fraction, flux_lag12",0.4793194192524075,1.6315148754700408
2015-01,ridge,6,2015-07,-1.6818860583249275,-1.136474650032359,73,0.29378795526722684,4,"sin_year, cos_year, year_fraction, flux_lag12",0.5454114082925685,1.8564798131239495
2015-01,random forest,6,2015-07,-1.7879129377196048,-1.136474650032359,73,0.29378795526722684,4,"sin_year, cos_year, year_fraction, flux_lag12",0.6514382876872458,2.2173757501212172
2015-01,gradient boosting,6,2015-07,-1.9009491200850914,-1.136474650032359,73,0.29378795526722684,4,"sin_year, cos_year, year_fraction, flux_lag12",0.7644744700527324,2.6021300613136895
2015-01,ordinary least squares,12,2016-01,-0.12742930562975802,-0.0689653552083333,73,0.29378795526722684,6,"sin_year, cos_year, year_fraction, flux_lag12, flux_lag13, soil_temp_f_lag12",0.058463950421424715,0.19900050146115228
2015-01,ridge,12,2016-01,-0.1432702238782625,-0.0689653552083333,73,0.29378795526722684,6,"sin_year, cos_year, year_fraction, flux_lag12, flux_lag13, soil_temp_f_lag12",0.07430486866992919,0.25292006475330875
2015-01,random forest,12,2016-01,-0.06698140623199203,-0.0689653552083333,73,0.29378795526722684,6,"sin_year, cos_year, year_fraction, flux_lag12, flux_lag13, soil_temp_f_lag12",-0.001983948976341271,0.0067529963048917
2015-01,gradient boosting,12,2016-01,-0.11372359258104067,-0.0689653552083333,73,0.29378795526722684,6,"sin_year, cos_year, year_fraction, flux_lag12, flux_lag13, soil_temp_f_lag12",0.04475823737270737,0.15234878275385963
2015-02,ordinary least squares,1,2015-03,-0.4979268552013086,-0.407049608213773,74,0.2961125626477003,5,"sin_year, cos_year, year_fraction, flux_lag1, flux_lag12",0.09087724698753558,0.3069010182308837
2015-02,ridge,1,2015-03,-0.466155674003407,-0.407049608213773,74,0.2961125626477003,5,"sin_year, cos_year, year_fraction, flux_lag1, flux_lag12",0.05910606578963401,0.19960674839707968
2015-02,random forest,1,2015-03,-0.4170837168331989,-0.407049608213773,74,0.2961125626477003,5,"sin_year, cos_year, year_fraction, flux_lag1, flux_lag12",0.010034108619425886,0.033886129415468126
2015-02,gradient boosting,1,2015-03,-0.43928789045777095,-0.407049608213773,74,0.2961125626477003,5,"sin_year, cos_year, year_fraction, flux_lag1, flux_lag12",0.03223828224399794,0.10887171403920952
2015-02,ordinary least squares,3,2015-05,-0.7951161271934398,-0.6342355885051938,74,0.2961125626477003,4,"sin_year, cos_year, year_fraction, flux_lag12",0.16088053868824603,0.5433087243909119
2015-02,ridge,3,2015-05,-0.8094502557225045,-0.6342355885051938,74,0.2961125626477003,4,"sin_year, cos_year, year_fraction, flux_lag12",0.17521466721731072,0.5917164258436824
2015-02,random forest,3,2015-05,-0.6548050727852375,-0.6342355885051938,74,0.2961125626477003,4,"sin_year, cos_year, year_fraction, flux_lag12",0.02056948428004368,0.0694650848181548
2015-02,gradient boosting,3,2015-05,-0.8101937831982189,-0.6342355885051938,74,0.2961125626477003,4,"sin_year, cos_year, year_fraction, flux_lag12",0.1759581946930251,0.5942273881246005
2015-02,ordinary least squares,6,2015-08,-1.5117821946063785,-1.2211042920623445,74,0.2961125626477003,4,"sin_year, cos_year, year_fraction, flux_lag12",0.29067790254403403,0.9816466412128142
2015-02,ridge,6,2015-08,-1.4982616624696188,-1.2211042920623445,74,0.2961125626477003,4,"sin_year, cos_year, year_fraction, flux_lag12",0.2771573704072743,0.9359865313685527
2015-02,random forest,6,2015-08,-1.5534991009201693,-1.2211042920623445,74,0.2961125626477003,4,"sin_year, cos_year, year_fraction, flux_lag12",0.3323948088578248,1.1225285610502491
2015-02,gradient boosting,6,2015-08,-1.5414817275521204,-1.2211042920623445,74,0.2961125626477003,4,"sin_year, cos_year, year_fraction, flux_lag12",0.32037743548977593,1.0819447598747938
2015-02,ordinary least squares,12,2016-02,-0.017188140619596032,0.0272336897772366,74,0.2961125626477003,6,"sin_year, cos_year, year_fraction, flux_lag12, flux_lag13, soil_temp_f_lag12",0.04442183039683263,0.15001670310652598
2015-02,ridge,12,2016-02,-0.05891755028034887,0.0272336897772366,74,0.2961125626477003,6,"sin_year, cos_year, year_fraction, flux_lag12, flux_lag13, soil_temp_f_lag12",0.08615124005758547,0.29094084792371283
2015-02,random forest,12,2016-02,0.1232773081533193,0.0272336897772366,74,0.2961125626477003,6,"sin_year, cos_year, year_fraction, flux_lag12, flux_lag13, soil_temp_f_lag12",-0.0960436183760827,0.3243483407705013
2015-02,gradient boosting,12,2016-02,-0.15906085566331526,0.0272336897772366,74,0.2961125626477003,6,"sin_year, cos_year, year_fraction, flux_lag12, flux_lag13, soil_temp_f_lag12",0.18629454544055185,0.6291342176596393
2015-03,ordinary least squares,1,2015-04,-0.485747335320043,-0.6166704869032074,75,0.2955782704504466,5,"sin_year, cos_year, year_fraction, flux_lag1, flux_lag12",-0.13092315158316437,0.44293902722836825
2015-03,ridge,1,2015-04,-0.5019538871094988,-0.6166704869032074,75,0.2955782704504466,5,"sin_year, cos_year, year_fraction, flux_lag1, flux_lag12",-0.11471659979370852,0.38810904339783203
2015-03,random forest,1,2015-04,-0.4700800350733182,-0.6166704869032074,75,0.2955782704504466,5,"sin_year, cos_year, year_fraction, flux_lag1, flux_lag12",-0.14659045182988917,0.4959446159776651
2015-03,gradient boosting,1,2015-04,-0.5726008110570077,-0.6166704869032074,75,0.2955782704504466,5,"sin_year, cos_year, year_fraction, flux_lag1, flux_lag12",-0.044069675846199696,0.14909646700022874
2015-03,ordinary least squares,3,2015-06,-1.6925770184595892,-0.8818818890815007,75,0.2955782704504466,4,"sin_year, cos_year, year_fraction, flux_lag12",0.8106951293780885,2.7427426520313194
2015-03,ridge,3,2015-06,-1.7258243696915379,-0.8818818890815007,75,0.2955782704504466,4,"sin_year, cos_year, year_fraction, flux_lag12",0.8439424806100372,2.8552250452102275
2015-03,random forest,3,2015-06,-1.437530880401981,-0.8818818890815007,75,0.2955782704504466,4,"sin_year, cos_year, year_fraction, flux_lag12",0.5556489913204804,1.8798709068623312
2015-03,gradient boosting,3,2015-06,-1.7839209748137403,-0.8818818890815007,75,0.2955782704504466,4,"sin_year, cos_year, year_fraction, flux_lag12",0.9020390857322397,3.0517774001369484
2015-03,ordinary least squares,6,2015-09,-0.6202950533656848,-0.5576488081893868,75,0.2955782704504466,4,"sin_year, cos_year, year_fraction, flux_lag12",0.06264624517629802,0.21194469093018325
2015-03,ridge,6,2015-09,-0.6552852926721573,-0.5576488081893868,75,0.2955782704504466,4,"sin_year, cos_year, year_fraction, flux_lag12",0.09763648448277051,0.3303236206571524
2015-03,random forest,6,2015-09,-0.3924492802423711,-0.5576488081893868,75,0.2955782704504466,4,"sin_year, cos_year, year_fraction, flux_lag12",-0.1651995279470157,0.5589028168249981
2015-03,gradient boosting,6,2015-09,-0.7295520884034917,-0.5576488081893868,75,0.2955782704504466,4,"sin_year, cos_year, year_fraction, flux_lag12",0.17190328021410495,0.581582942318909
2015-03,ordinary least squares,12,2016-03,-0.15421862759933352,-0.3472184700750804,75,0.2955782704504466,6,"sin_year, cos_year, year_fraction, flux_lag12, flux_lag13, soil_temp_f_lag12",-0.19299984247574686,0.6529568028854918
2015-03,ridge,12,2016-03,-0.18795447394069242,-0.3472184700750804,75,0.2955782704504466,6,"sin_year, cos_year, year_fraction, flux_lag12, flux_lag13, soil_temp_f_lag12",-0.15926399613438796,0.5388217337210802
2015-03,random forest,12,2016-03,-0.02173669213795787,-0.3472184700750804,75,0.2955782704504466,6,"sin_year, cos_year, year_fraction, flux_lag12, flux_lag13, soil_temp_f_lag12",-0.3254817779371225,1.101169505596959
2015-03,gradient boosting,12,2016-03,-0.22552854693458474,-0.3472184700750804,75,0.2955782704504466,6,"sin_year, cos_year, year_fraction, flux_lag12, flux_lag13, soil_temp_f_lag12",-0.12168992314049565,0.4117011813995875
2015-04,ordinary least squares,1,2015-05,-0.8439738841328661,-0.6342355885051938,76,0.2962347936906791,5,"sin_year, cos_year, year_fraction, flux_lag1, flux_lag12",0.20973829562767232,0.7080137110655399
2015-04,ridge,1,2015-05,-0.8493134787573414,-0.6342355885051938,76,0.2962347936906791,5,"sin_year, cos_year, year_fraction, flux_lag1, flux_lag12",0.21507789025214763,0.7260385843694193
2015-04,random forest,1,2015-05,-0.81607553610961,-0.6342355885051938,76,0.2962347936906791,5,"sin_year, cos_year, year_fraction, flux_lag1, flux_lag12",0.18183994760441624,0.6138372381547081
2015-04,gradient boosting,1,2015-05,-0.794696468277401,-0.6342355885051938,76,0.2962347936906791,5,"sin_year, cos_year, year_fraction, flux_lag1, flux_lag12",0.16046087977220724,0.5416679039389155
2015-04,ordinary least squares,3,2015-07,-1.6749285001489866,-1.136474650032359,76,0.2962347936906791,4,"sin_year, cos_year, year_fraction, flux_lag12",0.5384538501166276,1.8176590379821065
2015-04,ridge,3,2015-07,-1.727356135021558,-1.136474650032359,76,0.2962347936906791,4,"sin_year, cos_year, year_fraction, flux_lag12",0.590881484989199,1.9946390416454
2015-04,random forest,3,2015-07,-1.7668724339835673,-1.136474650032359,76,0.2962347936906791,4,"sin_year, cos_year, year_fraction, flux_lag12",0.6303977839512083,2.1280342396560403
2015-04,gradient boosting,3,2015-07,-1.845848086415568,-1.136474650032359,76,0.2962347936906791,4,"sin_year, cos_year, year_fraction, flux_lag12",0.7093734363832089,2.3946324047401357
2015-04,ordinary least squares,6,2015-10,-0.2899901903810741,-0.3816889985983566,76,0.2962347936906791,4,"sin_year, cos_year, year_fraction, flux_lag12",-0.09169880821728249,0.30954773095638477
2015-04,ridge,6,2015-10,-0.2991649822246342,-0.3816889985983566,76,0.2962347936906791,4,"sin_year, cos_year, year_fraction, flux_lag12",-0.08252401637372236,0.27857637972091776
2015-04,random forest,6,2015-10,-0.3815762932730267,-0.3816889985983566,76,0.2962347936906791,4,"sin_year, cos_year, year_fraction, flux_lag12",-0.00011270532532986488,0.0003804594454476841
2015-04,gradient boosting,6,2015-10,-0.2513948995957517,-0.3816889985983566,76,0.2962347936906791,4,"sin_year, cos_year, year_fraction, flux_lag12",-0.1302940990026049,0.4398338810216018
2015-04,ordinary least squares,12,2016-04,-0.49477794166382094,-0.51700802094324,76,0.2962347936906791,6,"sin_year, cos_year, year_fraction, flux_lag12, flux_lag13, soil_temp_f_lag12",-0.022230079279419113,0.07504209415262408
2015-04,ridge,12,2016-04,-0.5227296435853495,-0.51700802094324,76,0.2962347936906791,6,"sin_year, cos_year, year_fraction, flux_lag12, flux_lag13, soil_temp_f_lag12",0.005721622642109403,0.019314485549876956
2015-04,random forest,12,2016-04,-0.5118387572206592,-0.51700802094324,76,0.2962347936906791,6,"sin_year, cos_year, year_fraction, flux_lag12, flux_lag13, soil_temp_f_lag12",-0.0051692637225808635,0.017449887159367506
2015-04,gradient boosting,12,2016-04,-0.5172633613921008,-0.51700802094324,76,0.2962347936906791,6,"sin_year, cos_year, year_fraction, flux_lag12, flux_lag13, soil_temp_f_lag12",0.00025534044886077467,0.0008619529315904556
2015-05,ordinary least squares,1,2015-06,-1.674163307059288,-0.8818818890815007,77,0.29679795663240705,5,"sin_year, cos_year, year_fraction, flux_lag1, flux_lag12",0.7922814179777874,2.6694301637630584
2015-05,ridge,1,2015-06,-1.7037883484957912,-0.8818818890815007,77,0.29679795663240705,5,"sin_year, cos_year, year_fraction, flux_lag1, flux_lag12",0.8219064594142905,2.769245680596938
2015-05,random forest,1,2015-06,-1.3302137790566602,-0.8818818890815007,77,0.29679795663240705,5,"sin_year, cos_year, year_fraction, flux_lag1, flux_lag12",0.4483318899751595,1.5105625896556683
2015-05,gradient boosting,1,2015-06,-1.698182104921535,-0.8818818890815007,77,0.29679795663240705,5,"sin_year, cos_year, year_fraction, flux_lag1, flux_lag12",0.8163002158400344,2.7503565897222337
2015-05,ordinary least squares,3,2015-08,-1.5433781771026773,-1.2211042920623445,77,0.29679795663240705,4,"sin_year, cos_year, year_fraction, flux_lag12",0.32227388504033283,1.0858359292529716
2015-05,ridge,3,2015-08,-1.5273649036242865,-1.2211042920623445,77,0.29679795663240705,4,"sin_year, cos_year, year_fraction, flux_lag12",0.30626061156194195,1.0318824800443445
2015-05,random forest,3,2015-08,-1.5440764601969121,-1.2211042920623445,77,0.29679795663240705,4,"sin_year, cos_year, year_fraction, flux_lag12",0.32297216813456764,1.088188651293776
2015-05,gradient boosting,3,2015-08,-1.541431437705835,-1.2211042920623445,77,0.29679795663240705,4,"sin_year, cos_year, year_fraction, flux_lag12",0.3203271456434904,1.079276789092672
2015-05,ordinary least squares,6,2015-11,-0.2177004355871613,-0.2276627347990261,77,0.29679795663240705,4,"sin_year, cos_year, year_fraction, flux_lag12",-0.009962299211864811,0.03356592924325086
2015-05,ridge,6,2015-11,-0.22362209230739613,-0.2276627347990261,77,0.29679795663240705,4,"sin_year, cos_year, year_fraction, flux_lag12",-0.00404064249162997,0.013614118296085252
2015-05,random forest,6,2015-11,-0.280730840338406,-0.2276627347990261,77,0.29679795663240705,4,"sin_year, cos_year, year_fraction, flux_lag12",0.053068105539379906,0.1788021256666073
2015-05,gradient boosting,6,2015-11,-0.20460010510344456,-0.2276627347990261,77,0.29679795663240705,4,"sin_year, cos_year, year_fraction, flux_lag12",-0.023062629695581538,0.0777048129214221
2015-05,ordinary least squares,12,2016-05,-0.8227625737342388,-0.6435365992745102,77,0.29679795663240705,6,"sin_year, cos_year, year_fraction, flux_lag12, flux_lag13, soil_temp_f_lag12",0.17922597445972854,0.6038652573397099
2015-05,ridge,12,2016-05,-0.8420473285211614,-0.6435365992745102,77,0.29679795663240705,6,"sin_year, cos_year, year_fraction, flux_lag12, flux_lag13, soil_temp_f_lag12",0.19851072924665114,0.6688412935824639
2015-05,random forest,12,2016-05,-0.8936321786131733,-0.6435365992745102,77,0.29679795663240705,6,"sin_year, cos_year, year_fraction, flux_lag12, flux_lag13, soil_temp_f_lag12",0.2500955793386631,0.842645893443309
2015-05,gradient boosting,12,2016-05,-0.824205968030098,-0.6435365992745102,77,0.29679795663240705,6,"sin_year, cos_year, year_fraction, flux_lag12, flux_lag13, soil_temp_f_lag12",0.1806693687555878,0.6087284791497136
2015-06,ordinary least squares,1,2015-07,-1.3904248673947126,-1.136474650032359,78,0.3117779745840522,5,"sin_year, cos_year, year_fraction, flux_lag1, flux_lag12",0.25395021736235357,0.8145226349011744
2015-06,ridge,1,2015-07,-1.4735288086999385,-1.136474650032359,78,0.3117779745840522,5,"sin_year, cos_year, year_fraction, flux_lag1, flux_lag12",0.3370541586675795,1.0810711023357202
2015-06,random forest,1,2015-07,-1.3130901158596617,-1.136474650032359,78,0.3117779745840522,5,"sin_year, cos_year, year_fraction, flux_lag1, flux_lag12",0.1766154658273027,0.5664783282492232
2015-06,gradient boosting,1,2015-07,-1.793250612038022,-1.136474650032359,78,0.3117779745840522,5,"sin_year, cos_year, year_fraction, flux_lag1, flux_lag12",0.656775962005663,2.106550223382129
2015-06,ordinary least squares,3,2015-09,-0.6635004088594997,-0.5576488081893868,78,0.3117779745840522,4,"sin_year, cos_year, year_fraction, flux_lag12",0.1058516006701129,0.3395095526274143
2015-06,ridge,3,2015-09,-0.690903109211513,-0.5576488081893868,78,0.3117779745840522,4,"sin_year, cos_year, year_fraction, flux_lag12",0.1332543010221262,0.4274012659165639
2015-06,random forest,3,2015-09,-0.37711641401451407,-0.5576488081893868,78,0.3117779745840522,4,"sin_year, cos_year, year_fraction, flux_lag12",-0.1805323941748727,0.5790415259952977
2015-06,gradient boosting,3,2015-09,-0.762776838727746,-0.5576488081893868,78,0.3117779745840522,4,"sin_year, cos_year, year_fraction, flux_lag12",0.20512803053835926,0.6579298323174487
2015-06,ordinary least squares,6,2015-12,-0.2388740705265923,-0.3217976024822695,78,0.3117779745840522,4,"sin_year, cos_year, year_fraction, flux_lag12",-0.08292353195567723,0.26596982056319657
2015-06,ridge,6,2015-12,-0.23765666740986927,-0.3217976024822695,78,0.3117779745840522,4,"sin_year, cos_year, year_fraction, flux_lag12",-0.08414093507240025,0.26987453230028186
2015-06,random forest,6,2015-12,-0.24772963344210563,-0.3217976024822695,78,0.3117779745840522,4,"sin_year, cos_year, year_fraction, flux_lag12",-0.07406796904016388,0.23756639364592416
2015-06,gradient boosting,6,2015-12,-0.2621524664940366,-0.3217976024822695,78,0.3117779745840522,4,"sin_year, cos_year, year_fraction, flux_lag12",-0.0596451359882329,0.1913064451323298
2015-06,ordinary least squares,12,2016-06,-2.0121133526729986,-1.463420618348939,78,0.3117779745840522,7,"sin_year, cos_year, year_fraction, flux_lag12, flux_lag13, soil_temp_f_lag12, precip_in_lag12",0.5486927343240595,1.7598829264834341
2015-06,ridge,12,2016-06,-1.9810411154094976,-1.463420618348939,78,0.3117779745840522,7,"sin_year, cos_year, year_fraction, flux_lag12, flux_lag13, soil_temp_f_lag12, precip_in_lag12",0.5176204970605585,1.6602215013781005
2015-06,random forest,12,2016-06,-1.8743659230134608,-1.463420618348939,78,0.3117779745840522,7,"sin_year, cos_year, year_fraction, flux_lag12, flux_lag13, soil_temp_f_lag12, precip_in_lag12",0.4109453046645217,1.3180703518674473
2015-06,gradient boosting,12,2016-06,-1.7943415305971295,-1.463420618348939,78,0.3117779745840522,7,"sin_year, cos_year, year_fraction, flux_lag12, flux_lag13, soil_temp_f_lag12, precip_in_lag12",0.3309209122481904,1.0613992623746982
2015-07,ordinary least squares,1,2015-08,-1.2607362504190815,-1.2211042920623445,79,0.3281817640857869,5,"sin_year, cos_year, year_fraction, flux_lag1, flux_lag12",0.03963195835673705,0.12076221988488438
2015-07,ridge,1,2015-08,-1.2892464126668994,-1.2211042920623445,79,0.3281817640857869,5,"sin_year, cos_year, year_fraction, flux_lag1, flux_lag12",0.06814212060455493,0.20763530476587524
2015-07,random forest,1,2015-08,-1.4891118139270938,-1.2211042920623445,79,0.3281817640857869,5,"sin_year, cos_year, year_fraction, flux_lag1, flux_lag12",0.2680075218647493,0.816643553036335
2015-07,gradient boosting,1,2015-08,-1.4324926366569382,-1.2211042920623445,79,0.3281817640857869,5,"sin_year, cos_year, year_fraction, flux_lag1, flux_lag12",0.21138834459459366,0.644119715741843
2015-07,ordinary least squares,3,2015-10,-0.32693358039931025,-0.3816889985983566,79,0.3281817640857869,4,"sin_year, cos_year, year_fraction, flux_lag12",-0.054755418199046335,0.1668447920973855
2015-07,ridge,3,2015-10,-0.33320300230888455,-0.3816889985983566,79,0.3281817640857869,4,"sin_year, cos_year, year_fraction, flux_lag12",-0.04848599628947203,0.14774128728492594
2015-07,random forest,3,2015-10,-0.4417087801247858,-0.3816889985983566,79,0.3281817640857869,4,"sin_year, cos_year, year_fraction, flux_lag12",0.06001978152642923,0.18288579102993674
2015-07,gradient boosting,3,2015-10,-0.42917301657524765,-0.3816889985983566,79,0.3281817640857869,4,"sin_year, cos_year, year_fraction, flux_lag12",0.04748401797689106,0.14468816726964362
2015-07,ordinary least squares,6,2016-01,0.013025838712867138,-0.0689653552083333,79,0.3281817640857869,6,"sin_year, cos_year, year_fraction, flux_lag12, atm_temp_f_lag6, precip_in_lag7",-0.08199119392120044,0.2498347040994267
2015-07,ridge,6,2016-01,-0.04668077593290712,-0.0689653552083333,79,0.3281817640857869,6,"sin_year, cos_year, year_fraction, flux_lag12, atm_temp_f_lag6, precip_in_lag7",-0.02228457927542618,0.06790316133958307
2015-07,random forest,6,2016-01,-0.07798154071214922,-0.0689653552083333,79,0.3281817640857869,6,"sin_year, cos_year, year_fraction, flux_lag12, atm_temp_f_lag6, precip_in_lag7",0.009016185503815916,0.027473145952921014
2015-07,gradient boosting,6,2016-01,-0.11403931287027237,-0.0689653552083333,79,0.3281817640857869,6,"sin_year, cos_year, year_fraction, flux_lag12, atm_temp_f_lag6, precip_in_lag7",0.04507395766193907,0.13734449196926343
2015-07,ordinary least squares,12,2016-07,-2.3929254768092707,-1.237419493203218,79,0.3281817640857869,6,"sin_year, cos_year, year_fraction, flux_lag12, flux_lag13, soil_temp_f_lag12",1.1555059836060526,3.5209329403933687
2015-07,ridge,12,2016-07,-2.310087310026889,-1.237419493203218,79,0.3281817640857869,6,"sin_year, cos_year, year_fraction, flux_lag12, flux_lag13, soil_temp_f_lag12",1.0726678168236707,3.268517432136402
2015-07,random forest,12,2016-07,-2.081176947143244,-1.237419493203218,79,0.3281817640857869,6,"sin_year, cos_year, year_fraction, flux_lag12, flux_lag13, soil_temp_f_lag12",0.8437574539400259,2.571006516131308
2015-07,gradient boosting,12,2016-07,-1.997521516440781,-1.237419493203218,79,0.3281817640857869,6,"sin_year, cos_year, year_fraction, flux_lag12, flux_lag13, soil_temp_f_lag12",0.7601020232375628,2.316100729591031
2015-08,ordinary least squares,1,2015-09,-0.6128230901878177,-0.5576488081893868,80,0.32394015744188437,5,"sin_year, cos_year, year_fraction, flux_lag1, flux_lag12",0.055174281998430885,0.17032245225209314
2015-08,ridge,1,2015-09,-0.6368241054891286,-0.5576488081893868,80,0.32394015744188437,5,"sin_year, cos_year, year_fraction, flux_lag1, flux_lag12",0.07917529729974182,0.2444133445046746
2015-08,random forest,1,2015-09,-0.377872466405215,-0.5576488081893868,80,0.32394015744188437,5,"sin_year, cos_year, year_fraction, flux_lag1, flux_lag12",-0.1797763417841718,0.5549677545502338
2015-08,gradient boosting,1,2015-09,-0.6144529658471385,-0.5576488081893868,80,0.32394015744188437,5,"sin_year, cos_year, year_fraction, flux_lag1, flux_lag12",0.05680415765775171,0.17535386197971614
2015-08,ordinary least squares,3,2015-11,-0.22434620170713818,-0.2276627347990261,80,0.32394015744188437,4,"sin_year, cos_year, year_fraction, flux_lag12",-0.0033165330918879243,0.01023810421677318
2015-08,ridge,3,2015-11,-0.23521813246456102,-0.2276627347990261,80,0.32394015744188437,4,"sin_year, cos_year, year_fraction, flux_lag12",0.007555397665534924,0.023323436418624267
2015-08,random forest,3,2015-11,-0.25643014565397093,-0.2276627347990261,80,0.32394015744188437,4,"sin_year, cos_year, year_fraction, flux_lag12",0.02876741085494483,0.08880470727098962
2015-08,gradient boosting,3,2015-11,-0.19176426122352985,-0.2276627347990261,80,0.32394015744188437,4,"sin_year, cos_year, year_fraction, flux_lag12",-0.03589847357549625,0.11081822599267126
2015-08,ordinary least squares,6,2016-02,-0.06233185755519552,0.0272336897772366,80,0.32394015744188437,6,"sin_year, cos_year, year_fraction, flux_lag12, atm_temp_f_lag6, precip_in_lag7",0.08956554733243212,0.27648794159921464
2015-08,ridge,6,2016-02,-0.09441161119404887,0.0272336897772366,80,0.32394015744188437,6,"sin_year, cos_year, year_fraction, flux_lag12, atm_temp_f_lag6, precip_in_lag7",0.12164530097128547,0.37551781764849246
2015-08,random forest,6,2016-02,-0.10792433510807489,0.0272336897772366,80,0.32394015744188437,6,"sin_year, cos_year, year_fraction, flux_lag12, atm_temp_f_lag6, precip_in_lag7",0.13515802488531148,0.4172314601333709
2015-08,gradient boosting,6,2016-02,-0.175915725642896,0.0272336897772366,80,0.32394015744188437,6,"sin_year, cos_year, year_fraction, flux_lag12, atm_temp_f_lag6, precip_in_lag7",0.2031494154201326,0.6271201972129006
2015-08,ordinary least squares,12,2016-08,-1.9087893478480344,-1.6186291400790251,80,0.32394015744188437,9,"sin_year, cos_year, year_fraction, flux_lag12, flux_lag13, flux_lag14, soil_temp_f_lag12, atm_temp_f_lag12, precip_in_lag12",0.2901602077690093,0.8957216359353802
2015-08,ridge,12,2016-08,-1.8515683495162345,-1.6186291400790251,80,0.32394015744188437,9,"sin_year, cos_year, year_fraction, flux_lag12, flux_lag13, flux_lag14, soil_temp_f_lag12, atm_temp_f_lag12, precip_in_lag12",0.23293920943720936,0.7190809909975401
2015-08,random forest,12,2016-08,-1.6972167074190425,-1.6186291400790251,80,0.32394015744188437,9,"sin_year, cos_year, year_fraction, flux_lag12, flux_lag13, flux_lag14, soil_temp_f_lag12, atm_temp_f_lag12, precip_in_lag12",0.07858756734001737,0.2425990280446047
2015-08,gradient boosting,12,2016-08,-1.607786417815764,-1.6186291400790251,80,0.32394015744188437,9,"sin_year, cos_year, year_fraction, flux_lag12, flux_lag13, flux_lag14, soil_temp_f_lag12, atm_temp_f_lag12, precip_in_lag12",-0.010842722263261217,0.0334713743084058
2015-09,ordinary least squares,1,2015-10,-0.2473021568144101,-0.3816889985983566,81,0.3271518652783143,5,"sin_year, cos_year, year_fraction, flux_lag1, flux_lag12",-0.1343868417839465,0.4107781616027806
2015-09,ridge,1,2015-10,-0.2609132814762463,-0.3816889985983566,81,0.3271518652783143,5,"sin_year, cos_year, year_fraction, flux_lag1, flux_lag12",-0.12077571712211027,0.3691732493084338
2015-09,random forest,1,2015-10,-0.31117043574364156,-0.3816889985983566,81,0.3271518652783143,5,"sin_year, cos_year, year_fraction, flux_lag1, flux_lag12",-0.07051856285471503,0.21555299033592104
2015-09,gradient boosting,1,2015-10,-0.19898098138110842,-0.3816889985983566,81,0.3271518652783143,5,"sin_year, cos_year, year_fraction, flux_lag1, flux_lag12",-0.18270801721724816,0.5584807442923029
2015-09,ordinary least squares,3,2015-12,-0.21714490502093992,-0.3217976024822695,81,0.3271518652783143,4,"sin_year, cos_year, year_fraction, flux_lag12",-0.1046526974613296,0.31989026677961796
2015-09,ridge,3,2015-12,-0.2300572401832942,-0.3217976024822695,81,0.3271518652783143,4,"sin_year, cos_year, year_fraction, flux_lag12",-0.09174036229897531,0.28042133344075554
2015-09,random forest,3,2015-12,-0.24247650666428988,-0.3217976024822695,81,0.3271518652783143,4,"sin_year, cos_year, year_fraction, flux_lag12",-0.07932109581797964,0.2424595554437682
2015-09,gradient boosting,3,2015-12,-0.24678958046177266,-0.3217976024822695,81,0.3271518652783143,4,"sin_year, cos_year, year_fraction, flux_lag12",-0.07500802202049686,0.22927585009086257
2015-09,ordinary least squares,6,2016-03,-0.3369217496826282,-0.3472184700750804,81,0.3271518652783143,6,"sin_year, cos_year, year_fraction, flux_lag12, atm_temp_f_lag6, precip_in_lag7",-0.010296720392452163,0.03147382449949521
2015-09,ridge,6,2016-03,-0.28700135468537036,-0.3472184700750804,81,0.3271518652783143,6,"sin_year, cos_year, year_fraction, flux_lag12, atm_temp_f_lag6, precip_in_lag7",-0.06021711538971003,0.18406471666753965
2015-09,random forest,6,2016-03,-0.36437473275130755,-0.3472184700750804,81,0.3271518652783143,6,"sin_year, cos_year, year_fraction, flux_lag12, atm_temp_f_lag6, precip_in_lag7",0.017156262676227163,0.05244128032597951
2015-09,gradient boosting,6,2016-03,-0.2891636869846853,-0.3472184700750804,81,0.3271518652783143,6,"sin_year, cos_year, year_fraction, flux_lag12, atm_temp_f_lag6, precip_in_lag7",-0.05805478309039508,0.1774551492806155
2015-09,ordinary least squares,12,2016-09,-0.9866236726228126,-0.6788522260079829,81,0.3271518652783143,6,"sin_year, cos_year, year_fraction, flux_lag12, flux_lag13, soil_temp_f_lag12",0.3077714466148297,0.9407601767851841
2015-09,ridge,12,2016-09,-0.951780619790876,-0.6788522260079829,81,0.3271518652783143,6,"sin_year, cos_year, year_fraction, flux_lag12, flux_lag13, soil_temp_f_lag12",0.27292839378289313,0.8342559610678294
2015-09,random forest,12,2016-09,-1.0198902152427272,-0.6788522260079829,81,0.3271518652783143,6,"sin_year, cos_year, year_fraction, flux_lag12, flux_lag13, soil_temp_f_lag12",0.34103798923474427,1.042445498345598
2015-09,gradient boosting,12,2016-09,-0.8169590743936264,-0.6788522260079829,81,0.3271518652783143,6,"sin_year, cos_year, year_fraction, flux_lag12, flux_lag13, soil_temp_f_lag12",0.13810684838564347,0.42214904771566364
2015-10,ordinary least squares,1,2015-11,-0.24549417791599631,-0.2276627347990261,82,0.3229240243518584,5,"sin_year, cos_year, year_fraction, flux_lag1, flux_lag12",0.017831443116970214,0.055218694715451246
2015-10,ridge,1,2015-11,-0.2508905018037046,-0.2276627347990261,82,0.3229240243518584,5,"sin_year, cos_year, year_fraction, flux_lag1, flux_lag12",0.02322776700467849,0.07192951051349926
2015-10,random forest,1,2015-11,-0.26536556557114727,-0.2276627347990261,82,0.3229240243518584,5,"sin_year, cos_year, year_fraction, flux_lag1, flux_lag12",0.037702830772121165,0.11675449309723737
2015-10,gradient boosting,1,2015-11,-0.2610809221955254,-0.2276627347990261,82,0.3229240243518584,5,"sin_year, cos_year, year_fraction, flux_lag1, flux_lag12",0.03341818739649932,0.10348622238179103
2015-10,ordinary least squares,3,2016-01,-0.0416016231345234,-0.0689653552083333,82,0.3229240243518584,4,"sin_year, cos_year, year_fraction, flux_lag12",-0.027363732073809904,0.08473736857680911
2015-10,ridge,3,2016-01,-0.08118301719084953,-0.0689653552083333,82,0.3229240243518584,4,"sin_year, cos_year, year_fraction, flux_lag12",0.012217661982516226,0.037834478270975115
2015-10,random forest,3,2016-01,0.03458697488637577,-0.0689653552083333,82,0.3229240243518584,4,"sin_year, cos_year, year_fraction, flux_lag12",-0.10355233009470907,0.32067087700442604
2015-10,gradient boosting,3,2016-01,-0.13824860036393724,-0.0689653552083333,82,0.3229240243518584,4,"sin_year, cos_year, year_fraction, flux_lag12",0.06928324515560394,0.2145496771095384
2015-10,ordinary least squares,6,2016-04,-0.7076284346621592,-0.51700802094324,82,0.3229240243518584,6,"sin_year, cos_year, year_fraction, flux_lag12, atm_temp_f_lag6, precip_in_lag7",0.19062041371891913,0.5902949280454244
2015-10,ridge,6,2016-04,-0.6215217369166863,-0.51700802094324,82,0.3229240243518584,6,"sin_year, cos_year, year_fraction, flux_lag12, atm_temp_f_lag6, precip_in_lag7",0.10451371597344628,0.3236480041496324
2015-10,random forest,6,2016-04,-0.6819943025074373,-0.51700802094324,82,0.3229240243518584,6,"sin_year, cos_year, year_fraction, flux_lag12, atm_temp_f_lag6, precip_in_lag7",0.16498628156419726,0.5109136178249408
2015-10,gradient boosting,6,2016-04,-0.6018575576828482,-0.51700802094324,82,0.3229240243518584,6,"sin_year, cos_year, year_fraction, flux_lag12, atm_temp_f_lag6, precip_in_lag7",0.08484953673960816,0.2627538688393032
2015-10,ordinary least squares,12,2016-10,-0.450327312605336,-0.3350339007469212,82,0.3229240243518584,9,"sin_year, cos_year, year_fraction, flux_lag12, flux_lag13, flux_lag14, soil_temp_f_lag12, atm_temp_f_lag12, precip_in_lag12",0.1152934118584148,0.35702952757949946
2015-10,ridge,12,2016-10,-0.4396953297964945,-0.3350339007469212,82,0.3229240243518584,9,"sin_year, cos_year, year_fraction, flux_lag12, flux_lag13, flux_lag14, soil_temp_f_lag12, atm_temp_f_lag12, precip_in_lag12",0.10466142904957332,0.32410542776939416
2015-10,random forest,12,2016-10,-0.4147595439794359,-0.3350339007469212,82,0.3229240243518584,9,"sin_year, cos_year, year_fraction, flux_lag12, flux_lag13, flux_lag14, soil_temp_f_lag12, atm_temp_f_lag12, precip_in_lag12",0.07972564323251469,0.2468866891911564
2015-10,gradient boosting,12,2016-10,-0.4012925411637159,-0.3350339007469212,82,0.3229240243518584,9,"sin_year, cos_year, year_fraction, flux_lag12, flux_lag13, flux_lag14, soil_temp_f_lag12, atm_temp_f_lag12, precip_in_lag12",0.06625864041679469,0.205183372620797
2015-11,ordinary least squares,1,2015-12,-0.20215646227893508,-0.3217976024822695,83,0.31992816589185175,5,"sin_year, cos_year, year_fraction, flux_lag1, flux_lag12",-0.11964114020333444,0.3739625108336908
2015-11,ridge,1,2015-12,-0.2145851219061113,-0.3217976024822695,83,0.31992816589185175,5,"sin_year, cos_year, year_fraction, flux_lag1, flux_lag12",-0.10721248057615823,0.3351142287747189
2015-11,random forest,1,2015-12,-0.2410812264625747,-0.3217976024822695,83,0.31992816589185175,5,"sin_year, cos_year, year_fraction, flux_lag1, flux_lag12",-0.08071637601969481,0.25229531071353095
2015-11,gradient boosting,1,2015-12,-0.19645479328342624,-0.3217976024822695,83,0.31992816589185175,5,"sin_year, cos_year, year_fraction, flux_lag1, flux_lag12",-0.12534280919884327,0.39178422709182176
2015-11,ordinary least squares,3,2016-02,-0.03904769985175727,0.0272336897772366,83,0.31992816589185175,4,"sin_year, cos_year, year_fraction, flux_lag12",0.06628138962899387,0.20717584975434633
2015-11,ridge,3,2016-02,-0.0794655720071426,0.0272336897772366,83,0.31992816589185175,4,"sin_year, cos_year, year_fraction, flux_lag12",0.1066992617843792,0.333510059944043
2015-11,random forest,3,2016-02,0.021241456144054233,0.0272336897772366,83,0.31992816589185175,4,"sin_year, cos_year, year_fraction, flux_lag12",0.005992233633182367,0.018729934629162902
2015-11,gradient boosting,3,2016-02,-0.1489015020580816,0.0272336897772366,83,0.31992816589185175,4,"sin_year, cos_year, year_fraction, flux_lag12",0.17613519183531817,0.5505460619396004
2015-11,ordinary least squares,6,2016-05,-0.8598086213389271,-0.6435365992745102,83,0.31992816589185175,6,"sin_year, cos_year, year_fraction, flux_lag12, atm_temp_f_lag6, precip_in_lag7",0.21627202206441687,0.6760018189130784
2015-11,ridge,6,2016-05,-0.8510202075825164,-0.6435365992745102,83,0.31992816589185175,6,"sin_year, cos_year, year_fraction, flux_lag12, atm_temp_f_lag6, precip_in_lag7",0.20748360830800616,0.6485318594241676
2015-11,random forest,6,2016-05,-0.9196884105389541,-0.6435365992745102,83,0.31992816589185175,6,"sin_year, cos_year, year_fraction, flux_lag12, atm_temp_f_lag6, precip_in_lag7",0.2761518112644439,0.8631681755641172
2015-11,gradient boosting,6,2016-05,-0.8588519316039221,-0.6435365992745102,83,0.31992816589185175,6,"sin_year, cos_year, year_fraction, flux_lag12, atm_temp_f_lag6, precip_in_lag7",0.2153153323294119,0.6730114922179028
2015-11,ordinary least squares,12,2016-11,-0.3728002050563356,-0.0458666744633838,83,0.31992816589185175,9,"sin_year, cos_year, year_fraction, flux_lag12, flux_lag13, flux_lag14, soil_temp_f_lag12, atm_temp_f_lag12, precip_in_lag12",0.3269335305929518,1.021896680092456
2015-11,ridge,12,2016-11,-0.3426019914614786,-0.0458666744633838,83,0.31992816589185175,9,"sin_year, cos_year, year_fraction, flux_lag12, flux_lag13, flux_lag14, soil_temp_f_lag12, atm_temp_f_lag12, precip_in_lag12",0.29673531699809486,0.9275060736553061
2015-11,random forest,12,2016-11,-0.360910345000973,-0.0458666744633838,83,0.31992816589185175,9,"sin_year, cos_year, year_fraction, flux_lag12, flux_lag13, flux_lag14, soil_temp_f_lag12, atm_temp_f_lag12, precip_in_lag12",0.3150436705375892,0.9847325247508414
2015-11,gradient boosting,12,2016-11,-0.530213783881254,-0.0458666744633838,83,0.31992816589185175,9,"sin_year, cos_year, year_fraction, flux_lag12, flux_lag13, flux_lag14, soil_temp_f_lag12, atm_temp_f_lag12, precip_in_lag12",0.4843471094178702,1.5139245651212794
2015-12,ordinary least squares,1,2016-01,-0.12175237530498526,-0.0689653552083333,84,0.3155420199508126,5,"sin_year, cos_year, year_fraction, flux_lag1, flux_lag12",0.052787020096651954,0.16728998598944292
2015-12,ridge,1,2016-01,-0.13661319540183897,-0.0689653552083333,84,0.3155420199508126,5,"sin_year, cos_year, year_fraction, flux_lag1, flux_lag12",0.06764784019350567,0.214386154351331
2015-12,random forest,1,2016-01,-0.10645168355486226,-0.0689653552083333,84,0.3155420199508126,5,"sin_year, cos_year, year_fraction, flux_lag1, flux_lag12",0.03748632834652896,0.11879979836717915
2015-12,gradient boosting,1,2016-01,-0.2530573454615338,-0.0689653552083333,84,0.3155420199508126,5,"sin_year, cos_year, year_fraction, flux_lag1, flux_lag12",0.1840919902532005,0.583415135270723
2015-12,ordinary least squares,3,2016-03,-0.2615808338390186,-0.3472184700750804,84,0.3155420199508126,4,"sin_year, cos_year, year_fraction, flux_lag12",-0.0856376362360618,0.2713985169056444
2015-12,ridge,3,2016-03,-0.2722426766935051,-0.3472184700750804,84,0.3155420199508126,4,"sin_year, cos_year, year_fraction, flux_lag12",-0.07497579338157528,0.23760953737084742
2015-12,random forest,3,2016-03,-0.2699420916413958,-0.3472184700750804,84,0.3155420199508126,4,"sin_year, cos_year, year_fraction, flux_lag12",-0.07727637843368457,0.24490043654322358
2015-12,gradient boosting,3,2016-03,-0.23569148572938342,-0.3472184700750804,84,0.3155420199508126,4,"sin_year, cos_year, year_fraction, flux_lag12",-0.11152698434569697,0.353445745080424
2015-12,ordinary least squares,6,2016-06,-2.0742320651395745,-1.463420618348939,84,0.3155420199508126,6,"sin_year, cos_year, year_fraction, flux_lag12, atm_temp_f_lag6, precip_in_lag7",0.6108114467906354,1.935753111062197
2015-12,ridge,6,2016-06,-1.9949801050980498,-1.463420618348939,84,0.3155420199508126,6,"sin_year, cos_year, year_fraction, flux_lag12, atm_temp_f_lag6, precip_in_lag7",0.5315594867491107,1.6845917600197
2015-12,random forest,6,2016-06,-1.927580714417669,-1.463420618348939,84,0.3155420199508126,6,"sin_year, cos_year, year_fraction, flux_lag12, atm_temp_f_lag6, precip_in_lag7",0.46416009606873,1.470992979448773
2015-12,gradient boosting,6,2016-06,-1.8579996066046596,-1.463420618348939,84,0.3155420199508126,6,"sin_year, cos_year, year_fraction, flux_lag12, atm_temp_f_lag6, precip_in_lag7",0.39457898825572046,1.2504800099753064
2015-12,ordinary least squares,12,2016-12,-0.2854932995903927,0.082523546069671,84,0.3155420199508126,8,"sin_year, cos_year, year_fraction, flux_lag12, flux_lag13, flux_lag14, soil_temp_f_lag12, precip_in_lag12",0.3680168456600637,1.1663005951392178
2015-12,ridge,12,2016-12,-0.26312968141446863,0.082523546069671,84,0.3155420199508126,8,"sin_year, cos_year, year_fraction, flux_lag12, flux_lag13, flux_lag14, soil_temp_f_lag12, precip_in_lag12",0.3456532274841396,1.0954269340673575
2015-12,random forest,12,2016-12,-0.2536626234162239,0.082523546069671,84,0.3155420199508126,8,"sin_year, cos_year, year_fraction, flux_lag12, flux_lag13, flux_lag14, soil_temp_f_lag12, precip_in_lag12",0.3361861694858949,1.065424406988015
2015-12,gradient boosting,12,2016-12,-0.35082230446280593,0.082523546069671,84,0.3155420199508126,8,"sin_year, cos_year, year_fraction, flux_lag12, flux_lag13, flux_lag14, soil_temp_f_lag12, precip_in_lag12",0.43334585053247693,1.3733380124777925
2016-01,ordinary least squares,1,2016-02,-0.0393774661133626,0.0272336897772366,85,0.31851281223364014,5,"sin_year, cos_year, year_fraction, flux_lag1, flux_lag12",0.0666111558905992,0.2091317941764227
2016-01,ridge,1,2016-02,-0.06560209993707147,0.0272336897772366,85,0.31851281223364014,5,"sin_year, cos_year, year_fraction, flux_lag1, flux_lag12",0.09283578971430807,0.2914664219102427
2016-01,random forest,1,2016-02,0.23515538836374408,0.0272336897772366,85,0.31851281223364014,5,"sin_year, cos_year, year_fraction, flux_lag1, flux_lag12",-0.2079216985865075,0.6527891205644493
2016-01,gradient boosting,1,2016-02,-0.02861552026838865,0.0272336897772366,85,0.31851281223364014,5,"sin_year, cos_year, year_fraction, flux_lag1, flux_lag12",0.05584921004562525,0.1753436844627083
2016-01,ordinary least squares,3,2016-04,-0.5538551231183526,-0.51700802094324,85,0.31851281223364014,4,"sin_year, cos_year, year_fraction, flux_lag12",0.036847102175112556,0.11568483514592165
2016-01,ridge,3,2016-04,-0.5571796723166977,-0.51700802094324,85,0.31851281223364014,4,"sin_year, cos_year, year_fraction, flux_lag12",0.040171651373457684,0.12612256031945865
2016-01,random forest,3,2016-04,-0.6474473297941774,-0.51700802094324,85,0.31851281223364014,4,"sin_year, cos_year, year_fraction, flux_lag12",0.13043930885093735,0.4095260970389336
2016-01,gradient boosting,3,2016-04,-0.6268974193940638,-0.51700802094324,85,0.31851281223364014,4,"sin_year, cos_year, year_fraction, flux_lag12",0.1098893984508238,0.34500778062960974
2016-01,ordinary least squares,6,2016-07,-2.151416843841814,-1.237419493203218,85,0.31851281223364014,6,"sin_year, cos_year, year_fraction, flux_lag12, atm_temp_f_lag6, precip_in_lag7",0.9139973506385959,2.869577974678605
2016-01,ridge,6,2016-07,-2.0881884425882262,-1.237419493203218,85,0.31851281223364014,6,"sin_year, cos_year, year_fraction, flux_lag12, atm_temp_f_lag6, precip_in_lag7",0.8507689493850081,2.6710666469546593
2016-01,random forest,6,2016-07,-2.047214908679766,-1.237419493203218,85,0.31851281223364014,6,"sin_year, cos_year, year_fraction, flux_lag12, atm_temp_f_lag6, precip_in_lag7",0.8097954154765479,2.5424265033412063
2016-01,gradient boosting,6,2016-07,-1.9309500988682509,-1.237419493203218,85,0.31851281223364014,6,"sin_year, cos_year, year_fraction, flux_lag12, atm_temp_f_lag6, precip_in_lag7",0.6935306056650328,2.177402537755072
2016-01,ordinary least squares,12,2017-01,-0.2991272835303326,-0.0669318519161353,85,0.31851281223364014,9,"sin_year, cos_year, year_fraction, flux_lag12, flux_lag13, flux_lag14, soil_temp_f_lag12, atm_temp_f_lag12, precip_in_lag12",0.23219543161419728,0.7289987174640683
2016-01,ridge,12,2017-01,-0.2866968749583503,-0.0669318519161353,85,0.31851281223364014,9,"sin_year, cos_year, year_fraction, flux_lag12, flux_lag13, flux_lag14, soil_temp_f_lag12, atm_temp_f_lag12, precip_in_lag12",0.21976502304221499,0.6899723169723224
2016-01,random forest,12,2017-01,-0.1732617921346007,-0.0669318519161353,85,0.31851281223364014,9,"sin_year, cos_year, year_fraction, flux_lag12, flux_lag13, flux_lag14, soil_temp_f_lag12, atm_temp_f_lag12, precip_in_lag12",0.1063299402184654,0.3338325371365869
2016-01,gradient boosting,12,2017-01,-0.30211780746863015,-0.0669318519161353,85,0.31851281223364014,9,"sin_year, cos_year, year_fraction, flux_lag12, flux_lag13, flux_lag14, soil_temp_f_lag12, atm_temp_f_lag12, precip_in_lag12",0.23518595555249486,0.738387739894048
2016-02,ordinary least squares,1,2016-03,-0.1792846809859805,-0.3472184700750804,86,0.3229543186650583,5,"sin_year, cos_year, year_fraction, flux_lag1, flux_lag12",-0.1679337890890999,0.5199923932996451
2016-02,ridge,1,2016-03,-0.19803308295005329,-0.3472184700750804,86,0.3229543186650583,5,"sin_year, cos_year, year_fraction, flux_lag1, flux_lag12",-0.1491853871250271,0.46193959486805913
2016-02,random forest,1,2016-03,-0.17914778794598263,-0.3472184700750804,86,0.3229543186650583,5,"sin_year, cos_year, year_fraction, flux_lag1, flux_lag12",-0.16807068212909776,0.5204162707091924
2016-02,gradient boosting,1,2016-03,-0.09770200391450004,-0.3472184700750804,86,0.3229543186650583,5,"sin_year, cos_year, year_fraction, flux_lag1, flux_lag12",-0.24951646616058035,0.772606067607222
2016-02,ordinary least squares,3,2016-05,-0.9325258399992631,-0.6435365992745102,86,0.3229543186650583,4,"sin_year, cos_year, year_fraction, flux_lag12",0.28898924072475285,0.8948300859369178
2016-02,ridge,3,2016-05,-0.9119601085169626,-0.6435365992745102,86,0.3229543186650583,4,"sin_year, cos_year, year_fraction, flux_lag12",0.2684235092424524,0.8311500844825029
2016-02,random forest,3,2016-05,-0.8782128397180148,-0.6435365992745102,86,0.3229543186650583,4,"sin_year, cos_year, year_fraction, flux_lag12",0.23467624044350455,0.7266545975094746
2016-02,gradient boosting,3,2016-05,-0.9036616028749256,-0.6435365992745102,86,0.3229543186650583,4,"sin_year, cos_year, year_fraction, flux_lag12",0.26012500360041535,0.805454482465663
2016-02,ordinary least squares,6,2016-08,-1.4792771197362828,-1.6186291400790251,86,0.3229543186650583,6,"sin_year, cos_year, year_fraction, flux_lag12, atm_temp_f_lag6, precip_in_lag7",-0.1393520203427423,0.43149142862915785
2016-02,ridge,6,2016-08,-1.481991432456859,-1.6186291400790251,86,0.3229543186650583,6,"sin_year, cos_year, year_fraction, flux_lag12, atm_temp_f_lag6, precip_in_lag7",-0.1366377076221661,0.4230867950209252
2016-02,random forest,6,2016-08,-1.467597016855311,-1.6186291400790251,86,0.3229543186650583,6,"sin_year, cos_year, year_fraction, flux_lag12, atm_temp_f_lag6, precip_in_lag7",-0.15103212322371418,0.4676578528133952
2016-02,gradient boosting,6,2016-08,-1.4734290537542185,-1.6186291400790251,86,0.3229543186650583,6,"sin_year, cos_year, year_fraction, flux_lag12, atm_temp_f_lag6, precip_in_lag7",-0.14520008632480663,0.44959945705323184
2016-02,ordinary least squares,12,2017-02,-0.3631863951096511,-0.0086235809712641,86,0.3229543186650583,9,"sin_year, cos_year, year_fraction, flux_lag12, flux_lag13, flux_lag14, soil_temp_f_lag12, atm_temp_f_lag12, precip_in_lag12",0.35456281413838703,1.0978729611171743
2016-02,ridge,12,2017-02,-0.3338596550118801,-0.0086235809712641,86,0.3229543186650583,9,"sin_year, cos_year, year_fraction, flux_lag12, flux_lag13, flux_lag14, soil_temp_f_lag12, atm_temp_f_lag12, precip_in_lag12",0.325236074040616,1.007065257355868
2016-02,random forest,12,2017-02,-0.2237350762282752,-0.0086235809712641,86,0.3229543186650583,9,"sin_year, cos_year, year_fraction, flux_lag12, flux_lag13, flux_lag14, soil_temp_f_lag12, atm_temp_f_lag12, precip_in_lag12",0.21511149525701112,0.6660740631869583
2016-02,gradient boosting,12,2017-02,-0.2679273736242455,-0.0086235809712641,86,0.3229543186650583,9,"sin_year, cos_year, year_fraction, flux_lag12, flux_lag13, flux_lag14, soil_temp_f_lag12, atm_temp_f_lag12, precip_in_lag12",0.2593037926529814,0.8029116740869783
2016-03,ordinary least squares,1,2016-04,-0.5812295404548513,-0.51700802094324,87,0.3194460095913735,5,"sin_year, cos_year, year_fraction, flux_lag1, flux_lag12",0.06422151951161126,0.20104029345604177
2016-03,ridge,1,2016-04,-0.583215324938992,-0.51700802094324,87,0.3194460095913735,5,"sin_year, cos_year, year_fraction, flux_lag1, flux_lag12",0.06620730399575192,0.2072566318184487
2016-03,random forest,1,2016-04,-0.5989190216937996,-0.51700802094324,87,0.3194460095913735,5,"sin_year, cos_year, year_fraction, flux_lag1, flux_lag12",0.08191100075055957,0.2564157894955015
2016-03,gradient boosting,1,2016-04,-0.5413819730073025,-0.51700802094324,87,0.3194460095913735,5,"sin_year, cos_year, year_fraction, flux_lag1, flux_lag12",0.024373952064062454,0.07630069348883381
2016-03,ordinary least squares,3,2016-06,-2.1317659367802433,-1.463420618348939,87,0.3194460095913735,4,"sin_year, cos_year, year_fraction, flux_lag12",0.6683453184313042,2.0922011806822476
2016-03,ridge,3,2016-06,-2.0528046980304704,-1.463420618348939,87,0.3194460095913735,4,"sin_year, cos_year, year_fraction, flux_lag12",0.5893840796815313,1.8450193835116462
2016-03,random forest,3,2016-06,-2.0026566698351496,-1.463420618348939,87,0.3194460095913735,4,"sin_year, cos_year, year_fraction, flux_lag12",0.5392360514862105,1.688035020928846
2016-03,gradient boosting,3,2016-06,-1.8267066473423348,-1.463420618348939,87,0.3194460095913735,4,"sin_year, cos_year, year_fraction, flux_lag12",0.3632860289933957,1.1372376491980636
2016-03,ordinary least squares,6,2016-09,-0.6799928648488771,-0.6788522260079829,87,0.3194460095913735,6,"sin_year, cos_year, year_fraction, flux_lag12, atm_temp_f_lag6, precip_in_lag7",0.0011406388408942147,0.0035706780070700788
2016-03,ridge,6,2016-09,-0.7125110956272678,-0.6788522260079829,87,0.3194460095913735,6,"sin_year, cos_year, year_fraction, flux_lag12, atm_temp_f_lag6, precip_in_lag7",0.03365886961928488,0.10536637994739824
2016-03,random forest,6,2016-09,-0.875685973373797,-0.6788522260079829,87,0.3194460095913735,6,"sin_year, cos_year, year_fraction, flux_lag12, atm_temp_f_lag6, precip_in_lag7",0.19683374736581416,0.6161721901538181
2016-03,gradient boosting,6,2016-09,-0.7883079039594961,-0.6788522260079829,87,0.3194460095913735,6,"sin_year, cos_year, year_fraction, flux_lag12, atm_temp_f_lag6, precip_in_lag7",0.10945567795151323,0.3426421826070888
2016-03,ordinary least squares,12,2017-03,-0.39306957642569373,-0.2953060899263378,87,0.3194460095913735,8,"sin_year, cos_year, year_fraction, flux_lag12, flux_lag13, flux_lag14, soil_temp_f_lag12, atm_temp_f_lag12",0.09776348649935596,0.3060407191325142
2016-03,ridge,12,2017-03,-0.37002684164948685,-0.2953060899263378,87,0.3194460095913735,8,"sin_year, cos_year, year_fraction, flux_lag12, flux_lag13, flux_lag14, soil_temp_f_lag12, atm_temp_f_lag12",0.07472075172314907,0.23390729412688482
2016-03,random forest,12,2017-03,-0.37503484109334906,-0.2953060899263378,87,0.3194460095913735,8,"sin_year, cos_year, year_fraction, flux_lag12, flux_lag13, flux_lag14, soil_temp_f_lag12, atm_temp_f_lag12",0.07972875116701128,0.24958443296567737
2016-03,gradient boosting,12,2017-03,-0.37839780837419423,-0.2953060899263378,87,0.3194460095913735,8,"sin_year, cos_year, year_fraction, flux_lag12, flux_lag13, flux_lag14, soil_temp_f_lag12, atm_temp_f_lag12",0.08309171844785646,0.26011193113398123
2016-04,ordinary least squares,1,2016-05,-0.8884526084083698,-0.6435365992745102,88,0.3165541208593813,5,"sin_year, cos_year, year_fraction, flux_lag1, flux_lag12",0.24491600913385958,0.7736939530875842
2016-04,ridge,1,2016-05,-0.8823097520298151,-0.6435365992745102,88,0.3165541208593813,5,"sin_year, cos_year, year_fraction, flux_lag1, flux_lag12",0.23877315275530486,0.7542885624331264
2016-04,random forest,1,2016-05,-0.8306758387191668,-0.6435365992745102,88,0.3165541208593813,5,"sin_year, cos_year, year_fraction, flux_lag1, flux_lag12",0.1871392394446566,0.5911761279133277
2016-04,gradient boosting,1,2016-05,-0.7934542962975798,-0.6435365992745102,88,0.3165541208593813,5,"sin_year, cos_year, year_fraction, flux_lag1, flux_lag12",0.14991769702306956,0.47359262490746584
2016-04,ordinary least squares,3,2016-07,-2.1668935469575166,-1.237419493203218,88,0.3165541208593813,4,"sin_year, cos_year, year_fraction, flux_lag12",0.9294740537542985,2.9362247796078655
2016-04,ridge,3,2016-07,-2.0986924868403793,-1.237419493203218,88,0.3165541208593813,4,"sin_year, cos_year, year_fraction, flux_lag12",0.8612729936371613,2.720776438793395
2016-04,random forest,3,2016-07,-2.1388308709641297,-1.237419493203218,88,0.3165541208593813,4,"sin_year, cos_year, year_fraction, flux_lag12",0.9014113777609116,2.8475742957120875
2016-04,gradient boosting,3,2016-07,-1.9049156398656724,-1.237419493203218,88,0.3165541208593813,4,"sin_year, cos_year, year_fraction, flux_lag12",0.6674961466624543,2.1086319926915986
2016-04,ordinary least squares,6,2016-10,-0.33003504621072066,-0.3350339007469212,88,0.3165541208593813,6,"sin_year, cos_year, year_fraction, flux_lag12, atm_temp_f_lag6, precip_in_lag7",-0.0049988545362005254,0.01579146884150373
2016-04,ridge,6,2016-10,-0.32406552661627497,-0.3350339007469212,88,0.3165541208593813,6,"sin_year, cos_year, year_fraction, flux_lag12, atm_temp_f_lag6, precip_in_lag7",-0.010968374130646219,0.034649285565669694
2016-04,random forest,6,2016-10,-0.4387244257970493,-0.3350339007469212,88,0.3165541208593813,6,"sin_year, cos_year, year_fraction, flux_lag12, atm_temp_f_lag6, precip_in_lag7",0.1036905250501281,0.32756018076349475
2016-04,gradient boosting,6,2016-10,-0.44923900251012294,-0.3350339007469212,88,0.3165541208593813,6,"sin_year, cos_year, year_fraction, flux_lag12, atm_temp_f_lag6, precip_in_lag7",0.11420510176320176,0.36077591235633794
2016-04,ordinary least squares,12,2017-04,-0.5985177898124732,-0.2928531806112268,88,0.3165541208593813,7,"sin_year, cos_year, year_fraction, flux_lag12, flux_lag13, soil_temp_f_lag12, atm_temp_f_lag12",0.3056646092012464,0.9655998423632204
2016-04,ridge,12,2017-04,-0.589634061713147,-0.2928531806112268,88,0.3165541208593813,7,"sin_year, cos_year, year_fraction, flux_lag12, flux_lag13, soil_temp_f_lag12, atm_temp_f_lag12",0.29678088110192025,0.937535990042459
2016-04,random forest,12,2017-04,-0.6595894194280981,-0.2928531806112268,88,0.3165541208593813,7,"sin_year, cos_year, year_fraction, flux_lag12, flux_lag13, soil_temp_f_lag12, atm_temp_f_lag12",0.36673623881687134,1.158526187627113
2016-04,gradient boosting,12,2017-04,-0.6309129853141162,-0.2928531806112268,88,0.3165541208593813,7,"sin_year, cos_year, year_fraction, flux_lag12, flux_lag13, soil_temp_f_lag12, atm_temp_f_lag12",0.33805980470288943,1.0679368311021336
2016-05,ordinary least squares,1,2016-06,-1.933220582879913,-1.463420618348939,89,0.3125638207283415,5,"sin_year, cos_year, year_fraction, flux_lag1, flux_lag12",0.46979996453097383,1.5030529235157095
2016-05,ridge,1,2016-06,-1.9050134462496675,-1.463420618348939,89,0.3125638207283415,5,"sin_year, cos_year, year_fraction, flux_lag1, flux_lag12",0.4415928279007284,1.4128085165830175
2016-05,random forest,1,2016-06,-1.8550098753142799,-1.463420618348939,89,0.3125638207283415,5,"sin_year, cos_year, year_fraction, flux_lag1, flux_lag12",0.39158925696534075,1.2528297614639239
2016-05,gradient boosting,1,2016-06,-1.679154809467798,-1.463420618348939,89,0.3125638207283415,5,"sin_year, cos_year, year_fraction, flux_lag1, flux_lag12",0.21573419111885883,0.6902084528406115
2016-05,ordinary least squares,3,2016-08,-1.5655560132451298,-1.6186291400790251,89,0.3125638207283415,4,"sin_year, cos_year, year_fraction, flux_lag12",-0.05307312683389531,0.16979932837467696
2016-05,ridge,3,2016-08,-1.5380093885729196,-1.6186291400790251,89,0.3125638207283415,4,"sin_year, cos_year, year_fraction, flux_lag12",-0.08061975150610556,0.2579305286141053
2016-05,random forest,3,2016-08,-1.4433652103476144,-1.6186291400790251,89,0.3125638207283415,4,"sin_year, cos_year, year_fraction, flux_lag12",-0.1752639297314107,0.5607300592979947
2016-05,gradient boosting,3,2016-08,-1.5296760646040375,-1.6186291400790251,89,0.3125638207283415,4,"sin_year, cos_year, year_fraction, flux_lag12",-0.08895307547498765,0.28459172039715824
2016-05,ordinary least squares,6,2016-11,-0.20765959005642626,-0.0458666744633838,89,0.3125638207283415,6,"sin_year, cos_year, year_fraction, flux_lag12, atm_temp_f_lag6, precip_in_lag7",0.16179291559304246,0.5176316158921717
2016-05,ridge,6,2016-11,-0.2180723449473022,-0.0458666744633838,89,0.3125638207283415,6,"sin_year, cos_year, year_fraction, flux_lag12, atm_temp_f_lag6, precip_in_lag7",0.1722056704839184,0.5509456279445326
2016-05,random forest,6,2016-11,-0.3081727695370435,-0.0458666744633838,89,0.3125638207283415,6,"sin_year, cos_year, year_fraction, flux_lag12, atm_temp_f_lag6, precip_in_lag7",0.26230609507365965,0.839208115841525
2016-05,gradient boosting,6,2016-11,-0.3475605381296816,-0.0458666744633838,89,0.3125638207283415,6,"sin_year, cos_year, year_fraction, flux_lag12, atm_temp_f_lag6, precip_in_lag7",0.3016938636662978,0.9652232397316032
2016-05,ordinary least squares,12,2017-05,-0.9403205327274861,-0.8691640653484248,89,0.3125638207283415,8,"sin_year, cos_year, year_fraction, flux_lag12, flux_lag13, flux_lag14, soil_temp_f_lag12, atm_temp_f_lag12",0.07115646737906123,0.2276542026305259
2016-05,ridge,12,2017-05,-0.9125776572405668,-0.8691640653484248,89,0.3125638207283415,8,"sin_year, cos_year, year_fraction, flux_lag12, flux_lag13, flux_lag14, soil_temp_f_lag12, atm_temp_f_lag12",0.043413591892142,0.1388951280125093
2016-05,random forest,12,2017-05,-0.878574550532859,-0.8691640653484248,89,0.3125638207283415,8,"sin_year, cos_year, year_fraction, flux_lag12, flux_lag13, flux_lag14, soil_temp_f_lag12, atm_temp_f_lag12",0.009410485184434214,0.030107403865571335
2016-05,gradient boosting,12,2017-05,-0.8621699472639606,-0.8691640653484248,89,0.3125638207283415,8,"sin_year, cos_year, year_fraction, flux_lag12, flux_lag13, flux_lag14, soil_temp_f_lag12, atm_temp_f_lag12",-0.0069941180844642625,0.022376607977744996
2016-06,ordinary least squares,1,2016-07,-1.8920860766493304,-1.237419493203218,90,0.3160122169916632,5,"sin_year, cos_year, year_fraction, flux_lag1, flux_lag12",0.6546665834461123,2.071649601646202
2016-06,ridge,1,2016-07,-1.887819410298733,-1.237419493203218,90,0.3160122169916632,5,"sin_year, cos_year, year_fraction, flux_lag1, flux_lag12",0.6503999170955148,2.058148014931566
2016-06,random forest,1,2016-07,-1.8137762037423546,-1.237419493203218,90,0.3160122169916632,5,"sin_year, cos_year, year_fraction, flux_lag1, flux_lag12",0.5763567105391365,1.8238431286798684
2016-06,gradient boosting,1,2016-07,-1.8239267315017182,-1.237419493203218,90,0.3160122169916632,5,"sin_year, cos_year, year_fraction, flux_lag1, flux_lag12",0.5865072382985002,1.855963810139571
2016-06,ordinary least squares,3,2016-09,-0.856569576397275,-0.6788522260079829,90,0.3160122169916632,4,"sin_year, cos_year, year_fraction, flux_lag12",0.17771735038929215,0.5623749362638741
2016-06,ridge,3,2016-09,-0.8391171894748145,-0.6788522260079829,90,0.3160122169916632,4,"sin_year, cos_year, year_fraction, flux_lag12",0.1602649634668316,0.5071479988732828
2016-06,random forest,3,2016-09,-0.8765944512340997,-0.6788522260079829,90,0.3160122169916632,4,"sin_year, cos_year, year_fraction, flux_lag12",0.19774222522611684,0.6257423434719093
2016-06,gradient boosting,3,2016-09,-0.8506546126071307,-0.6788522260079829,90,0.3160122169916632,4,"sin_year, cos_year, year_fraction, flux_lag12",0.17180238659914782,0.54365742006639
2016-06,ordinary least squares,6,2016-12,-0.22862770586789372,0.082523546069671,90,0.3160122169916632,6,"sin_year, cos_year, year_fraction, flux_lag12, atm_temp_f_lag6, precip_in_lag7",0.3111512519375647,0.9846177938929914
2016-06,ridge,6,2016-12,-0.2345519039147474,0.082523546069671,90,0.3160122169916632,6,"sin_year, cos_year, year_fraction, flux_lag12, atm_temp_f_lag6, precip_in_lag7",0.3170754499844184,1.0033645312921027
2016-06,random forest,6,2016-12,-0.20501187200512686,0.082523546069671,90,0.3160122169916632,6,"sin_year, cos_year, year_fraction, flux_lag12, atm_temp_f_lag6, precip_in_lag7",0.2875354180747979,0.9098870316218927
2016-06,gradient boosting,6,2016-12,-0.18775630278434557,0.082523546069671,90,0.3160122169916632,6,"sin_year, cos_year, year_fraction, flux_lag12, atm_temp_f_lag6, precip_in_lag7",0.27027984885401657,0.855282910980454
2016-06,ordinary least squares,12,2017-06,-1.8623253566592668,-1.4315393177924614,90,0.3160122169916632,8,"sin_year, cos_year, year_fraction, flux_lag12, flux_lag13, flux_lag14, soil_temp_f_lag12, atm_temp_f_lag12",0.43078603886680544,1.363194255487186
2016-06,ridge,12,2017-06,-1.838964110923908,-1.4315393177924614,90,0.3160122169916632,8,"sin_year, cos_year, year_fraction, flux_lag12, flux_lag13, flux_lag14, soil_temp_f_lag12, atm_temp_f_lag12",0.40742479313144675,1.2892691207004667
2016-06,random forest,12,2017-06,-1.8595653508639602,-1.4315393177924614,90,0.3160122169916632,8,"sin_year, cos_year, year_fraction, flux_lag12, flux_lag13, flux_lag14, soil_temp_f_lag12, atm_temp_f_lag12",0.4280260330714989,1.3544603975952954
2016-06,gradient boosting,12,2017-06,-1.7286509820724174,-1.4315393177924614,90,0.3160122169916632,8,"sin_year, cos_year, year_fraction, flux_lag12, flux_lag13, flux_lag14, soil_temp_f_lag12, atm_temp_f_lag12",0.29711166427995606,0.940190436649461
2016-07,ordinary least squares,1,2016-08,-1.2175307571710805,-1.6186291400790251,91,0.3132898451711467,5,"sin_year, cos_year, year_fraction, flux_lag1, flux_lag12",-0.40109838290794464,1.2802789145266713
2016-07,ridge,1,2016-08,-1.25082567865594,-1.6186291400790251,91,0.3132898451711467,5,"sin_year, cos_year, year_fraction, flux_lag1, flux_lag12",-0.3678034614230852,1.1740037766693596
2016-07,random forest,1,2016-08,-1.2849239721047734,-1.6186291400790251,91,0.3132898451711467,5,"sin_year, cos_year, year_fraction, flux_lag1, flux_lag12",-0.33370516797425176,1.0651643298299451
2016-07,gradient boosting,1,2016-08,-1.4301435801022087,-1.6186291400790251,91,0.3132898451711467,5,"sin_year, cos_year, year_fraction, flux_lag1, flux_lag12",-0.18848555997681649,0.6016331613744101
2016-07,ordinary least squares,3,2016-10,-0.36052621320286654,-0.3350339007469212,91,0.3132898451711467,4,"sin_year, cos_year, year_fraction, flux_lag12",0.025492312455945354,0.08136973747750806
2016-07,ridge,3,2016-10,-0.3598125934551706,-0.3350339007469212,91,0.3132898451711467,4,"sin_year, cos_year, year_fraction, flux_lag12",0.024778692708249395,0.07909191150039693
2016-07,random forest,3,2016-10,-0.5205814461761433,-0.3350339007469212,91,0.3132898451711467,4,"sin_year, cos_year, year_fraction, flux_lag12",0.18554754542922214,0.5922552176176014
2016-07,gradient boosting,3,2016-10,-0.42781729196095286,-0.3350339007469212,91,0.3132898451711467,4,"sin_year, cos_year, year_fraction, flux_lag12",0.09278339121403167,0.2961583104085137
2016-07,ordinary least squares,6,2017-01,-0.28497545587509654,-0.0669318519161353,91,0.3132898451711467,5,"sin_year, cos_year, year_fraction, flux_lag12, atm_temp_f_lag6",0.21804360395896125,0.6959804389441556
2016-07,ridge,6,2017-01,-0.27052022176626955,-0.0669318519161353,91,0.3132898451711467,5,"sin_year, cos_year, year_fraction, flux_lag12, atm_temp_f_lag6",0.20358836985013426,0.6498403091837088
2016-07,random forest,6,2017-01,-0.18618721232672786,-0.0669318519161353,91,0.3132898451711467,5,"sin_year, cos_year, year_fraction, flux_lag12, atm_temp_f_lag6",0.11925536041059256,0.3806550459541537
2016-07,gradient boosting,6,2017-01,-0.26841026057201406,-0.0669318519161353,91,0.3132898451711467,5,"sin_year, cos_year, year_fraction, flux_lag12, atm_temp_f_lag6",0.20147840865587877,0.6431054557348113
2016-07,ordinary least squares,12,2017-07,-1.9727734931145633,-1.3716236910436208,91,0.3132898451711467,6,"sin_year, cos_year, year_fraction, flux_lag12, flux_lag13, soil_temp_f_lag12",0.6011498020709425,1.9188295162983693
2016-07,ridge,12,2017-07,-1.929727127908804,-1.3716236910436208,91,0.3132898451711467,6,"sin_year, cos_year, year_fraction, flux_lag12, flux_lag13, soil_temp_f_lag12",0.5581034368651832,1.7814284295116476
2016-07,random forest,12,2017-07,-2.2308514846652883,-1.3716236910436208,91,0.3132898451711467,6,"sin_year, cos_year, year_fraction, flux_lag12, flux_lag13, soil_temp_f_lag12",0.8592277936216675,2.7425970131661335
2016-07,gradient boosting,12,2017-07,-1.782301187555,-1.3716236910436208,91,0.3132898451711467,6,"sin_year, cos_year, year_fraction, flux_lag12, flux_lag13, soil_temp_f_lag12",0.4106774965113793,1.3108547973747149
2016-08,ordinary least squares,1,2016-09,-0.8959108647506014,-0.6788522260079829,92,0.3143427827067159,5,"sin_year, cos_year, year_fraction, flux_lag1, flux_lag12",0.21705863874261855,0.6905157384991907
2016-08,ridge,1,2016-09,-0.8790596078232971,-0.6788522260079829,92,0.3143427827067159,5,"sin_year, cos_year, year_fraction, flux_lag1, flux_lag12",0.20020738181531417,0.6369078370159659
2016-08,random forest,1,2016-09,-0.8904609035798365,-0.6788522260079829,92,0.3143427827067159,5,"sin_year, cos_year, year_fraction, flux_lag1, flux_lag12",0.21160867757185364,0.6731781011472628
2016-08,gradient boosting,1,2016-09,-0.9437640763281009,-0.6788522260079829,92,0.3143427827067159,5,"sin_year, cos_year, year_fraction, flux_lag1, flux_lag12",0.264911850320118,0.8427483145597864
2016-08,ordinary least squares,3,2016-11,-0.27772020218062093,-0.0458666744633838,92,0.3143427827067159,4,"sin_year, cos_year, year_fraction, flux_lag12",0.23185352771723713,0.7375818389110532
2016-08,ridge,3,2016-11,-0.27850922966755765,-0.0458666744633838,92,0.3143427827067159,4,"sin_year, cos_year, year_fraction, flux_lag12",0.23264255520417385,0.7400919251301247
2016-08,random forest,3,2016-11,-0.363355302571012,-0.0458666744633838,92,0.3143427827067159,4,"sin_year, cos_year, year_fraction, flux_lag12",0.31748862810762823,1.0100076908838955
2016-08,gradient boosting,3,2016-11,-0.31631763262967505,-0.0458666744633838,92,0.3143427827067159,4,"sin_year, cos_year, year_fraction, flux_lag12",0.2704509581662913,0.8603695489284511
2016-08,ordinary least squares,6,2017-02,-0.2778699171623358,-0.0086235809712641,92,0.3143427827067159,5,"sin_year, cos_year, year_fraction, flux_lag12, atm_temp_f_lag6",0.2692463361910717,0.8565373566800816
2016-08,ridge,6,2017-02,-0.2672098447490673,-0.0086235809712641,92,0.3143427827067159,5,"sin_year, cos_year, year_fraction, flux_lag12, atm_temp_f_lag6",0.2585862637778032,0.8226251022886251
2016-08,random forest,6,2017-02,-0.2730143912231481,-0.0086235809712641,92,0.3143427827067159,5,"sin_year, cos_year, year_fraction, flux_lag12, atm_temp_f_lag6",0.264390810251884,0.8410907607780598
2016-08,gradient boosting,6,2017-02,-0.27150421707890104,-0.0086235809712641,92,0.3143427827067159,5,"sin_year, cos_year, year_fraction, flux_lag12, atm_temp_f_lag6",0.26288063610763696,0.8362865335861918
2016-08,ordinary least squares,12,2017-08,-1.4904933012636452,-1.283633113388049,92,0.3143427827067159,7,"sin_year, cos_year, year_fraction, flux_lag12, flux_lag13, soil_temp_f_lag12, wte_m_lag12",0.20686018787559624,0.6580720132792052
2016-08,ridge,12,2017-08,-1.5423004532707314,-1.283633113388049,92,0.3143427827067159,7,"sin_year, cos_year, year_fraction, flux_lag12, flux_lag13, soil_temp_f_lag12, wte_m_lag12",0.2586673398826824,0.8228830248793112
2016-08,random forest,12,2017-08,-1.7823655758869985,-1.283633113388049,92,0.3143427827067159,7,"sin_year, cos_year, year_fraction, flux_lag12, flux_lag13, soil_temp_f_lag12, wte_m_lag12",0.49873246249894954,1.5865879222818695
2016-08,gradient boosting,12,2017-08,-1.4841517252009644,-1.283633113388049,92,0.3143427827067159,7,"sin_year, cos_year, year_fraction, flux_lag12, flux_lag13, soil_temp_f_lag12, wte_m_lag12",0.20051861181291541,0.6378979344978336
2016-09,ordinary least squares,1,2016-10,-0.3227551883760748,-0.3350339007469212,93,0.3119583461031588,5,"sin_year, cos_year, year_fraction, flux_lag1, flux_lag12",-0.012278712370846379,0.039360102155388516
2016-09,ridge,1,2016-10,-0.3272613669914282,-0.3350339007469212,93,0.3119583461031588,5,"sin_year, cos_year, year_fraction, flux_lag1, flux_lag12",-0.007772533755492972,0.024915293508200417
2016-09,random forest,1,2016-10,-0.4099395868726311,-0.3350339007469212,93,0.3119583461031588,5,"sin_year, cos_year, year_fraction, flux_lag1, flux_lag12",0.07490568612570991,0.2401143840560688
2016-09,gradient boosting,1,2016-10,-0.3716296439508834,-0.3350339007469212,93,0.3119583461031588,5,"sin_year, cos_year, year_fraction, flux_lag1, flux_lag12",0.036595743203962194,0.11730971029017016
2016-09,ordinary least squares,3,2016-12,-0.25355867453849185,0.082523546069671,93,0.3119583461031588,4,"sin_year, cos_year, year_fraction, flux_lag12",0.33608222060816284,1.0773304346761305
2016-09,ridge,3,2016-12,-0.26200074353858005,0.082523546069671,93,0.3119583461031588,4,"sin_year, cos_year, year_fraction, flux_lag12",0.34452428960825104,1.1043919610162418
2016-09,random forest,3,2016-12,-0.21922977640370434,0.082523546069671,93,0.3119583461031588,4,"sin_year, cos_year, year_fraction, flux_lag12",0.30175332247337533,0.9672872235756472
2016-09,gradient boosting,3,2016-12,-0.28313472955178287,0.082523546069671,93,0.3119583461031588,4,"sin_year, cos_year, year_fraction, flux_lag12",0.36565827562145387,1.1721381402007354
2016-09,ordinary least squares,6,2017-03,-0.29199943603346157,-0.2953060899263378,93,0.3119583461031588,5,"sin_year, cos_year, year_fraction, flux_lag12, atm_temp_f_lag6",-0.00330665389287621,0.010599664776344086
2016-09,ridge,6,2017-03,-0.29839179867486576,-0.2953060899263378,93,0.3119583461031588,5,"sin_year, cos_year, year_fraction, flux_lag12, atm_temp_f_lag6",0.003085708748527982,0.009891412706450225
2016-09,random forest,6,2017-03,-0.3548635147999359,-0.2953060899263378,93,0.3119583461031588,5,"sin_year, cos_year, year_fraction, flux_lag12, atm_temp_f_lag6",0.05955742487359811,0.1909146705563812
2016-09,gradient boosting,6,2017-03,-0.3406008564112869,-0.2953060899263378,93,0.3119583461031588,5,"sin_year, cos_year, year_fraction, flux_lag12, atm_temp_f_lag6",0.04529476648494912,0.1451949180098903
2016-09,ordinary least squares,12,2017-09,-0.7551382842156847,-0.7444467340021905,93,0.3119583461031588,6,"sin_year, cos_year, year_fraction, flux_lag12, flux_lag13, soil_temp_f_lag12",0.010691550213494216,0.03427236471486716
2016-09,ridge,12,2017-09,-0.7592073927992061,-0.7444467340021905,93,0.3119583461031588,6,"sin_year, cos_year, year_fraction, flux_lag12, flux_lag13, soil_temp_f_lag12",0.014760658797015602,0.047316120826382785
2016-09,random forest,12,2017-09,-0.8647497423655712,-0.7444467340021905,93,0.3119583461031588,6,"sin_year, cos_year, year_fraction, flux_lag12, flux_lag13, soil_temp_f_lag12",0.1203030083633807,0.38563805029149223
2016-09,gradient boosting,12,2017-09,-0.7373858731841488,-0.7444467340021905,93,0.3119583461031588,6,"sin_year, cos_year, year_fraction, flux_lag12, flux_lag13, soil_temp_f_lag12",-0.007060860818041692,0.02263398593511839
2016-10,ordinary least squares,1,2016-11,-0.255757154384999,-0.0458666744633838,94,0.3087229406366744,5,"sin_year, cos_year, year_fraction, flux_lag1, flux_lag12",0.20989047992161522,0.679866807075501
2016-10,ridge,1,2016-11,-0.2592398652557901,-0.0458666744633838,94,0.3087229406366744,5,"sin_year, cos_year, year_fraction, flux_lag1, flux_lag12",0.21337319079240633,0.691147830972231
2016-10,random forest,1,2016-11,-0.32891920771120775,-0.0458666744633838,94,0.3087229406366744,5,"sin_year, cos_year, year_fraction, flux_lag1, flux_lag12",0.283052533247824,0.9168496926859055
2016-10,gradient boosting,1,2016-11,-0.24650965558753676,-0.0458666744633838,94,0.3087229406366744,5,"sin_year, cos_year, year_fraction, flux_lag1, flux_lag12",0.20064298112415296,0.6499127687445907
2016-10,ordinary least squares,3,2017-01,-0.2880438286567477,-0.0669318519161353,94,0.3087229406366744,4,"sin_year, cos_year, year_fraction, flux_lag12",0.22111197674061242,0.7162149216531066
2016-10,ridge,3,2017-01,-0.2754488516977657,-0.0669318519161353,94,0.3087229406366744,4,"sin_year, cos_year, year_fraction, flux_lag12",0.20851699978163038,0.6754178984937405
2016-10,random forest,3,2017-01,-0.15287822019288377,-0.0669318519161353,94,0.3087229406366744,4,"sin_year, cos_year, year_fraction, flux_lag12",0.08594636827674848,0.2783932029783814
2016-10,gradient boosting,3,2017-01,-0.2393060393221067,-0.0669318519161353,94,0.3087229406366744,4,"sin_year, cos_year, year_fraction, flux_lag12",0.1723741874059714,0.5583458976209765
2016-10,ordinary least squares,6,2017-04,-0.5151810299888748,-0.2928531806112268,94,0.3087229406366744,5,"sin_year, cos_year, year_fraction, flux_lag12, atm_temp_f_lag6",0.22232784937764805,0.7201533158473578
2016-10,ridge,6,2017-04,-0.5339567410520032,-0.2928531806112268,94,0.3087229406366744,5,"sin_year, cos_year, year_fraction, flux_lag12, atm_temp_f_lag6",0.2411035604407764,0.7809706656186689
2016-10,random forest,6,2017-04,-0.6682478853741065,-0.2928531806112268,94,0.3087229406366744,5,"sin_year, cos_year, year_fraction, flux_lag12, atm_temp_f_lag6",0.3753947047628797,1.2159598635226434
2016-10,gradient boosting,6,2017-04,-0.6529692411408689,-0.2928531806112268,94,0.3087229406366744,5,"sin_year, cos_year, year_fraction, flux_lag12, atm_temp_f_lag6",0.36011606052964207,1.1664700387570177
2016-10,ordinary least squares,12,2017-10,-0.2625507656191836,-0.4000628493107893,94,0.3087229406366744,7,"sin_year, cos_year, year_fraction, flux_lag12, flux_lag13, soil_temp_f_lag12, wte_m_lag12",-0.13751208369160567,0.44542230456867477
2016-10,ridge,12,2017-10,-0.34888675284227805,-0.4000628493107893,94,0.3087229406366744,7,"sin_year, cos_year, year_fraction, flux_lag12, flux_lag13, soil_temp_f_lag12, wte_m_lag12",-0.051176096468511234,0.16576706727064594
2016-10,random forest,12,2017-10,-0.34911975656333627,-0.4000628493107893,94,0.3087229406366744,7,"sin_year, cos_year, year_fraction, flux_lag12, flux_lag13, soil_temp_f_lag12, wte_m_lag12",-0.05094309274745301,0.16501233320204156
2016-10,gradient boosting,12,2017-10,-0.4066902097177237,-0.4000628493107893,94,0.3087229406366744,7,"sin_year, cos_year, year_fraction, flux_lag12, flux_lag13, soil_temp_f_lag12, wte_m_lag12",0.006627360406934402,0.02146701632624677
2016-11,ordinary least squares,1,2016-12,-0.1491984470147681,0.082523546069671,95,0.30719370111497524,5,"sin_year, cos_year, year_fraction, flux_lag1, flux_lag12",0.23172199308443908,0.7543188295964152
2016-11,ridge,1,2016-12,-0.1710828179147535,0.082523546069671,95,0.30719370111497524,5,"sin_year, cos_year, year_fraction, flux_lag1, flux_lag12",0.2536063639844245,0.8255584768305705
2016-11,random forest,1,2016-12,-0.20614581791390113,0.082523546069671,95,0.30719370111497524,5,"sin_year, cos_year, year_fraction, flux_lag1, flux_lag12",0.2886693639835721,0.9396981869609693
2016-11,gradient boosting,1,2016-12,-0.14973168052567654,0.082523546069671,95,0.30719370111497524,5,"sin_year, cos_year, year_fraction, flux_lag1, flux_lag12",0.23225522659534753,0.756054651356344
2016-11,ordinary least squares,3,2017-02,-0.2910098174254163,-0.0086235809712641,95,0.30719370111497524,4,"sin_year, cos_year, year_fraction, flux_lag12",0.28238623645415223,0.9192448784894253
2016-11,ridge,3,2017-02,-0.2788036833472143,-0.0086235809712641,95,0.30719370111497524,4,"sin_year, cos_year, year_fraction, flux_lag12",0.2701801023759502,0.8795105544004246
2016-11,random forest,3,2017-02,-0.2293644593325887,-0.0086235809712641,95,0.30719370111497524,4,"sin_year, cos_year, year_fraction, flux_lag12",0.2207408783613246,0.7185722804866581
2016-11,gradient boosting,3,2017-02,-0.23478442738023064,-0.0086235809712641,95,0.30719370111497524,4,"sin_year, cos_year, year_fraction, flux_lag12",0.22616084640896655,0.7362157674070275
2016-11,ordinary least squares,6,2017-05,-0.6579817791141195,-0.8691640653484248,95,0.30719370111497524,5,"sin_year, cos_year, year_fraction, flux_lag12, atm_temp_f_lag6",-0.21118228623430535,0.6874564337348339
2016-11,ridge,6,2017-05,-0.7097853840594439,-0.8691640653484248,95,0.30719370111497524,5,"sin_year, cos_year, year_fraction, flux_lag12, atm_temp_f_lag6",-0.15937868128898092,0.518821449497525
2016-11,random forest,6,2017-05,-0.8065198899307396,-0.8691640653484248,95,0.30719370111497524,5,"sin_year, cos_year, year_fraction, flux_lag12, atm_temp_f_lag6",-0.06264417541768519,0.2039240231499375
2016-11,gradient boosting,6,2017-05,-0.8366858744134619,-0.8691640653484248,95,0.30719370111497524,5,"sin_year, cos_year, year_fraction, flux_lag12, atm_temp_f_lag6",-0.03247819093496296,0.1057254455969693
2016-11,ordinary least squares,12,2017-11,-0.14938410689588377,-0.1306877936767514,95,0.30719370111497524,8,"sin_year, cos_year, year_fraction, flux_lag12, flux_lag13, soil_temp_f_lag12, atm_temp_f_lag12, wte_m_lag12",0.01869631321913237,0.060861642511787016
2016-11,ridge,12,2017-11,-0.21663738396258136,-0.1306877936767514,95,0.30719370111497524,8,"sin_year, cos_year, year_fraction, flux_lag12, flux_lag13, soil_temp_f_lag12, atm_temp_f_lag12, wte_m_lag12",0.08594959028582996,0.2797895594013534
2016-11,random forest,12,2017-11,-0.2284589801491564,-0.1306877936767514,95,0.30719370111497524,8,"sin_year, cos_year, year_fraction, flux_lag12, flux_lag13, soil_temp_f_lag12, atm_temp_f_lag12, wte_m_lag12",0.09777118647240499,0.31827210687439056
2016-11,gradient boosting,12,2017-11,-0.25401928940183033,-0.1306877936767514,95,0.30719370111497524,8,"sin_year, cos_year, year_fraction, flux_lag12, flux_lag13, soil_temp_f_lag12, atm_temp_f_lag12, wte_m_lag12",0.12333149572507893,0.4014779446239977
2016-12,ordinary least squares,1,2017-01,-0.09400476199098272,-0.0669318519161353,96,0.30834998025112953,5,"sin_year, cos_year, year_fraction, flux_lag1, flux_lag12",0.027072910074847426,0.087799292391063
2016-12,ridge,1,2017-01,-0.11123235827623057,-0.0669318519161353,96,0.30834998025112953,5,"sin_year, cos_year, year_fraction, flux_lag1, flux_lag12",0.044300506360095276,0.1436695612044976
2016-12,random forest,1,2017-01,-0.14248169563338176,-0.0669318519161353,96,0.30834998025112953,5,"sin_year, cos_year, year_fraction, flux_lag1, flux_lag12",0.07554984371724646,0.24501329189551557
2016-12,gradient boosting,1,2017-01,-0.1133997227705884,-0.0669318519161353,96,0.30834998025112953,5,"sin_year, cos_year, year_fraction, flux_lag1, flux_lag12",0.0464678708544531,0.15069847196555117
2016-12,ordinary least squares,3,2017-03,-0.31321925776731435,-0.2953060899263378,96,0.30834998025112953,4,"sin_year, cos_year, year_fraction, flux_lag12",0.017913167840976574,0.05809362409035197
2016-12,ridge,3,2017-03,-0.313912051175426,-0.2953060899263378,96,0.30834998025112953,4,"sin_year, cos_year, year_fraction, flux_lag12",0.0186059612490882,0.060340400326716226
2016-12,random forest,3,2017-03,-0.35098250844902756,-0.2953060899263378,96,0.30834998025112953,4,"sin_year, cos_year, year_fraction, flux_lag12",0.055676418522689786,0.18056241961600009
2016-12,gradient boosting,3,2017-03,-0.37652441791368024,-0.2953060899263378,96,0.30834998025112953,4,"sin_year, cos_year, year_fraction, flux_lag12",0.08121832798734246,0.26339657269053757
2016-12,ordinary least squares,6,2017-06,-1.7924771885526107,-1.4315393177924614,96,0.30834998025112953,5,"sin_year, cos_year, year_fraction, flux_lag12, atm_temp_f_lag6",0.3609378707601494,1.17054611278454
2016-12,ridge,6,2017-06,-1.772052864464197,-1.4315393177924614,96,0.30834998025112953,5,"sin_year, cos_year, year_fraction, flux_lag12, atm_temp_f_lag6",0.3405135466717357,1.1043086378484968
2016-12,random forest,6,2017-06,-1.749927270103162,-1.4315393177924614,96,0.30834998025112953,5,"sin_year, cos_year, year_fraction, flux_lag12, atm_temp_f_lag6",0.3183879523107007,1.032553827476804
2016-12,gradient boosting,6,2017-06,-1.6987900013603128,-1.4315393177924614,96,0.30834998025112953,5,"sin_year, cos_year, year_fraction, flux_lag12, atm_temp_f_lag6",0.2672506835678514,0.8667121799398022
2016-12,ordinary least squares,12,2017-12,-0.15756142909438578,-0.4928311284175383,96,0.30834998025112953,7,"sin_year, cos_year, year_fraction, flux_lag12, flux_lag13, soil_temp_f_lag12, wte_m_lag12",-0.33526969932315254,1.0873024835289393
2016-12,ridge,12,2017-12,-0.27230098217108856,-0.4928311284175383,96,0.30834998025112953,7,"sin_year, cos_year, year_fraction, flux_lag12, flux_lag13, soil_temp_f_lag12, wte_m_lag12",-0.22053014624644973,0.7151942934027216
2016-12,random forest,12,2017-12,-0.21533124797897385,-0.4928311284175383,96,0.30834998025112953,7,"sin_year, cos_year, year_fraction, flux_lag12, flux_lag13, soil_temp_f_lag12, wte_m_lag12",-0.27749988043856444,0.8999510238741062
2016-12,gradient boosting,12,2017-12,-0.23885381637080716,-0.4928311284175383,96,0.30834998025112953,7,"sin_year, cos_year, year_fraction, flux_lag12, flux_lag13, soil_temp_f_lag12, wte_m_lag12",-0.25397731204673113,0.8236657315167796
2017-01,ordinary least squares,1,2017-02,-0.19134494473445343,-0.0086235809712641,97,0.3047462569927892,5,"sin_year, cos_year, year_fraction, flux_lag1, flux_lag12",0.18272136376318934,0.5995852600989053
2017-01,ridge,1,2017-02,-0.1958681452994224,-0.0086235809712641,97,0.3047462569927892,5,"sin_year, cos_year, year_fraction, flux_lag1, flux_lag12",0.1872445643281583,0.614427774030343
2017-01,random forest,1,2017-02,-0.11375828567908902,-0.0086235809712641,97,0.3047462569927892,5,"sin_year, cos_year, year_fraction, flux_lag1, flux_lag12",0.10513470470782492,0.3449909631221905
2017-01,gradient boosting,1,2017-02,-0.11790510141357063,-0.0086235809712641,97,0.3047462569927892,5,"sin_year, cos_year, year_fraction, flux_lag1, flux_lag12",0.10928152044230653,0.35859840091454287
2017-01,ordinary least squares,3,2017-04,-0.5714580699104923,-0.2928531806112268,97,0.3047462569927892,4,"sin_year, cos_year, year_fraction, flux_lag12",0.2786048892992655,0.9142192329071257
2017-01,ridge,3,2017-04,-0.5699564833535722,-0.2928531806112268,97,0.3047462569927892,4,"sin_year, cos_year, year_fraction, flux_lag12",0.2771033027423454,0.9092918990270064
2017-01,random forest,3,2017-04,-0.6714061026741058,-0.2928531806112268,97,0.3047462569927892,4,"sin_year, cos_year, year_fraction, flux_lag12",0.37855292206287905,1.2421905548517902
2017-01,gradient boosting,3,2017-04,-0.6537277285483226,-0.2928531806112268,97,0.3047462569927892,4,"sin_year, cos_year, year_fraction, flux_lag12",0.36087454793709584,1.1841804112646894
2017-01,ordinary least squares,6,2017-07,-1.8221429825184468,-1.3716236910436208,97,0.3047462569927892,5,"sin_year, cos_year, year_fraction, flux_lag12, atm_temp_f_lag6",0.45051929147482594,1.4783423295187053
2017-01,ridge,6,2017-07,-1.8227780294557163,-1.3716236910436208,97,0.3047462569927892,5,"sin_year, cos_year, year_fraction, flux_lag12, atm_temp_f_lag6",0.4511543384120955,1.4804261842755646
2017-01,random forest,6,2017-07,-1.812917960474894,-1.3716236910436208,97,0.3047462569927892,5,"sin_year, cos_year, year_fraction, flux_lag12, atm_temp_f_lag6",0.44129426943127315,1.4480711716886319
2017-01,gradient boosting,6,2017-07,-1.7712436305122197,-1.3716236910436208,97,0.3047462569927892,5,"sin_year, cos_year, year_fraction, flux_lag12, atm_temp_f_lag6",0.39961993946859886,1.311320255126397
2017-01,ordinary least squares,12,2018-01,-0.34992791423911795,-0.3350201368019978,97,0.3047462569927892,6,"sin_year, cos_year, year_fraction, flux_lag12, flux_lag13, soil_temp_f_lag12",0.014907777437120129,0.04891865640690338
2017-01,ridge,12,2018-01,-0.3235520399812154,-0.3350201368019978,97,0.3047462569927892,6,"sin_year, cos_year, year_fraction, flux_lag12, flux_lag13, soil_temp_f_lag12",-0.011468096820782425,0.03763162486046147
2017-01,random forest,12,2018-01,-0.23959413580862504,-0.3350201368019978,97,0.3047462569927892,6,"sin_year, cos_year, year_fraction, flux_lag12, flux_lag13, soil_temp_f_lag12",-0.09542600099337278,0.3131326433178496
2017-01,gradient boosting,12,2018-01,-0.2250454585651869,-0.3350201368019978,97,0.3047462569927892,6,"sin_year, cos_year, year_fraction, flux_lag12, flux_lag13, soil_temp_f_lag12",-0.10997467823681092,0.3608729417123345
2017-02,ordinary least squares,1,2017-03,-0.22438940412265213,-0.2953060899263378,98,0.30161964087366955,5,"sin_year, cos_year, year_fraction, flux_lag1, flux_lag12",-0.07091668580368565,0.23511958836058827
2017-02,ridge,1,2017-03,-0.23762776453703918,-0.2953060899263378,98,0.30161964087366955,5,"sin_year, cos_year, year_fraction, flux_lag1, flux_lag12",-0.057678325389298596,0.19122867868361598
2017-02,random forest,1,2017-03,-0.2579294196734185,-0.2953060899263378,98,0.30161964087366955,5,"sin_year, cos_year, year_fraction, flux_lag1, flux_lag12",-0.0373766702529193,0.12391988182418848
2017-02,gradient boosting,1,2017-03,-0.25454643890528744,-0.2953060899263378,98,0.30161964087366955,5,"sin_year, cos_year, year_fraction, flux_lag1, flux_lag12",-0.040759651021050336,0.13513593114488892
2017-02,ordinary least squares,3,2017-05,-0.8294878846546,-0.8691640653484248,98,0.30161964087366955,4,"sin_year, cos_year, year_fraction, flux_lag12",-0.039676180693824836,0.13154375682863045
2017-02,ridge,3,2017-05,-0.8239490980878098,-0.8691640653484248,98,0.30161964087366955,4,"sin_year, cos_year, year_fraction, flux_lag12",-0.045214967260615024,0.149907237902829
2017-02,random forest,3,2017-05,-0.8165596568410615,-0.8691640653484248,98,0.30161964087366955,4,"sin_year, cos_year, year_fraction, flux_lag12",-0.052604408507363365,0.17440644234901204
2017-02,gradient boosting,3,2017-05,-0.8036795884074496,-0.8691640653484248,98,0.30161964087366955,4,"sin_year, cos_year, year_fraction, flux_lag12",-0.06548447694097526,0.2171094586257491
2017-02,ordinary least squares,6,2017-08,-1.2894242148919526,-1.283633113388049,98,0.30161964087366955,5,"sin_year, cos_year, year_fraction, flux_lag12, atm_temp_f_lag6",0.005791101503903606,0.019200014585022178
2017-02,ridge,6,2017-08,-1.3325975749392684,-1.283633113388049,98,0.30161964087366955,5,"sin_year, cos_year, year_fraction, flux_lag12, atm_temp_f_lag6",0.048964461551219474,0.16233843860230496
2017-02,random forest,6,2017-08,-1.444110916685962,-1.283633113388049,98,0.30161964087366955,5,"sin_year, cos_year, year_fraction, flux_lag12, atm_temp_f_lag6",0.16047780329791306,0.5320535586909196
2017-02,gradient boosting,6,2017-08,-1.4102401846779677,-1.283633113388049,98,0.30161964087366955,5,"sin_year, cos_year, year_fraction, flux_lag12, atm_temp_f_lag6",0.12660707128991877,0.41975738358148534
2017-02,ordinary least squares,12,2018-02,-0.20448177486467864,-0.4316211846913061,98,0.30161964087366955,7,"sin_year, cos_year, year_fraction, flux_lag12, flux_lag13, soil_temp_f_lag12, wte_m_lag12",-0.22713940982662748,0.7530657127257923
2017-02,ridge,12,2018-02,-0.24912268842978244,-0.4316211846913061,98,0.30161964087366955,7,"sin_year, cos_year, year_fraction, flux_lag12, flux_lag13, soil_temp_f_lag12, wte_m_lag12",-0.18249849626152367,0.605061711939248
2017-02,random forest,12,2018-02,-0.14591813101489062,-0.4316211846913061,98,0.30161964087366955,7,"sin_year, cos_year, year_fraction, flux_lag12, flux_lag13, soil_temp_f_lag12, wte_m_lag12",-0.28570305367641546,0.947229606297686
2017-02,gradient boosting,12,2018-02,-0.17059089518495735,-0.4316211846913061,98,0.30161964087366955,7,"sin_year, cos_year, year_fraction, flux_lag12, flux_lag13, soil_temp_f_lag12, wte_m_lag12",-0.26103028950634877,0.8654286861102615
2017-03,ordinary least squares,1,2017-04,-0.563266952874784,-0.2928531806112268,99,0.29874944247453245,5,"sin_year, cos_year, year_fraction, flux_lag1, flux_lag12",0.27041377226355723,0.9051523913274223
2017-03,ridge,1,2017-04,-0.5658483178732545,-0.2928531806112268,99,0.29874944247453245,5,"sin_year, cos_year, year_fraction, flux_lag1, flux_lag12",0.27299513726202773,0.9137929597485351
2017-03,random forest,1,2017-04,-0.5191063330633339,-0.2928531806112268,99,0.29874944247453245,5,"sin_year, cos_year, year_fraction, flux_lag1, flux_lag12",0.2262531524521071,0.7573341412056176
2017-03,gradient boosting,1,2017-04,-0.5763918108300105,-0.2928531806112268,99,0.29874944247453245,5,"sin_year, cos_year, year_fraction, flux_lag1, flux_lag12",0.28353863021878367,0.9490850522439203
2017-03,ordinary least squares,3,2017-06,-1.713847387270844,-1.4315393177924614,99,0.29874944247453245,4,"sin_year, cos_year, year_fraction, flux_lag12",0.2823080694783826,0.9449660127899605
2017-03,ridge,3,2017-06,-1.7056741559765545,-1.4315393177924614,99,0.29874944247453245,4,"sin_year, cos_year, year_fraction, flux_lag12",0.2741348381840931,0.9176078653517901
2017-03,random forest,3,2017-06,-1.6676948663178583,-1.4315393177924614,99,0.29874944247453245,4,"sin_year, cos_year, year_fraction, flux_lag12",0.236155548525397,0.7904802987055903
2017-03,gradient boosting,3,2017-06,-1.692935054071645,-1.4315393177924614,99,0.29874944247453245,4,"sin_year, cos_year, year_fraction, flux_lag12",0.26139573627918367,0.8749664404862175
2017-03,ordinary least squares,6,2017-09,-0.70553493637159,-0.7444467340021905,99,0.29874944247453245,5,"sin_year, cos_year, year_fraction, flux_lag12, atm_temp_f_lag6",-0.038911797630600486,0.130248938067617
2017-03,ridge,6,2017-09,-0.7207083098743458,-0.7444467340021905,99,0.29874944247453245,5,"sin_year, cos_year, year_fraction, flux_lag12, atm_temp_f_lag6",-0.02373842412784477,0.0794593085470558
2017-03,random forest,6,2017-09,-0.9046037701017462,-0.7444467340021905,99,0.29874944247453245,5,"sin_year, cos_year, year_fraction, flux_lag12, atm_temp_f_lag6",0.16015703609955567,0.5360914978551252
2017-03,gradient boosting,6,2017-09,-0.8081358232866462,-0.7444467340021905,99,0.29874944247453245,5,"sin_year, cos_year, year_fraction, flux_lag12, atm_temp_f_lag6",0.06368908928445571,0.21318563394435466
2017-03,ordinary least squares,12,2018-03,-0.23974942715089614,-0.3704083872450299,99,0.29874944247453245,7,"sin_year, cos_year, year_fraction, flux_lag12, flux_lag13, soil_temp_f_lag12, wte_m_lag12",-0.13065896009413375,0.4373529838646379
2017-03,ridge,12,2018-03,-0.3214596297172378,-0.3704083872450299,99,0.29874944247453245,7,"sin_year, cos_year, year_fraction, flux_lag12, flux_lag13, soil_temp_f_lag12, wte_m_lag12",-0.0489487575277921,0.16384551924967974
2017-03,random forest,12,2018-03,-0.3103046319392618,-0.3704083872450299,99,0.29874944247453245,7,"sin_year, cos_year, year_fraction, flux_lag12, flux_lag13, soil_temp_f_lag12, wte_m_lag12",-0.060103755305768114,0.201184493627605
2017-03,gradient boosting,12,2018-03,-0.30627879821893556,-0.3704083872450299,99,0.29874944247453245,7,"sin_year, cos_year, year_fraction, flux_lag12, flux_lag13, soil_temp_f_lag12, wte_m_lag12",-0.06412958902609434,0.21466011281865807
2017-04,ordinary least squares,1,2017-05,-0.7065808400290506,-0.8691640653484248,100,0.29790177654109473,5,"sin_year, cos_year, year_fraction, flux_lag1, flux_lag12",-0.1625832253193742,0.5457611807727716
2017-04,ridge,1,2017-05,-0.7221457665229473,-0.8691640653484248,100,0.29790177654109473,5,"sin_year, cos_year, year_fraction, flux_lag1, flux_lag12",-0.14701829882547757,0.49351266223548956
2017-04,random forest,1,2017-05,-0.7005033141061687,-0.8691640653484248,100,0.29790177654109473,5,"sin_year, cos_year, year_fraction, flux_lag1, flux_lag12",-0.1686607512422561,0.5661622874511116
2017-04,gradient boosting,1,2017-05,-0.6981234498288613,-0.8691640653484248,100,0.29790177654109473,5,"sin_year, cos_year, year_fraction, flux_lag1, flux_lag12",-0.1710406155195635,0.5741510423519375
2017-04,ordinary least squares,3,2017-07,-1.8571967202953288,-1.3716236910436208,100,0.29790177654109473,4,"sin_year, cos_year, year_fraction, flux_lag12",0.485573029251708,1.62997695042186
2017-04,ridge,3,2017-07,-1.8374753801804433,-1.3716236910436208,100,0.29790177654109473,4,"sin_year, cos_year, year_fraction, flux_lag12",0.4658516891368225,1.563776136368759
2017-04,random forest,3,2017-07,-1.8874229563891953,-1.3716236910436208,100,0.29790177654109473,4,"sin_year, cos_year, year_fraction, flux_lag12",0.5157992653455745,1.731440716247026
2017-04,gradient boosting,3,2017-07,-1.7625397563612473,-1.3716236910436208,100,0.29790177654109473,4,"sin_year, cos_year, year_fraction, flux_lag12",0.39091606531762646,1.3122314000826398
2017-04,ordinary least squares,6,2017-10,-0.2428658791719968,-0.4000628493107893,100,0.29790177654109473,5,"sin_year, cos_year, year_fraction, flux_lag12, atm_temp_f_lag6",-0.15719697013879247,0.5276805394180238
2017-04,ridge,6,2017-10,-0.2702086908420425,-0.4000628493107893,100,0.29790177654109473,5,"sin_year, cos_year, year_fraction, flux_lag12, atm_temp_f_lag6",-0.12985415846874676,0.43589588479957836
2017-04,random forest,6,2017-10,-0.35480059030456423,-0.4000628493107893,100,0.29790177654109473,5,"sin_year, cos_year, year_fraction, flux_lag12, atm_temp_f_lag6",-0.04526225900622505,0.15193685493171688
2017-04,gradient boosting,6,2017-10,-0.3985760974555516,-0.4000628493107893,100,0.29790177654109473,5,"sin_year, cos_year, year_fraction, flux_lag12, atm_temp_f_lag6",-0.0014867518552376668,0.004990745179502391
2017-04,ordinary least squares,12,2018-04,-0.41374279512865264,-0.3243152732387839,100,0.29790177654109473,7,"sin_year, cos_year, year_fraction, flux_lag12, flux_lag13, soil_temp_f_lag12, wte_m_lag12",0.08942752188986874,0.30019130106641867
2017-04,ridge,12,2018-04,-0.53203314879556,-0.3243152732387839,100,0.29790177654109473,7,"sin_year, cos_year, year_fraction, flux_lag12, flux_lag13, soil_temp_f_lag12, wte_m_lag12",0.20771787555677607,0.6972696771686487
2017-04,random forest,12,2018-04,-0.4231625613136114,-0.3243152732387839,100,0.29790177654109473,7,"sin_year, cos_year, year_fraction, flux_lag12, flux_lag13, soil_temp_f_lag12, wte_m_lag12",0.09884728807482751,0.331811677065282
2017-04,gradient boosting,12,2018-04,-0.5436357595759155,-0.3243152732387839,100,0.29790177654109473,7,"sin_year, cos_year, year_fraction, flux_lag12, flux_lag13, soil_temp_f_lag12, wte_m_lag12",0.21932048633713158,0.7362174502067024
2017-05,ordinary least squares,1,2017-06,-1.7431811778157118,-1.4315393177924614,101,0.2970897056369691,5,"sin_year, cos_year, year_fraction, flux_lag1, flux_lag12",0.31164186002325045,1.0489823582243656
2017-05,ridge,1,2017-06,-1.7367473201425832,-1.4315393177924614,101,0.2970897056369691,5,"sin_year, cos_year, year_fraction, flux_lag1, flux_lag12",0.3052080023501218,1.0273260788210308
2017-05,random forest,1,2017-06,-1.7082048065355855,-1.4315393177924614,101,0.2970897056369691,5,"sin_year, cos_year, year_fraction, flux_lag1, flux_lag12",0.27666548874312413,0.931252357431723
2017-05,gradient boosting,1,2017-06,-1.7007691537824712,-1.4315393177924614,101,0.2970897056369691,5,"sin_year, cos_year, year_fraction, flux_lag1, flux_lag12",0.2692298359900098,0.9062240491058856
2017-05,ordinary least squares,3,2017-08,-1.406221490891218,-1.283633113388049,101,0.2970897056369691,4,"sin_year, cos_year, year_fraction, flux_lag12",0.12258837750316909,0.4126308491246305
2017-05,ridge,3,2017-08,-1.4104891046423746,-1.283633113388049,101,0.2970897056369691,4,"sin_year, cos_year, year_fraction, flux_lag12",0.12685599125432567,0.4269955802822002
2017-05,random forest,3,2017-08,-1.4254955131679226,-1.283633113388049,101,0.2970897056369691,4,"sin_year, cos_year, year_fraction, flux_lag12",0.14186239977987358,0.477506951900997
2017-05,gradient boosting,3,2017-08,-1.39744831143071,-1.283633113388049,101,0.2970897056369691,4,"sin_year, cos_year, year_fraction, flux_lag12",0.11381519804266094,0.38310044368127055
2017-05,ordinary least squares,6,2017-11,-0.30000118886810656,-0.1306877936767514,101,0.2970897056369691,5,"sin_year, cos_year, year_fraction, flux_lag12, atm_temp_f_lag6",0.16931339519135516,0.5699066375536043
2017-05,ridge,6,2017-11,-0.280033892614954,-0.1306877936767514,101,0.2970897056369691,5,"sin_year, cos_year, year_fraction, flux_lag12, atm_temp_f_lag6",0.14934609893820258,0.5026969837881125
2017-05,random forest,6,2017-11,-0.2125776087731358,-0.1306877936767514,101,0.2970897056369691,5,"sin_year, cos_year, year_fraction, flux_lag12, atm_temp_f_lag6",0.0818898150963844,0.27564002906398327
2017-05,gradient boosting,6,2017-11,-0.24079091944754885,-0.1306877936767514,101,0.2970897056369691,5,"sin_year, cos_year, year_fraction, flux_lag12, atm_temp_f_lag6",0.11010312577079745,0.3706056577582622
2017-05,ordinary least squares,12,2018-05,-0.636742652215416,-0.778073330394462,101,0.2970897056369691,7,"sin_year, cos_year, year_fraction, flux_lag12, flux_lag13, soil_temp_f_lag12, wte_m_lag12",-0.141330678179046,0.47571718406071606
2017-05,ridge,12,2018-05,-0.7855591947022431,-0.778073330394462,101,0.2970897056369691,7,"sin_year, cos_year, year_fraction, flux_lag12, flux_lag13, soil_temp_f_lag12, wte_m_lag12",0.007485864307781087,0.025197319751390147
2017-05,random forest,12,2018-05,-0.7961028021333215,-0.778073330394462,101,0.2970897056369691,7,"sin_year, cos_year, year_fraction, flux_lag12, flux_lag13, soil_temp_f_lag12, wte_m_lag12",0.018029471738859493,0.060686962209625446
2017-05,gradient boosting,12,2018-05,-0.8616618374458959,-0.778073330394462,101,0.2970897056369691,7,"sin_year, cos_year, year_fraction, flux_lag12, flux_lag13, soil_temp_f_lag12, wte_m_lag12",0.08358850705143384,0.2813578036041929
2017-06,ordinary least squares,1,2017-07,-1.721006518552474,-1.3716236910436208,102,0.29414294558051923,5,"sin_year, cos_year, year_fraction, flux_lag1, flux_lag12",0.3493828275088533,1.1877994449920017
2017-06,ridge,1,2017-07,-1.7273461068581286,-1.3716236910436208,102,0.29414294558051923,5,"sin_year, cos_year, year_fraction, flux_lag1, flux_lag12",0.3557224158145078,1.2093521913723126
2017-06,random forest,1,2017-07,-1.7563922725566377,-1.3716236910436208,102,0.29414294558051923,5,"sin_year, cos_year, year_fraction, flux_lag1, flux_lag12",0.38476858151301685,1.3081006609002275
2017-06,gradient boosting,1,2017-07,-1.6930274312625118,-1.3716236910436208,102,0.29414294558051923,5,"sin_year, cos_year, year_fraction, flux_lag1, flux_lag12",0.32140374021889095,1.0926787300119332
2017-06,ordinary least squares,3,2017-09,-0.7712424126862272,-0.7444467340021905,102,0.29414294558051923,4,"sin_year, cos_year, year_fraction, flux_lag12",0.02679567868403665,0.09109747177907944
2017-06,ridge,3,2017-09,-0.7668034640362777,-0.7444467340021905,102,0.29414294558051923,4,"sin_year, cos_year, year_fraction, flux_lag12",0.022356730034087224,0.07600634443217423
2017-06,random forest,3,2017-09,-0.9292845955862054,-0.7444467340021905,102,0.29414294558051923,4,"sin_year, cos_year, year_fraction, flux_lag12",0.18483786158401483,0.628394678033905
2017-06,gradient boosting,3,2017-09,-0.7840888799811868,-0.7444467340021905,102,0.29414294558051923,4,"sin_year, cos_year, year_fraction, flux_lag12",0.03964214597899629,0.13477170394400834
2017-06,ordinary least squares,6,2017-12,-0.3504105126662247,-0.4928311284175383,102,0.29414294558051923,5,"sin_year, cos_year, year_fraction, flux_lag12, atm_temp_f_lag6",-0.1424206157513136,0.4841884460979776
2017-06,ridge,6,2017-12,-0.31483000274131123,-0.4928311284175383,102,0.29414294558051923,5,"sin_year, cos_year, year_fraction, flux_lag12, atm_temp_f_lag6",-0.17800112567622706,0.6051517751851053
2017-06,random forest,6,2017-12,-0.2961110408865695,-0.4928311284175383,102,0.29414294558051923,5,"sin_year, cos_year, year_fraction, flux_lag12, atm_temp_f_lag6",-0.1967200875309688,0.6687907715846215
2017-06,gradient boosting,6,2017-12,-0.23256821730129723,-0.4928311284175383,102,0.29414294558051923,5,"sin_year, cos_year, year_fraction, flux_lag12, atm_temp_f_lag6",-0.26026291111624106,0.884817790216207
2017-06,ordinary least squares,12,2018-06,-1.5226150383155725,-1.451765448609288,102,0.29414294558051923,7,"sin_year, cos_year, year_fraction, flux_lag12, flux_lag13, soil_temp_f_lag12, wte_m_lag12",0.07084958970628463,0.24086788675640747
2017-06,ridge,12,2018-06,-1.6352521359203904,-1.451765448609288,102,0.29414294558051923,7,"sin_year, cos_year, year_fraction, flux_lag12, flux_lag13, soil_temp_f_lag12, wte_m_lag12",0.18348668731110251,0.6238010806241638
2017-06,random forest,12,2018-06,-1.7170298811157898,-1.451765448609288,102,0.29414294558051923,7,"sin_year, cos_year, year_fraction, flux_lag12, flux_lag13, soil_temp_f_lag12, wte_m_lag12",0.2652644325065019,0.9018215003694111
2017-06,gradient boosting,12,2018-06,-1.6158287762579326,-1.451765448609288,102,0.29414294558051923,7,"sin_year, cos_year, year_fraction, flux_lag12, flux_lag13, soil_temp_f_lag12, wte_m_lag12",0.16406332764864473,0.5577673376624759
2017-07,ordinary least squares,1,2017-08,-1.275541741318109,-1.283633113388049,103,0.29238537692403443,5,"sin_year, cos_year, year_fraction, flux_lag1, flux_lag12",-0.00809137206994004,0.027673655074898922
2017-07,ridge,1,2017-08,-1.29684890416071,-1.283633113388049,103,0.29238537692403443,5,"sin_year, cos_year, year_fraction, flux_lag1, flux_lag12",0.013215790772661107,0.045199903332014936
2017-07,random forest,1,2017-08,-1.3257285074133558,-1.283633113388049,103,0.29238537692403443,5,"sin_year, cos_year, year_fraction, flux_lag1, flux_lag12",0.04209539402530682,0.14397229597512928
2017-07,gradient boosting,1,2017-08,-1.304891527635057,-1.283633113388049,103,0.29238537692403443,5,"sin_year, cos_year, year_fraction, flux_lag1, flux_lag12",0.02125841424700803,0.07270683120562231
2017-07,ordinary least squares,3,2017-10,-0.36384804446867547,-0.4000628493107893,103,0.29238537692403443,4,"sin_year, cos_year, year_fraction, flux_lag12",-0.03621480484211381,0.12385983602566723
2017-07,ridge,3,2017-10,-0.36225762961721614,-0.4000628493107893,103,0.29238537692403443,4,"sin_year, cos_year, year_fraction, flux_lag12",-0.037805219693573144,0.12929928333384277
2017-07,random forest,3,2017-10,-0.47649019960779837,-0.4000628493107893,103,0.29238537692403443,4,"sin_year, cos_year, year_fraction, flux_lag12",0.07642735029700909,0.26139251935593866
2017-07,gradient boosting,3,2017-10,-0.43697883352171407,-0.4000628493107893,103,0.29238537692403443,4,"sin_year, cos_year, year_fraction, flux_lag12",0.03691598421092479,0.12625797021482388
2017-07,ordinary least squares,6,2018-01,-0.25257371471284595,-0.3350201368019978,103,0.29238537692403443,5,"sin_year, cos_year, year_fraction, flux_lag12, atm_temp_f_lag6",-0.08244642208915187,0.2819786097256585
2017-07,ridge,6,2018-01,-0.24169549703423288,-0.3350201368019978,103,0.29238537692403443,5,"sin_year, cos_year, year_fraction, flux_lag12, atm_temp_f_lag6",-0.09332463976776495,0.3191836772056214
2017-07,random forest,6,2018-01,-0.1405555527897961,-0.3350201368019978,103,0.29238537692403443,5,"sin_year, cos_year, year_fraction, flux_lag12, atm_temp_f_lag6",-0.19446458401220174,0.665096818650839
2017-07,gradient boosting,6,2018-01,-0.18693053559111072,-0.3350201368019978,103,0.29238537692403443,5,"sin_year, cos_year, year_fraction, flux_lag12, atm_temp_f_lag6",-0.1480896012108871,0.5064877141559742
2017-07,ordinary least squares,12,2018-07,-1.6609301285901419,-1.0896328102956907,103,0.29238537692403443,7,"sin_year, cos_year, year_fraction, flux_lag12, flux_lag13, soil_temp_f_lag12, wte_m_lag12",0.5712973182944512,1.9539189144978402
2017-07,ridge,12,2018-07,-1.7476318320492832,-1.0896328102956907,103,0.29238537692403443,7,"sin_year, cos_year, year_fraction, flux_lag12, flux_lag13, soil_temp_f_lag12, wte_m_lag12",0.6579990217535925,2.250451197922081
2017-07,random forest,12,2018-07,-1.9762515708962594,-1.0896328102956907,103,0.29238537692403443,7,"sin_year, cos_year, year_fraction, flux_lag12, flux_lag13, soil_temp_f_lag12, wte_m_lag12",0.8866187606005687,3.032363553636008
2017-07,gradient boosting,12,2018-07,-1.6428765841888195,-1.0896328102956907,103,0.29238537692403443,7,"sin_year, cos_year, year_fraction, flux_lag12, flux_lag13, soil_temp_f_lag12, wte_m_lag12",0.5532437738931288,1.892173198651001
2017-08,ordinary least squares,1,2017-09,-0.6929973251808947,-0.7444467340021905,104,0.2928485361606316,5,"sin_year, cos_year, year_fraction, flux_lag1, flux_lag12",-0.05144940882129578,0.17568607135900124
2017-08,ridge,1,2017-09,-0.7004886875589168,-0.7444467340021905,104,0.2928485361606316,5,"sin_year, cos_year, year_fraction, flux_lag1, flux_lag12",-0.043958046443273724,0.15010505778714942
2017-08,random forest,1,2017-09,-0.8237464153596508,-0.7444467340021905,104,0.2928485361606316,5,"sin_year, cos_year, year_fraction, flux_lag1, flux_lag12",0.07929968135746024,0.2707873578509651
2017-08,gradient boosting,1,2017-09,-0.6444546431169426,-0.7444467340021905,104,0.2928485361606316,5,"sin_year, cos_year, year_fraction, flux_lag1, flux_lag12",-0.09999209088524796,0.3414464425746724
2017-08,ordinary least squares,3,2017-11,-0.2865072900287886,-0.1306877936767514,104,0.2928485361606316,4,"sin_year, cos_year, year_fraction, flux_lag12",0.1558194963520372,0.5320822101243763
2017-08,ridge,3,2017-11,-0.2812706933624937,-0.1306877936767514,104,0.2928485361606316,4,"sin_year, cos_year, year_fraction, flux_lag12",0.15058289968574232,0.5142006228200692
2017-08,random forest,3,2017-11,-0.18377235267291503,-0.1306877936767514,104,0.2928485361606316,4,"sin_year, cos_year, year_fraction, flux_lag12",0.05308455899616363,0.18126967507546626
2017-08,gradient boosting,3,2017-11,-0.23508912095040702,-0.1306877936767514,104,0.2928485361606316,4,"sin_year, cos_year, year_fraction, flux_lag12",0.10440132727365561,0.35650281419330704
2017-08,ordinary least squares,6,2018-02,-0.24249913662658026,-0.4316211846913061,104,0.2928485361606316,6,"sin_year, cos_year, year_fraction, flux_lag7, flux_lag12, atm_temp_f_lag6",-0.18912204806472585,0.6458015824295932
2017-08,ridge,6,2018-02,-0.22226743923149342,-0.4316211846913061,104,0.2928485361606316,6,"sin_year, cos_year, year_fraction, flux_lag7, flux_lag12, atm_temp_f_lag6",-0.2093537454598127,0.7148874575387297
2017-08,random forest,6,2018-02,-0.10879689601178688,-0.4316211846913061,104,0.2928485361606316,6,"sin_year, cos_year, year_fraction, flux_lag7, flux_lag12, atm_temp_f_lag6",-0.32282428867951923,1.1023592363201895
2017-08,gradient boosting,6,2018-02,-0.17317320251862917,-0.4316211846913061,104,0.2928485361606316,6,"sin_year, cos_year, year_fraction, flux_lag7, flux_lag12, atm_temp_f_lag6",-0.25844798217267695,0.8825312414432371
2017-08,ordinary least squares,12,2018-08,-1.3897923462698407,-0.695494837096196,104,0.2928485361606316,7,"sin_year, cos_year, year_fraction, flux_lag12, flux_lag13, soil_temp_f_lag12, wte_m_lag12",0.6942975091736447,2.370841658545333
2017-08,ridge,12,2018-08,-1.4751842566742517,-0.695494837096196,104,0.2928485361606316,7,"sin_year, cos_year, year_fraction, flux_lag12, flux_lag13, soil_temp_f_lag12, wte_m_lag12",0.7796894195780557,2.662432361111018
2017-08,random forest,12,2018-08,-1.4339067465900566,-0.695494837096196,104,0.2928485361606316,7,"sin_year, cos_year, year_fraction, flux_lag12, flux_lag13, soil_temp_f_lag12, wte_m_lag12",0.7384119094938606,2.5214806233104445
2017-08,gradient boosting,12,2018-08,-1.3839811380059008,-0.695494837096196,104,0.2928485361606316,7,"sin_year, cos_year, year_fraction, flux_lag12, flux_lag13, soil_temp_f_lag12, wte_m_lag12",0.6884863009097049,2.350997925193863
2017-09,ordinary least squares,1,2017-10,-0.3600148600154198,-0.4000628493107893,105,0.29040494445991744,5,"sin_year, cos_year, year_fraction, flux_lag1, flux_lag12",-0.04004798929536946,0.13790395122179816
2017-09,ridge,1,2017-10,-0.3594533077773281,-0.4000628493107893,105,0.29040494445991744,5,"sin_year, cos_year, year_fraction, flux_lag1, flux_lag12",-0.04060954153346119,0.13983763812625527
2017-09,random forest,1,2017-10,-0.308139279357168,-0.4000628493107893,105,0.29040494445991744,5,"sin_year, cos_year, year_fraction, flux_lag1, flux_lag12",-0.09192356995362128,0.31653582939015296
2017-09,gradient boosting,1,2017-10,-0.3371221755538925,-0.4000628493107893,105,0.29040494445991744,5,"sin_year, cos_year, year_fraction, flux_lag1, flux_lag12",-0.06294067375689677,0.2167341670919244
2017-09,ordinary least squares,3,2017-12,-0.30157149210233225,-0.4928311284175383,105,0.29040494445991744,4,"sin_year, cos_year, year_fraction, flux_lag12",-0.19125963631520604,0.6585963495590698
2017-09,ridge,3,2017-12,-0.2951479883409139,-0.4928311284175383,105,0.29040494445991744,4,"sin_year, cos_year, year_fraction, flux_lag12",-0.1976831400766244,0.6807154762611463
2017-09,random forest,3,2017-12,-0.4202537796196988,-0.4928311284175383,105,0.29040494445991744,4,"sin_year, cos_year, year_fraction, flux_lag12",-0.0725773487978395,0.2499177447987868
2017-09,gradient boosting,3,2017-12,-0.21406156386560804,-0.4928311284175383,105,0.29040494445991744,4,"sin_year, cos_year, year_fraction, flux_lag12",-0.27876956455193025,0.9599339469593875
2017-09,ordinary least squares,6,2018-03,-0.29339451813189327,-0.3704083872450299,105,0.29040494445991744,5,"sin_year, cos_year, year_fraction, flux_lag12, atm_temp_f_lag6",-0.07701386911313662,0.2651947584995968
2017-09,ridge,6,2018-03,-0.2990886460083882,-0.3704083872450299,105,0.29040494445991744,5,"sin_year, cos_year, year_fraction, flux_lag12, atm_temp_f_lag6",-0.0713197412366417,0.24558721398245842
2017-09,random forest,6,2018-03,-0.27205059969665235,-0.3704083872450299,105,0.29040494445991744,5,"sin_year, cos_year, year_fraction, flux_lag12, atm_temp_f_lag6",-0.09835778754837754,0.3386918488295683
2017-09,gradient boosting,6,2018-03,-0.3445175951065267,-0.3704083872450299,105,0.29040494445991744,5,"sin_year, cos_year, year_fraction, flux_lag12, atm_temp_f_lag6",-0.025890792138503205,0.08915410234028136
2017-09,ordinary least squares,12,2018-09,-0.7268752715114657,-0.7038415059982875,105,0.29040494445991744,8,"sin_year, cos_year, year_fraction, flux_lag12, flux_lag13, soil_temp_f_lag12, atm_temp_f_lag12, wte_m_lag12",0.02303376551317815,0.07931602389213914
2017-09,ridge,12,2018-09,-0.7581214410813344,-0.7038415059982875,105,0.29040494445991744,8,"sin_year, cos_year, year_fraction, flux_lag12, flux_lag13, soil_temp_f_lag12, atm_temp_f_lag12, wte_m_lag12",0.05427993508304685,0.18691119458724895
2017-09,random forest,12,2018-09,-0.8564508015993568,-0.7038415059982875,105,0.29040494445991744,8,"sin_year, cos_year, year_fraction, flux_lag12, flux_lag13, soil_temp_f_lag12, atm_temp_f_lag12, wte_m_lag12",0.15260929560106928,0.5255051558605018
2017-09,gradient boosting,12,2018-09,-0.8385069560890012,-0.7038415059982875,105,0.29040494445991744,8,"sin_year, cos_year, year_fraction, flux_lag12, flux_lag13, soil_temp_f_lag12, atm_temp_f_lag12, wte_m_lag12",0.13466545009071362,0.4637161062844801
2017-10,ordinary least squares,1,2017-11,-0.2822360398427802,-0.1306877936767514,106,0.28800732748229985,5,"sin_year, cos_year, year_fraction, flux_lag1, flux_lag12",0.15154824616602877,0.5261958002625559
2017-10,ridge,1,2017-11,-0.2793751180814378,-0.1306877936767514,106,0.28800732748229985,5,"sin_year, cos_year, year_fraction, flux_lag1, flux_lag12",0.14868732440468638,0.5162622968814025
2017-10,random forest,1,2017-11,-0.22813796756084379,-0.1306877936767514,106,0.28800732748229985,5,"sin_year, cos_year, year_fraction, flux_lag1, flux_lag12",0.09745017388409238,0.3383600505444828
2017-10,gradient boosting,1,2017-11,-0.25656345392401875,-0.1306877936767514,106,0.28800732748229985,5,"sin_year, cos_year, year_fraction, flux_lag1, flux_lag12",0.12587566024726735,0.4370571448568555
2017-10,ordinary least squares,3,2018-01,-0.25358920637081606,-0.3350201368019978,106,0.28800732748229985,4,"sin_year, cos_year, year_fraction, flux_lag12",-0.08143093043118177,0.2827390925884908
2017-10,ridge,3,2018-01,-0.24525965182338363,-0.3350201368019978,106,0.28800732748229985,4,"sin_year, cos_year, year_fraction, flux_lag12",-0.08976048497861419,0.311660421154148
2017-10,random forest,3,2018-01,-0.1280713231663142,-0.3350201368019978,106,0.28800732748229985,4,"sin_year, cos_year, year_fraction, flux_lag12",-0.20694881363568363,0.7185539876529778
2017-10,gradient boosting,3,2018-01,-0.19965494270380607,-0.3350201368019978,106,0.28800732748229985,4,"sin_year, cos_year, year_fraction, flux_lag12",-0.13536519409819175,0.4700060768645233
2017-10,ordinary least squares,6,2018-04,-0.573804896962814,-0.3243152732387839,106,0.28800732748229985,5,"sin_year, cos_year, year_fraction, flux_lag12, atm_temp_f_lag6",0.2494896237240301,0.8662613757261542
2017-10,ridge,6,2018-04,-0.5717307542574867,-0.3243152732387839,106,0.28800732748229985,5,"sin_year, cos_year, year_fraction, flux_lag12, atm_temp_f_lag6",0.24741548101870275,0.8590596745629961
2017-10,random forest,6,2018-04,-0.6500110491912926,-0.3243152732387839,106,0.28800732748229985,5,"sin_year, cos_year, year_fraction, flux_lag12, atm_temp_f_lag6",0.3256957759525087,1.1308593388913866
2017-10,gradient boosting,6,2018-04,-0.5407030975488127,-0.3243152732387839,106,0.28800732748229985,5,"sin_year, cos_year, year_fraction, flux_lag12, atm_temp_f_lag6",0.21638782431002884,0.7513274964274215
2017-10,ordinary least squares,12,2018-10,-0.3010599229186689,-0.476496696993747,106,0.28800732748229985,7,"sin_year, cos_year, year_fraction, flux_lag12, flux_lag13, soil_temp_f_lag12, wte_m_lag12",-0.17543677407507813,0.6091399674053779
2017-10,ridge,12,2018-10,-0.3442322045705887,-0.476496696993747,106,0.28800732748229985,7,"sin_year, cos_year, year_fraction, flux_lag12, flux_lag13, soil_temp_f_lag12, wte_m_lag12",-0.13226449242315835,0.4592400255208332
2017-10,random forest,12,2018-10,-0.3681049512955389,-0.476496696993747,106,0.28800732748229985,7,"sin_year, cos_year, year_fraction, flux_lag12, flux_lag13, soil_temp_f_lag12, wte_m_lag12",-0.10839174569820814,0.37635065276201907
2017-10,gradient boosting,12,2018-10,-0.38809651564541564,-0.476496696993747,106,0.28800732748229985,7,"sin_year, cos_year, year_fraction, flux_lag12, flux_lag13, soil_temp_f_lag12, wte_m_lag12",-0.08840018134833139,0.30693726482970896
2017-11,ordinary least squares,1,2017-12,-0.20999347070944158,-0.4928311284175383,107,0.2858685252899953,5,"sin_year, cos_year, year_fraction, flux_lag1, flux_lag12",-0.2828376577080967,0.9893976870002601
2017-11,ridge,1,2017-12,-0.21895909198406674,-0.4928311284175383,107,0.2858685252899953,5,"sin_year, cos_year, year_fraction, flux_lag1, flux_lag12",-0.2738720364334716,0.9580349433560269
2017-11,random forest,1,2017-12,-0.270117732374313,-0.4928311284175383,107,0.2858685252899953,5,"sin_year, cos_year, year_fraction, flux_lag1, flux_lag12",-0.22271339604322526,0.7790763107526328
2017-11,gradient boosting,1,2017-12,-0.14681989210239088,-0.4928311284175383,107,0.2858685252899953,5,"sin_year, cos_year, year_fraction, flux_lag1, flux_lag12",-0.3460112363151474,1.2103859141685542
2017-11,ordinary least squares,3,2018-02,-0.23757378220318706,-0.4316211846913061,107,0.2858685252899953,4,"sin_year, cos_year, year_fraction, flux_lag12",-0.19404740248811905,0.6787994666123891
2017-11,ridge,3,2018-02,-0.23035737707875045,-0.4316211846913061,107,0.2858685252899953,4,"sin_year, cos_year, year_fraction, flux_lag12",-0.20126380761255566,0.7040432569776138
2017-11,random forest,3,2018-02,-0.23583806025383908,-0.4316211846913061,107,0.2858685252899953,4,"sin_year, cos_year, year_fraction, flux_lag12",-0.19578312443746704,0.6848712156711118
2017-11,gradient boosting,3,2018-02,-0.18706387034605662,-0.4316211846913061,107,0.2858685252899953,4,"sin_year, cos_year, year_fraction, flux_lag12",-0.2445573143452495,0.8554887744188059
2017-11,ordinary least squares,6,2018-05,-0.8611692919452741,-0.778073330394462,107,0.2858685252899953,5,"sin_year, cos_year, year_fraction, flux_lag12, atm_temp_f_lag6",0.08309596155081211,0.2906789457374385
2017-11,ridge,6,2018-05,-0.8474503284075737,-0.778073330394462,107,0.2858685252899953,5,"sin_year, cos_year, year_fraction, flux_lag12, atm_temp_f_lag6",0.0693769980131117,0.24268848045699745
2017-11,random forest,6,2018-05,-0.8698619829020675,-0.778073330394462,107,0.2858685252899953,5,"sin_year, cos_year, year_fraction, flux_lag12, atm_temp_f_lag6",0.09178865250760548,0.3210869486750659
2017-11,gradient boosting,6,2018-05,-0.8497502948639266,-0.778073330394462,107,0.2858685252899953,5,"sin_year, cos_year, year_fraction, flux_lag12, atm_temp_f_lag6",0.07167696446946459,0.25073401976224174
2017-11,ordinary least squares,12,2018-11,-0.09272663541316495,-0.5563420591520679,107,0.2858685252899953,7,"sin_year, cos_year, year_fraction, flux_lag12, flux_lag13, soil_temp_f_lag12, wte_m_lag12",-0.46361542373890297,1.621778484597403
2017-11,ridge,12,2018-11,-0.18245396191986918,-0.5563420591520679,107,0.2858685252899953,7,"sin_year, cos_year, year_fraction, flux_lag12, flux_lag13, soil_temp_f_lag12, wte_m_lag12",-0.37388809723219874,1.3079022842858032
2017-11,random forest,12,2018-11,-0.20295900879120782,-0.5563420591520679,107,0.2858685252899953,7,"sin_year, cos_year, year_fraction, flux_lag12, flux_lag13, soil_temp_f_lag12, wte_m_lag12",-0.3533830503608601,1.2361733422816508
2017-11,gradient boosting,12,2018-11,-0.23928073968635585,-0.5563420591520679,107,0.2858685252899953,7,"sin_year, cos_year, year_fraction, flux_lag12, flux_lag13, soil_temp_f_lag12, wte_m_lag12",-0.31706131946571203,1.1091158746632692
2017-12,ordinary least squares,1,2018-01,-0.35509757227913424,-0.3350201368019978,108,0.2888840060107996,5,"sin_year, cos_year, year_fraction, flux_lag1, flux_lag12",0.02007743547713642,0.06949998982077896
2017-12,ridge,1,2018-01,-0.3322356842438575,-0.3350201368019978,108,0.2888840060107996,5,"sin_year, cos_year, year_fraction, flux_lag1, flux_lag12",-0.0027844525581403046,0.00963865253944246
2017-12,random forest,1,2018-01,-0.31229071292828137,-0.3350201368019978,108,0.2888840060107996,5,"sin_year, cos_year, year_fraction, flux_lag1, flux_lag12",-0.02272942387371646,0.07868010481987966
2017-12,gradient boosting,1,2018-01,-0.32309047504200067,-0.3350201368019978,108,0.2888840060107996,5,"sin_year, cos_year, year_fraction, flux_lag1, flux_lag12",-0.011929661759997157,0.04129568100613774
2017-12,ordinary least squares,3,2018-03,-0.31895085953340335,-0.3704083872450299,108,0.2888840060107996,4,"sin_year, cos_year, year_fraction, flux_lag12",-0.05145752771162654,0.1781252220301281
2017-12,ridge,3,2018-03,-0.3184310686270414,-0.3704083872450299,108,0.2888840060107996,4,"sin_year, cos_year, year_fraction, flux_lag12",-0.05197731861798849,0.1799245286568249
2017-12,random forest,3,2018-03,-0.32969760104842216,-0.3704083872450299,108,0.2888840060107996,4,"sin_year, cos_year, year_fraction, flux_lag12",-0.04071078619660773,0.14092433416021585
2017-12,gradient boosting,3,2018-03,-0.3534385877785118,-0.3704083872450299,108,0.2888840060107996,4,"sin_year, cos_year, year_fraction, flux_lag12",-0.01696979946651811,0.05874260642135969
2017-12,ordinary least squares,6,2018-06,-1.8248625792519626,-1.451765448609288,108,0.2888840060107996,5,"sin_year, cos_year, year_fraction, flux_lag12, atm_temp_f_lag6",0.3730971306426747,1.2915118970924506
2017-12,ridge,6,2018-06,-1.7878359878176022,-1.451765448609288,108,0.2888840060107996,5,"sin_year, cos_year, year_fraction, flux_lag12, atm_temp_f_lag6",0.3360705392083143,1.1633407603595427
2017-12,random forest,6,2018-06,-1.928148613146449,-1.451765448609288,108,0.2888840060107996,5,"sin_year, cos_year, year_fraction, flux_lag12, atm_temp_f_lag6",0.476383164537161,1.6490465191048063
2017-12,gradient boosting,6,2018-06,-1.6417553307189419,-1.451765448609288,108,0.2888840060107996,5,"sin_year, cos_year, year_fraction, flux_lag12, atm_temp_f_lag6",0.18998988210965395,0.657668400314801
2017-12,ordinary least squares,12,2018-12,-0.2252895137969924,-0.3337235904993121,108,0.2888840060107996,6,"sin_year, cos_year, year_fraction, flux_lag12, flux_lag13, soil_temp_f_lag12",-0.10843407670231969,0.3753550713993699
2017-12,ridge,12,2018-12,-0.2264407614578572,-0.3337235904993121,108,0.2888840060107996,6,"sin_year, cos_year, year_fraction, flux_lag12, flux_lag13, soil_temp_f_lag12",-0.10728282904145492,0.37136991598435626
2017-12,random forest,12,2018-12,-0.2389098483390554,-0.3337235904993121,108,0.2888840060107996,6,"sin_year, cos_year, year_fraction, flux_lag12, flux_lag13, soil_temp_f_lag12",-0.0948137421602567,0.32820696261291876
2017-12,gradient boosting,12,2018-12,-0.20236238693794667,-0.3337235904993121,108,0.2888840060107996,6,"sin_year, cos_year, year_fraction, flux_lag12, flux_lag13, soil_temp_f_lag12",-0.13136120356136544,0.4547195442743017
2018-01,ordinary least squares,1,2018-02,-0.2772210299558324,-0.4316211846913061,109,0.2886696171332229,5,"sin_year, cos_year, year_fraction, flux_lag1, flux_lag12",-0.1544001547354737,0.5348680483551443
2018-01,ridge,1,2018-02,-0.2666757513497212,-0.4316211846913061,109,0.2886696171332229,5,"sin_year, cos_year, year_fraction, flux_lag1, flux_lag12",-0.1649454333415849,0.5713986632180328
2018-01,random forest,1,2018-02,-0.2963057223362544,-0.4316211846913061,109,0.2886696171332229,5,"sin_year, cos_year, year_fraction, flux_lag1, flux_lag12",-0.1353154623550517,0.4687554710428799
2018-01,gradient boosting,1,2018-02,-0.3494649974663215,-0.4316211846913061,109,0.2886696171332229,5,"sin_year, cos_year, year_fraction, flux_lag1, flux_lag12",-0.08215618722498463,0.28460282048688557
2018-01,ordinary least squares,3,2018-04,-0.5800221473017114,-0.3243152732387839,109,0.2886696171332229,4,"sin_year, cos_year, year_fraction, flux_lag12",0.2557068740629275,0.8858115260010794
2018-01,ridge,3,2018-04,-0.5737439149694844,-0.3243152732387839,109,0.2886696171332229,4,"sin_year, cos_year, year_fraction, flux_lag12",0.2494286417307005,0.8640626755519877
2018-01,random forest,3,2018-04,-0.7707675674362264,-0.3243152732387839,109,0.2886696171332229,4,"sin_year, cos_year, year_fraction, flux_lag12",0.44645229419744253,1.5465856733769174
2018-01,gradient boosting,3,2018-04,-0.5429948716803791,-0.3243152732387839,109,0.2886696171332229,4,"sin_year, cos_year, year_fraction, flux_lag12",0.21867959844159518,0.7575428291113613
2018-01,ordinary least squares,6,2018-07,-1.7944044527392253,-1.0896328102956907,109,0.2886696171332229,5,"sin_year, cos_year, year_fraction, flux_lag12, atm_temp_f_lag6",0.7047716424435346,2.4414472483894207
2018-01,ridge,6,2018-07,-1.7817223726364915,-1.0896328102956907,109,0.2886696171332229,5,"sin_year, cos_year, year_fraction, flux_lag12, atm_temp_f_lag6",0.6920895623408008,2.3975143945315067
2018-01,random forest,6,2018-07,-2.0370995796842,-1.0896328102956907,109,0.2886696171332229,5,"sin_year, cos_year, year_fraction, flux_lag12, atm_temp_f_lag6",0.9474667693885095,3.2821838986651906
2018-01,gradient boosting,6,2018-07,-1.712357595112762,-1.0896328102956907,109,0.2886696171332229,5,"sin_year, cos_year, year_fraction, flux_lag12, atm_temp_f_lag6",0.6227247848170714,2.157223163980156
2018-01,ordinary least squares,12,2019-01,-0.16631201547352598,-0.2590929151041666,109,0.2886696171332229,6,"sin_year, cos_year, year_fraction, flux_lag12, flux_lag13, soil_temp_f_lag12",-0.09278089963064062,0.3214086073624493
2018-01,ridge,12,2019-01,-0.17024979824998224,-0.2590929151041666,109,0.2886696171332229,6,"sin_year, cos_year, year_fraction, flux_lag12, flux_lag13, soil_temp_f_lag12",-0.08884311685418436,0.30776746696269974
2018-01,random forest,12,2019-01,-0.08267752005713445,-0.2590929151041666,109,0.2886696171332229,6,"sin_year, cos_year, year_fraction, flux_lag12, flux_lag13, soil_temp_f_lag12",-0.17641539504703213,0.6111325355228336
2018-01,gradient boosting,12,2019-01,-0.0611529913977171,-0.2590929151041666,109,0.2886696171332229,6,"sin_year, cos_year, year_fraction, flux_lag12, flux_lag13, soil_temp_f_lag12",-0.1979399237064495,0.6856971151733607
2018-02,ordinary least squares,1,2018-03,-0.4258450824753345,-0.3704083872450299,110,0.29004031087390475,5,"sin_year, cos_year, year_fraction, flux_lag1, flux_lag12",0.05543669523030459,0.191134449771038
2018-02,ridge,1,2018-03,-0.41295458149745246,-0.3704083872450299,110,0.29004031087390475,5,"sin_year, cos_year, year_fraction, flux_lag1, flux_lag12",0.042546194252422564,0.14669062422471185
2018-02,random forest,1,2018-03,-0.48614788745107684,-0.3704083872450299,110,0.29004031087390475,5,"sin_year, cos_year, year_fraction, flux_lag1, flux_lag12",0.11573950020604695,0.3990462562163119
2018-02,gradient boosting,1,2018-03,-0.5445990935252083,-0.3704083872450299,110,0.29004031087390475,5,"sin_year, cos_year, year_fraction, flux_lag1, flux_lag12",0.1741907062801784,0.6005741262493266
2018-02,ordinary least squares,3,2018-05,-0.7763533205968527,-0.778073330394462,110,0.29004031087390475,4,"sin_year, cos_year, year_fraction, flux_lag12",-0.0017200097976093343,0.005930243945839342
2018-02,ridge,3,2018-05,-0.7789324983413443,-0.778073330394462,110,0.29004031087390475,4,"sin_year, cos_year, year_fraction, flux_lag12",0.0008591679468822333,0.002962236332920486
2018-02,random forest,3,2018-05,-0.8272887728433519,-0.778073330394462,110,0.29004031087390475,4,"sin_year, cos_year, year_fraction, flux_lag12",0.04921544244888987,0.16968483553407276
2018-02,gradient boosting,3,2018-05,-0.8816860473792649,-0.778073330394462,110,0.29004031087390475,4,"sin_year, cos_year, year_fraction, flux_lag12",0.1036127169848029,0.35723557416075385
2018-02,ordinary least squares,6,2018-08,-1.5802408736546711,-0.695494837096196,110,0.29004031087390475,5,"sin_year, cos_year, year_fraction, flux_lag12, atm_temp_f_lag6",0.8847460365584752,3.05042438374409
2018-02,ridge,6,2018-08,-1.5497639761365525,-0.695494837096196,110,0.29004031087390475,5,"sin_year, cos_year, year_fraction, flux_lag12, atm_temp_f_lag6",0.8542691390403565,2.945346239860261
2018-02,random forest,6,2018-08,-1.5434891106163544,-0.695494837096196,110,0.29004031087390475,5,"sin_year, cos_year, year_fraction, flux_lag12, atm_temp_f_lag6",0.8479942735201584,2.9237117798043757
2018-02,gradient boosting,6,2018-08,-1.4859563699429175,-0.695494837096196,110,0.29004031087390475,5,"sin_year, cos_year, year_fraction, flux_lag12, atm_temp_f_lag6",0.7904615328467215,2.7253505916643954
2018-02,ordinary least squares,12,2019-02,-0.16096411895627522,-0.3455435721350409,110,0.29004031087390475,8,"sin_year, cos_year, year_fraction, flux_lag12, flux_lag13, soil_temp_f_lag12, atm_temp_f_lag12, wte_m_lag12",-0.18457945317876567,0.6363924125671336
2018-02,ridge,12,2019-02,-0.19882130766420697,-0.3455435721350409,110,0.29004031087390475,8,"sin_year, cos_year, year_fraction, flux_lag12, flux_lag13, soil_temp_f_lag12, atm_temp_f_lag12, wte_m_lag12",-0.14672226447083392,0.5058685257533789
2018-02,random forest,12,2019-02,-0.09987568687488604,-0.3455435721350409,110,0.29004031087390475,8,"sin_year, cos_year, year_fraction, flux_lag12, flux_lag13, soil_temp_f_lag12, atm_temp_f_lag12, wte_m_lag12",-0.24566788526015484,0.8470129014823706
2018-02,gradient boosting,12,2019-02,-0.13709369146913067,-0.3455435721350409,110,0.29004031087390475,8,"sin_year, cos_year, year_fraction, flux_lag12, flux_lag13, soil_temp_f_lag12, atm_temp_f_lag12, wte_m_lag12",-0.20844988066591022,0.7186927914876424
2018-03,ordinary least squares,1,2018-04,-0.5924545407160154,-0.3243152732387839,111,0.2878692198278925,5,"sin_year, cos_year, year_fraction, flux_lag1, flux_lag12",0.26813926747723155,0.9314620980928185
2018-03,ridge,1,2018-04,-0.5887623812816272,-0.3243152732387839,111,0.2878692198278925,5,"sin_year, cos_year, year_fraction, flux_lag1, flux_lag12",0.26444710804284327,0.9186362758788434
2018-03,random forest,1,2018-04,-0.5750425830234696,-0.3243152732387839,111,0.2878692198278925,5,"sin_year, cos_year, year_fraction, flux_lag1, flux_lag12",0.25072730978468566,0.8709764452572847
2018-03,gradient boosting,1,2018-04,-0.6040672329053555,-0.3243152732387839,111,0.2878692198278925,5,"sin_year, cos_year, year_fraction, flux_lag1, flux_lag12",0.27975195966657157,0.9718022643540217
2018-03,ordinary least squares,3,2018-06,-1.6791909688250963,-1.451765448609288,111,0.2878692198278925,4,"sin_year, cos_year, year_fraction, flux_lag12",0.22742552021580842,0.7900306964106084
2018-03,ridge,3,2018-06,-1.6724897095121705,-1.451765448609288,111,0.2878692198278925,4,"sin_year, cos_year, year_fraction, flux_lag12",0.22072426090288255,0.7667518640403663
2018-03,random forest,3,2018-06,-1.6873112030277093,-1.451765448609288,111,0.2878692198278925,4,"sin_year, cos_year, year_fraction, flux_lag12",0.2355457544184214,0.8182387632802369
2018-03,gradient boosting,3,2018-06,-1.7130325129522788,-1.451765448609288,111,0.2878692198278925,4,"sin_year, cos_year, year_fraction, flux_lag12",0.26126706434299085,0.9075894411330041
2018-03,ordinary least squares,6,2018-09,-0.6677726615238513,-0.7038415059982875,111,0.2878692198278925,5,"sin_year, cos_year, year_fraction, flux_lag12, atm_temp_f_lag6",-0.03606884447443626,0.12529593992716773
2018-03,ridge,6,2018-09,-0.688532168767418,-0.7038415059982875,111,0.2878692198278925,5,"sin_year, cos_year, year_fraction, flux_lag12, atm_temp_f_lag6",-0.01530933723086958,0.053181570575772316
2018-03,random forest,6,2018-09,-0.8551162039062046,-0.7038415059982875,111,0.2878692198278925,5,"sin_year, cos_year, year_fraction, flux_lag12, atm_temp_f_lag6",0.15127469790791703,0.5254979952297755
2018-03,gradient boosting,6,2018-09,-0.802735734061774,-0.7038415059982875,111,0.2878692198278925,5,"sin_year, cos_year, year_fraction, flux_lag12, atm_temp_f_lag6",0.09889422806348647,0.3435387365228282
2018-03,ordinary least squares,12,2019-03,-0.2661384541294023,-0.2028890063458396,111,0.2878692198278925,7,"sin_year, cos_year, year_fraction, flux_lag12, flux_lag13, soil_temp_f_lag12, wte_m_lag12",0.0632494477835627,0.21971591065337745
2018-03,ridge,12,2019-03,-0.2737287243437674,-0.2028890063458396,111,0.2878692198278925,7,"sin_year, cos_year, year_fraction, flux_lag12, flux_lag13, soil_temp_f_lag12, wte_m_lag12",0.07083971799792779,0.2460829887970674
2018-03,random forest,12,2019-03,-0.2972943817743598,-0.2028890063458396,111,0.2878692198278925,7,"sin_year, cos_year, year_fraction, flux_lag12, flux_lag13, soil_temp_f_lag12, wte_m_lag12",0.0944053754285202,0.3279453617339223
2018-03,gradient boosting,12,2019-03,-0.31264515895631223,-0.2028890063458396,111,0.2878692198278925,7,"sin_year, cos_year, year_fraction, flux_lag12, flux_lag13, soil_temp_f_lag12, wte_m_lag12",0.10975615261047264,0.38127088639796997
2018-04,ordinary least squares,1,2018-05,-0.6990711747301916,-0.778073330394462,112,0.2853051485558892,5,"sin_year, cos_year, year_fraction, flux_lag1, flux_lag12",-0.07900215566427038,0.27690406592432887
2018-04,ridge,1,2018-05,-0.713301018600021,-0.778073330394462,112,0.2853051485558892,5,"sin_year, cos_year, year_fraction, flux_lag1, flux_lag12",-0.06477231179444098,0.22702819112201392
2018-04,random forest,1,2018-05,-0.7650979122361622,-0.778073330394462,112,0.2853051485558892,5,"sin_year, cos_year, year_fraction, flux_lag1, flux_lag12",-0.012975418158299834,0.045479088701962364
2018-04,gradient boosting,1,2018-05,-0.7469023223781585,-0.778073330394462,112,0.2853051485558892,5,"sin_year, cos_year, year_fraction, flux_lag1, flux_lag12",-0.03117100801630357,0.1092549790078443
2018-04,ordinary least squares,3,2018-07,-1.7540491182302542,-1.0896328102956907,112,0.2853051485558892,4,"sin_year, cos_year, year_fraction, flux_lag12",0.6644163079345635,2.3287918612671277
2018-04,ridge,3,2018-07,-1.7435184504028485,-1.0896328102956907,112,0.2853051485558892,4,"sin_year, cos_year, year_fraction, flux_lag12",0.6538856401071578,2.2918816692123816
2018-04,random forest,3,2018-07,-1.9465002867022037,-1.0896328102956907,112,0.2853051485558892,4,"sin_year, cos_year, year_fraction, flux_lag12",0.856867476406513,3.003336885940069
2018-04,gradient boosting,3,2018-07,-1.7061994229158397,-1.0896328102956907,112,0.2853051485558892,4,"sin_year, cos_year, year_fraction, flux_lag12",0.616566612620149,2.1610777644251593
2018-04,ordinary least squares,6,2018-10,-0.42710098053263923,-0.476496696993747,112,0.2853051485558892,5,"sin_year, cos_year, year_fraction, flux_lag12, atm_temp_f_lag6",-0.0493957164611078,0.17313293051713555
2018-04,ridge,6,2018-10,-0.4033069039811566,-0.476496696993747,112,0.2853051485558892,5,"sin_year, cos_year, year_fraction, flux_lag12, atm_temp_f_lag6",-0.07318979301259043,0.2565316237125426
2018-04,random forest,6,2018-10,-0.39725898816512173,-0.476496696993747,112,0.2853051485558892,5,"sin_year, cos_year, year_fraction, flux_lag12, atm_temp_f_lag6",-0.0792377088286253,0.2777296842685726
2018-04,gradient boosting,6,2018-10,-0.4086152505940269,-0.476496696993747,112,0.2853051485558892,5,"sin_year, cos_year, year_fraction, flux_lag12, atm_temp_f_lag6",-0.0678814463997201,0.2379257673522938
2018-04,ordinary least squares,12,2019-04,-0.513262664120895,-0.6355022568951602,112,0.2853051485558892,8,"sin_year, cos_year, year_fraction, flux_lag12, flux_lag13, soil_temp_f_lag12, atm_temp_f_lag12, wte_m_lag12",-0.1222395927742651,0.42845210958511415
2018-04,ridge,12,2019-04,-0.518872644150769,-0.6355022568951602,112,0.2853051485558892,8,"sin_year, cos_year, year_fraction, flux_lag12, flux_lag13, soil_temp_f_lag12, atm_temp_f_lag12, wte_m_lag12",-0.11662961274439121,0.4087890223318011
2018-04,random forest,12,2019-04,-0.4462268972693536,-0.6355022568951602,112,0.2853051485558892,8,"sin_year, cos_year, year_fraction, flux_lag12, flux_lag13, soil_temp_f_lag12, atm_temp_f_lag12, wte_m_lag12",-0.18927535962580655,0.6634137539537913
2018-04,gradient boosting,12,2019-04,-0.5914115685988232,-0.6355022568951602,112,0.2853051485558892,8,"sin_year, cos_year, year_fraction, flux_lag12, flux_lag13, soil_temp_f_lag12, atm_temp_f_lag12, wte_m_lag12",-0.044090688296337,0.1545387053809159
2018-05,ordinary least squares,1,2018-06,-1.6636997242795206,-1.451765448609288,113,0.28338223356973147,5,"sin_year, cos_year, year_fraction, flux_lag1, flux_lag12",0.2119342756702327,0.7478742509737554
2018-05,ridge,1,2018-06,-1.6637005964924048,-1.451765448609288,113,0.28338223356973147,5,"sin_year, cos_year, year_fraction, flux_lag1, flux_lag12",0.21193514788311685,0.7478773288409637
2018-05,random forest,1,2018-06,-1.5887082178696104,-1.451765448609288,113,0.28338223356973147,5,"sin_year, cos_year, year_fraction, flux_lag1, flux_lag12",0.13694276926032245,0.4832440182832603
2018-05,gradient boosting,1,2018-06,-1.6074187682370003,-1.451765448609288,113,0.28338223356973147,5,"sin_year, cos_year, year_fraction, flux_lag1, flux_lag12",0.15565331962771234,0.5492698595355342
2018-05,ordinary least squares,3,2018-08,-1.4654420096132446,-0.695494837096196,113,0.28338223356973147,4,"sin_year, cos_year, year_fraction, flux_lag12",0.7699471725170486,2.716991685816425
2018-05,ridge,3,2018-08,-1.459124513229138,-0.695494837096196,113,0.28338223356973147,4,"sin_year, cos_year, year_fraction, flux_lag12",0.763629676132942,2.6946984873172606
2018-05,random forest,3,2018-08,-1.4542222197668426,-0.695494837096196,113,0.28338223356973147,4,"sin_year, cos_year, year_fraction, flux_lag12",0.7587273826706467,2.6773992607548127
2018-05,gradient boosting,3,2018-08,-1.4902960831809766,-0.695494837096196,113,0.28338223356973147,4,"sin_year, cos_year, year_fraction, flux_lag12",0.7948012460847806,2.8046968085217134
2018-05,ordinary least squares,6,2018-11,-0.11628900526835517,-0.5563420591520679,113,0.28338223356973147,5,"sin_year, cos_year, year_fraction, flux_lag12, atm_temp_f_lag6",-0.44005305388371274,1.552860418736976
2018-05,ridge,6,2018-11,-0.1388322393947531,-0.5563420591520679,113,0.28338223356973147,5,"sin_year, cos_year, year_fraction, flux_lag12, atm_temp_f_lag6",-0.4175098197573148,1.4733097925653083
2018-05,random forest,6,2018-11,-0.2329568424856115,-0.5563420591520679,113,0.28338223356973147,5,"sin_year, cos_year, year_fraction, flux_lag12, atm_temp_f_lag6",-0.3233852166664564,1.14116263603689
2018-05,gradient boosting,6,2018-11,-0.22527562612668584,-0.5563420591520679,113,0.28338223356973147,5,"sin_year, cos_year, year_fraction, flux_lag12, atm_temp_f_lag6",-0.3310664330253821,1.1682681333087772
2018-05,ordinary least squares,12,2019-05,-0.8244582652904674,-1.1540291790223325,113,0.28338223356973147,6,"sin_year, cos_year, year_fraction, flux_lag12, flux_lag13, soil_temp_f_lag12",-0.3295709137318651,1.1629907407401672
2018-05,ridge,12,2019-05,-0.8264193966351456,-1.1540291790223325,113,0.28338223356973147,6,"sin_year, cos_year, year_fraction, flux_lag12, flux_lag13, soil_temp_f_lag12",-0.32760978238718685,1.156070295093402
2018-05,random forest,12,2019-05,-0.8261056074647255,-1.1540291790223325,113,0.28338223356973147,6,"sin_year, cos_year, year_fraction, flux_lag12, flux_lag13, soil_temp_f_lag12",-0.327923571557607,1.1571775951752292
2018-05,gradient boosting,12,2019-05,-0.8328493136954171,-1.1540291790223325,113,0.28338223356973147,6,"sin_year, cos_year, year_fraction, flux_lag12, flux_lag13, soil_temp_f_lag12",-0.32117986532691534,1.133380386205062
2018-06,ordinary least squares,1,2018-07,-1.65725756739403,-1.0896328102956907,114,0.2808022717780363,5,"sin_year, cos_year, year_fraction, flux_lag1, flux_lag12",0.5676247570983393,2.0214393334646004
2018-06,ridge,1,2018-07,-1.6643281599888395,-1.0896328102956907,114,0.2808022717780363,5,"sin_year, cos_year, year_fraction, flux_lag1, flux_lag12",0.5746953496931488,2.0466193028075788
2018-06,random forest,1,2018-07,-1.7894922470808707,-1.0896328102956907,114,0.2808022717780363,5,"sin_year, cos_year, year_fraction, flux_lag1, flux_lag12",0.69985943678518,2.4923567475208777
2018-06,gradient boosting,1,2018-07,-1.5995624627578633,-1.0896328102956907,114,0.2808022717780363,5,"sin_year, cos_year, year_fraction, flux_lag1, flux_lag12",0.5099296524621726,1.8159740989034907
2018-06,ordinary least squares,3,2018-09,-0.7501939929021764,-0.7038415059982875,114,0.2808022717780363,4,"sin_year, cos_year, year_fraction, flux_lag12",0.04635248690388882,0.16507162356766378
2018-06,ridge,3,2018-09,-0.7483651413696228,-0.7038415059982875,114,0.2808022717780363,4,"sin_year, cos_year, year_fraction, flux_lag12",0.0445236353713353,0.1585586722265893
2018-06,random forest,3,2018-09,-0.9215768230668325,-0.7038415059982875,114,0.2808022717780363,4,"sin_year, cos_year, year_fraction, flux_lag12",0.217735317068545,0.7754044000066233
2018-06,gradient boosting,3,2018-09,-0.7845533521865411,-0.7038415059982875,114,0.2808022717780363,4,"sin_year, cos_year, year_fraction, flux_lag12",0.08071184618825356,0.28743302423156053
2018-06,ordinary least squares,6,2018-12,-0.20007034549938268,-0.3337235904993121,114,0.2808022717780363,5,"sin_year, cos_year, year_fraction, flux_lag12, atm_temp_f_lag6",-0.13365324499992942,0.47596924395817325
2018-06,ridge,6,2018-12,-0.19608976471933287,-0.3337235904993121,114,0.2808022717780363,5,"sin_year, cos_year, year_fraction, flux_lag12, atm_temp_f_lag6",-0.13763382577997924,0.49014498674987084
2018-06,random forest,6,2018-12,-0.2229219483812416,-0.3337235904993121,114,0.2808022717780363,5,"sin_year, cos_year, year_fraction, flux_lag12, atm_temp_f_lag6",-0.1108016421180705,0.3945895502072542
2018-06,gradient boosting,6,2018-12,-0.20107779051597216,-0.3337235904993121,114,0.2808022717780363,5,"sin_year, cos_year, year_fraction, flux_lag12, atm_temp_f_lag6",-0.13264579998333995,0.47238150583123306
2018-06,ordinary least squares,12,2019-06,-1.6758753362205652,-1.6886780421762355,114,0.2808022717780363,7,"sin_year, cos_year, year_fraction, flux_lag12, flux_lag13, soil_temp_f_lag12, wte_m_lag12",-0.012802705955670346,0.045593313311191465
2018-06,ridge,12,2019-06,-1.663609668118903,-1.6886780421762355,114,0.2808022717780363,7,"sin_year, cos_year, year_fraction, flux_lag12, flux_lag13, soil_temp_f_lag12, wte_m_lag12",-0.025068374057332532,0.08927411412521671
2018-06,random forest,12,2019-06,-1.6710933710809452,-1.6886780421762355,114,0.2808022717780363,7,"sin_year, cos_year, year_fraction, flux_lag12, flux_lag13, soil_temp_f_lag12, wte_m_lag12",-0.017584671095290272,0.06262296591813295
2018-06,gradient boosting,12,2019-06,-1.7007677899551334,-1.6886780421762355,114,0.2808022717780363,7,"sin_year, cos_year, year_fraction, flux_lag12, flux_lag13, soil_temp_f_lag12, wte_m_lag12",0.01208974777889793,0.043054309006639466
2018-07,ordinary least squares,1,2018-08,-1.1794218110935626,-0.695494837096196,115,0.28081381167094793,5,"sin_year, cos_year, year_fraction, flux_lag1, flux_lag12",0.4839269739973666,1.7233018957216488
2018-07,ridge,1,2018-08,-1.2124141169549205,-0.695494837096196,115,0.28081381167094793,5,"sin_year, cos_year, year_fraction, flux_lag1, flux_lag12",0.5169192798587245,1.840790083589052
2018-07,random forest,1,2018-08,-1.3133672412641801,-0.695494837096196,115,0.28081381167094793,5,"sin_year, cos_year, year_fraction, flux_lag1, flux_lag12",0.6178724041679842,2.2002920742801457
2018-07,gradient boosting,1,2018-08,-1.2988757066055026,-0.695494837096196,115,0.28081381167094793,5,"sin_year, cos_year, year_fraction, flux_lag1, flux_lag12",0.6033808695093066,2.148686583181088
2018-07,ordinary least squares,3,2018-10,-0.3531739546788706,-0.476496696993747,115,0.28081381167094793,4,"sin_year, cos_year, year_fraction, flux_lag12",-0.12332274231487644,0.43916195425381566
2018-07,ridge,3,2018-10,-0.3535665259539409,-0.476496696993747,115,0.28081381167094793,4,"sin_year, cos_year, year_fraction, flux_lag12",-0.12293017103980614,0.43776397716453236
2018-07,random forest,3,2018-10,-0.3596466039448313,-0.476496696993747,115,0.28081381167094793,4,"sin_year, cos_year, year_fraction, flux_lag12",-0.11685009304891575,0.4161123427427365
2018-07,gradient boosting,3,2018-10,-0.3800717250636942,-0.476496696993747,115,0.28081381167094793,4,"sin_year, cos_year, year_fraction, flux_lag12",-0.09642497193005284,0.34337688504809627
2018-07,ordinary least squares,6,2019-01,-0.1777089974678489,-0.2590929151041666,115,0.28081381167094793,6,"sin_year, cos_year, year_fraction, flux_lag12, soil_temp_f_lag6, atm_temp_f_lag6",-0.08138391763631769,0.2898145114446214
2018-07,ridge,6,2019-01,-0.20259085998734344,-0.2590929151041666,115,0.28081381167094793,6,"sin_year, cos_year, year_fraction, flux_lag12, soil_temp_f_lag6, atm_temp_f_lag6",-0.05650205511682316,0.20120824820052352
2018-07,random forest,6,2019-01,-0.15618561360075456,-0.2590929151041666,115,0.28081381167094793,6,"sin_year, cos_year, year_fraction, flux_lag12, soil_temp_f_lag6, atm_temp_f_lag6",-0.10290730150341204,0.36646096889278645
2018-07,gradient boosting,6,2019-01,-0.15627780790001766,-0.2590929151041666,115,0.28081381167094793,6,"sin_year, cos_year, year_fraction, flux_lag12, soil_temp_f_lag6, atm_temp_f_lag6",-0.10281510720414894,0.3661326577648027
2018-07,ordinary least squares,12,2019-07,-1.8053046311528747,-1.174010175717488,115,0.28081381167094793,8,"sin_year, cos_year, year_fraction, flux_lag12, flux_lag13, soil_temp_f_lag12, atm_temp_f_lag12, wte_m_lag12",0.6312944554353868,2.2480890511721876
2018-07,ridge,12,2019-07,-1.768311176827534,-1.174010175717488,115,0.28081381167094793,8,"sin_year, cos_year, year_fraction, flux_lag12, flux_lag13, soil_temp_f_lag12, atm_temp_f_lag12, wte_m_lag12",0.594301001110046,2.1163524599225774
2018-07,random forest,12,2019-07,-1.8391037353261543,-1.174010175717488,115,0.28081381167094793,8,"sin_year, cos_year, year_fraction, flux_lag12, flux_lag13, soil_temp_f_lag12, atm_temp_f_lag12, wte_m_lag12",0.6650935596086665,2.3684503110837367
2018-07,gradient boosting,12,2019-07,-1.7445482689256036,-1.174010175717488,115,0.28081381167094793,8,"sin_year, cos_year, year_fraction, flux_lag12, flux_lag13, soil_temp_f_lag12, atm_temp_f_lag12, wte_m_lag12",0.5705380932081157,2.0317308818010025
2018-08,ordinary least squares,1,2018-09,-0.38773640604023596,-0.7038415059982875,116,0.28376885459999507,5,"sin_year, cos_year, year_fraction, flux_lag1, flux_lag12",-0.3161050999580516,1.1139527641383977
2018-08,ridge,1,2018-09,-0.4310635042674171,-0.7038415059982875,116,0.28376885459999507,5,"sin_year, cos_year, year_fraction, flux_lag1, flux_lag12",-0.27277800173087047,0.961268290402703
2018-08,random forest,1,2018-09,-0.47118808868618683,-0.7038415059982875,116,0.28376885459999507,5,"sin_year, cos_year, year_fraction, flux_lag1, flux_lag12",-0.2326534173121007,0.8198694590357795
2018-08,gradient boosting,1,2018-09,-0.7114891123093047,-0.7038415059982875,116,0.28376885459999507,5,"sin_year, cos_year, year_fraction, flux_lag1, flux_lag12",0.00764760631101713,0.026950125734543043
2018-08,ordinary least squares,3,2018-11,-0.2412375191482307,-0.5563420591520679,116,0.28376885459999507,4,"sin_year, cos_year, year_fraction, flux_lag12",-0.31510454000383725,1.1104267959498706
2018-08,ridge,3,2018-11,-0.24061443912670166,-0.5563420591520679,116,0.28376885459999507,4,"sin_year, cos_year, year_fraction, flux_lag12",-0.31572762002536625,1.112622526775959
2018-08,random forest,3,2018-11,-0.18738271261737033,-0.5563420591520679,116,0.28376885459999507,4,"sin_year, cos_year, year_fraction, flux_lag12",-0.3689593465346976,1.300210860190377
2018-08,gradient boosting,3,2018-11,-0.21353360756987608,-0.5563420591520679,116,0.28376885459999507,4,"sin_year, cos_year, year_fraction, flux_lag12",-0.34280845158219186,1.2080552394145578
2018-08,ordinary least squares,6,2019-02,-0.16382123960230904,-0.3455435721350409,116,0.28376885459999507,6,"sin_year, cos_year, year_fraction, flux_lag12, soil_temp_f_lag6, atm_temp_f_lag6",-0.18172233253273185,0.6403885753737507
2018-08,ridge,6,2019-02,-0.18482507100002815,-0.3455435721350409,116,0.28376885459999507,6,"sin_year, cos_year, year_fraction, flux_lag12, soil_temp_f_lag6, atm_temp_f_lag6",-0.16071850113501274,0.5663711803804685
2018-08,random forest,6,2019-02,-0.10153903518637723,-0.3455435721350409,116,0.28376885459999507,6,"sin_year, cos_year, year_fraction, flux_lag12, soil_temp_f_lag6, atm_temp_f_lag6",-0.24400453694866364,0.8598707468887528
2018-08,gradient boosting,6,2019-02,-0.16615430644095847,-0.3455435721350409,116,0.28376885459999507,6,"sin_year, cos_year, year_fraction, flux_lag12, soil_temp_f_lag6, atm_temp_f_lag6",-0.17938926569408242,0.6321668597033042
2018-08,ordinary least squares,12,2019-08,-1.5375118488203339,-1.039966131075911,116,0.28376885459999507,7,"sin_year, cos_year, year_fraction, flux_lag12, soil_temp_f_lag12, atm_temp_f_lag12, wte_m_lag12",0.4975457177444229,1.7533485781791345
2018-08,ridge,12,2019-08,-1.5001256841280122,-1.039966131075911,116,0.28376885459999507,7,"sin_year, cos_year, year_fraction, flux_lag12, soil_temp_f_lag12, atm_temp_f_lag12, wte_m_lag12",0.4601595530521012,1.621599923997118
2018-08,random forest,12,2019-08,-1.6036945213434564,-1.039966131075911,116,0.28376885459999507,7,"sin_year, cos_year, year_fraction, flux_lag12, soil_temp_f_lag12, atm_temp_f_lag12, wte_m_lag12",0.5637283902675454,1.9865759794611202
2018-08,gradient boosting,12,2019-08,-1.4092107172430395,-1.039966131075911,116,0.28376885459999507,7,"sin_year, cos_year, year_fraction, flux_lag12, soil_temp_f_lag12, atm_temp_f_lag12, wte_m_lag12",0.3692445861671285,1.301216043203971
2018-09,ordinary least squares,1,2018-10,-0.3378144554116278,-0.476496696993747,117,0.28145301053717514,5,"sin_year, cos_year, year_fraction, flux_lag1, flux_lag12",-0.13868224158211923,0.492736749617399
2018-09,ridge,1,2018-10,-0.3397181910731672,-0.476496696993747,117,0.28145301053717514,5,"sin_year, cos_year, year_fraction, flux_lag1, flux_lag12",-0.13677850592057983,0.48597279403594695
2018-09,random forest,1,2018-10,-0.35959344116873754,-0.476496696993747,117,0.28145301053717514,5,"sin_year, cos_year, year_fraction, flux_lag1, flux_lag12",-0.11690325582500949,0.41535621026717906
2018-09,gradient boosting,1,2018-10,-0.38039223612657075,-0.476496696993747,117,0.28145301053717514,5,"sin_year, cos_year, year_fraction, flux_lag1, flux_lag12",-0.09610446086717628,0.34145827995853867
2018-09,ordinary least squares,3,2018-12,-0.2101689381378293,-0.3337235904993121,117,0.28145301053717514,4,"sin_year, cos_year, year_fraction, flux_lag12",-0.1235546523614828,0.43898856198293656
2018-09,ridge,3,2018-12,-0.219497087861114,-0.3337235904993121,117,0.28145301053717514,4,"sin_year, cos_year, year_fraction, flux_lag12",-0.11422650263819811,0.4058457304122911
2018-09,random forest,3,2018-12,-0.25043269744950264,-0.3337235904993121,117,0.28145301053717514,4,"sin_year, cos_year, year_fraction, flux_lag12",-0.08329089304980947,0.2959317894338464
2018-09,gradient boosting,3,2018-12,-0.21635710881004558,-0.3337235904993121,117,0.28145301053717514,4,"sin_year, cos_year, year_fraction, flux_lag12",-0.11736648168926653,0.4170020475718607
2018-09,ordinary least squares,6,2019-03,-0.31868663306112166,-0.2028890063458396,117,0.28145301053717514,6,"sin_year, cos_year, year_fraction, flux_lag12, soil_temp_f_lag6, atm_temp_f_lag6",0.11579762671528207,0.41142792004346734
2018-09,ridge,6,2019-03,-0.3280164059188936,-0.2028890063458396,117,0.28145301053717514,6,"sin_year, cos_year, year_fraction, flux_lag12, soil_temp_f_lag6, atm_temp_f_lag6",0.125127399573054,0.4445765185962607
2018-09,random forest,6,2019-03,-0.3452116850599523,-0.2028890063458396,117,0.28145301053717514,6,"sin_year, cos_year, year_fraction, flux_lag12, soil_temp_f_lag6, atm_temp_f_lag6",0.14232267871411272,0.5056711898106143
2018-09,gradient boosting,6,2019-03,-0.3403524365387917,-0.2028890063458396,117,0.28145301053717514,6,"sin_year, cos_year, year_fraction, flux_lag12, soil_temp_f_lag6, atm_temp_f_lag6",0.13746343019295212,0.48840632377885174
2018-09,ordinary least squares,12,2019-09,-0.8541756774097944,-0.8985479651631065,117,0.28145301053717514,7,"sin_year, cos_year, year_fraction, flux_lag12, soil_temp_f_lag12, atm_temp_f_lag12, wte_m_lag12",-0.044372287753312145,0.15765433693043168
2018-09,ridge,12,2019-09,-0.7971509841126856,-0.8985479651631065,117,0.28145301053717514,7,"sin_year, cos_year, year_fraction, flux_lag12, soil_temp_f_lag12, atm_temp_f_lag12, wte_m_lag12",-0.10139698105042094,0.36026255628567216
2018-09,random forest,12,2019-09,-0.8872071031942184,-0.8985479651631065,117,0.28145301053717514,7,"sin_year, cos_year, year_fraction, flux_lag12, soil_temp_f_lag12, atm_temp_f_lag12, wte_m_lag12",-0.011340861968888172,0.04029397996931441
2018-09,gradient boosting,12,2019-09,-0.8541305851387554,-0.8985479651631065,117,0.28145301053717514,7,"sin_year, cos_year, year_fraction, flux_lag12, soil_temp_f_lag12, atm_temp_f_lag12, wte_m_lag12",-0.04441738002435114,0.1578145493614621
2018-10,ordinary least squares,1,2018-11,-0.2858516593114456,-0.5563420591520679,118,0.2795188674913806,5,"sin_year, cos_year, year_fraction, flux_lag1, flux_lag12",-0.2704903998406223,0.9676999705537347
2018-10,ridge,1,2018-11,-0.280484791830353,-0.5563420591520679,118,0.2795188674913806,5,"sin_year, cos_year, year_fraction, flux_lag1, flux_lag12",-0.2758572673217149,0.9869003470050958
2018-10,random forest,1,2018-11,-0.24047565893534717,-0.5563420591520679,118,0.2795188674913806,5,"sin_year, cos_year, year_fraction, flux_lag1, flux_lag12",-0.31586640021672074,1.1300360617927194
2018-10,gradient boosting,1,2018-11,-0.3841263197231532,-0.5563420591520679,118,0.2795188674913806,5,"sin_year, cos_year, year_fraction, flux_lag1, flux_lag12",-0.17221573942891472,0.6161149012033159
2018-10,ordinary least squares,3,2019-01,-0.21033908696606793,-0.2590929151041666,118,0.2795188674913806,4,"sin_year, cos_year, year_fraction, flux_lag12",-0.04875382813809867,0.1744205268705236
2018-10,ridge,3,2019-01,-0.20937628404356906,-0.2590929151041666,118,0.2795188674913806,4,"sin_year, cos_year, year_fraction, flux_lag12",-0.04971663106059754,0.17786502752673977
2018-10,random forest,3,2019-01,-0.17344255506862155,-0.2590929151041666,118,0.2795188674913806,4,"sin_year, cos_year, year_fraction, flux_lag12",-0.08565036003554505,0.3064206749413301
2018-10,gradient boosting,3,2019-01,-0.16311349199558042,-0.2590929151041666,118,0.2795188674913806,4,"sin_year, cos_year, year_fraction, flux_lag12",-0.09597942310858618,0.3433736833938262
2018-10,ordinary least squares,6,2019-04,-0.6480336913967061,-0.6355022568951602,118,0.2795188674913806,6,"sin_year, cos_year, year_fraction, flux_lag12, soil_temp_f_lag6, atm_temp_f_lag6",0.012531434501545924,0.04483215968214507
2018-10,ridge,6,2019-04,-0.5811828909250714,-0.6355022568951602,118,0.2795188674913806,6,"sin_year, cos_year, year_fraction, flux_lag12, soil_temp_f_lag6, atm_temp_f_lag6",-0.054319365970088795,0.1943316616069354
2018-10,random forest,6,2019-04,-0.5639970158904253,-0.6355022568951602,118,0.2795188674913806,6,"sin_year, cos_year, year_fraction, flux_lag12, soil_temp_f_lag6, atm_temp_f_lag6",-0.07150524100473488,0.2558154361688656
2018-10,gradient boosting,6,2019-04,-0.5036986222135218,-0.6355022568951602,118,0.2795188674913806,6,"sin_year, cos_year, year_fraction, flux_lag12, soil_temp_f_lag6, atm_temp_f_lag6",-0.13180363468163836,0.4715375239766336
2018-10,ordinary least squares,12,2019-10,-0.300297449726205,-0.5467088262173658,118,0.2795188674913806,7,"sin_year, cos_year, year_fraction, flux_lag12, soil_temp_f_lag12, atm_temp_f_lag12, wte_m_lag12",-0.24641137649116085,0.8815554338161424
2018-10,ridge,12,2019-10,-0.32904013425286727,-0.5467088262173658,118,0.2795188674913806,7,"sin_year, cos_year, year_fraction, flux_lag12, soil_temp_f_lag12, atm_temp_f_lag12, wte_m_lag12",-0.21766869196449856,0.778726294643458
2018-10,random forest,12,2019-10,-0.3512015864015986,-0.5467088262173658,118,0.2795188674913806,7,"sin_year, cos_year, year_fraction, flux_lag12, soil_temp_f_lag12, atm_temp_f_lag12, wte_m_lag12",-0.19550723981576723,0.6994420146675644
2018-10,gradient boosting,12,2019-10,-0.28196255755503524,-0.5467088262173658,118,0.2795188674913806,7,"sin_year, cos_year, year_fraction, flux_lag12, soil_temp_f_lag12, atm_temp_f_lag12, wte_m_lag12",-0.2647462686623306,0.9471499045426494
2018-11,ordinary least squares,1,2018-12,-0.3808016007029997,-0.3337235904993121,119,0.2808846188744081,5,"sin_year, cos_year, year_fraction, flux_lag1, flux_lag12",0.04707801020368757,0.167606223481883
2018-11,ridge,1,2018-12,-0.36682059367182884,-0.3337235904993121,119,0.2808846188744081,5,"sin_year, cos_year, year_fraction, flux_lag1, flux_lag12",0.03309700317251674,0.11783131203533576
2018-11,random forest,1,2018-12,-0.3208943798717716,-0.3337235904993121,119,0.2808846188744081,5,"sin_year, cos_year, year_fraction, flux_lag1, flux_lag12",-0.0128292106275405,0.04567430811609098
2018-11,gradient boosting,1,2018-12,-0.43889010731988753,-0.3337235904993121,119,0.2808846188744081,5,"sin_year, cos_year, year_fraction, flux_lag1, flux_lag12",0.10516651682057543,0.37441180382895417
2018-11,ordinary least squares,3,2019-02,-0.17711311490054948,-0.3455435721350409,119,0.2808846188744081,4,"sin_year, cos_year, year_fraction, flux_lag12",-0.1684304572344914,0.5996428637119561
2018-11,ridge,3,2019-02,-0.18088058272640936,-0.3455435721350409,119,0.2808846188744081,4,"sin_year, cos_year, year_fraction, flux_lag12",-0.16466298940863153,0.5862299974576297
2018-11,random forest,3,2019-02,-0.17483898937585257,-0.3455435721350409,119,0.2808846188744081,4,"sin_year, cos_year, year_fraction, flux_lag12",-0.17070458275918832,0.6077391615221033
2018-11,gradient boosting,3,2019-02,-0.1862498471928984,-0.3455435721350409,119,0.2808846188744081,4,"sin_year, cos_year, year_fraction, flux_lag12",-0.1592937249421425,0.5671144457125561
2018-11,ordinary least squares,6,2019-05,-0.9292659322059789,-1.1540291790223325,119,0.2808846188744081,6,"sin_year, cos_year, year_fraction, flux_lag12, soil_temp_f_lag6, atm_temp_f_lag6",-0.22476324681635362,0.8001977741502891
2018-11,ridge,6,2019-05,-0.8777500316876432,-1.1540291790223325,119,0.2808846188744081,6,"sin_year, cos_year, year_fraction, flux_lag12, soil_temp_f_lag6, atm_temp_f_lag6",-0.2762791473346893,0.9836036890942111
2018-11,random forest,6,2019-05,-0.8502469193465156,-1.1540291790223325,119,0.2808846188744081,6,"sin_year, cos_year, year_fraction, flux_lag12, soil_temp_f_lag6, atm_temp_f_lag6",-0.30378225967581685,1.0815197389346798
2018-11,gradient boosting,6,2019-05,-0.8152738737539039,-1.1540291790223325,119,0.2808846188744081,6,"sin_year, cos_year, year_fraction, flux_lag12, soil_temp_f_lag6, atm_temp_f_lag6",-0.33875530526842856,1.2060301009928074
2018-11,ordinary least squares,12,2019-11,-0.20007026563179603,-0.5525958037474524,119,0.2808846188744081,7,"sin_year, cos_year, year_fraction, flux_lag12, soil_temp_f_lag12, atm_temp_f_lag12, wte_m_lag12",-0.3525255381156564,1.2550546182569047
2018-11,ridge,12,2019-11,-0.21905086199125118,-0.5525958037474524,119,0.2808846188744081,7,"sin_year, cos_year, year_fraction, flux_lag12, soil_temp_f_lag12, atm_temp_f_lag12, wte_m_lag12",-0.33354494175620125,1.187480265358849
2018-11,random forest,12,2019-11,-0.1179217374141433,-0.5525958037474524,119,0.2808846188744081,7,"sin_year, cos_year, year_fraction, flux_lag12, soil_temp_f_lag12, atm_temp_f_lag12, wte_m_lag12",-0.43467406633330913,1.547518223230532
2018-11,gradient boosting,12,2019-11,-0.17333181046284246,-0.5525958037474524,119,0.2808846188744081,7,"sin_year, cos_year, year_fraction, flux_lag12, soil_temp_f_lag12, atm_temp_f_lag12, wte_m_lag12",-0.37926399328460997,1.350248350388279
2018-12,ordinary least squares,1,2019-01,-0.24534833572043385,-0.2590929151041666,120,0.279757053309999,5,"sin_year, cos_year, year_fraction, flux_lag1, flux_lag12",-0.013744579383732747,0.04913041233853135
2018-12,ridge,1,2019-01,-0.23831966009246047,-0.2590929151041666,120,0.279757053309999,5,"sin_year, cos_year, year_fraction, flux_lag1, flux_lag12",-0.020773255011706127,0.07425462473929931
2018-12,random forest,1,2019-01,-0.23338751816728082,-0.2590929151041666,120,0.279757053309999,5,"sin_year, cos_year, year_fraction, flux_lag1, flux_lag12",-0.025705396936885783,0.09188471437180035
2018-12,gradient boosting,1,2019-01,-0.09964576909526468,-0.2590929151041666,120,0.279757053309999,5,"sin_year, cos_year, year_fraction, flux_lag1, flux_lag12",-0.15944714600890192,0.5699486183542919
2018-12,ordinary least squares,3,2019-03,-0.3080762870556059,-0.2028890063458396,120,0.279757053309999,4,"sin_year, cos_year, year_fraction, flux_lag12",0.10518728070976632,0.3759950981225421
2018-12,ridge,3,2019-03,-0.3095751912325041,-0.2028890063458396,120,0.279757053309999,4,"sin_year, cos_year, year_fraction, flux_lag12",0.10668618488666451,0.38135297617838954
2018-12,random forest,3,2019-03,-0.3784348066346524,-0.2028890063458396,120,0.279757053309999,4,"sin_year, cos_year, year_fraction, flux_lag12",0.1755458002888128,0.6274937422017037
2018-12,gradient boosting,3,2019-03,-0.3249384321318351,-0.2028890063458396,120,0.279757053309999,4,"sin_year, cos_year, year_fraction, flux_lag12",0.12204942578599551,0.43626934278133267
2018-12,ordinary least squares,6,2019-06,-1.6261390835183764,-1.6886780421762355,120,0.279757053309999,6,"sin_year, cos_year, year_fraction, flux_lag12, soil_temp_f_lag6, atm_temp_f_lag6",-0.06253895865785908,0.22354738841404515
2018-12,ridge,6,2019-06,-1.6271279271412902,-1.6886780421762355,120,0.279757053309999,6,"sin_year, cos_year, year_fraction, flux_lag12, soil_temp_f_lag6, atm_temp_f_lag6",-0.06155011503494534,0.22001273714711891
2018-12,random forest,6,2019-06,-1.6990004357256023,-1.6886780421762355,120,0.279757053309999,6,"sin_year, cos_year, year_fraction, flux_lag12, soil_temp_f_lag6, atm_temp_f_lag6",0.010322393549366815,0.03689770616052551
2018-12,gradient boosting,6,2019-06,-1.635306492518446,-1.6886780421762355,120,0.279757053309999,6,"sin_year, cos_year, year_fraction, flux_lag12, soil_temp_f_lag6, atm_temp_f_lag6",-0.05337154965778956,0.19077820925804687
2018-12,ordinary least squares,12,2019-12,-0.29668573486814676,-0.3407732571124477,120,0.279757053309999,7,"sin_year, cos_year, year_fraction, flux_lag12, soil_temp_f_lag12, atm_temp_f_lag12, wte_m_lag12",-0.04408752224430096,0.15759217407629592
2018-12,ridge,12,2019-12,-0.26233940007140955,-0.3407732571124477,120,0.279757053309999,7,"sin_year, cos_year, year_fraction, flux_lag12, soil_temp_f_lag12, atm_temp_f_lag12, wte_m_lag12",-0.07843385704103817,0.2803641806811768
2018-12,random forest,12,2019-12,-0.20762220955835886,-0.3407732571124477,120,0.279757053309999,7,"sin_year, cos_year, year_fraction, flux_lag12, soil_temp_f_lag12, atm_temp_f_lag12, wte_m_lag12",-0.13315104755408885,0.47595242364289586
2018-12,gradient boosting,12,2019-12,-0.26974700381712086,-0.3407732571124477,120,0.279757053309999,7,"sin_year, cos_year, year_fraction, flux_lag12, soil_temp_f_lag12, atm_temp_f_lag12, wte_m_lag12",-0.07102625329532686,0.25388547832830727
2019-01,ordinary least squares,1,2019-02,-0.20953806757105528,-0.3455435721350409,121,0.2778870548548415,5,"sin_year, cos_year, year_fraction, flux_lag1, flux_lag12",-0.1360055045639856,0.4894272769742014
2019-01,ridge,1,2019-02,-0.20781833383049098,-0.3455435721350409,121,0.2778870548548415,5,"sin_year, cos_year, year_fraction, flux_lag1, flux_lag12",-0.1377252383045499,0.49561588385789607
2019-01,random forest,1,2019-02,-0.12893750060318843,-0.3455435721350409,121,0.2778870548548415,5,"sin_year, cos_year, year_fraction, flux_lag1, flux_lag12",-0.21660607153185246,0.7794752139317893
2019-01,gradient boosting,1,2019-02,-0.06865326475894495,-0.3455435721350409,121,0.2778870548548415,5,"sin_year, cos_year, year_fraction, flux_lag1, flux_lag12",-0.27689030737609593,0.9964131201460024
2019-01,ordinary least squares,3,2019-04,-0.5331116025810694,-0.6355022568951602,121,0.2778870548548415,4,"sin_year, cos_year, year_fraction, flux_lag12",-0.10239065431409078,0.36846140374396386
2019-01,ridge,3,2019-04,-0.5301041421617034,-0.6355022568951602,121,0.2778870548548415,4,"sin_year, cos_year, year_fraction, flux_lag12",-0.10539811473345673,0.37928400367017107
2019-01,random forest,3,2019-04,-0.5801234193731655,-0.6355022568951602,121,0.2778870548548415,4,"sin_year, cos_year, year_fraction, flux_lag12",-0.055378837521994684,0.19928541669896302
2019-01,gradient boosting,3,2019-04,-0.49545426032785017,-0.6355022568951602,121,0.2778870548548415,4,"sin_year, cos_year, year_fraction, flux_lag12",-0.14004799656730998,0.5039745253353604
2019-01,ordinary least squares,6,2019-07,-1.8109184543490113,-1.174010175717488,121,0.2778870548548415,6,"sin_year, cos_year, year_fraction, flux_lag12, soil_temp_f_lag6, atm_temp_f_lag6",0.6369082786315234,2.2919681485854824
2019-01,ridge,6,2019-07,-1.801392060834683,-1.174010175717488,121,0.2778870548548415,6,"sin_year, cos_year, year_fraction, flux_lag12, soil_temp_f_lag6, atm_temp_f_lag6",0.6273818851171951,2.257686618201476
2019-01,random forest,6,2019-07,-1.8421383410230443,-1.174010175717488,121,0.2778870548548415,6,"sin_year, cos_year, year_fraction, flux_lag12, soil_temp_f_lag6, atm_temp_f_lag6",0.6681281653055564,2.404315543430273
2019-01,gradient boosting,6,2019-07,-1.6440742711782335,-1.174010175717488,121,0.2778870548548415,6,"sin_year, cos_year, year_fraction, flux_lag12, soil_temp_f_lag6, atm_temp_f_lag6",0.47006409546074557,1.6915652861422086
2019-01,ordinary least squares,12,2020-01,-0.3298873886153033,-0.4827268949476449,121,0.2778870548548415,7,"sin_year, cos_year, year_fraction, flux_lag12, soil_temp_f_lag12, atm_temp_f_lag12, wte_m_lag12",-0.1528395063323416,0.5500058518817281
2019-01,ridge,12,2020-01,-0.30744147817355705,-0.4827268949476449,121,0.2778870548548415,7,"sin_year, cos_year, year_fraction, flux_lag12, soil_temp_f_lag12, atm_temp_f_lag12, wte_m_lag12",-0.17528541677408788,0.630779353380282
2019-01,random forest,12,2020-01,-0.25500753685640637,-0.4827268949476449,121,0.2778870548548415,7,"sin_year, cos_year, year_fraction, flux_lag12, soil_temp_f_lag12, atm_temp_f_lag12, wte_m_lag12",-0.22771935809123856,0.8194673127547852
2019-01,gradient boosting,12,2020-01,-0.2678483553909474,-0.4827268949476449,121,0.2778870548548415,7,"sin_year, cos_year, year_fraction, flux_lag12, soil_temp_f_lag12, atm_temp_f_lag12, wte_m_lag12",-0.2148785395566975,0.7732585444433263
2019-02,ordinary least squares,1,2019-03,-0.38538290196093156,-0.2028890063458396,122,0.27614333265212715,6,"sin_year, cos_year, year_fraction, flux_lag1, flux_lag12, precip_in_lag1",0.18249389561509197,0.6608665647017069
2019-02,ridge,1,2019-03,-0.37592749263684694,-0.2028890063458396,122,0.27614333265212715,6,"sin_year, cos_year, year_fraction, flux_lag1, flux_lag12, precip_in_lag1",0.17303848629100735,0.6266256173166179
2019-02,random forest,1,2019-03,-0.45418646253293826,-0.2028890063458396,122,0.27614333265212715,6,"sin_year, cos_year, year_fraction, flux_lag1, flux_lag12, precip_in_lag1",0.25129745618709864,0.9100254341598455
2019-02,gradient boosting,1,2019-03,-0.6941891510479552,-0.2028890063458396,122,0.27614333265212715,6,"sin_year, cos_year, year_fraction, flux_lag1, flux_lag12, precip_in_lag1",0.4913001447021156,1.7791490382316535
2019-02,ordinary least squares,3,2019-05,-0.7905432764574302,-1.1540291790223325,122,0.27614333265212715,4,"sin_year, cos_year, year_fraction, flux_lag12",-0.3634859025649023,1.316294328289307
2019-02,ridge,3,2019-05,-0.7906992358188212,-1.1540291790223325,122,0.27614333265212715,4,"sin_year, cos_year, year_fraction, flux_lag12",-0.3633299432035113,1.3157295514399325
2019-02,random forest,3,2019-05,-0.8160994821357298,-1.1540291790223325,122,0.27614333265212715,4,"sin_year, cos_year, year_fraction, flux_lag12",-0.3379296968866027,1.2237474417400154
2019-02,gradient boosting,3,2019-05,-0.7845254020219208,-1.1540291790223325,122,0.27614333265212715,4,"sin_year, cos_year, year_fraction, flux_lag12",-0.3695037770004117,1.3380869038250358
2019-02,ordinary least squares,6,2019-08,-1.4966779733371038,-1.039966131075911,122,0.27614333265212715,6,"sin_year, cos_year, year_fraction, flux_lag12, soil_temp_f_lag6, atm_temp_f_lag6",0.4567118422611929,1.6538941493711086
2019-02,ridge,6,2019-08,-1.4948216319377925,-1.039966131075911,122,0.27614333265212715,6,"sin_year, cos_year, year_fraction, flux_lag12, soil_temp_f_lag6, atm_temp_f_lag6",0.45485550086188153,1.6471717658122418
2019-02,random forest,6,2019-08,-1.4571360096800938,-1.039966131075911,122,0.27614333265212715,6,"sin_year, cos_year, year_fraction, flux_lag12, soil_temp_f_lag6, atm_temp_f_lag6",0.41716987860418286,1.5107005285900368
2019-02,gradient boosting,6,2019-08,-1.3589586104643339,-1.039966131075911,122,0.27614333265212715,6,"sin_year, cos_year, year_fraction, flux_lag12, soil_temp_f_lag6, atm_temp_f_lag6",0.3189924793884229,1.1551699486088087
2019-02,ordinary least squares,12,2020-02,-0.3271377317259291,-0.3859813886092053,122,0.27614333265212715,7,"sin_year, cos_year, year_fraction, flux_lag12, soil_temp_f_lag12, atm_temp_f_lag12, wte_m_lag12",-0.058843656883276196,0.21309099270343335
2019-02,ridge,12,2020-02,-0.28171305202995967,-0.3859813886092053,122,0.27614333265212715,7,"sin_year, cos_year, year_fraction, flux_lag12, soil_temp_f_lag12, atm_temp_f_lag12, wte_m_lag12",-0.10426833657924561,0.3775877388667505
2019-02,random forest,12,2020-02,-0.1834542642132379,-0.3859813886092053,122,0.27614333265212715,7,"sin_year, cos_year, year_fraction, flux_lag12, soil_temp_f_lag12, atm_temp_f_lag12, wte_m_lag12",-0.20252712439596737,0.7334130520221608
2019-02,gradient boosting,12,2020-02,-0.1353651757912879,-0.3859813886092053,122,0.27614333265212715,7,"sin_year, cos_year, year_fraction, flux_lag12, soil_temp_f_lag12, atm_temp_f_lag12, wte_m_lag12",-0.25061621281791735,0.9075584422443119
2019-03,ordinary least squares,1,2019-04,-0.4699040934040856,-0.6355022568951602,123,0.2751647384921908,5,"sin_year, cos_year, year_fraction, flux_lag1, flux_lag12",-0.16559816349107453,0.6018146234815411
2019-03,ridge,1,2019-04,-0.47705179640800016,-0.6355022568951602,123,0.2751647384921908,5,"sin_year, cos_year, year_fraction, flux_lag1, flux_lag12",-0.15845046048716,0.575838537144747
2019-03,random forest,1,2019-04,-0.439923200546762,-0.6355022568951602,123,0.2751647384921908,5,"sin_year, cos_year, year_fraction, flux_lag1, flux_lag12",-0.19557905634839817,0.7107707819690302
2019-03,gradient boosting,1,2019-04,-0.39131618305645044,-0.6355022568951602,123,0.2751647384921908,5,"sin_year, cos_year, year_fraction, flux_lag1, flux_lag12",-0.24418607383870972,0.8874177526407139
2019-03,ordinary least squares,3,2019-06,-1.6353653097308725,-1.6886780421762355,123,0.2751647384921908,4,"sin_year, cos_year, year_fraction, flux_lag12",-0.053312732445363054,0.19374841681204757
2019-03,ridge,3,2019-06,-1.6316520989820658,-1.6886780421762355,123,0.2751647384921908,4,"sin_year, cos_year, year_fraction, flux_lag12",-0.05702594319416976,0.20724291748518556
2019-03,random forest,3,2019-06,-1.5615709706934697,-1.6886780421762355,123,0.2751647384921908,4,"sin_year, cos_year, year_fraction, flux_lag12",-0.1271070714827658,0.4619308134438639
2019-03,gradient boosting,3,2019-06,-1.608231171578537,-1.6886780421762355,123,0.2751647384921908,4,"sin_year, cos_year, year_fraction, flux_lag12",-0.08044687059769862,0.2923589375532639
2019-03,ordinary least squares,6,2019-09,-0.7266082267271231,-0.8985479651631065,123,0.2751647384921908,6,"sin_year, cos_year, year_fraction, flux_lag12, soil_temp_f_lag6, atm_temp_f_lag6",-0.17193973843598342,0.6248610900442939
2019-03,ridge,6,2019-09,-0.7328506614356323,-0.8985479651631065,123,0.2751647384921908,6,"sin_year, cos_year, year_fraction, flux_lag12, soil_temp_f_lag6, atm_temp_f_lag6",-0.16569730372747427,0.6021749175982327
2019-03,random forest,6,2019-09,-0.7787495368440032,-0.8985479651631065,123,0.2751647384921908,6,"sin_year, cos_year, year_fraction, flux_lag12, soil_temp_f_lag6, atm_temp_f_lag6",-0.11979842831910337,0.4353698405382827
2019-03,gradient boosting,6,2019-09,-0.7950458645723445,-0.8985479651631065,123,0.2751647384921908,6,"sin_year, cos_year, year_fraction, flux_lag12, soil_temp_f_lag6, atm_temp_f_lag6",-0.10350210059076204,0.3761459449997785
2019-03,ordinary least squares,12,2020-03,-0.4804308097747123,-0.2968551198120847,123,0.2751647384921908,8,"sin_year, cos_year, year_fraction, flux_lag12, soil_temp_f_lag12, atm_temp_f_lag12, wte_m_lag12, wte_m_lag13",0.18357568996262763,0.6671483089314423
2019-03,ridge,12,2020-03,-0.38011096254855214,-0.2968551198120847,123,0.2751647384921908,8,"sin_year, cos_year, year_fraction, flux_lag12, soil_temp_f_lag12, atm_temp_f_lag12, wte_m_lag12, wte_m_lag13",0.08325584273646747,0.3025672664044135
2019-03,random forest,12,2020-03,-0.3615629268923583,-0.2968551198120847,123,0.2751647384921908,8,"sin_year, cos_year, year_fraction, flux_lag12, soil_temp_f_lag12, atm_temp_f_lag12, wte_m_lag12, wte_m_lag13",0.06470780708027363,0.23516024413175324
2019-03,gradient boosting,12,2020-03,-0.3788377064858026,-0.2968551198120847,123,0.2751647384921908,8,"sin_year, cos_year, year_fraction, flux_lag12, soil_temp_f_lag12, atm_temp_f_lag12, wte_m_lag12, wte_m_lag13",0.08198258667371794,0.2979400163078839
2019-04,ordinary least squares,1,2019-05,-0.859313442390811,-1.1540291790223325,124,0.2754863656811567,5,"sin_year, cos_year, year_fraction, flux_lag1, flux_lag12",-0.2947157366315215,1.0698015341079368
2019-04,ridge,1,2019-05,-0.8540238453247025,-1.1540291790223325,124,0.2754863656811567,5,"sin_year, cos_year, year_fraction, flux_lag1, flux_lag12",-0.30000533369762994,1.089002473700826
2019-04,random forest,1,2019-05,-1.0208575543576621,-1.1540291790223325,124,0.2754863656811567,5,"sin_year, cos_year, year_fraction, flux_lag1, flux_lag12",-0.13317162466467036,0.4834055011593604
2019-04,gradient boosting,1,2019-05,-1.0659794944478291,-1.1540291790223325,124,0.2754863656811567,5,"sin_year, cos_year, year_fraction, flux_lag1, flux_lag12",-0.08804968457450335,0.3196153985943921
2019-04,ordinary least squares,3,2019-07,-1.710601791351281,-1.174010175717488,124,0.2754863656811567,4,"sin_year, cos_year, year_fraction, flux_lag12",0.5365916156337931,1.9477973594338793
2019-04,ridge,3,2019-07,-1.6983042571772582,-1.174010175717488,124,0.2754863656811567,4,"sin_year, cos_year, year_fraction, flux_lag12",0.5242940814597703,1.9031580026235473
2019-04,random forest,3,2019-07,-1.6132986141734078,-1.174010175717488,124,0.2754863656811567,4,"sin_year, cos_year, year_fraction, flux_lag12",0.4392884384559199,1.594592303578265
2019-04,gradient boosting,3,2019-07,-1.6564100916418167,-1.174010175717488,124,0.2754863656811567,4,"sin_year, cos_year, year_fraction, flux_lag12",0.48239991592432885,1.7510845399973458
2019-04,ordinary least squares,6,2019-10,-0.3230006129418761,-0.5467088262173658,124,0.2754863656811567,6,"sin_year, cos_year, year_fraction, flux_lag12, soil_temp_f_lag6, atm_temp_f_lag6",-0.22370821327548973,0.8120482214150876
2019-04,ridge,6,2019-10,-0.3113994633716554,-0.5467088262173658,124,0.2754863656811567,6,"sin_year, cos_year, year_fraction, flux_lag12, soil_temp_f_lag6, atm_temp_f_lag6",-0.2353093628457104,0.8541597413138533
2019-04,random forest,6,2019-10,-0.3178336037664893,-0.5467088262173658,124,0.2754863656811567,6,"sin_year, cos_year, year_fraction, flux_lag12, soil_temp_f_lag6, atm_temp_f_lag6",-0.22887522245087655,0.8308041738652608
2019-04,gradient boosting,6,2019-10,-0.3577591372742376,-0.5467088262173658,124,0.2754863656811567,6,"sin_year, cos_year, year_fraction, flux_lag12, soil_temp_f_lag6, atm_temp_f_lag6",-0.18894968894312825,0.6858767346831801
2019-04,ordinary least squares,12,2020-04,-0.4372618993746433,-0.6731386759965559,124,0.2754863656811567,7,"sin_year, cos_year, year_fraction, flux_lag12, soil_temp_f_lag12, atm_temp_f_lag12, wte_m_lag12",-0.23587677662191253,0.8562194213811378
2019-04,ridge,12,2020-04,-0.46051952609391456,-0.6731386759965559,124,0.2754863656811567,7,"sin_year, cos_year, year_fraction, flux_lag12, soil_temp_f_lag12, atm_temp_f_lag12, wte_m_lag12",-0.2126191499026413,0.7717955455869027
2019-04,random forest,12,2020-04,-0.3986865980345602,-0.6731386759965559,124,0.2754863656811567,7,"sin_year, cos_year, year_fraction, flux_lag12, soil_temp_f_lag12, atm_temp_f_lag12, wte_m_lag12",-0.27445207796199567,0.996245593800609
2019-04,gradient boosting,12,2020-04,-0.4632619958852242,-0.6731386759965559,124,0.2754863656811567,7,"sin_year, cos_year, year_fraction, flux_lag12, soil_temp_f_lag12, atm_temp_f_lag12, wte_m_lag12",-0.20987668011133165,0.7618405346210106
2019-05,ordinary least squares,1,2019-06,-1.8077548968155814,-1.6886780421762355,125,0.2763754761497117,5,"sin_year, cos_year, year_fraction, flux_lag1, flux_lag12",0.11907685463934592,0.4308517394460946
2019-05,ridge,1,2019-06,-1.7882694673421613,-1.6886780421762355,125,0.2763754761497117,5,"sin_year, cos_year, year_fraction, flux_lag1, flux_lag12",0.09959142516592578,0.3603482716823161
2019-05,random forest,1,2019-06,-2.0596875059655106,-1.6886780421762355,125,0.2763754761497117,5,"sin_year, cos_year, year_fraction, flux_lag1, flux_lag12",0.37100946378927513,1.342410943828824
2019-05,gradient boosting,1,2019-06,-1.853073907819632,-1.6886780421762355,125,0.2763754761497117,5,"sin_year, cos_year, year_fraction, flux_lag1, flux_lag12",0.1643958656433966,0.5948279779872505
2019-05,ordinary least squares,3,2019-08,-1.4699262430845554,-1.039966131075911,125,0.2763754761497117,4,"sin_year, cos_year, year_fraction, flux_lag12",0.4299601120086445,1.5557100723934583
2019-05,ridge,3,2019-08,-1.4543426279495106,-1.039966131075911,125,0.2763754761497117,4,"sin_year, cos_year, year_fraction, flux_lag12",0.4143764968735997,1.4993244069496718
2019-05,random forest,3,2019-08,-1.5083768237032626,-1.039966131075911,125,0.2763754761497117,4,"sin_year, cos_year, year_fraction, flux_lag12",0.4684106926273517,1.6948345025143083
2019-05,gradient boosting,3,2019-08,-1.3945885209312683,-1.039966131075911,125,0.2763754761497117,4,"sin_year, cos_year, year_fraction, flux_lag12",0.3546223898553573,1.2831181506974936
2019-05,ordinary least squares,6,2019-11,-0.2637352891070673,-0.5525958037474524,125,0.2763754761497117,6,"sin_year, cos_year, year_fraction, flux_lag12, soil_temp_f_lag6, atm_temp_f_lag6",-0.28886051464038515,1.045174190795099
2019-05,ridge,6,2019-11,-0.24177936144288503,-0.5525958037474524,125,0.2763754761497117,6,"sin_year, cos_year, year_fraction, flux_lag12, soil_temp_f_lag6, atm_temp_f_lag6",-0.3108164423045674,1.1246165782675999
2019-05,random forest,6,2019-11,-0.0901577969541531,-0.5525958037474524,125,0.2763754761497117,6,"sin_year, cos_year, year_fraction, flux_lag12, soil_temp_f_lag6, atm_temp_f_lag6",-0.4624380067932993,1.6732237361856164
2019-05,gradient boosting,6,2019-11,-0.21997164225087723,-0.5525958037474524,125,0.2763754761497117,6,"sin_year, cos_year, year_fraction, flux_lag12, soil_temp_f_lag6, atm_temp_f_lag6",-0.3326241614965752,1.203522708058199
2019-05,ordinary least squares,12,2020-05,-0.6191931266673666,-0.7575445416881608,125,0.2763754761497117,7,"sin_year, cos_year, year_fraction, flux_lag12, soil_temp_f_lag12, atm_temp_f_lag12, wte_m_lag12",-0.13835141502079418,0.500592226735232
2019-05,ridge,12,2020-05,-0.7305537905682772,-0.7575445416881608,125,0.2763754761497117,7,"sin_year, cos_year, year_fraction, flux_lag12, soil_temp_f_lag12, atm_temp_f_lag12, wte_m_lag12",-0.026990751119883583,0.09765971820619417
2019-05,random forest,12,2020-05,-0.6121531857585132,-0.7575445416881608,125,0.2763754761497117,7,"sin_year, cos_year, year_fraction, flux_lag12, soil_temp_f_lag12, atm_temp_f_lag12, wte_m_lag12",-0.14539135592964758,0.5260646058584791
2019-05,gradient boosting,12,2020-05,-0.6076398782528503,-0.7575445416881608,125,0.2763754761497117,7,"sin_year, cos_year, year_fraction, flux_lag12, soil_temp_f_lag12, atm_temp_f_lag12, wte_m_lag12",-0.1499046634353105,0.5423949531401535
2019-06,ordinary least squares,1,2019-07,-1.7189912225187287,-1.174010175717488,126,0.2760293105130208,6,"sin_year, cos_year, year_fraction, flux_lag1, flux_lag12, precip_in_lag1",0.5449810468012408,1.9743593381020057
2019-06,ridge,1,2019-07,-1.7130106867532207,-1.174010175717488,126,0.2760293105130208,6,"sin_year, cos_year, year_fraction, flux_lag1, flux_lag12, precip_in_lag1",0.5390005110357328,1.9526930311638304
2019-06,random forest,1,2019-07,-1.6238895466378256,-1.174010175717488,126,0.2760293105130208,6,"sin_year, cos_year, year_fraction, flux_lag1, flux_lag12, precip_in_lag1",0.4498793709203377,1.6298246374060918
2019-06,gradient boosting,1,2019-07,-1.5148560547059926,-1.174010175717488,126,0.2760293105130208,6,"sin_year, cos_year, year_fraction, flux_lag1, flux_lag12, precip_in_lag1",0.3408458789885047,1.234817702348412
2019-06,ordinary least squares,3,2019-09,-0.7505183583549591,-0.8985479651631065,126,0.2760293105130208,4,"sin_year, cos_year, year_fraction, flux_lag12",-0.14802960680814747,0.5362822032668325
2019-06,ridge,3,2019-09,-0.7480680804571257,-0.8985479651631065,126,0.2760293105130208,4,"sin_year, cos_year, year_fraction, flux_lag12",-0.15047988470598084,0.5451590790351317
2019-06,random forest,3,2019-09,-0.822669100927281,-0.8985479651631065,126,0.2760293105130208,4,"sin_year, cos_year, year_fraction, flux_lag12",-0.07587886423582557,0.27489422806150227
2019-06,gradient boosting,3,2019-09,-0.7580472717675032,-0.8985479651631065,126,0.2760293105130208,4,"sin_year, cos_year, year_fraction, flux_lag12",-0.14050069339560334,0.509006428101684
2019-06,ordinary least squares,6,2019-12,-0.28235783706116346,-0.3407732571124477,126,0.2760293105130208,6,"sin_year, cos_year, year_fraction, flux_lag12, soil_temp_f_lag6, atm_temp_f_lag6",-0.05841542005128425,0.2116275983253912
2019-06,ridge,6,2019-12,-0.27810584559725937,-0.3407732571124477,126,0.2760293105130208,6,"sin_year, cos_year, year_fraction, flux_lag12, soil_temp_f_lag6, atm_temp_f_lag6",-0.06266741151518834,0.22703172861866133
2019-06,random forest,6,2019-12,-0.20132434617817024,-0.3407732571124477,126,0.2760293105130208,6,"sin_year, cos_year, year_fraction, flux_lag12, soil_temp_f_lag6, atm_temp_f_lag6",-0.13944891093427747,0.505196026737528
2019-06,gradient boosting,6,2019-12,-0.23235660814042763,-0.3407732571124477,126,0.2760293105130208,6,"sin_year, cos_year, year_fraction, flux_lag12, soil_temp_f_lag6, atm_temp_f_lag6",-0.10841664897202008,0.39277223411716583
2019-06,ordinary least squares,12,2020-06,-2.702002999021966,-1.3029578283193948,126,0.2760293105130208,7,"sin_year, cos_year, year_fraction, flux_lag12, soil_temp_f_lag12, atm_temp_f_lag12, wte_m_lag12",1.399045170702571,5.0684659832042565
2019-06,ridge,12,2020-06,-2.0322518140517847,-1.3029578283193948,126,0.2760293105130208,7,"sin_year, cos_year, year_fraction, flux_lag12, soil_temp_f_lag12, atm_temp_f_lag12, wte_m_lag12",0.7292939857323899,2.6420889302550634
2019-06,random forest,12,2020-06,-1.9480186785832962,-1.3029578283193948,126,0.2760293105130208,7,"sin_year, cos_year, year_fraction, flux_lag12, soil_temp_f_lag12, atm_temp_f_lag12, wte_m_lag12",0.6450608502639015,2.336928817686094
2019-06,gradient boosting,12,2020-06,-1.8495848668558554,-1.3029578283193948,126,0.2760293105130208,7,"sin_year, cos_year, year_fraction, flux_lag12, soil_temp_f_lag12, atm_temp_f_lag12, wte_m_lag12",0.5466270385364607,1.9803224430061939
2019-07,ordinary least squares,1,2019-08,-1.1953404090932833,-1.039966131075911,127,0.27436277186005364,6,"sin_year, cos_year, year_fraction, flux_lag1, flux_lag12, precip_in_lag1",0.15537427801737236,0.5663096234376336
2019-07,ridge,1,2019-08,-1.217495880575571,-1.039966131075911,127,0.27436277186005364,6,"sin_year, cos_year, year_fraction, flux_lag1, flux_lag12, precip_in_lag1",0.17752974949965994,0.6470620933594224
2019-07,random forest,1,2019-08,-1.238711359272533,-1.039966131075911,127,0.27436277186005364,6,"sin_year, cos_year, year_fraction, flux_lag1, flux_lag12, precip_in_lag1",0.198745228196622,0.7243884687751935
2019-07,gradient boosting,1,2019-08,-1.2464927833910877,-1.039966131075911,127,0.27436277186005364,6,"sin_year, cos_year, year_fraction, flux_lag1, flux_lag12, precip_in_lag1",0.20652665231517675,0.7527502762675157
2019-07,ordinary least squares,3,2019-10,-0.3574989102252714,-0.5467088262173658,127,0.27436277186005364,4,"sin_year, cos_year, year_fraction, flux_lag12",-0.1892099159920944,0.6896340735637639
2019-07,ridge,3,2019-10,-0.35864236355581264,-0.5467088262173658,127,0.27436277186005364,4,"sin_year, cos_year, year_fraction, flux_lag12",-0.1880664626615532,0.6854664041573458
2019-07,random forest,3,2019-10,-0.45245510886047713,-0.5467088262173658,127,0.27436277186005364,4,"sin_year, cos_year, year_fraction, flux_lag12",-0.0942537173568887,0.3435368316112706
2019-07,gradient boosting,3,2019-10,-0.36928406650085044,-0.5467088262173658,127,0.27436277186005364,4,"sin_year, cos_year, year_fraction, flux_lag12",-0.1774247597165154,0.646679425614696
2019-07,ordinary least squares,6,2020-01,-0.19751179546819428,-0.4827268949476449,127,0.27436277186005364,6,"sin_year, cos_year, year_fraction, flux_lag12, soil_temp_f_lag6, atm_temp_f_lag6",-0.2852150994794507,1.0395546653280372
2019-07,ridge,6,2020-01,-0.2064733084620394,-0.4827268949476449,127,0.27436277186005364,6,"sin_year, cos_year, year_fraction, flux_lag12, soil_temp_f_lag6, atm_temp_f_lag6",-0.2762535864856055,1.0068916588527408
2019-07,random forest,6,2020-01,-0.18361561018031308,-0.4827268949476449,127,0.27436277186005364,6,"sin_year, cos_year, year_fraction, flux_lag12, soil_temp_f_lag6, atm_temp_f_lag6",-0.29911128476733184,1.090203611588754
2019-07,gradient boosting,6,2020-01,-0.2106458724949271,-0.4827268949476449,127,0.27436277186005364,6,"sin_year, cos_year, year_fraction, flux_lag12, soil_temp_f_lag6, atm_temp_f_lag6",-0.2720810224527178,0.9916834583939118
2019-07,ordinary least squares,12,2020-07,-1.6039953566927834,-0.8528300989201106,127,0.27436277186005364,7,"sin_year, cos_year, year_fraction, flux_lag12, soil_temp_f_lag12, atm_temp_f_lag12, wte_m_lag12",0.7511652577726727,2.737854165417987
2019-07,ridge,12,2020-07,-1.6270153197023858,-0.8528300989201106,127,0.27436277186005364,7,"sin_year, cos_year, year_fraction, flux_lag12, soil_temp_f_lag12, atm_temp_f_lag12, wte_m_lag12",0.7741852207822751,2.8217575421536045
2019-07,random forest,12,2020-07,-1.4952535547145482,-0.8528300989201106,127,0.27436277186005364,7,"sin_year, cos_year, year_fraction, flux_lag12, soil_temp_f_lag12, atm_temp_f_lag12, wte_m_lag12",0.6424234557944376,2.3415110273128583
2019-07,gradient boosting,12,2020-07,-1.467121406033687,-0.8528300989201106,127,0.27436277186005364,7,"sin_year, cos_year, year_fraction, flux_lag12, soil_temp_f_lag12, atm_temp_f_lag12, wte_m_lag12",0.6142913071135764,2.2389747083722886
2019-08,ordinary least squares,1,2019-09,-0.5884521247102115,-0.8985479651631065,128,0.27496715567143004,6,"sin_year, cos_year, year_fraction, flux_lag1, flux_lag12, precip_in_lag1",-0.31009584045289507,1.1277559303244267
2019-08,ridge,1,2019-09,-0.6076573335663233,-0.8985479651631065,128,0.27496715567143004,6,"sin_year, cos_year, year_fraction, flux_lag1, flux_lag12, precip_in_lag1",-0.2908906315967832,1.057910465293465
2019-08,random forest,1,2019-09,-0.7584440199466842,-0.8985479651631065,128,0.27496715567143004,6,"sin_year, cos_year, year_fraction, flux_lag1, flux_lag12, precip_in_lag1",-0.14010394521642233,0.509529746832158
2019-08,gradient boosting,1,2019-09,-0.6879187957524706,-0.8985479651631065,128,0.27496715567143004,6,"sin_year, cos_year, year_fraction, flux_lag1, flux_lag12, precip_in_lag1",-0.21062916941063592,0.7660157406665896
2019-08,ordinary least squares,3,2019-11,-0.22776192143485227,-0.5525958037474524,128,0.27496715567143004,4,"sin_year, cos_year, year_fraction, flux_lag12",-0.32483388231260013,1.1813552113866208
2019-08,ridge,3,2019-11,-0.23211557483864198,-0.5525958037474524,128,0.27496715567143004,4,"sin_year, cos_year, year_fraction, flux_lag12",-0.32048022890881045,1.1655218534237082
2019-08,random forest,3,2019-11,-0.18680089415828977,-0.5525958037474524,128,0.27496715567143004,4,"sin_year, cos_year, year_fraction, flux_lag12",-0.36579490958916266,1.3303221931941085
2019-08,gradient boosting,3,2019-11,-0.23049325296811904,-0.5525958037474524,128,0.27496715567143004,4,"sin_year, cos_year, year_fraction, flux_lag12",-0.32210255077933336,1.171421910347094
2019-08,ordinary least squares,6,2020-02,-0.27945070477818545,-0.3859813886092053,128,0.27496715567143004,5,"sin_year, cos_year, year_fraction, flux_lag12, atm_temp_f_lag6",-0.10653068383101982,0.38743057719343715
2019-08,ridge,6,2020-02,-0.2628123088061242,-0.3859813886092053,128,0.27496715567143004,5,"sin_year, cos_year, year_fraction, flux_lag12, atm_temp_f_lag6",-0.12316907980308106,0.44794106227822
2019-08,random forest,6,2020-02,-0.16200219076636052,-0.3859813886092053,128,0.27496715567143004,5,"sin_year, cos_year, year_fraction, flux_lag12, atm_temp_f_lag6",-0.22397919784284476,0.8145670972808369
2019-08,gradient boosting,6,2020-02,-0.18200408350673464,-0.3859813886092053,128,0.27496715567143004,5,"sin_year, cos_year, year_fraction, flux_lag12, atm_temp_f_lag6",-0.20397730510247064,0.7418242538982067
2019-08,ordinary least squares,12,2020-08,-1.3633951749275295,-1.4444213407725028,128,0.27496715567143004,5,"sin_year, cos_year, year_fraction, flux_lag12, wte_m_lag12",-0.08102616584497335,0.2946757973588488
2019-08,ridge,12,2020-08,-1.3586632678457247,-1.4444213407725028,128,0.27496715567143004,5,"sin_year, cos_year, year_fraction, flux_lag12, wte_m_lag12",-0.08575807292677817,0.31188478753896753
2019-08,random forest,12,2020-08,-1.3083665095901302,-1.4444213407725028,128,0.27496715567143004,5,"sin_year, cos_year, year_fraction, flux_lag12, wte_m_lag12",-0.1360548311823726,0.4948039370380305
2019-08,gradient boosting,12,2020-08,-1.2922565136805944,-1.4444213407725028,128,0.27496715567143004,5,"sin_year, cos_year, year_fraction, flux_lag12, wte_m_lag12",-0.15216482709190848,0.5533927378357025
2019-09,ordinary least squares,1,2019-10,-0.4585661594641217,-0.5467088262173658,129,0.27428116681239917,6,"sin_year, cos_year, year_fraction, flux_lag1, flux_lag12, precip_in_lag1",-0.08814266675324411,0.3213588004514043
2019-09,ridge,1,2019-10,-0.4429081734657675,-0.5467088262173658,129,0.27428116681239917,6,"sin_year, cos_year, year_fraction, flux_lag1, flux_lag12, precip_in_lag1",-0.10380065275159833,0.37844615420713573
2019-09,random forest,1,2019-10,-0.5005318614266857,-0.5467088262173658,129,0.27428116681239917,6,"sin_year, cos_year, year_fraction, flux_lag1, flux_lag12, precip_in_lag1",-0.04617696479068012,0.16835630870078624
2019-09,gradient boosting,1,2019-10,-0.5375472801231888,-0.5467088262173658,129,0.27428116681239917,6,"sin_year, cos_year, year_fraction, flux_lag1, flux_lag12, precip_in_lag1",-0.009161546094177075,0.033402023918190936
2019-09,ordinary least squares,3,2019-12,-0.2573550759295689,-0.3407732571124477,129,0.27428116681239917,4,"sin_year, cos_year, year_fraction, flux_lag12",-0.0834181811828788,0.3041338278976134
2019-09,ridge,3,2019-12,-0.2609457297342477,-0.3407732571124477,129,0.27428116681239917,4,"sin_year, cos_year, year_fraction, flux_lag12",-0.07982752737820004,0.2910426855256886
2019-09,random forest,3,2019-12,-0.22370645312173787,-0.3407732571124477,129,0.27428116681239917,4,"sin_year, cos_year, year_fraction, flux_lag12",-0.11706680399070984,0.4268131324918139
2019-09,gradient boosting,3,2019-12,-0.2353717218954488,-0.3407732571124477,129,0.27428116681239917,4,"sin_year, cos_year, year_fraction, flux_lag12",-0.10540153521699891,0.3842828016299445
2019-09,ordinary least squares,6,2020-03,-0.34820468273992666,-0.2968551198120847,129,0.27428116681239917,5,"sin_year, cos_year, year_fraction, flux_lag12, atm_temp_f_lag6",0.051349562927841985,0.18721505207451478
2019-09,ridge,6,2020-03,-0.3405833761037044,-0.2968551198120847,129,0.27428116681239917,5,"sin_year, cos_year, year_fraction, flux_lag12, atm_temp_f_lag6",0.04372825629161975,0.15942857761549734
2019-09,random forest,6,2020-03,-0.3072875816192227,-0.2968551198120847,129,0.27428116681239917,5,"sin_year, cos_year, year_fraction, flux_lag12, atm_temp_f_lag6",0.010432461807138027,0.03803564761073642
2019-09,gradient boosting,6,2020-03,-0.3023393427203359,-0.2968551198120847,129,0.27428116681239917,5,"sin_year, cos_year, year_fraction, flux_lag12, atm_temp_f_lag6",0.005484222908251235,0.019994894188277584
2019-09,ordinary least squares,12,2020-09,-1.8187933390909086,-1.1587505858307934,129,0.27428116681239917,6,"sin_year, cos_year, year_fraction, flux_lag12, atm_temp_f_lag12, wte_m_lag12",0.6600427532601152,2.406445768518866
2019-09,ridge,12,2020-09,-1.166483043421258,-1.1587505858307934,129,0.27428116681239917,6,"sin_year, cos_year, year_fraction, flux_lag12, atm_temp_f_lag12, wte_m_lag12",0.007732457590464703,0.028191719031709868
2019-09,random forest,12,2020-09,-0.9808754156171424,-1.1587505858307934,129,0.27428116681239917,6,"sin_year, cos_year, year_fraction, flux_lag12, atm_temp_f_lag12, wte_m_lag12",-0.17787517021365096,0.6485139766643647
2019-09,gradient boosting,12,2020-09,-0.9192298363956926,-1.1587505858307934,129,0.27428116681239917,6,"sin_year, cos_year, year_fraction, flux_lag12, atm_temp_f_lag12, wte_m_lag12",-0.23952074943510082,0.8732672105005536
2019-10,ordinary least squares,1,2019-11,-0.33242255077931704,-0.5525958037474524,130,0.2725517681887654,6,"sin_year, cos_year, year_fraction, flux_lag1, flux_lag12, precip_in_lag1",-0.2201732529681354,0.8078217743047132
2019-10,ridge,1,2019-11,-0.3204993640672165,-0.5525958037474524,130,0.2725517681887654,6,"sin_year, cos_year, year_fraction, flux_lag1, flux_lag12, precip_in_lag1",-0.2320964396802359,0.8515682771850127
2019-10,random forest,1,2019-11,-0.41490662033197434,-0.5525958037474524,130,0.2725517681887654,6,"sin_year, cos_year, year_fraction, flux_lag1, flux_lag12, precip_in_lag1",-0.1376891834154781,0.5051854344240267
2019-10,gradient boosting,1,2019-11,-0.36912185003273684,-0.5525958037474524,130,0.2725517681887654,6,"sin_year, cos_year, year_fraction, flux_lag1, flux_lag12, precip_in_lag1",-0.1834739537147156,0.6731710270455636
2019-10,ordinary least squares,3,2020-01,-0.232726940735005,-0.4827268949476449,130,0.2725517681887654,4,"sin_year, cos_year, year_fraction, flux_lag12",-0.24999995421263993,0.9172567687746336
2019-10,ridge,3,2020-01,-0.23022558285185032,-0.4827268949476449,130,0.2725517681887654,4,"sin_year, cos_year, year_fraction, flux_lag12",-0.25250131209579463,0.9264343202533027
2019-10,random forest,3,2020-01,-0.26436316274321653,-0.4827268949476449,130,0.2725517681887654,4,"sin_year, cos_year, year_fraction, flux_lag12",-0.2183637322044284,0.8011825924137569
2019-10,gradient boosting,3,2020-01,-0.19084441306845723,-0.4827268949476449,130,0.2725517681887654,4,"sin_year, cos_year, year_fraction, flux_lag12",-0.2918824818791877,1.0709249249009976
2019-10,ordinary least squares,6,2020-04,-0.5136807377538986,-0.6731386759965559,130,0.2725517681887654,5,"sin_year, cos_year, year_fraction, flux_lag12, atm_temp_f_lag6",-0.1594579382426573,0.5850555999043053
2019-10,ridge,6,2020-04,-0.5145548941258812,-0.6731386759965559,130,0.2725517681887654,5,"sin_year, cos_year, year_fraction, flux_lag12, atm_temp_f_lag6",-0.15858378187067468,0.5818482959202153
2019-10,random forest,6,2020-04,-0.49303378603654857,-0.6731386759965559,130,0.2725517681887654,5,"sin_year, cos_year, year_fraction, flux_lag12, atm_temp_f_lag6",-0.18010488996000729,0.660809838647861
2019-10,gradient boosting,6,2020-04,-0.49252903384184976,-0.6731386759965559,130,0.2725517681887654,5,"sin_year, cos_year, year_fraction, flux_lag12, atm_temp_f_lag6",-0.1806096421547061,0.6626617884556099
2019-10,ordinary least squares,12,2020-10,-0.323087881455095,-0.1992601742012616,130,0.2725517681887654,6,"sin_year, cos_year, year_fraction, flux_lag12, atm_temp_f_lag12, wte_m_lag12",0.12382770725383338,0.4543272937714794
2019-10,ridge,12,2020-10,-0.3529068205642291,-0.1992601742012616,130,0.2725517681887654,6,"sin_year, cos_year, year_fraction, flux_lag12, atm_temp_f_lag12, wte_m_lag12",0.15364664636296751,0.563733808751349
2019-10,random forest,12,2020-10,-0.40172369697207044,-0.1992601742012616,130,0.2725517681887654,6,"sin_year, cos_year, year_fraction, flux_lag12, atm_temp_f_lag12, wte_m_lag12",0.20246352277080884,0.7428442828174409
2019-10,gradient boosting,12,2020-10,-0.3618964625647569,-0.1992601742012616,130,0.2725517681887654,6,"sin_year, cos_year, year_fraction, flux_lag12, atm_temp_f_lag12, wte_m_lag12",0.16263628836349528,0.5967170546875914
2019-11,ordinary least squares,1,2019-12,-0.40158745391550743,-0.3407732571124477,131,0.27029289833343645,6,"sin_year, cos_year, year_fraction, flux_lag1, flux_lag12, precip_in_lag1",0.06081419680305972,0.2249936908369624
2019-11,ridge,1,2019-12,-0.386868090185409,-0.3407732571124477,131,0.27029289833343645,6,"sin_year, cos_year, year_fraction, flux_lag1, flux_lag12, precip_in_lag1",0.046094833072961305,0.17053660439164844
2019-11,random forest,1,2019-12,-0.2999178760912051,-0.3407732571124477,131,0.27029289833343645,6,"sin_year, cos_year, year_fraction, flux_lag1, flux_lag12, precip_in_lag1",-0.04085538102124259,0.15115225473235674
2019-11,gradient boosting,1,2019-12,-0.4515914960003292,-0.3407732571124477,131,0.27029289833343645,6,"sin_year, cos_year, year_fraction, flux_lag1, flux_lag12, precip_in_lag1",0.1108182388878815,0.4099931576862032
2019-11,ordinary least squares,3,2020-02,-0.2210335918252495,-0.3859813886092053,131,0.27029289833343645,4,"sin_year, cos_year, year_fraction, flux_lag12",-0.16494779678395577,0.6102557551492687
2019-11,ridge,3,2020-02,-0.22116759228371907,-0.3859813886092053,131,0.27029289833343645,4,"sin_year, cos_year, year_fraction, flux_lag12",-0.1648137963254862,0.609759994959875
2019-11,random forest,3,2020-02,-0.15894192279103903,-0.3859813886092053,131,0.27029289833343645,4,"sin_year, cos_year, year_fraction, flux_lag12",-0.22703946581816625,0.8399756975415896
2019-11,gradient boosting,3,2020-02,-0.17368852199783175,-0.3859813886092053,131,0.27029289833343645,4,"sin_year, cos_year, year_fraction, flux_lag12",-0.21229286661137353,0.7854178482687569
2019-11,ordinary least squares,6,2020-05,-0.8473744820932779,-0.7575445416881608,131,0.27029289833343645,5,"sin_year, cos_year, year_fraction, flux_lag12, atm_temp_f_lag6",0.08982994040511716,0.3323429544726769
2019-11,ridge,6,2020-05,-0.839804669724509,-0.7575445416881608,131,0.27029289833343645,5,"sin_year, cos_year, year_fraction, flux_lag12, atm_temp_f_lag6",0.08226012803634819,0.3043369934746534
2019-11,random forest,6,2020-05,-0.7026075294863771,-0.7575445416881608,131,0.27029289833343645,5,"sin_year, cos_year, year_fraction, flux_lag12, atm_temp_f_lag6",-0.05493701220178371,0.20324992828340158
2019-11,gradient boosting,6,2020-05,-0.785689568589551,-0.7575445416881608,131,0.27029289833343645,5,"sin_year, cos_year, year_fraction, flux_lag12, atm_temp_f_lag6",0.028145026901390202,0.1041278815497038
2019-11,ordinary least squares,12,2020-11,-0.42257563199244624,-0.4891508229189213,131,0.27029289833343645,6,"sin_year, cos_year, year_fraction, flux_lag12, atm_temp_f_lag12, wte_m_lag12",-0.06657519092647507,0.24630758461270094
2019-11,ridge,12,2020-11,-0.33764580274966444,-0.4891508229189213,131,0.27029289833343645,6,"sin_year, cos_year, year_fraction, flux_lag12, atm_temp_f_lag12, wte_m_lag12",-0.15150502016925688,0.5605216456052002
2019-11,random forest,12,2020-11,-0.43234348507183706,-0.4891508229189213,131,0.27029289833343645,6,"sin_year, cos_year, year_fraction, flux_lag12, atm_temp_f_lag12, wte_m_lag12",-0.05680733784708425,0.21016955383343464
2019-11,gradient boosting,12,2020-11,-0.2743079490264181,-0.4891508229189213,131,0.27029289833343645,6,"sin_year, cos_year, year_fraction, flux_lag12, atm_temp_f_lag12, wte_m_lag12",-0.21484287389250323,0.7948520853384412
2019-12,ordinary least squares,1,2020-01,-0.2797953597407992,-0.4827268949476449,132,0.26809920473576726,6,"sin_year, cos_year, year_fraction, flux_lag1, flux_lag12, precip_in_lag1",-0.2029315352068457,0.7569270315697154
2019-12,ridge,1,2020-01,-0.2660674234070293,-0.4827268949476449,132,0.26809920473576726,6,"sin_year, cos_year, year_fraction, flux_lag1, flux_lag12, precip_in_lag1",-0.2166594715406156,0.8081317203240138
2019-12,random forest,1,2020-01,-0.22038801040188,-0.4827268949476449,132,0.26809920473576726,6,"sin_year, cos_year, year_fraction, flux_lag1, flux_lag12, precip_in_lag1",-0.2623388845457649,0.9785142212723846
2019-12,gradient boosting,1,2020-01,-0.2738402045070947,-0.4827268949476449,132,0.26809920473576726,6,"sin_year, cos_year, year_fraction, flux_lag1, flux_lag12, precip_in_lag1",-0.20888669044055025,0.7791395377186009
2019-12,ordinary least squares,3,2020-03,-0.3183911893745336,-0.2968551198120847,132,0.26809920473576726,4,"sin_year, cos_year, year_fraction, flux_lag12",0.021536069562448912,0.0803287334763801
2019-12,ridge,3,2020-03,-0.3175860694824466,-0.2968551198120847,132,0.26809920473576726,4,"sin_year, cos_year, year_fraction, flux_lag12",0.02073094967036193,0.07732566641066281
2019-12,random forest,3,2020-03,-0.30039766041908517,-0.2968551198120847,132,0.26809920473576726,4,"sin_year, cos_year, year_fraction, flux_lag12",0.0035425406070004883,0.013213543883846799
2019-12,gradient boosting,3,2020-03,-0.34138228618916333,-0.2968551198120847,132,0.26809920473576726,4,"sin_year, cos_year, year_fraction, flux_lag12",0.04452716637707865,0.16608466414871934
2019-12,ordinary least squares,6,2020-06,-1.6297401741725999,-1.3029578283193948,132,0.26809920473576726,5,"sin_year, cos_year, year_fraction, flux_lag12, atm_temp_f_lag6",0.3267823458532051,1.218885920140176
2019-12,ridge,6,2020-06,-1.6291755093658147,-1.3029578283193948,132,0.26809920473576726,5,"sin_year, cos_year, year_fraction, flux_lag12, atm_temp_f_lag6",0.3262176810464199,1.2167797415435564
2019-12,random forest,6,2020-06,-1.8031989072866286,-1.3029578283193948,132,0.26809920473576726,5,"sin_year, cos_year, year_fraction, flux_lag12, atm_temp_f_lag6",0.5002410789672338,1.865880502928983
2019-12,gradient boosting,6,2020-06,-1.686556955068456,-1.3029578283193948,132,0.26809920473576726,5,"sin_year, cos_year, year_fraction, flux_lag12, atm_temp_f_lag6",0.38359912674906127,1.4308103865027433
2019-12,ordinary least squares,12,2020-12,-0.1873008718097406,-0.5077590733966878,132,0.26809920473576726,7,"sin_year, cos_year, year_fraction, flux_lag12, soil_temp_f_lag12, atm_temp_f_lag12, wte_m_lag12",-0.3204582015869472,1.195297098709352
2019-12,ridge,12,2020-12,-0.2468159398274718,-0.5077590733966878,132,0.26809920473576726,7,"sin_year, cos_year, year_fraction, flux_lag12, soil_temp_f_lag12, atm_temp_f_lag12, wte_m_lag12",-0.260943133569216,0.9733081223661065
2019-12,random forest,12,2020-12,-0.240837838883922,-0.5077590733966878,132,0.26809920473576726,7,"sin_year, cos_year, year_fraction, flux_lag12, soil_temp_f_lag12, atm_temp_f_lag12, wte_m_lag12",-0.26692123451276584,0.9956062151539673
2019-12,gradient boosting,12,2020-12,-0.17686552406557743,-0.5077590733966878,132,0.26809920473576726,7,"sin_year, cos_year, year_fraction, flux_lag12, soil_temp_f_lag12, atm_temp_f_lag12, wte_m_lag12",-0.33089354933111037,1.2342205552501802
