origin,method,horizon,target,forecast,actual,train_n,mase_scale,n_predictors,predictors,error,scaled
2012-12,ordinary least squares,1,2013-01,-0.0768952780042691,-0.1819952202292226,48,0.2891144570408768,5,"sin_year, cos_year, year_fraction, flux_lag1, flux_lag12",-0.1050999422249535,0.3635236483870947
2012-12,ridge,1,2013-01,-0.10467789159202105,-0.1819952202292226,48,0.2891144570408768,5,"sin_year, cos_year, year_fraction, flux_lag1, flux_lag12",-0.07731732863720155,0.26742809553197106
2012-12,random forest,1,2013-01,-0.11553788701529691,-0.1819952202292226,48,0.2891144570408768,5,"sin_year, cos_year, year_fraction, flux_lag1, flux_lag12",-0.06645733321392569,0.22986513332513683
2012-12,gradient boosting,1,2013-01,-0.14589917445937844,-0.1819952202292226,48,0.2891144570408768,5,"sin_year, cos_year, year_fraction, flux_lag1, flux_lag12",-0.036096045769844154,0.12485036597371078
2012-12,ordinary least squares,3,2013-03,-0.22656722531670975,-0.1925970480171465,48,0.2891144570408768,4,"sin_year, cos_year, year_fraction, flux_lag12",0.03397017729956325,0.11749733184307812
2012-12,ridge,3,2013-03,-0.3037011912663653,-0.1925970480171465,48,0.2891144570408768,4,"sin_year, cos_year, year_fraction, flux_lag12",0.1111041432492188,0.3842912055882083
2012-12,random forest,3,2013-03,-0.32833889111957465,-0.1925970480171465,48,0.2891144570408768,4,"sin_year, cos_year, year_fraction, flux_lag12",0.13574184310242815,0.4695090120769579
2012-12,gradient boosting,3,2013-03,-0.36468746301572214,-0.1925970480171465,48,0.2891144570408768,4,"sin_year, cos_year, year_fraction, flux_lag12",0.17209041499857564,0.5952328249508617
2012-12,ordinary least squares,6,2013-06,-1.9567063238421962,-1.8743521388207536,48,0.2891144570408768,4,"sin_year, cos_year, year_fraction, flux_lag12",0.08235418502144265,0.2848497645684972
2012-12,ridge,6,2013-06,-1.8703323158294172,-1.8743521388207536,48,0.2891144570408768,4,"sin_year, cos_year, year_fraction, flux_lag12",-0.004019822991336408,0.013903915537395837
2012-12,random forest,6,2013-06,-1.995887570482398,-1.8743521388207536,48,0.2891144570408768,4,"sin_year, cos_year, year_fraction, flux_lag12",0.12153543166164438,0.42037133979938246
2012-12,gradient boosting,6,2013-06,-1.7799982819708113,-1.8743521388207536,48,0.2891144570408768,4,"sin_year, cos_year, year_fraction, flux_lag12",-0.09435385684994224,0.32635468255605743
2012-12,ordinary least squares,12,2013-12,-0.060297909632510305,-0.3300164853587963,48,0.2891144570408768,5,"sin_year, cos_year, year_fraction, flux_lag12, flux_lag13",-0.269718575726286,0.9329127933860171
2012-12,ridge,12,2013-12,-0.1478572976681649,-0.3300164853587963,48,0.2891144570408768,5,"sin_year, cos_year, year_fraction, flux_lag12, flux_lag13",-0.18215918769063139,0.6300590761010495
2012-12,random forest,12,2013-12,-0.17717015217699883,-0.3300164853587963,48,0.2891144570408768,5,"sin_year, cos_year, year_fraction, flux_lag12, flux_lag13",-0.15284633318179747,0.5286706681713502
2012-12,gradient boosting,12,2013-12,-0.24379456406038968,-0.3300164853587963,48,0.2891144570408768,5,"sin_year, cos_year, year_fraction, flux_lag12, flux_lag13",-0.08622192129840661,0.2982276368359401
2013-01,ordinary least squares,1,2013-02,-0.09227419449064068,-0.2134840139627155,49,0.2852468028792451,5,"sin_year, cos_year, year_fraction, flux_lag1, flux_lag12",-0.1212098194720748,0.424929633736814
2013-01,ridge,1,2013-02,-0.12415744321677105,-0.2134840139627155,49,0.2852468028792451,5,"sin_year, cos_year, year_fraction, flux_lag1, flux_lag12",-0.08932657074594444,0.31315537928661547
2013-01,random forest,1,2013-02,-0.1617987503461454,-0.2134840139627155,49,0.2852468028792451,5,"sin_year, cos_year, year_fraction, flux_lag1, flux_lag12",-0.05168526361657008,0.1811948919141795
2013-01,gradient boosting,1,2013-02,-0.1536392379690259,-0.2134840139627155,49,0.2852468028792451,5,"sin_year, cos_year, year_fraction, flux_lag1, flux_lag12",-0.05984477599368959,0.2097999886050396
2013-01,ordinary least squares,3,2013-04,-0.5312776853144262,-0.1102712846226026,49,0.2852468028792451,4,"sin_year, cos_year, year_fraction, flux_lag12",0.4210064006918236,1.4759373161845755
2013-01,ridge,3,2013-04,-0.5719658879380052,-0.1102712846226026,49,0.2852468028792451,4,"sin_year, cos_year, year_fraction, flux_lag12",0.4616946033154026,1.6185794149316162
2013-01,random forest,3,2013-04,-0.5665774470869298,-0.1102712846226026,49,0.2852468028792451,4,"sin_year, cos_year, year_fraction, flux_lag12",0.4563061624643272,1.5996889635867277
2013-01,gradient boosting,3,2013-04,-0.591032008937585,-0.1102712846226026,49,0.2852468028792451,4,"sin_year, cos_year, year_fraction, flux_lag12",0.4807607243149824,1.6854202026534375
2013-01,ordinary least squares,6,2013-07,-2.3939480601443144,-2.3274102803441834,49,0.2852468028792451,4,"sin_year, cos_year, year_fraction, flux_lag12",0.06653777980013098,0.23326389333204461
2013-01,ridge,6,2013-07,-2.0673926085454846,-2.3274102803441834,49,0.2852468028792451,4,"sin_year, cos_year, year_fraction, flux_lag12",-0.26001767179869884,0.9115533256608431
2013-01,random forest,6,2013-07,-1.9301588553438656,-2.3274102803441834,49,0.2852468028792451,4,"sin_year, cos_year, year_fraction, flux_lag12",-0.39725142500031785,1.3926586415360744
2013-01,gradient boosting,6,2013-07,-1.6867787293360128,-2.3274102803441834,49,0.2852468028792451,4,"sin_year, cos_year, year_fraction, flux_lag12",-0.6406315510081706,2.2458851231344816
2013-01,ordinary least squares,12,2014-01,-0.16248004250203954,-0.2205127684844346,49,0.2852468028792451,5,"sin_year, cos_year, year_fraction, flux_lag12, flux_lag13",-0.05803272598239506,0.2034474195560479
2013-01,ridge,12,2014-01,-0.14386267898902144,-0.2205127684844346,49,0.2852468028792451,5,"sin_year, cos_year, year_fraction, flux_lag12, flux_lag13",-0.07665008949541316,0.2687149819795239
2013-01,random forest,12,2014-01,-0.13206170374276505,-0.2205127684844346,49,0.2852468028792451,5,"sin_year, cos_year, year_fraction, flux_lag12, flux_lag13",-0.08845106474166956,0.3100860863254407
2013-01,gradient boosting,12,2014-01,-0.1912093983662852,-0.2205127684844346,49,0.2852468028792451,5,"sin_year, cos_year, year_fraction, flux_lag12, flux_lag13",-0.029303370118149402,0.10272988100958502
2013-02,ordinary least squares,1,2013-03,-0.31205687948546124,-0.1925970480171465,50,0.2798471725871334,5,"sin_year, cos_year, year_fraction, flux_lag1, flux_lag12",0.11945983146831474,0.42687524895796347
2013-02,ridge,1,2013-03,-0.3434772148503981,-0.1925970480171465,50,0.2798471725871334,5,"sin_year, cos_year, year_fraction, flux_lag1, flux_lag12",0.15088016683325162,0.539152014431282
2013-02,random forest,1,2013-03,-0.3805376072642709,-0.1925970480171465,50,0.2798471725871334,5,"sin_year, cos_year, year_fraction, flux_lag1, flux_lag12",0.18794055924712438,0.671582841125926
2013-02,gradient boosting,1,2013-03,-0.3343334532055853,-0.1925970480171465,50,0.2798471725871334,5,"sin_year, cos_year, year_fraction, flux_lag1, flux_lag12",0.14173640518843877,0.5064778889066948
2013-02,ordinary least squares,3,2013-05,-0.9387568757651815,-0.6183280364493146,50,0.2798471725871334,4,"sin_year, cos_year, year_fraction, flux_lag12",0.32042883931586696,1.1450136742621477
2013-02,ridge,3,2013-05,-0.9312601514624647,-0.6183280364493146,50,0.2798471725871334,4,"sin_year, cos_year, year_fraction, flux_lag12",0.3129321150131501,1.118225037330743
2013-02,random forest,3,2013-05,-0.9451974815844376,-0.6183280364493146,50,0.2798471725871334,4,"sin_year, cos_year, year_fraction, flux_lag12",0.32686944513512306,1.1680283996199705
2013-02,gradient boosting,3,2013-05,-0.8808988912549758,-0.6183280364493146,50,0.2798471725871334,4,"sin_year, cos_year, year_fraction, flux_lag12",0.2625708548056612,0.938265169443179
2013-02,ordinary least squares,6,2013-08,-2.1439827693685594,-1.4957553788975266,50,0.2798471725871334,4,"sin_year, cos_year, year_fraction, flux_lag12",0.6482273904710327,2.316362121790601
2013-02,ridge,6,2013-08,-1.861902975256975,-1.4957553788975266,50,0.2798471725871334,4,"sin_year, cos_year, year_fraction, flux_lag12",0.36614759635944827,1.3083841189978231
2013-02,random forest,6,2013-08,-1.774699407730083,-1.4957553788975266,50,0.2798471725871334,4,"sin_year, cos_year, year_fraction, flux_lag12",0.2789440288325564,0.9967727251048222
2013-02,gradient boosting,6,2013-08,-1.5150812971773144,-1.4957553788975266,50,0.2798471725871334,4,"sin_year, cos_year, year_fraction, flux_lag12",0.0193259182797878,0.06905882986461288
2013-02,ordinary least squares,12,2014-02,-0.126499504779661,-0.1820369855247651,50,0.2798471725871334,5,"sin_year, cos_year, year_fraction, flux_lag12, flux_lag13",-0.05553748074510412,0.19845646547603385
2013-02,ridge,12,2014-02,-0.1446925389361432,-0.1820369855247651,50,0.2798471725871334,5,"sin_year, cos_year, year_fraction, flux_lag12, flux_lag13",-0.037344446588621905,0.13344585990767627
2013-02,random forest,12,2014-02,-0.1516081351481119,-0.1820369855247651,50,0.2798471725871334,5,"sin_year, cos_year, year_fraction, flux_lag12, flux_lag13",-0.030428850376653216,0.10873381387185133
2013-02,gradient boosting,12,2014-02,-0.14188367291993462,-0.1820369855247651,50,0.2798471725871334,5,"sin_year, cos_year, year_fraction, flux_lag12, flux_lag13",-0.04015331260483049,0.14348300264612582
2013-03,ordinary least squares,1,2013-04,-0.4749334926959179,-0.1102712846226026,51,0.28003374901835587,5,"sin_year, cos_year, year_fraction, flux_lag1, flux_lag12",0.3646622080733153,1.3022080708186787
2013-03,ridge,1,2013-04,-0.5147692803786619,-0.1102712846226026,51,0.28003374901835587,5,"sin_year, cos_year, year_fraction, flux_lag1, flux_lag12",0.40449799575605927,1.4444615949827708
2013-03,random forest,1,2013-04,-0.4848252876533354,-0.1102712846226026,51,0.28003374901835587,5,"sin_year, cos_year, year_fraction, flux_lag1, flux_lag12",0.3745540030307328,1.337531652323025
2013-03,gradient boosting,1,2013-04,-0.5646006177224654,-0.1102712846226026,51,0.28003374901835587,5,"sin_year, cos_year, year_fraction, flux_lag1, flux_lag12",0.4543293330998628,1.6224092085060864
2013-03,ordinary least squares,3,2013-06,-1.9451420757444837,-1.8743521388207536,51,0.28003374901835587,4,"sin_year, cos_year, year_fraction, flux_lag12",0.07078993692373015,0.2527907338736159
2013-03,ridge,3,2013-06,-1.8675722689372376,-1.8743521388207536,51,0.28003374901835587,4,"sin_year, cos_year, year_fraction, flux_lag12",-0.0067798698835159765,0.024210902818972597
2013-03,random forest,3,2013-06,-1.9749690493879437,-1.8743521388207536,51,0.28003374901835587,4,"sin_year, cos_year, year_fraction, flux_lag12",0.10061691056719013,0.3593028016083691
2013-03,gradient boosting,3,2013-06,-1.7495692890604315,-1.8743521388207536,51,0.28003374901835587,4,"sin_year, cos_year, year_fraction, flux_lag12",-0.12478284976032206,0.4455993257874882
2013-03,ordinary least squares,6,2013-09,-1.1511212776836026,-0.8729548029017856,51,0.28003374901835587,4,"sin_year, cos_year, year_fraction, flux_lag12",0.278166474781817,0.9933319671536573
2013-03,ridge,6,2013-09,-0.9492275225256865,-0.8729548029017856,51,0.28003374901835587,4,"sin_year, cos_year, year_fraction, flux_lag12",0.07627271962390092,0.27236974075900167
2013-03,random forest,6,2013-09,-0.9242384696327038,-0.8729548029017856,51,0.28003374901835587,4,"sin_year, cos_year, year_fraction, flux_lag12",0.05128366673091822,0.18313387907954137
2013-03,gradient boosting,6,2013-09,-0.6934777364583379,-0.8729548029017856,51,0.28003374901835587,4,"sin_year, cos_year, year_fraction, flux_lag12",-0.17947706644344774,0.6409122724407166
2013-03,ordinary least squares,12,2014-03,-0.3869919515964658,-0.1445974539930555,51,0.28003374901835587,5,"sin_year, cos_year, year_fraction, flux_lag12, flux_lag13",0.2423944976034103,0.8655903027871175
2013-03,ridge,12,2014-03,-0.3742081308646874,-0.1445974539930555,51,0.28003374901835587,5,"sin_year, cos_year, year_fraction, flux_lag12, flux_lag13",0.2296106768716319,0.8199393025894932
2013-03,random forest,12,2014-03,-0.3429263321614144,-0.1445974539930555,51,0.28003374901835587,5,"sin_year, cos_year, year_fraction, flux_lag12, flux_lag13",0.19832887816835887,0.7082320572559225
2013-03,gradient boosting,12,2014-03,-0.30206275308750674,-0.1445974539930555,51,0.28003374901835587,5,"sin_year, cos_year, year_fraction, flux_lag12, flux_lag13",0.15746529909445123,0.5623082919342325
2013-04,ordinary least squares,1,2013-05,-0.7057955221429484,-0.6183280364493146,52,0.2867627031100094,5,"sin_year, cos_year, year_fraction, flux_lag1, flux_lag12",0.08746748569363383,0.3050169521525228
2013-04,ridge,1,2013-05,-0.7496852795949902,-0.6183280364493146,52,0.2867627031100094,5,"sin_year, cos_year, year_fraction, flux_lag1, flux_lag12",0.13135724314567565,0.4580694829595176
2013-04,random forest,1,2013-05,-0.7817886578390749,-0.6183280364493146,52,0.2867627031100094,5,"sin_year, cos_year, year_fraction, flux_lag1, flux_lag12",0.16346062138976036,0.570020506910387
2013-04,gradient boosting,1,2013-05,-0.8881788406913511,-0.6183280364493146,52,0.2867627031100094,5,"sin_year, cos_year, year_fraction, flux_lag1, flux_lag12",0.26985080424203656,0.9410247612937133
2013-04,ordinary least squares,3,2013-07,-2.388155074006883,-2.3274102803441834,52,0.2867627031100094,4,"sin_year, cos_year, year_fraction, flux_lag12",0.06074479366269969,0.21182947783623193
2013-04,ridge,3,2013-07,-2.076279277002898,-2.3274102803441834,52,0.2867627031100094,4,"sin_year, cos_year, year_fraction, flux_lag12",-0.25113100334128546,0.8757449996729362
2013-04,random forest,3,2013-07,-1.9539673345477566,-2.3274102803441834,52,0.2867627031100094,4,"sin_year, cos_year, year_fraction, flux_lag12",-0.3734429457964268,1.3022716753132455
2013-04,gradient boosting,3,2013-07,-1.6677022706575115,-2.3274102803441834,52,0.2867627031100094,4,"sin_year, cos_year, year_fraction, flux_lag12",-0.6597080096866719,2.300536305914201
2013-04,ordinary least squares,6,2013-10,-0.3387372807488451,-0.549610230725987,52,0.2867627031100094,4,"sin_year, cos_year, year_fraction, flux_lag12",-0.2108729499771419,0.7353569613139186
2013-04,ridge,6,2013-10,-0.31414838780789567,-0.549610230725987,52,0.2867627031100094,4,"sin_year, cos_year, year_fraction, flux_lag12",-0.23546184291809136,0.8211034432457636
2013-04,random forest,6,2013-10,-0.40121378570635996,-0.549610230725987,52,0.2867627031100094,4,"sin_year, cos_year, year_fraction, flux_lag12",-0.14839644501962707,0.5174886531973387
2013-04,gradient boosting,6,2013-10,-0.2804267862048273,-0.549610230725987,52,0.2867627031100094,4,"sin_year, cos_year, year_fraction, flux_lag12",-0.2691834445211597,0.9386975419111395
2013-04,ordinary least squares,12,2014-04,-0.8425720812165348,-0.9542662447285354,52,0.2867627031100094,5,"sin_year, cos_year, year_fraction, flux_lag12, flux_lag13",-0.11169416351200057,0.38950031611730157
2013-04,ridge,12,2014-04,-0.7271294942349523,-0.9542662447285354,52,0.2867627031100094,5,"sin_year, cos_year, year_fraction, flux_lag12, flux_lag13",-0.22713675049358306,0.7920721489588124
2013-04,random forest,12,2014-04,-0.7318952982795626,-0.9542662447285354,52,0.2867627031100094,5,"sin_year, cos_year, year_fraction, flux_lag12, flux_lag13",-0.22237094644897282,0.775452818784686
2013-04,gradient boosting,12,2014-04,-0.4621241928850106,-0.9542662447285354,52,0.2867627031100094,5,"sin_year, cos_year, year_fraction, flux_lag12, flux_lag13",-0.4921420518435248,1.7161996539512556
2013-05,ordinary least squares,1,2013-06,-1.7457914789056943,-1.8743521388207536,53,0.2869020195640198,5,"sin_year, cos_year, year_fraction, flux_lag1, flux_lag12",-0.12856065991505927,0.44809952927630764
2013-05,ridge,1,2013-06,-1.731712739456856,-1.8743521388207536,53,0.2869020195640198,5,"sin_year, cos_year, year_fraction, flux_lag1, flux_lag12",-0.14263939936389747,0.4971711233704602
2013-05,random forest,1,2013-06,-1.6359050531401722,-1.8743521388207536,53,0.2869020195640198,5,"sin_year, cos_year, year_fraction, flux_lag1, flux_lag12",-0.23844708568058137,0.8311098194530969
2013-05,gradient boosting,1,2013-06,-1.764022761523956,-1.8743521388207536,53,0.2869020195640198,5,"sin_year, cos_year, year_fraction, flux_lag1, flux_lag12",-0.11032937729679748,0.3845542023874754
2013-05,ordinary least squares,3,2013-08,-2.158106623940588,-1.4957553788975266,53,0.2869020195640198,4,"sin_year, cos_year, year_fraction, flux_lag12",0.6623512450430615,2.308632215449649
2013-05,ridge,3,2013-08,-1.8765775686179873,-1.4957553788975266,53,0.2869020195640198,4,"sin_year, cos_year, year_fraction, flux_lag12",0.38082218972046067,1.3273597386981215
2013-05,random forest,3,2013-08,-1.8290688743574741,-1.4957553788975266,53,0.2869020195640198,4,"sin_year, cos_year, year_fraction, flux_lag12",0.3333134954599475,1.1617676862869604
2013-05,gradient boosting,3,2013-08,-1.5294597865405961,-1.4957553788975266,53,0.2869020195640198,4,"sin_year, cos_year, year_fraction, flux_lag12",0.03370440764306948,0.11747706654099944
2013-05,ordinary least squares,6,2013-11,-0.15420975849729013,-0.1819946597507816,53,0.2869020195640198,4,"sin_year, cos_year, year_fraction, flux_lag12",-0.02778490125349148,0.09684456489959113
2013-05,ridge,6,2013-11,-0.2077843031142049,-0.1819946597507816,53,0.2869020195640198,4,"sin_year, cos_year, year_fraction, flux_lag12",0.025789643363423292,0.08989007258510619
2013-05,random forest,6,2013-11,-0.2563037279272272,-0.1819946597507816,53,0.2869020195640198,4,"sin_year, cos_year, year_fraction, flux_lag12",0.07430906817644561,0.2590050369438552
2013-05,gradient boosting,6,2013-11,-0.2610837893542863,-0.1819946597507816,53,0.2869020195640198,4,"sin_year, cos_year, year_fraction, flux_lag12",0.07908912960350467,0.27566599121083074
2013-05,ordinary least squares,12,2014-05,-1.2765353607615848,-0.9670759734081892,53,0.2869020195640198,5,"sin_year, cos_year, year_fraction, flux_lag12, flux_lag13",0.3094593873533956,1.07862394215159
2013-05,ridge,12,2014-05,-1.1324857928203889,-0.9670759734081892,53,0.2869020195640198,5,"sin_year, cos_year, year_fraction, flux_lag12, flux_lag13",0.16540981941219968,0.5765376614063529
2013-05,random forest,12,2014-05,-1.1172373257941979,-0.9670759734081892,53,0.2869020195640198,5,"sin_year, cos_year, year_fraction, flux_lag12, flux_lag13",0.1501613523860087,0.5233889695659721
2013-05,gradient boosting,12,2014-05,-0.8217242724253392,-0.9670759734081892,53,0.2869020195640198,5,"sin_year, cos_year, year_fraction, flux_lag12, flux_lag13",-0.14535170098285,0.5066248791267779
2013-06,ordinary least squares,1,2013-07,-2.1570823022536607,-2.3274102803441834,54,0.28509350181353654,5,"sin_year, cos_year, year_fraction, flux_lag1, flux_lag12",-0.1703279780905227,0.5974460203653625
2013-06,ridge,1,2013-07,-1.992433538463033,-2.3274102803441834,54,0.28509350181353654,5,"sin_year, cos_year, year_fraction, flux_lag1, flux_lag12",-0.33497674188115045,1.174971508471069
2013-06,random forest,1,2013-07,-1.8588838126636769,-2.3274102803441834,54,0.28509350181353654,5,"sin_year, cos_year, year_fraction, flux_lag1, flux_lag12",-0.46852646768050654,1.6434133528127313
2013-06,gradient boosting,1,2013-07,-1.6756787447059025,-2.3274102803441834,54,0.28509350181353654,5,"sin_year, cos_year, year_fraction, flux_lag1, flux_lag12",-0.6517315356382809,2.28602732609648
2013-06,ordinary least squares,3,2013-09,-1.1373158082857562,-0.8729548029017856,54,0.28509350181353654,4,"sin_year, cos_year, year_fraction, flux_lag12",0.26436100538397056,0.9272782567905531
2013-06,ridge,3,2013-09,-0.9502753031598122,-0.8729548029017856,54,0.28509350181353654,4,"sin_year, cos_year, year_fraction, flux_lag12",0.07732050025802661,0.27121102293168914
2013-06,random forest,3,2013-09,-0.942835332550569,-0.8729548029017856,54,0.28509350181353654,4,"sin_year, cos_year, year_fraction, flux_lag12",0.06988052964878333,0.24511442458091595
2013-06,gradient boosting,3,2013-09,-0.7088091430433471,-0.8729548029017856,54,0.28509350181353654,4,"sin_year, cos_year, year_fraction, flux_lag12",-0.16414565985843854,0.5757607901066678
2013-06,ordinary least squares,6,2013-12,-0.14266049358804384,-0.3300164853587963,54,0.28509350181353654,4,"sin_year, cos_year, year_fraction, flux_lag12",-0.18735599177075246,0.6571738414904011
2013-06,ridge,6,2013-12,-0.19138823945759698,-0.3300164853587963,54,0.28509350181353654,4,"sin_year, cos_year, year_fraction, flux_lag12",-0.13862824590119932,0.4862553689205732
2013-06,random forest,6,2013-12,-0.19853500131649165,-0.3300164853587963,54,0.28509350181353654,4,"sin_year, cos_year, year_fraction, flux_lag12",-0.13148148404230464,0.4611872357872934
2013-06,gradient boosting,6,2013-12,-0.21663035542156892,-0.3300164853587963,54,0.28509350181353654,4,"sin_year, cos_year, year_fraction, flux_lag12",-0.11338612993722738,0.39771558880141294
2013-06,ordinary least squares,12,2014-06,-1.9588321404443925,-2.167361030522487,54,0.28509350181353654,5,"sin_year, cos_year, year_fraction, flux_lag12, flux_lag13",-0.2085288900780944,0.7314403476459498
2013-06,ridge,12,2014-06,-1.9022437907899468,-2.167361030522487,54,0.28509350181353654,5,"sin_year, cos_year, year_fraction, flux_lag12, flux_lag13",-0.2651172397325401,0.9299308403947355
2013-06,random forest,12,2014-06,-1.9487785496211962,-2.167361030522487,54,0.28509350181353654,5,"sin_year, cos_year, year_fraction, flux_lag12, flux_lag13",-0.21858248090129062,0.7667045355676083
2013-06,gradient boosting,12,2014-06,-1.7977057475036062,-2.167361030522487,54,0.28509350181353654,5,"sin_year, cos_year, year_fraction, flux_lag12, flux_lag13",-0.3696552830188806,1.2966106932196972
2013-07,ordinary least squares,1,2013-08,-2.1369394593000464,-1.4957553788975266,55,0.30946126159470705,5,"sin_year, cos_year, year_fraction, flux_lag1, flux_lag12",0.6411840804025197,2.0719364908498985
2013-07,ridge,1,2013-08,-1.9913029152689723,-1.4957553788975266,55,0.30946126159470705,5,"sin_year, cos_year, year_fraction, flux_lag1, flux_lag12",0.49554753637144566,1.6013233249867982
2013-07,random forest,1,2013-08,-1.9431444071233146,-1.4957553788975266,55,0.30946126159470705,5,"sin_year, cos_year, year_fraction, flux_lag1, flux_lag12",0.44738902822578797,1.4457028512076615
2013-07,gradient boosting,1,2013-08,-1.5438359939353221,-1.4957553788975266,55,0.30946126159470705,5,"sin_year, cos_year, year_fraction, flux_lag1, flux_lag12",0.04808061503779548,0.15536876825883736
2013-07,ordinary least squares,3,2013-10,-0.3057118244291609,-0.549610230725987,55,0.30946126159470705,4,"sin_year, cos_year, year_fraction, flux_lag12",-0.24389840629682613,0.7881387319368367
2013-07,ridge,3,2013-10,-0.29977854439747875,-0.549610230725987,55,0.30946126159470705,4,"sin_year, cos_year, year_fraction, flux_lag12",-0.24983168632850827,0.8073116649272438
2013-07,random forest,3,2013-10,-0.4017064959832115,-0.549610230725987,55,0.30946126159470705,4,"sin_year, cos_year, year_fraction, flux_lag12",-0.14790373474277552,0.4779394163282414
2013-07,gradient boosting,3,2013-10,-0.3019015335264597,-0.549610230725987,55,0.30946126159470705,4,"sin_year, cos_year, year_fraction, flux_lag12",-0.24770869719952732,0.8004513906620875
2013-07,ordinary least squares,6,2014-01,-0.1674495263139631,-0.2205127684844346,55,0.30946126159470705,4,"sin_year, cos_year, year_fraction, flux_lag12",-0.05306324217047151,0.17146974033850798
2013-07,ridge,6,2014-01,-0.16268457182117455,-0.2205127684844346,55,0.30946126159470705,4,"sin_year, cos_year, year_fraction, flux_lag12",-0.057828196663260056,0.18686732021081226
2013-07,random forest,6,2014-01,-0.10948263778282391,-0.2205127684844346,55,0.30946126159470705,4,"sin_year, cos_year, year_fraction, flux_lag12",-0.11103013070161069,0.3587852325342867
2013-07,gradient boosting,6,2014-01,-0.1529876870131815,-0.2205127684844346,55,0.30946126159470705,4,"sin_year, cos_year, year_fraction, flux_lag12",-0.0675250814712531,0.21820204933982612
2013-07,ordinary least squares,12,2014-07,-1.5258237191072883,-2.5473065212326387,55,0.30946126159470705,5,"sin_year, cos_year, year_fraction, flux_lag12, flux_lag13",-1.0214828021253504,3.3008422342152746
2013-07,ridge,12,2014-07,-1.591607225056634,-2.5473065212326387,55,0.30946126159470705,5,"sin_year, cos_year, year_fraction, flux_lag12, flux_lag13",-0.9556992961760047,3.0882679507319333
2013-07,random forest,12,2014-07,-1.472511549723213,-2.5473065212326387,55,0.30946126159470705,5,"sin_year, cos_year, year_fraction, flux_lag12, flux_lag13",-1.0747949715094256,3.4731163634854405
2013-07,gradient boosting,12,2014-07,-1.8301373212628034,-2.5473065212326387,55,0.30946126159470705,5,"sin_year, cos_year, year_fraction, flux_lag12, flux_lag13",-0.7171691999698353,2.3174764953588673
2013-08,ordinary least squares,1,2013-09,-0.8645869398960081,-0.8729548029017856,56,0.314717576284938,5,"sin_year, cos_year, year_fraction, flux_lag1, flux_lag12",-0.00836786300577752,0.026588483250777995
2013-08,ridge,1,2013-09,-0.8298019358362977,-0.8729548029017856,56,0.314717576284938,5,"sin_year, cos_year, year_fraction, flux_lag1, flux_lag12",-0.04315286706548793,0.1371161648322378
2013-08,random forest,1,2013-09,-0.8046678864173475,-0.8729548029017856,56,0.314717576284938,5,"sin_year, cos_year, year_fraction, flux_lag1, flux_lag12",-0.06828691648443808,0.21697840104936714
2013-08,gradient boosting,1,2013-09,-0.7219013837916254,-0.8729548029017856,56,0.314717576284938,5,"sin_year, cos_year, year_fraction, flux_lag1, flux_lag12",-0.15105341911016024,0.479964992401314
2013-08,ordinary least squares,3,2013-11,-0.18260399624274534,-0.1819946597507816,56,0.314717576284938,4,"sin_year, cos_year, year_fraction, flux_lag12",0.0006093364919637356,0.0019361374701616807
2013-08,ridge,3,2013-11,-0.20779193168786797,-0.1819946597507816,56,0.314717576284938,4,"sin_year, cos_year, year_fraction, flux_lag12",0.025797271937086363,0.08196959395026006
2013-08,random forest,3,2013-11,-0.25403040387298187,-0.1819946597507816,56,0.314717576284938,4,"sin_year, cos_year, year_fraction, flux_lag12",0.07203574412220026,0.22889012101752068
2013-08,gradient boosting,3,2013-11,-0.2750539642240492,-0.1819946597507816,56,0.314717576284938,4,"sin_year, cos_year, year_fraction, flux_lag12",0.0930593044732676,0.2956914754230754
2013-08,ordinary least squares,6,2014-02,-0.16983944147865404,-0.1820369855247651,56,0.314717576284938,4,"sin_year, cos_year, year_fraction, flux_lag12",-0.012197544046111064,0.03875711102664215
2013-08,ridge,6,2014-02,-0.1731295345336449,-0.1820369855247651,56,0.314717576284938,4,"sin_year, cos_year, year_fraction, flux_lag12",-0.008907450991120197,0.028302998187351307
2013-08,random forest,6,2014-02,-0.1872781594586125,-0.1820369855247651,56,0.314717576284938,4,"sin_year, cos_year, year_fraction, flux_lag12",0.005241173933847404,0.016653578728320424
2013-08,gradient boosting,6,2014-02,-0.16826954539884317,-0.1820369855247651,56,0.314717576284938,4,"sin_year, cos_year, year_fraction, flux_lag12",-0.013767440125921931,0.04374538050412923
2013-08,ordinary least squares,12,2014-08,-1.4518394265246652,-1.2608568043627584,56,0.314717576284938,5,"sin_year, cos_year, year_fraction, flux_lag12, flux_lag13",0.19098262216190687,0.6068381194858835
2013-08,ridge,12,2014-08,-1.4353725912205453,-1.2608568043627584,56,0.314717576284938,5,"sin_year, cos_year, year_fraction, flux_lag12, flux_lag13",0.1745157868577869,0.5545155403071113
2013-08,random forest,12,2014-08,-1.5627169796378284,-1.2608568043627584,56,0.314717576284938,5,"sin_year, cos_year, year_fraction, flux_lag12, flux_lag13",0.30186017527507003,0.9591462251278041
2013-08,gradient boosting,12,2014-08,-1.5467342479401474,-1.2608568043627584,56,0.314717576284938,5,"sin_year, cos_year, year_fraction, flux_lag12, flux_lag13",0.285877443577389,0.9083618619335139
2013-09,ordinary least squares,1,2013-10,-0.3354460222413444,-0.549610230725987,57,0.32035772922899397,5,"sin_year, cos_year, year_fraction, flux_lag1, flux_lag12",-0.21416420848464263,0.6685158151172826
2013-09,ridge,1,2013-10,-0.3275142690643345,-0.549610230725987,57,0.32035772922899397,5,"sin_year, cos_year, year_fraction, flux_lag1, flux_lag12",-0.22209596166165252,0.6932748655578612
2013-09,random forest,1,2013-10,-0.3712466468051771,-0.549610230725987,57,0.32035772922899397,5,"sin_year, cos_year, year_fraction, flux_lag1, flux_lag12",-0.17836358392080992,0.556763791371846
2013-09,gradient boosting,1,2013-10,-0.3319919046671691,-0.549610230725987,57,0.32035772922899397,5,"sin_year, cos_year, year_fraction, flux_lag1, flux_lag12",-0.21761832605881792,0.679297879225704
2013-09,ordinary least squares,3,2013-12,-0.19458577145867512,-0.3300164853587963,57,0.32035772922899397,4,"sin_year, cos_year, year_fraction, flux_lag12",-0.13543071390012118,0.4227483888903281
2013-09,ridge,3,2013-12,-0.20327747154530695,-0.3300164853587963,57,0.32035772922899397,4,"sin_year, cos_year, year_fraction, flux_lag12",-0.12673901381348934,0.39561715622879634
2013-09,random forest,3,2013-12,-0.1966467547249078,-0.3300164853587963,57,0.32035772922899397,4,"sin_year, cos_year, year_fraction, flux_lag12",-0.1333697306338885,0.4163150080844619
2013-09,gradient boosting,3,2013-12,-0.2602189998355198,-0.3300164853587963,57,0.32035772922899397,4,"sin_year, cos_year, year_fraction, flux_lag12",-0.06979748552327647,0.217873580547778
2013-09,ordinary least squares,6,2014-03,-0.44984260401980947,-0.1445974539930555,57,0.32035772922899397,4,"sin_year, cos_year, year_fraction, flux_lag12",0.30524515002675395,0.9528259260714217
2013-09,ridge,6,2014-03,-0.41965515884707355,-0.1445974539930555,57,0.32035772922899397,4,"sin_year, cos_year, year_fraction, flux_lag12",0.27505770485401804,0.8585955004613135
2013-09,random forest,6,2014-03,-0.4147775687170627,-0.1445974539930555,57,0.32035772922899397,4,"sin_year, cos_year, year_fraction, flux_lag12",0.27018011472400716,0.8433700518924596
2013-09,gradient boosting,6,2014-03,-0.36022905455655063,-0.1445974539930555,57,0.32035772922899397,4,"sin_year, cos_year, year_fraction, flux_lag12",0.21563160056349512,0.6730962948278364
2013-09,ordinary least squares,12,2014-09,-0.6449086804085497,-1.1031968063449369,57,0.32035772922899397,5,"sin_year, cos_year, year_fraction, flux_lag12, flux_lag13",-0.45828812593638724,1.4305511748986073
2013-09,ridge,12,2014-09,-0.6754121129766602,-1.1031968063449369,57,0.32035772922899397,5,"sin_year, cos_year, year_fraction, flux_lag12, flux_lag13",-0.42778469336827674,1.335334391331302
2013-09,random forest,12,2014-09,-0.9154598408334784,-1.1031968063449369,57,0.32035772922899397,5,"sin_year, cos_year, year_fraction, flux_lag12, flux_lag13",-0.18773696551145846,0.586022899972745
2013-09,gradient boosting,12,2014-09,-0.7591374502760677,-1.1031968063449369,57,0.32035772922899397,5,"sin_year, cos_year, year_fraction, flux_lag12, flux_lag13",-0.34405935606886917,1.073984875897697
2013-10,ordinary least squares,1,2013-11,-0.29563424359535184,-0.1819946597507816,58,0.3190128264037337,5,"sin_year, cos_year, year_fraction, flux_lag1, flux_lag12",0.11363958384457024,0.3562226168948805
2013-10,ridge,1,2013-11,-0.2934165192573286,-0.1819946597507816,58,0.3190128264037337,5,"sin_year, cos_year, year_fraction, flux_lag1, flux_lag12",0.11142185950654698,0.34927078250306653
2013-10,random forest,1,2013-11,-0.3921639131594382,-0.1819946597507816,58,0.3190128264037337,5,"sin_year, cos_year, year_fraction, flux_lag1, flux_lag12",0.2101692534086566,0.6588112953887073
2013-10,gradient boosting,1,2013-11,-0.2968260918171964,-0.1819946597507816,58,0.3190128264037337,5,"sin_year, cos_year, year_fraction, flux_lag1, flux_lag12",0.11483143206641477,0.3599586679975285
2013-10,ordinary least squares,3,2014-01,-0.1548158786668565,-0.2205127684844346,58,0.3190128264037337,4,"sin_year, cos_year, year_fraction, flux_lag12",-0.0656968898175781,0.20593808267268213
2013-10,ridge,3,2014-01,-0.1595538715041468,-0.2205127684844346,58,0.3190128264037337,4,"sin_year, cos_year, year_fraction, flux_lag12",-0.06095889698028781,0.19108603772294702
2013-10,random forest,3,2014-01,-0.11313967330618924,-0.2205127684844346,58,0.3190128264037337,4,"sin_year, cos_year, year_fraction, flux_lag12",-0.10737309517824536,0.3365792416207021
2013-10,gradient boosting,3,2014-01,-0.17435378208136554,-0.2205127684844346,58,0.3190128264037337,4,"sin_year, cos_year, year_fraction, flux_lag12",-0.04615898640306906,0.14469319908990602
2013-10,ordinary least squares,6,2014-04,-0.7713957483695113,-0.9542662447285354,58,0.3190128264037337,4,"sin_year, cos_year, year_fraction, flux_lag12",-0.18287049635902408,0.5732386951977546
2013-10,ridge,6,2014-04,-0.6969906540263378,-0.9542662447285354,58,0.3190128264037337,4,"sin_year, cos_year, year_fraction, flux_lag12",-0.25727559070219763,0.8064741270828931
2013-10,random forest,6,2014-04,-0.6330281175281963,-0.9542662447285354,58,0.3190128264037337,4,"sin_year, cos_year, year_fraction, flux_lag12",-0.32123812720033906,1.0069755840907446
2013-10,gradient boosting,6,2014-04,-0.519313343898815,-0.9542662447285354,58,0.3190128264037337,4,"sin_year, cos_year, year_fraction, flux_lag12",-0.4349529008297204,1.3634338961633354
2013-10,ordinary least squares,12,2014-10,-0.17377378182814962,-0.41289199902476,58,0.3190128264037337,5,"sin_year, cos_year, year_fraction, flux_lag12, flux_lag13",-0.23911821719661036,0.7495567494643274
2013-10,ridge,12,2014-10,-0.21182138643294468,-0.41289199902476,58,0.3190128264037337,5,"sin_year, cos_year, year_fraction, flux_lag12, flux_lag13",-0.2010706125918153,0.6302900571695069
2013-10,random forest,12,2014-10,-0.2166588387578379,-0.41289199902476,58,0.3190128264037337,5,"sin_year, cos_year, year_fraction, flux_lag12, flux_lag13",-0.19623316026692209,0.6151262395279834
2013-10,gradient boosting,12,2014-10,-0.3592693987880294,-0.41289199902476,58,0.3190128264037337,5,"sin_year, cos_year, year_fraction, flux_lag12, flux_lag13",-0.0536226002367306,0.16808916695050793
2013-11,ordinary least squares,1,2013-12,-0.16531651926145385,-0.3300164853587963,59,0.31666457165142725,5,"sin_year, cos_year, year_fraction, flux_lag1, flux_lag12",-0.16469996609734244,0.5201085970508824
2013-11,ridge,1,2013-12,-0.18107872245881723,-0.3300164853587963,59,0.31666457165142725,5,"sin_year, cos_year, year_fraction, flux_lag1, flux_lag12",-0.14893776289997906,0.4703328892248934
2013-11,random forest,1,2013-12,-0.2549971495924146,-0.3300164853587963,59,0.31666457165142725,5,"sin_year, cos_year, year_fraction, flux_lag1, flux_lag12",-0.0750193357663817,0.23690473290128658
2013-11,gradient boosting,1,2013-12,-0.2165559756594699,-0.3300164853587963,59,0.31666457165142725,5,"sin_year, cos_year, year_fraction, flux_lag1, flux_lag12",-0.11346050969932639,0.35829871686504783
2013-11,ordinary least squares,3,2014-02,-0.17206637406062072,-0.1820369855247651,59,0.31666457165142725,4,"sin_year, cos_year, year_fraction, flux_lag12",-0.00997061146414438,0.03148634977429576
2013-11,ridge,3,2014-02,-0.17556400007921832,-0.1820369855247651,59,0.31666457165142725,4,"sin_year, cos_year, year_fraction, flux_lag12",-0.006472985445546781,0.020441141905422896
2013-11,random forest,3,2014-02,-0.18882453518718284,-0.1820369855247651,59,0.31666457165142725,4,"sin_year, cos_year, year_fraction, flux_lag12",0.006787549662417736,0.02143450916223499
2013-11,gradient boosting,3,2014-02,-0.15510292488846578,-0.1820369855247651,59,0.31666457165142725,4,"sin_year, cos_year, year_fraction, flux_lag12",-0.02693406063629933,0.08505549103847132
2013-11,ordinary least squares,6,2014-05,-1.008281982436811,-0.9670759734081892,59,0.31666457165142725,4,"sin_year, cos_year, year_fraction, flux_lag12",0.041206009028621815,0.13012509992428165
2013-11,ridge,6,2014-05,-0.96415763076028,-0.9670759734081892,59,0.31666457165142725,4,"sin_year, cos_year, year_fraction, flux_lag12",-0.0029183426479091334,0.009215879858898577
2013-11,random forest,6,2014-05,-0.937903539854938,-0.9670759734081892,59,0.31666457165142725,4,"sin_year, cos_year, year_fraction, flux_lag12",-0.029172433553251165,0.09212408385666557
2013-11,gradient boosting,6,2014-05,-0.8389645785064467,-0.9670759734081892,59,0.31666457165142725,4,"sin_year, cos_year, year_fraction, flux_lag12",-0.1281113949017425,0.40456497622589377
2013-11,ordinary least squares,12,2014-11,-0.23493438682922155,-0.3378808084904101,59,0.31666457165142725,5,"sin_year, cos_year, year_fraction, flux_lag12, flux_lag13",-0.10294642166118853,0.32509611392368887
2013-11,ridge,12,2014-11,-0.22408167459130174,-0.3378808084904101,59,0.31666457165142725,5,"sin_year, cos_year, year_fraction, flux_lag12, flux_lag13",-0.11379913389910834,0.35936806351793044
2013-11,random forest,12,2014-11,-0.3058575029932811,-0.3378808084904101,59,0.31666457165142725,5,"sin_year, cos_year, year_fraction, flux_lag12, flux_lag13",-0.03202330549712895,0.10112689692479723
2013-11,gradient boosting,12,2014-11,-0.24758375298602286,-0.3378808084904101,59,0.31666457165142725,5,"sin_year, cos_year, year_fraction, flux_lag12, flux_lag13",-0.09029705550438721,0.28515048283892935
2013-12,ordinary least squares,1,2014-01,-0.20183799045580697,-0.2205127684844346,60,0.3113854401703153,5,"sin_year, cos_year, year_fraction, flux_lag1, flux_lag12",-0.01867477802862763,0.05997318955701102
2013-12,ridge,1,2014-01,-0.19303487424180188,-0.2205127684844346,60,0.3113854401703153,5,"sin_year, cos_year, year_fraction, flux_lag1, flux_lag12",-0.027477894242632722,0.08824399184368872
2013-12,random forest,1,2014-01,-0.21124537478508482,-0.2205127684844346,60,0.3113854401703153,5,"sin_year, cos_year, year_fraction, flux_lag1, flux_lag12",-0.009267393699349785,0.029761808048189068
2013-12,gradient boosting,1,2014-01,-0.1595285853147088,-0.2205127684844346,60,0.3113854401703153,5,"sin_year, cos_year, year_fraction, flux_lag1, flux_lag12",-0.060984183169725814,0.19584789557395466
2013-12,ordinary least squares,3,2014-03,-0.45082221347314727,-0.1445974539930555,60,0.3113854401703153,4,"sin_year, cos_year, year_fraction, flux_lag12",0.30622475948009176,0.9834267116426483
2013-12,ridge,3,2014-03,-0.4203265594515592,-0.1445974539930555,60,0.3113854401703153,4,"sin_year, cos_year, year_fraction, flux_lag12",0.2757291054585037,0.8854913232541991
2013-12,random forest,3,2014-03,-0.424615138366208,-0.1445974539930555,60,0.3113854401703153,4,"sin_year, cos_year, year_fraction, flux_lag12",0.2800176843731525,0.8992638969246415
2013-12,gradient boosting,3,2014-03,-0.3366795817173685,-0.1445974539930555,60,0.3113854401703153,4,"sin_year, cos_year, year_fraction, flux_lag12",0.192082127724313,0.616862906689702
2013-12,ordinary least squares,6,2014-06,-1.7341291673474402,-2.167361030522487,60,0.3113854401703153,4,"sin_year, cos_year, year_fraction, flux_lag12",-0.4332318631750467,1.3913041757446538
2013-12,ridge,6,2014-06,-1.7487196107466738,-2.167361030522487,60,0.3113854401703153,4,"sin_year, cos_year, year_fraction, flux_lag12",-0.41864141977581304,1.344447638742624
2013-12,random forest,6,2014-06,-1.8378650718382539,-2.167361030522487,60,0.3113854401703153,4,"sin_year, cos_year, year_fraction, flux_lag12",-0.329495958684233,1.058161096112946
2013-12,gradient boosting,6,2014-06,-1.8052792550421615,-2.167361030522487,60,0.3113854401703153,4,"sin_year, cos_year, year_fraction, flux_lag12",-0.3620817754803254,1.1628089459875879
2013-12,ordinary least squares,12,2014-12,-0.21544310864007685,-0.3176719443452381,60,0.3113854401703153,5,"sin_year, cos_year, year_fraction, flux_lag12, flux_lag13",-0.10222883570516125,0.3283031976358503
2013-12,ridge,12,2014-12,-0.2308031935320545,-0.3176719443452381,60,0.3113854401703153,5,"sin_year, cos_year, year_fraction, flux_lag12, flux_lag13",-0.0868687508131836,0.2789749924263315
2013-12,random forest,12,2014-12,-0.21359674736716214,-0.3176719443452381,60,0.3113854401703153,5,"sin_year, cos_year, year_fraction, flux_lag12, flux_lag13",-0.10407519697807596,0.334232701828162
2013-12,gradient boosting,12,2014-12,-0.23173006560426526,-0.3176719443452381,60,0.3113854401703153,5,"sin_year, cos_year, year_fraction, flux_lag12, flux_lag13",-0.08594187874097284,0.27599838545426564
2014-01,ordinary least squares,1,2014-02,-0.1945834563417528,-0.1820369855247651,61,0.30581670768225194,5,"sin_year, cos_year, year_fraction, flux_lag1, flux_lag12",0.012546470816987704,0.041026113033770774
2014-01,ridge,1,2014-02,-0.19208462248460204,-0.1820369855247651,61,0.30581670768225194,5,"sin_year, cos_year, year_fraction, flux_lag1, flux_lag12",0.01004763695983693,0.03285509492266385
2014-01,random forest,1,2014-02,-0.21261116889911458,-0.1820369855247651,61,0.30581670768225194,5,"sin_year, cos_year, year_fraction, flux_lag1, flux_lag12",0.030574183374349473,0.0999755167272172
2014-01,gradient boosting,1,2014-02,-0.17505354544375754,-0.1820369855247651,61,0.30581670768225194,5,"sin_year, cos_year, year_fraction, flux_lag1, flux_lag12",-0.006983440081007569,0.02283537787694538
2014-01,ordinary least squares,3,2014-04,-0.7683656672532952,-0.9542662447285354,61,0.30581670768225194,4,"sin_year, cos_year, year_fraction, flux_lag12",-0.18590057747524014,0.6078823452261921
2014-01,ridge,3,2014-04,-0.6948779517522102,-0.9542662447285354,61,0.30581670768225194,4,"sin_year, cos_year, year_fraction, flux_lag12",-0.25938829297632515,0.8481822165381279
2014-01,random forest,3,2014-04,-0.6380942476024747,-0.9542662447285354,61,0.30581670768225194,4,"sin_year, cos_year, year_fraction, flux_lag12",-0.3161719971260607,1.0338610977872669
2014-01,gradient boosting,3,2014-04,-0.5043252163505821,-0.9542662447285354,61,0.30581670768225194,4,"sin_year, cos_year, year_fraction, flux_lag12",-0.44994102837795324,1.471276804292356
2014-01,ordinary least squares,6,2014-07,-1.4578854191983053,-2.5473065212326387,61,0.30581670768225194,4,"sin_year, cos_year, year_fraction, flux_lag12",-1.0894211020343334,3.562333498031958
2014-01,ridge,6,2014-07,-1.5522227134615805,-2.5473065212326387,61,0.30581670768225194,4,"sin_year, cos_year, year_fraction, flux_lag12",-0.9950838077710582,3.253856910934261
2014-01,random forest,6,2014-07,-1.3281809295072668,-2.5473065212326387,61,0.30581670768225194,4,"sin_year, cos_year, year_fraction, flux_lag12",-1.2191255917253718,3.986458427876548
2014-01,gradient boosting,6,2014-07,-1.8243503918136406,-2.5473065212326387,61,0.30581670768225194,4,"sin_year, cos_year, year_fraction, flux_lag12",-0.7229561294189981,2.3640177637716255
2014-01,ordinary least squares,12,2015-01,-0.1544717424321988,-0.6013752118055555,61,0.30581670768225194,5,"sin_year, cos_year, year_fraction, flux_lag12, flux_lag13",-0.44690346937335673,1.4613441912980634
2014-01,ridge,12,2015-01,-0.155507979384182,-0.6013752118055555,61,0.30581670768225194,5,"sin_year, cos_year, year_fraction, flux_lag12, flux_lag13",-0.4458672324213735,1.4579557663822478
2014-01,random forest,12,2015-01,-0.07978527384965978,-0.6013752118055555,61,0.30581670768225194,5,"sin_year, cos_year, year_fraction, flux_lag12, flux_lag13",-0.5215899379558957,1.705563904303866
2014-01,gradient boosting,12,2015-01,-0.15620707592037625,-0.6013752118055555,61,0.30581670768225194,5,"sin_year, cos_year, year_fraction, flux_lag12, flux_lag13",-0.4451681358851793,1.4556697678784625
2014-02,ordinary least squares,1,2014-03,-0.410451534259271,-0.1445974539930555,62,0.3003293140973659,5,"sin_year, cos_year, year_fraction, flux_lag1, flux_lag12",0.2658540802662155,0.8852085620254384
2014-02,ridge,1,2014-03,-0.39565694546527946,-0.1445974539930555,62,0.3003293140973659,5,"sin_year, cos_year, year_fraction, flux_lag1, flux_lag12",0.25105949147222395,0.8359473407608529
2014-02,random forest,1,2014-03,-0.40376618528868274,-0.1445974539930555,62,0.3003293140973659,5,"sin_year, cos_year, year_fraction, flux_lag1, flux_lag12",0.25916873129562723,0.8629485006302298
2014-02,gradient boosting,1,2014-03,-0.5322817969898188,-0.1445974539930555,62,0.3003293140973659,5,"sin_year, cos_year, year_fraction, flux_lag1, flux_lag12",0.3876843429967633,1.2908641441210669
2014-02,ordinary least squares,3,2014-05,-1.0075167228892203,-0.9670759734081892,62,0.3003293140973659,4,"sin_year, cos_year, year_fraction, flux_lag12",0.04044074948103116,0.1346546859822028
2014-02,ridge,3,2014-05,-0.9634821038852537,-0.9670759734081892,62,0.3003293140973659,4,"sin_year, cos_year, year_fraction, flux_lag12",-0.0035938695229355,0.011966429363503216
2014-02,random forest,3,2014-05,-0.9387204701876347,-0.9670759734081892,62,0.3003293140973659,4,"sin_year, cos_year, year_fraction, flux_lag12",-0.028355503220554468,0.09441470375869368
2014-02,gradient boosting,3,2014-05,-0.9671826848392095,-0.9670759734081892,62,0.3003293140973659,4,"sin_year, cos_year, year_fraction, flux_lag12",0.00010671143102036762,0.0003553147362290851
2014-02,ordinary least squares,6,2014-08,-1.5134205334134336,-1.2608568043627584,62,0.3003293140973659,4,"sin_year, cos_year, year_fraction, flux_lag12",0.25256372905067526,0.8409559679838473
2014-02,ridge,6,2014-08,-1.5168978296408606,-1.2608568043627584,62,0.3003293140973659,4,"sin_year, cos_year, year_fraction, flux_lag12",0.25604102527810224,0.8525342457749379
2014-02,random forest,6,2014-08,-1.7869973868041957,-1.2608568043627584,62,0.3003293140973659,4,"sin_year, cos_year, year_fraction, flux_lag12",0.5261405824414374,1.7518788800978118
2014-02,gradient boosting,6,2014-08,-1.6500140780667232,-1.2608568043627584,62,0.3003293140973659,4,"sin_year, cos_year, year_fraction, flux_lag12",0.3891572737039648,1.2957685295342203
2014-02,ordinary least squares,12,2015-02,-0.1978785364359072,-0.6199505983813487,62,0.3003293140973659,5,"sin_year, cos_year, year_fraction, flux_lag12, flux_lag13",-0.4220720619454415,1.4053641856905348
2014-02,ridge,12,2015-02,-0.19058120829525854,-0.6199505983813487,62,0.3003293140973659,5,"sin_year, cos_year, year_fraction, flux_lag12, flux_lag13",-0.42936939008609015,1.4296619408483375
2014-02,random forest,12,2015-02,-0.18801323285185628,-0.6199505983813487,62,0.3003293140973659,5,"sin_year, cos_year, year_fraction, flux_lag12, flux_lag13",-0.4319373655294924,1.4382124729571337
2014-02,gradient boosting,12,2015-02,-0.17537870507668238,-0.6199505983813487,62,0.3003293140973659,5,"sin_year, cos_year, year_fraction, flux_lag12, flux_lag13",-0.4445718933046663,1.4802813859207142
2014-03,ordinary least squares,1,2014-04,-0.5936556730883459,-0.9542662447285354,63,0.2953816725273017,5,"sin_year, cos_year, year_fraction, flux_lag1, flux_lag12",-0.3606105716401895,1.2208292022818674
2014-03,ridge,1,2014-04,-0.5747041799058586,-0.9542662447285354,63,0.2953816725273017,5,"sin_year, cos_year, year_fraction, flux_lag1, flux_lag12",-0.37956206482267674,1.2849885423666372
2014-03,random forest,1,2014-04,-0.4336152898638456,-0.9542662447285354,63,0.2953816725273017,5,"sin_year, cos_year, year_fraction, flux_lag1, flux_lag12",-0.5206509548646898,1.7626379809213344
2014-03,gradient boosting,1,2014-04,-0.4654569512844339,-0.9542662447285354,63,0.2953816725273017,5,"sin_year, cos_year, year_fraction, flux_lag1, flux_lag12",-0.4888092934441015,1.6548396156803589
2014-03,ordinary least squares,3,2014-06,-1.7350629499579207,-2.167361030522487,63,0.2953816725273017,4,"sin_year, cos_year, year_fraction, flux_lag12",-0.4322980805645662,1.4635237077026488
2014-03,ridge,3,2014-06,-1.7490570075455176,-2.167361030522487,63,0.2953816725273017,4,"sin_year, cos_year, year_fraction, flux_lag12",-0.4183040229769692,1.4161475199119065
2014-03,random forest,3,2014-06,-1.8713684422260521,-2.167361030522487,63,0.2953816725273017,4,"sin_year, cos_year, year_fraction, flux_lag12",-0.2959925882964347,1.002068225032061
2014-03,gradient boosting,3,2014-06,-1.7069432575953347,-2.167361030522487,63,0.2953816725273017,4,"sin_year, cos_year, year_fraction, flux_lag12",-0.46041777292715214,1.558721531325192
2014-03,ordinary least squares,6,2014-09,-0.6320656878946138,-1.1031968063449369,63,0.2953816725273017,4,"sin_year, cos_year, year_fraction, flux_lag12",-0.47113111845032307,1.5949910311608013
2014-03,ridge,6,2014-09,-0.6629495514984958,-1.1031968063449369,63,0.2953816725273017,4,"sin_year, cos_year, year_fraction, flux_lag12",-0.4402472548464411,1.4904352429169407
2014-03,random forest,6,2014-09,-0.9105573082482685,-1.1031968063449369,63,0.2953816725273017,4,"sin_year, cos_year, year_fraction, flux_lag12",-0.19263949809666836,0.6521714649674583
2014-03,gradient boosting,6,2014-09,-0.6617905483298661,-1.1031968063449369,63,0.2953816725273017,4,"sin_year, cos_year, year_fraction, flux_lag12",-0.44140625801507083,1.494358990652246
2014-03,ordinary least squares,12,2015-03,-0.4165945597832411,-0.407049608213773,63,0.2953816725273017,5,"sin_year, cos_year, year_fraction, flux_lag12, flux_lag13",0.009544951569468108,0.03231396006326656
2014-03,ridge,12,2015-03,-0.38661937887703945,-0.407049608213773,63,0.2953816725273017,5,"sin_year, cos_year, year_fraction, flux_lag12, flux_lag13",-0.020430229336733552,0.06916552798259755
2014-03,random forest,12,2015-03,-0.33106396866676013,-0.407049608213773,63,0.2953816725273017,5,"sin_year, cos_year, year_fraction, flux_lag12, flux_lag13",-0.07598563954701287,0.257245613435917
2014-03,gradient boosting,12,2015-03,-0.31448926758445417,-0.407049608213773,63,0.2953816725273017,5,"sin_year, cos_year, year_fraction, flux_lag12, flux_lag13",-0.09256034062931884,0.3133584417657586
2014-04,ordinary least squares,1,2014-05,-1.0973463350598414,-0.9670759734081892,64,0.30593192805766,5,"sin_year, cos_year, year_fraction, flux_lag1, flux_lag12",0.13027036165165218,0.4258148617528396
2014-04,ridge,1,2014-05,-1.0526779371823087,-0.9670759734081892,64,0.30593192805766,5,"sin_year, cos_year, year_fraction, flux_lag1, flux_lag12",0.08560196377411955,0.27980722482154874
2014-04,random forest,1,2014-05,-1.1278155003661272,-0.9670759734081892,64,0.30593192805766,5,"sin_year, cos_year, year_fraction, flux_lag1, flux_lag12",0.16073952695793803,0.5254094529409266
2014-04,gradient boosting,1,2014-05,-1.0379591671527804,-0.9670759734081892,64,0.30593192805766,5,"sin_year, cos_year, year_fraction, flux_lag1, flux_lag12",0.07088319374459118,0.2316959664675195
2014-04,ordinary least squares,3,2014-07,-1.4479424365130507,-2.5473065212326387,64,0.30593192805766,4,"sin_year, cos_year, year_fraction, flux_lag12",-1.099364084719588,3.593492486055222
2014-04,ridge,3,2014-07,-1.5392722106476384,-2.5473065212326387,64,0.30593192805766,4,"sin_year, cos_year, year_fraction, flux_lag12",-1.0080343105850003,3.294962761765136
2014-04,random forest,3,2014-07,-1.3553220236735761,-2.5473065212326387,64,0.30593192805766,4,"sin_year, cos_year, year_fraction, flux_lag12",-1.1919844975590626,3.896240922374095
2014-04,gradient boosting,3,2014-07,-1.6811415782470918,-2.5473065212326387,64,0.30593192805766,4,"sin_year, cos_year, year_fraction, flux_lag12",-0.8661649429855469,2.8312342176403957
2014-04,ordinary least squares,6,2014-10,-0.19492218586313403,-0.41289199902476,64,0.30593192805766,4,"sin_year, cos_year, year_fraction, flux_lag12",-0.21796981316162595,0.7124781468397259
2014-04,ridge,6,2014-10,-0.23289026078460184,-0.41289199902476,64,0.30593192805766,4,"sin_year, cos_year, year_fraction, flux_lag12",-0.18000173824015814,0.5883718622733375
2014-04,random forest,6,2014-10,-0.33291449081491475,-0.41289199902476,64,0.30593192805766,4,"sin_year, cos_year, year_fraction, flux_lag12",-0.07997750820984523,0.261422561278964
2014-04,gradient boosting,6,2014-10,-0.21576118076130535,-0.41289199902476,64,0.30593192805766,4,"sin_year, cos_year, year_fraction, flux_lag12",-0.19713081826345463,0.6443617033208143
2014-04,ordinary least squares,12,2015-04,-0.396608052899996,-0.6166704869032074,64,0.30593192805766,5,"sin_year, cos_year, year_fraction, flux_lag12, flux_lag13",-0.22006243400321135,0.7193182986828869
2014-04,ridge,12,2015-04,-0.4574550991792229,-0.6166704869032074,64,0.30593192805766,5,"sin_year, cos_year, year_fraction, flux_lag12, flux_lag13",-0.15921538772398447,0.5204274974986481
2014-04,random forest,12,2015-04,-0.3364460041867343,-0.6166704869032074,64,0.30593192805766,5,"sin_year, cos_year, year_fraction, flux_lag12, flux_lag13",-0.28022448271647304,0.9159700476364082
2014-04,gradient boosting,12,2015-04,-0.5532699655372338,-0.6166704869032074,64,0.30593192805766,5,"sin_year, cos_year, year_fraction, flux_lag12, flux_lag13",-0.06340052136597352,0.20723734776065678
2014-05,ordinary least squares,1,2014-06,-1.763927248995581,-2.167361030522487,65,0.3067397772822112,5,"sin_year, cos_year, year_fraction, flux_lag1, flux_lag12",-0.4034337815269058,1.3152313831007734
2014-05,ridge,1,2014-06,-1.772846132973769,-2.167361030522487,65,0.3067397772822112,5,"sin_year, cos_year, year_fraction, flux_lag1, flux_lag12",-0.3945148975487178,1.2861549977124438
2014-05,random forest,1,2014-06,-1.8795294173540398,-2.167361030522487,65,0.3067397772822112,5,"sin_year, cos_year, year_fraction, flux_lag1, flux_lag12",-0.2878316131684471,0.9383576389039106
2014-05,gradient boosting,1,2014-06,-1.7419554643021269,-2.167361030522487,65,0.3067397772822112,5,"sin_year, cos_year, year_fraction, flux_lag1, flux_lag12",-0.42540556622035997,1.3868614301984452
2014-05,ordinary least squares,3,2014-08,-1.5141560974203139,-1.2608568043627584,65,0.3067397772822112,4,"sin_year, cos_year, year_fraction, flux_lag12",0.2532992930575555,0.8257790864355731
2014-05,ridge,3,2014-08,-1.5156121374445382,-1.2608568043627584,65,0.3067397772822112,4,"sin_year, cos_year, year_fraction, flux_lag12",0.2547553330817798,0.8305259113733922
2014-05,random forest,3,2014-08,-1.7084217779183266,-1.2608568043627584,65,0.3067397772822112,4,"sin_year, cos_year, year_fraction, flux_lag12",0.44756497355556824,1.4591031444343554
2014-05,gradient boosting,3,2014-08,-1.573686627594113,-1.2608568043627584,65,0.3067397772822112,4,"sin_year, cos_year, year_fraction, flux_lag12",0.31282982323135466,1.0198541121829805
2014-05,ordinary least squares,6,2014-11,-0.28743395857747933,-0.3378808084904101,65,0.3067397772822112,4,"sin_year, cos_year, year_fraction, flux_lag12",-0.05044684991293075,0.16446138925933268
2014-05,ridge,6,2014-11,-0.2797194819436716,-0.3378808084904101,65,0.3067397772822112,4,"sin_year, cos_year, year_fraction, flux_lag12",-0.0581613265467385,0.18961129548329844
2014-05,random forest,6,2014-11,-0.3429492689525661,-0.3378808084904101,65,0.3067397772822112,4,"sin_year, cos_year, year_fraction, flux_lag12",0.0050684604621560325,0.016523649156505952
2014-05,gradient boosting,6,2014-11,-0.296233686015716,-0.3378808084904101,65,0.3067397772822112,4,"sin_year, cos_year, year_fraction, flux_lag12",-0.0416471224746941,0.1357734651948231
2014-05,ordinary least squares,12,2015-05,-0.7211243196063175,-0.6342355885051938,65,0.3067397772822112,5,"sin_year, cos_year, year_fraction, flux_lag12, flux_lag13",0.08688873110112372,0.2832652871791815
2014-05,ridge,12,2015-05,-0.7359922104676364,-0.6342355885051938,65,0.3067397772822112,5,"sin_year, cos_year, year_fraction, flux_lag12, flux_lag13",0.10175662196244262,0.3317359843709576
2014-05,random forest,12,2015-05,-0.5421732510915174,-0.6342355885051938,65,0.3067397772822112,5,"sin_year, cos_year, year_fraction, flux_lag12, flux_lag13",-0.09206233741367642,0.3001317215177342
2014-05,gradient boosting,12,2015-05,-0.7316131791676578,-0.6342355885051938,65,0.3067397772822112,5,"sin_year, cos_year, year_fraction, flux_lag12, flux_lag13",0.09737759066246399,0.31745993794887983
2014-06,ordinary least squares,1,2014-07,-1.673882885475642,-2.5473065212326387,66,0.3064855016233135,5,"sin_year, cos_year, year_fraction, flux_lag1, flux_lag12",-0.8734236357569967,2.8498040890380496
2014-06,ridge,1,2014-07,-1.7063456801104238,-2.5473065212326387,66,0.3064855016233135,5,"sin_year, cos_year, year_fraction, flux_lag1, flux_lag12",-0.8409608411222149,2.743884577469505
2014-06,random forest,1,2014-07,-1.5230746271977533,-2.5473065212326387,66,0.3064855016233135,5,"sin_year, cos_year, year_fraction, flux_lag1, flux_lag12",-1.0242318940348853,3.3418608339056743
2014-06,gradient boosting,1,2014-07,-1.7841086837100162,-2.5473065212326387,66,0.3064855016233135,5,"sin_year, cos_year, year_fraction, flux_lag1, flux_lag12",-0.7631978375226225,2.490159676331548
2014-06,ordinary least squares,3,2014-09,-0.6375451055523654,-1.1031968063449369,66,0.3064855016233135,4,"sin_year, cos_year, year_fraction, flux_lag12",-0.46565170079257145,1.519327010009372
2014-06,ridge,3,2014-09,-0.6633668310218516,-1.1031968063449369,66,0.3064855016233135,4,"sin_year, cos_year, year_fraction, flux_lag12",-0.4398299753230853,1.4350759595266567
2014-06,random forest,3,2014-09,-0.8223228538091818,-1.1031968063449369,66,0.3064855016233135,4,"sin_year, cos_year, year_fraction, flux_lag12",-0.2808739525357551,0.9164347124026887
2014-06,gradient boosting,3,2014-09,-0.6736914053531473,-1.1031968063449369,66,0.3064855016233135,4,"sin_year, cos_year, year_fraction, flux_lag12",-0.4295054009917896,1.4013889685381395
2014-06,ordinary least squares,6,2014-12,-0.18726503864729743,-0.3176719443452381,66,0.3064855016233135,4,"sin_year, cos_year, year_fraction, flux_lag12",-0.13040690569794067,0.42549127122566954
2014-06,ridge,6,2014-12,-0.205634902224842,-0.3176719443452381,66,0.3064855016233135,4,"sin_year, cos_year, year_fraction, flux_lag12",-0.11203704212039611,0.3655541339704069
2014-06,random forest,6,2014-12,-0.12938070469213858,-0.3176719443452381,66,0.3064855016233135,4,"sin_year, cos_year, year_fraction, flux_lag12",-0.18829123965309952,0.6143561070778453
2014-06,gradient boosting,6,2014-12,-0.17136071174712697,-0.3176719443452381,66,0.3064855016233135,4,"sin_year, cos_year, year_fraction, flux_lag12",-0.14631123259811113,0.4773838626074234
2014-06,ordinary least squares,12,2015-06,-1.6259497581529587,-0.8818818890815007,66,0.3064855016233135,5,"sin_year, cos_year, year_fraction, flux_lag12, flux_lag13",0.744067869071458,2.4277424711135467
2014-06,ridge,12,2015-06,-1.6780519749817628,-0.8818818890815007,66,0.3064855016233135,5,"sin_year, cos_year, year_fraction, flux_lag12, flux_lag13",0.7961700859002622,2.597741432085085
2014-06,random forest,12,2015-06,-1.539649697188897,-0.8818818890815007,66,0.3064855016233135,5,"sin_year, cos_year, year_fraction, flux_lag12, flux_lag13",0.6577678081073964,2.1461628841282905
2014-06,gradient boosting,12,2015-06,-1.682828285545659,-0.8818818890815007,66,0.3064855016233135,5,"sin_year, cos_year, year_fraction, flux_lag12, flux_lag13",0.8009463964641584,2.6133255642498967
2014-07,ordinary least squares,1,2014-08,-1.8664395919445025,-1.2608568043627584,67,0.3049111514281343,5,"sin_year, cos_year, year_fraction, flux_lag1, flux_lag12",0.6055827875817441,1.9860958995606832
2014-07,ridge,1,2014-08,-1.790928943121642,-1.2608568043627584,67,0.3049111514281343,5,"sin_year, cos_year, year_fraction, flux_lag1, flux_lag12",0.5300721387588836,1.7384478602246805
2014-07,random forest,1,2014-08,-1.8323113441642873,-1.2608568043627584,67,0.3049111514281343,5,"sin_year, cos_year, year_fraction, flux_lag1, flux_lag12",0.5714545398015289,1.8741673996669725
2014-07,gradient boosting,1,2014-08,-1.6309290486695096,-1.2608568043627584,67,0.3049111514281343,5,"sin_year, cos_year, year_fraction, flux_lag1, flux_lag12",0.37007224430675123,1.2137051812418707
2014-07,ordinary least squares,3,2014-10,-0.24323995146317512,-0.41289199902476,67,0.3049111514281343,4,"sin_year, cos_year, year_fraction, flux_lag12",-0.16965204756158486,0.5563983041189978
2014-07,ridge,3,2014-10,-0.2670597386479916,-0.41289199902476,67,0.3049111514281343,4,"sin_year, cos_year, year_fraction, flux_lag12",-0.14583226037676839,0.4782778842089682
2014-07,random forest,3,2014-10,-0.0764589310801137,-0.41289199902476,67,0.3049111514281343,4,"sin_year, cos_year, year_fraction, flux_lag12",-0.3364330679446463,1.103380661444721
2014-07,gradient boosting,3,2014-10,-0.28656238547587615,-0.41289199902476,67,0.3049111514281343,4,"sin_year, cos_year, year_fraction, flux_lag12",-0.12632961354888383,0.41431614736681405
2014-07,ordinary least squares,6,2015-01,-0.16216142372428324,-0.6013752118055555,67,0.3049111514281343,4,"sin_year, cos_year, year_fraction, flux_lag12",-0.4392137880812723,1.4404648240121594
2014-07,ridge,6,2015-01,-0.16245937052366727,-0.6013752118055555,67,0.3049111514281343,4,"sin_year, cos_year, year_fraction, flux_lag12",-0.43891584128188826,1.439487664606908
2014-07,random forest,6,2015-01,-0.13711044481060683,-0.6013752118055555,67,0.3049111514281343,4,"sin_year, cos_year, year_fraction, flux_lag12",-0.4642647669949487,1.5226231143742641
2014-07,gradient boosting,6,2015-01,-0.09916952079431166,-0.6013752118055555,67,0.3049111514281343,4,"sin_year, cos_year, year_fraction, flux_lag12",-0.5022056910112439,1.6470558346555282
2014-07,ordinary least squares,12,2015-07,-1.6094549331397003,-1.136474650032359,67,0.3049111514281343,6,"sin_year, cos_year, year_fraction, flux_lag12, flux_lag13, flux_lag14",0.4729802831073413,1.551206903689844
2014-07,ridge,12,2015-07,-1.6658906630013797,-1.136474650032359,67,0.3049111514281343,6,"sin_year, cos_year, year_fraction, flux_lag12, flux_lag13, flux_lag14",0.5294160129690206,1.7362960012756397
2014-07,random forest,12,2015-07,-1.412932713569011,-1.136474650032359,67,0.3049111514281343,6,"sin_year, cos_year, year_fraction, flux_lag12, flux_lag13, flux_lag14",0.27645806353665203,0.9066840036574114
2014-07,gradient boosting,12,2015-07,-1.7861041451763,-1.136474650032359,67,0.3049111514281343,6,"sin_year, cos_year, year_fraction, flux_lag12, flux_lag13, flux_lag14",0.649629495143941,2.130553415646573
2014-08,ordinary least squares,1,2014-09,-0.6049417043720945,-1.1031968063449369,68,0.3036609268407527,5,"sin_year, cos_year, year_fraction, flux_lag1, flux_lag12",-0.4982551019728424,1.640827179040192
2014-08,ridge,1,2014-09,-0.6282390369181989,-1.1031968063449369,68,0.3036609268407527,5,"sin_year, cos_year, year_fraction, flux_lag1, flux_lag12",-0.47495776942673795,1.5641056436471248
2014-08,random forest,1,2014-09,-0.5330362122556838,-1.1031968063449369,68,0.3036609268407527,5,"sin_year, cos_year, year_fraction, flux_lag1, flux_lag12",-0.5701605940892531,1.8776225180536956
2014-08,gradient boosting,1,2014-09,-0.6342953566892305,-1.1031968063449369,68,0.3036609268407527,5,"sin_year, cos_year, year_fraction, flux_lag1, flux_lag12",-0.46890144965570635,1.5441612937630593
2014-08,ordinary least squares,3,2014-11,-0.2764753620053888,-0.3378808084904101,68,0.3036609268407527,4,"sin_year, cos_year, year_fraction, flux_lag12",-0.061405446485021276,0.20221714767150076
2014-08,ridge,3,2014-11,-0.2723246348385146,-0.3378808084904101,68,0.3036609268407527,4,"sin_year, cos_year, year_fraction, flux_lag12",-0.06555617365189548,0.21588610142876485
2014-08,random forest,3,2014-11,-0.33758538110777103,-0.3378808084904101,68,0.3036609268407527,4,"sin_year, cos_year, year_fraction, flux_lag12",-0.00029542738263904633,0.0009728857305173667
2014-08,gradient boosting,3,2014-11,-0.3078202289082342,-0.3378808084904101,68,0.3036609268407527,4,"sin_year, cos_year, year_fraction, flux_lag12",-0.030060579582175895,0.09899390051569067
2014-08,ordinary least squares,6,2015-02,-0.18054729478190887,-0.6199505983813487,68,0.3036609268407527,4,"sin_year, cos_year, year_fraction, flux_lag12",-0.4394033035994398,1.4470195693958143
2014-08,ridge,6,2015-02,-0.18028412881345354,-0.6199505983813487,68,0.3036609268407527,4,"sin_year, cos_year, year_fraction, flux_lag12",-0.4396664695678951,1.4478862135544595
2014-08,random forest,6,2015-02,-0.2073519453491735,-0.6199505983813487,68,0.3036609268407527,4,"sin_year, cos_year, year_fraction, flux_lag12",-0.4125986530321752,1.35874792099463
2014-08,gradient boosting,6,2015-02,-0.2217643197759112,-0.6199505983813487,68,0.3036609268407527,4,"sin_year, cos_year, year_fraction, flux_lag12",-0.3981862786054375,1.3112858567222125
2014-08,ordinary least squares,12,2015-08,-1.324806459438213,-1.2211042920623445,68,0.3036609268407527,6,"sin_year, cos_year, year_fraction, flux_lag12, flux_lag13, flux_lag14",0.10370216737586846,0.3415064573989542
2014-08,ridge,12,2015-08,-1.3253023861567685,-1.2211042920623445,68,0.3036609268407527,6,"sin_year, cos_year, year_fraction, flux_lag12, flux_lag13, flux_lag14",0.10419809409442404,0.3431396168696676
2014-08,random forest,12,2015-08,-1.2224904543520543,-1.2211042920623445,68,0.3036609268407527,6,"sin_year, cos_year, year_fraction, flux_lag12, flux_lag13, flux_lag14",0.0013861622897097803,0.004564835865223839
2014-08,gradient boosting,12,2015-08,-1.4737542139462736,-1.2211042920623445,68,0.3036609268407527,6,"sin_year, cos_year, year_fraction, flux_lag12, flux_lag13, flux_lag14",0.2526499218839291,0.8320132738593167
2014-09,ordinary least squares,1,2014-10,-0.4018542792205904,-0.41289199902476,69,0.30237287555307546,5,"sin_year, cos_year, year_fraction, flux_lag1, flux_lag12",-0.011037719804169566,0.036503670456486156
2014-09,ridge,1,2014-10,-0.3910979264121575,-0.41289199902476,69,0.30237287555307546,5,"sin_year, cos_year, year_fraction, flux_lag1, flux_lag12",-0.021794072612602466,0.07207681103253244
2014-09,random forest,1,2014-10,-0.41220880463914295,-0.41289199902476,69,0.30237287555307546,5,"sin_year, cos_year, year_fraction, flux_lag1, flux_lag12",-0.0006831943856170364,0.0022594433590228413
2014-09,gradient boosting,1,2014-10,-0.345984778766218,-0.41289199902476,69,0.30237287555307546,5,"sin_year, cos_year, year_fraction, flux_lag1, flux_lag12",-0.06690722025854196,0.22127388290421487
2014-09,ordinary least squares,3,2014-12,-0.20091186283507395,-0.3176719443452381,69,0.30237287555307546,4,"sin_year, cos_year, year_fraction, flux_lag12",-0.11676008151016415,0.38614601688923406
2014-09,ridge,3,2014-12,-0.21580395304725103,-0.3176719443452381,69,0.30237287555307546,4,"sin_year, cos_year, year_fraction, flux_lag12",-0.10186799129798707,0.33689526916612
2014-09,random forest,3,2014-12,-0.14111740175766935,-0.3176719443452381,69,0.30237287555307546,4,"sin_year, cos_year, year_fraction, flux_lag12",-0.17655454258756875,0.5838967607945316
2014-09,gradient boosting,3,2014-12,-0.1900743854329935,-0.3176719443452381,69,0.30237287555307546,4,"sin_year, cos_year, year_fraction, flux_lag12",-0.1275975589122446,0.42198745068933086
2014-09,ordinary least squares,6,2015-03,-0.36946412773336723,-0.407049608213773,69,0.30237287555307546,4,"sin_year, cos_year, year_fraction, flux_lag12",-0.037585480480405775,0.12430175957964987
2014-09,ridge,6,2015-03,-0.35654511212804196,-0.407049608213773,69,0.30237287555307546,4,"sin_year, cos_year, year_fraction, flux_lag12",-0.05050449608573104,0.167027204385818
2014-09,random forest,6,2015-03,-0.33440008529119686,-0.407049608213773,69,0.30237287555307546,4,"sin_year, cos_year, year_fraction, flux_lag12",-0.07264952292257615,0.24026468243783985
2014-09,gradient boosting,6,2015-03,-0.332140522026746,-0.407049608213773,69,0.30237287555307546,4,"sin_year, cos_year, year_fraction, flux_lag12",-0.07490908618702702,0.24773745346704631
2014-09,ordinary least squares,12,2015-09,-0.77821162030137,-0.5576488081893868,69,0.30237287555307546,5,"sin_year, cos_year, year_fraction, flux_lag12, flux_lag13",0.22056281211198325,0.7294398074184002
2014-09,ridge,12,2015-09,-0.7786202529741424,-0.5576488081893868,69,0.30237287555307546,5,"sin_year, cos_year, year_fraction, flux_lag12, flux_lag13",0.2209714447847556,0.7307912271581004
2014-09,random forest,12,2015-09,-0.7911928459842186,-0.5576488081893868,69,0.30237287555307546,5,"sin_year, cos_year, year_fraction, flux_lag12, flux_lag13",0.2335440377948318,0.7723709918346755
2014-09,gradient boosting,12,2015-09,-0.8390139702512762,-0.5576488081893868,69,0.30237287555307546,5,"sin_year, cos_year, year_fraction, flux_lag12, flux_lag13",0.28136516206188944,0.93052381615659
2014-10,ordinary least squares,1,2014-11,-0.29078028411553014,-0.3378808084904101,70,0.2995167610039057,5,"sin_year, cos_year, year_fraction, flux_lag1, flux_lag12",-0.04710052437487994,0.15725505383074623
2014-10,ridge,1,2014-11,-0.2865430378832017,-0.3378808084904101,70,0.2995167610039057,5,"sin_year, cos_year, year_fraction, flux_lag1, flux_lag12",-0.0513377706072084,0.17140199578526746
2014-10,random forest,1,2014-11,-0.3230019266922216,-0.3378808084904101,70,0.2995167610039057,5,"sin_year, cos_year, year_fraction, flux_lag1, flux_lag12",-0.01487888179818847,0.04967629106403982
2014-10,gradient boosting,1,2014-11,-0.3599582850592754,-0.3378808084904101,70,0.2995167610039057,5,"sin_year, cos_year, year_fraction, flux_lag1, flux_lag12",0.02207747656886533,0.07371032090113128
2014-10,ordinary least squares,3,2015-01,-0.1658947065692885,-0.6013752118055555,70,0.2995167610039057,4,"sin_year, cos_year, year_fraction, flux_lag12",-0.435480505236267,1.45394369175416
2014-10,ridge,3,2015-01,-0.1649938972557698,-0.6013752118055555,70,0.2995167610039057,4,"sin_year, cos_year, year_fraction, flux_lag12",-0.43638131454978574,1.4569512340048822
2014-10,random forest,3,2015-01,-0.14821679731520537,-0.6013752118055555,70,0.2995167610039057,4,"sin_year, cos_year, year_fraction, flux_lag12",-0.45315841449035016,1.5129651274655744
2014-10,gradient boosting,3,2015-01,-0.08528460540381547,-0.6013752118055555,70,0.2995167610039057,4,"sin_year, cos_year, year_fraction, flux_lag12",-0.5160906064017401,1.7230775488888594
2014-10,ordinary least squares,6,2015-04,-0.40292262692373404,-0.6166704869032074,70,0.2995167610039057,4,"sin_year, cos_year, year_fraction, flux_lag12",-0.21374785997947332,0.7136423993870783
2014-10,ridge,6,2015-04,-0.44539209970806193,-0.6166704869032074,70,0.2995167610039057,4,"sin_year, cos_year, year_fraction, flux_lag12",-0.17127838719514543,0.5718490899175822
2014-10,random forest,6,2015-04,-0.40003778351805486,-0.6166704869032074,70,0.2995167610039057,4,"sin_year, cos_year, year_fraction, flux_lag12",-0.2166327033851525,0.7232740587172938
2014-10,gradient boosting,6,2015-04,-0.4950431529590401,-0.6166704869032074,70,0.2995167610039057,4,"sin_year, cos_year, year_fraction, flux_lag12",-0.12162733394416725,0.40607855646042207
2014-10,ordinary least squares,12,2015-10,-0.22998857908792852,-0.3816889985983566,70,0.2995167610039057,5,"sin_year, cos_year, year_fraction, flux_lag12, flux_lag13",-0.15170041951042806,0.5064839076182782
2014-10,ridge,12,2015-10,-0.2534192444142337,-0.3816889985983566,70,0.2995167610039057,5,"sin_year, cos_year, year_fraction, flux_lag12, flux_lag13",-0.1282697541841229,0.42825568009681525
2014-10,random forest,12,2015-10,-0.21593302348392998,-0.3816889985983566,70,0.2995167610039057,5,"sin_year, cos_year, year_fraction, flux_lag12, flux_lag13",-0.1657559751144266,0.55341135019908
2014-10,gradient boosting,12,2015-10,-0.2628954152301887,-0.3816889985983566,70,0.2995167610039057,5,"sin_year, cos_year, year_fraction, flux_lag12, flux_lag13",-0.11879358336816787,0.3966174813389452
2014-11,ordinary least squares,1,2014-12,-0.23869828251096448,-0.3176719443452381,71,0.29708234384688403,5,"sin_year, cos_year, year_fraction, flux_lag1, flux_lag12",-0.07897366183427362,0.265830883153987
2014-11,ridge,1,2014-12,-0.2452808100846951,-0.3176719443452381,71,0.29708234384688403,5,"sin_year, cos_year, year_fraction, flux_lag1, flux_lag12",-0.072391134260543,0.24367363379175883
2014-11,random forest,1,2014-12,-0.22431095411646496,-0.3176719443452381,71,0.29708234384688403,5,"sin_year, cos_year, year_fraction, flux_lag1, flux_lag12",-0.09336099022877314,0.31425963933047235
2014-11,gradient boosting,1,2014-12,-0.23772011328307718,-0.3176719443452381,71,0.29708234384688403,5,"sin_year, cos_year, year_fraction, flux_lag1, flux_lag12",-0.07995183106216092,0.2691234693616394
2014-11,ordinary least squares,3,2015-02,-0.1809287434144345,-0.6199505983813487,71,0.29708234384688403,4,"sin_year, cos_year, year_fraction, flux_lag12",-0.4390218549669142,1.4777783468450945
2014-11,ridge,3,2015-02,-0.18035330634867897,-0.6199505983813487,71,0.29708234384688403,4,"sin_year, cos_year, year_fraction, flux_lag12",-0.43959729203266973,1.47971530835652
2014-11,random forest,3,2015-02,-0.1978567179250202,-0.6199505983813487,71,0.29708234384688403,4,"sin_year, cos_year, year_fraction, flux_lag12",-0.4220938804563285,1.420797597698621
2014-11,gradient boosting,3,2015-02,-0.18760890345153416,-0.6199505983813487,71,0.29708234384688403,4,"sin_year, cos_year, year_fraction, flux_lag12",-0.43234169492981456,1.4552924597654415
2014-11,ordinary least squares,6,2015-05,-0.8120701908720313,-0.6342355885051938,71,0.29708234384688403,4,"sin_year, cos_year, year_fraction, flux_lag12",0.17783460236683746,0.5986037408486761
2014-11,ridge,6,2015-05,-0.8283946897316589,-0.6342355885051938,71,0.29708234384688403,4,"sin_year, cos_year, year_fraction, flux_lag12",0.19415910122646507,0.6535531486399424
2014-11,random forest,6,2015-05,-0.6838646127041411,-0.6342355885051938,71,0.29708234384688403,4,"sin_year, cos_year, year_fraction, flux_lag12",0.049629024198947325,0.1670547753067617
2014-11,gradient boosting,6,2015-05,-0.7576400141565558,-0.6342355885051938,71,0.29708234384688403,4,"sin_year, cos_year, year_fraction, flux_lag12",0.123404425651362,0.4153879495274365
2014-11,ordinary least squares,12,2015-11,-0.22299162268874867,-0.2276627347990261,71,0.29708234384688403,5,"sin_year, cos_year, year_fraction, flux_lag12, flux_lag13",-0.004671112110277431,0.015723290888956087
2014-11,ridge,12,2015-11,-0.23260766377357467,-0.2276627347990261,71,0.29708234384688403,5,"sin_year, cos_year, year_fraction, flux_lag12, flux_lag13",0.004944928974548568,0.016644977653391544
2014-11,random forest,12,2015-11,-0.255508391661249,-0.2276627347990261,71,0.29708234384688403,5,"sin_year, cos_year, year_fraction, flux_lag12, flux_lag13",0.0278456568622229,0.09373043346047696
2014-11,gradient boosting,12,2015-11,-0.17162713333802226,-0.2276627347990261,71,0.29708234384688403,5,"sin_year, cos_year, year_fraction, flux_lag12, flux_lag13",-0.05603560146100384,0.18861976358273427
2014-12,ordinary least squares,1,2015-01,-0.19538056799733655,-0.6013752118055555,72,0.2923367137996619,5,"sin_year, cos_year, year_fraction, flux_lag1, flux_lag12",-0.405994643808219,1.3887911597940679
2014-12,ridge,1,2015-01,-0.18718393750188694,-0.6013752118055555,72,0.2923367137996619,5,"sin_year, cos_year, year_fraction, flux_lag1, flux_lag12",-0.4141912743036686,1.4168294803625434
2014-12,random forest,1,2015-01,-0.18566989387467472,-0.6013752118055555,72,0.2923367137996619,5,"sin_year, cos_year, year_fraction, flux_lag1, flux_lag12",-0.41570531793088084,1.4220085890948453
2014-12,gradient boosting,1,2015-01,-0.1391577502612382,-0.6013752118055555,72,0.2923367137996619,5,"sin_year, cos_year, year_fraction, flux_lag1, flux_lag12",-0.4622174615443173,1.5811132838452666
2014-12,ordinary least squares,3,2015-03,-0.367479713949157,-0.407049608213773,72,0.2923367137996619,4,"sin_year, cos_year, year_fraction, flux_lag12",-0.03956989426461599,0.13535725208888133
2014-12,ridge,3,2015-03,-0.3551468007540491,-0.407049608213773,72,0.2923367137996619,4,"sin_year, cos_year, year_fraction, flux_lag12",-0.05190280745972392,0.17754460869835484
2014-12,random forest,3,2015-03,-0.3229298446150118,-0.407049608213773,72,0.2923367137996619,4,"sin_year, cos_year, year_fraction, flux_lag12",-0.08411976359876122,0.2877495696842526
2014-12,gradient boosting,3,2015-03,-0.3198226251368755,-0.407049608213773,72,0.2923367137996619,4,"sin_year, cos_year, year_fraction, flux_lag12",-0.08722698307689752,0.2983784757759646
2014-12,ordinary least squares,6,2015-06,-1.7062414361629885,-0.8818818890815007,72,0.2923367137996619,4,"sin_year, cos_year, year_fraction, flux_lag12",0.8243595470814878,2.81989742706905
2014-12,ridge,6,2015-06,-1.7423365180174837,-0.8818818890815007,72,0.2923367137996619,4,"sin_year, cos_year, year_fraction, flux_lag12",0.860454628935983,2.943368343141641
2014-12,random forest,6,2015-06,-1.426897388545838,-0.8818818890815007,72,0.2923367137996619,4,"sin_year, cos_year, year_fraction, flux_lag12",0.5450154994643374,1.8643416093054805
2014-12,gradient boosting,6,2015-06,-1.7965311610604617,-0.8818818890815007,72,0.2923367137996619,4,"sin_year, cos_year, year_fraction, flux_lag12",0.9146492719789611,3.1287526636348844
2014-12,ordinary least squares,12,2015-12,-0.21262980268586845,-0.3217976024822695,72,0.2923367137996619,5,"sin_year, cos_year, year_fraction, flux_lag12, flux_lag13",-0.10916779979640107,0.3734317129637493
2014-12,ridge,12,2015-12,-0.22525725600581176,-0.3217976024822695,72,0.2923367137996619,5,"sin_year, cos_year, year_fraction, flux_lag12, flux_lag13",-0.09654034647645776,0.330236819117481
2014-12,random forest,12,2015-12,-0.22496353756955612,-0.3217976024822695,72,0.2923367137996619,5,"sin_year, cos_year, year_fraction, flux_lag12, flux_lag13",-0.0968340649127134,0.3312415455934614
2014-12,gradient boosting,12,2015-12,-0.07739778566596317,-0.3217976024822695,72,0.2923367137996619,5,"sin_year, cos_year, year_fraction, flux_lag12, flux_lag13",-0.24439981681630635,0.8360216328620063
2015-01,ordinary least squares,1,2015-02,-0.3312739324811099,-0.6199505983813487,73,0.29378795526722684,5,"sin_year, cos_year, year_fraction, flux_lag1, flux_lag12",-0.28867666590023877,0.9826021139554926
2015-01,ridge,1,2015-02,-0.3041285828864724,-0.6199505983813487,73,0.29378795526722684,5,"sin_year, cos_year, year_fraction, flux_lag1, flux_lag12",-0.3158220154948763,1.0749998760419144
2015-01,random forest,1,2015-02,-0.30653509113467814,-0.6199505983813487,73,0.29378795526722684,5,"sin_year, cos_year, year_fraction, flux_lag1, flux_lag12",-0.31341550724667055,1.0668085659318152
2015-01,gradient boosting,1,2015-02,-0.3134324837130533,-0.6199505983813487,73,0.29378795526722684,5,"sin_year, cos_year, year_fraction, flux_lag1, flux_lag12",-0.30651811466829537,1.0433311140665698
2015-01,ordinary least squares,3,2015-04,-0.40943139315628657,-0.6166704869032074,73,0.29378795526722684,4,"sin_year, cos_year, year_fraction, flux_lag12",-0.2072390937469208,0.7054036424278116
2015-01,ridge,3,2015-04,-0.4493208349685238,-0.6166704869032074,73,0.29378795526722684,4,"sin_year, cos_year, year_fraction, flux_lag12",-0.16734965193468354,0.5696273415377557
2015-01,random forest,3,2015-04,-0.3938700588046401,-0.6166704869032074,73,0.29378795526722684,4,"sin_year, cos_year, year_fraction, flux_lag12",-0.22280042809856726,0.7583715537143448
2015-01,gradient boosting,3,2015-04,-0.47314698784908055,-0.6166704869032074,73,0.29378795526722684,4,"sin_year, cos_year, year_fraction, flux_lag12",-0.1435234990541268,0.4885275127211364
2015-01,ordinary least squares,6,2015-07,-1.6653422373903322,-1.136474650032359,73,0.29378795526722684,4,"sin_year, cos_year, year_fraction, flux_lag12",0.5288675873579731,1.8001676987639605
2015-01,ridge,6,2015-07,-1.726751451114335,-1.136474650032359,73,0.29378795526722684,4,"sin_year, cos_year, year_fraction, flux_lag12",0.5902768010819759,2.0091933331475946
2015-01,random forest,6,2015-07,-1.7435158359434384,-1.136474650032359,73,0.29378795526722684,4,"sin_year, cos_year, year_fraction, flux_lag12",0.6070411859110794,2.0662562063135645
2015-01,gradient boosting,6,2015-07,-1.8386746801523133,-1.136474650032359,73,0.29378795526722684,4,"sin_year, cos_year, year_fraction, flux_lag12",0.7022000301199542,2.390159356537403
2015-01,ordinary least squares,12,2016-01,-0.14377609113811202,-0.0689653552083333,73,0.29378795526722684,5,"sin_year, cos_year, year_fraction, flux_lag12, flux_lag13",0.07481073592977872,0.25464194358046965
2015-01,ridge,12,2016-01,-0.15469759599246363,-0.0689653552083333,73,0.29378795526722684,5,"sin_year, cos_year, year_fraction, flux_lag12, flux_lag13",0.08573224078413033,0.2918167312412419
2015-01,random forest,12,2016-01,-0.15346975247538608,-0.0689653552083333,73,0.29378795526722684,5,"sin_year, cos_year, year_fraction, flux_lag12, flux_lag13",0.08450439726705278,0.2876373784289024
2015-01,gradient boosting,12,2016-01,-0.12736057462502134,-0.0689653552083333,73,0.29378795526722684,5,"sin_year, cos_year, year_fraction, flux_lag12, flux_lag13",0.05839521941668804,0.19876655380092859
2015-02,ordinary least squares,1,2015-03,-0.505165376267414,-0.407049608213773,74,0.2961125626477003,5,"sin_year, cos_year, year_fraction, flux_lag1, flux_lag12",0.09811576805364097,0.3313461853031009
2015-02,ridge,1,2015-03,-0.47275597188859453,-0.407049608213773,74,0.2961125626477003,5,"sin_year, cos_year, year_fraction, flux_lag1, flux_lag12",0.06570636367482152,0.22189657570521795
2015-02,random forest,1,2015-03,-0.4216656966770491,-0.407049608213773,74,0.2961125626477003,5,"sin_year, cos_year, year_fraction, flux_lag1, flux_lag12",0.014616088463276111,0.04935990669421746
2015-02,gradient boosting,1,2015-03,-0.3996025410579359,-0.407049608213773,74,0.2961125626477003,5,"sin_year, cos_year, year_fraction, flux_lag1, flux_lag12",-0.007447067155837095,0.025149446849700996
2015-02,ordinary least squares,3,2015-05,-0.8153585667674135,-0.6342355885051938,74,0.2961125626477003,4,"sin_year, cos_year, year_fraction, flux_lag12",0.18112297826221968,0.6116693484487877
2015-02,ridge,3,2015-05,-0.829775428974556,-0.6342355885051938,74,0.2961125626477003,4,"sin_year, cos_year, year_fraction, flux_lag12",0.19553984046936224,0.6603564493209483
2015-02,random forest,3,2015-05,-0.6741503189623933,-0.6342355885051938,74,0.2961125626477003,4,"sin_year, cos_year, year_fraction, flux_lag12",0.03991473045719951,0.13479580231348723
2015-02,gradient boosting,3,2015-05,-0.8016504973347125,-0.6342355885051938,74,0.2961125626477003,4,"sin_year, cos_year, year_fraction, flux_lag12",0.1674149088295187,0.5653759075014337
2015-02,ordinary least squares,6,2015-08,-1.5614928940639625,-1.2211042920623445,74,0.2961125626477003,4,"sin_year, cos_year, year_fraction, flux_lag12",0.340388602001618,1.1495243530298818
2015-02,ridge,6,2015-08,-1.5442858841592944,-1.2211042920623445,74,0.2961125626477003,4,"sin_year, cos_year, year_fraction, flux_lag12",0.32318159209694985,1.0914146607195956
2015-02,random forest,6,2015-08,-1.614680306960627,-1.2211042920623445,74,0.2961125626477003,4,"sin_year, cos_year, year_fraction, flux_lag12",0.39357601489828253,1.3291432534273775
2015-02,gradient boosting,6,2015-08,-1.5151360128688722,-1.2211042920623445,74,0.2961125626477003,4,"sin_year, cos_year, year_fraction, flux_lag12",0.29403172080652773,0.9929728012125975
2015-02,ordinary least squares,12,2016-02,-0.03450257388340028,0.0272336897772366,74,0.2961125626477003,5,"sin_year, cos_year, year_fraction, flux_lag12, flux_lag13",0.06173626366063688,0.20848917421341406
2015-02,ridge,12,2016-02,-0.06967790653350905,0.0272336897772366,74,0.2961125626477003,5,"sin_year, cos_year, year_fraction, flux_lag12, flux_lag13",0.09691159631074565,0.32727958396701373
2015-02,random forest,12,2016-02,0.21094708182898622,0.0272336897772366,74,0.2961125626477003,5,"sin_year, cos_year, year_fraction, flux_lag12, flux_lag13",-0.18371339205174964,0.6204174196767278
2015-02,gradient boosting,12,2016-02,-0.12873289853113967,0.0272336897772366,74,0.2961125626477003,5,"sin_year, cos_year, year_fraction, flux_lag12, flux_lag13",0.15596658830837629,0.5267138513604281
2015-03,ordinary least squares,1,2015-04,-0.4962926147764301,-0.6166704869032074,75,0.2955782704504466,5,"sin_year, cos_year, year_fraction, flux_lag1, flux_lag12",-0.12037787212677725,0.40726225220591267
2015-03,ridge,1,2015-04,-0.5106780691257272,-0.6166704869032074,75,0.2955782704504466,5,"sin_year, cos_year, year_fraction, flux_lag1, flux_lag12",-0.10599241777748014,0.35859340274220075
2015-03,random forest,1,2015-04,-0.45743977055063356,-0.6166704869032074,75,0.2955782704504466,5,"sin_year, cos_year, year_fraction, flux_lag1, flux_lag12",-0.1592307163525738,0.5387091416087999
2015-03,gradient boosting,1,2015-04,-0.600213382864131,-0.6166704869032074,75,0.2955782704504466,5,"sin_year, cos_year, year_fraction, flux_lag1, flux_lag12",-0.01645710403907641,0.05567765185849623
2015-03,ordinary least squares,3,2015-06,-1.7096893576132874,-0.8818818890815007,75,0.2955782704504466,4,"sin_year, cos_year, year_fraction, flux_lag12",0.8278074685317868,2.8006370944327177
2015-03,ridge,3,2015-06,-1.744102500487509,-0.8818818890815007,75,0.2955782704504466,4,"sin_year, cos_year, year_fraction, flux_lag12",0.8622206114060084,2.917063592300026
2015-03,random forest,3,2015-06,-1.427482647927576,-0.8818818890815007,75,0.2955782704504466,4,"sin_year, cos_year, year_fraction, flux_lag12",0.5456007588460753,1.8458757405089583
2015-03,gradient boosting,3,2015-06,-1.806999358386194,-0.8818818890815007,75,0.2955782704504466,4,"sin_year, cos_year, year_fraction, flux_lag12",0.9251174693046934,3.12985615584955
2015-03,ordinary least squares,6,2015-09,-0.673944977626969,-0.5576488081893868,75,0.2955782704504466,4,"sin_year, cos_year, year_fraction, flux_lag12",0.11629616943758225,0.3934530412548685
2015-03,ridge,6,2015-09,-0.7038175395104987,-0.5576488081893868,75,0.2955782704504466,4,"sin_year, cos_year, year_fraction, flux_lag12",0.14616873132111197,0.49451785172962165
2015-03,random forest,6,2015-09,-0.3921553506833491,-0.5576488081893868,75,0.2955782704504466,4,"sin_year, cos_year, year_fraction, flux_lag12",-0.16549345750603767,0.55989723890675
2015-03,gradient boosting,6,2015-09,-0.7586780633020452,-0.5576488081893868,75,0.2955782704504466,4,"sin_year, cos_year, year_fraction, flux_lag12",0.20102925511265846,0.6801219007280199
2015-03,ordinary least squares,12,2016-03,-0.16962593070153204,-0.3472184700750804,75,0.2955782704504466,5,"sin_year, cos_year, year_fraction, flux_lag12, flux_lag13",-0.17759253937354835,0.6008308361196719
2015-03,ridge,12,2016-03,-0.19799837713389234,-0.3472184700750804,75,0.2955782704504466,5,"sin_year, cos_year, year_fraction, flux_lag12, flux_lag13",-0.14922009294118804,0.504841214185955
2015-03,random forest,12,2016-03,-0.011642707917598416,-0.3472184700750804,75,0.2955782704504466,5,"sin_year, cos_year, year_fraction, flux_lag12, flux_lag13",-0.33557576215748197,1.1353194591946194
2015-03,gradient boosting,12,2016-03,-0.2119034133471994,-0.3472184700750804,75,0.2955782704504466,5,"sin_year, cos_year, year_fraction, flux_lag12, flux_lag13",-0.135315056727881,0.45779771470232766
2015-04,ordinary least squares,1,2015-05,-0.8501208188321416,-0.6342355885051938,76,0.2962347936906791,5,"sin_year, cos_year, year_fraction, flux_lag1, flux_lag12",0.21588523032694784,0.7287639228238995
2015-04,ridge,1,2015-05,-0.8545675613632568,-0.6342355885051938,76,0.2962347936906791,5,"sin_year, cos_year, year_fraction, flux_lag1, flux_lag12",0.22033197285806305,0.7437747946925104
2015-04,random forest,1,2015-05,-0.8121675392314537,-0.6342355885051938,76,0.2962347936906791,5,"sin_year, cos_year, year_fraction, flux_lag1, flux_lag12",0.1779319507262599,0.6006450103631376
2015-04,gradient boosting,1,2015-05,-0.941336887217749,-0.6342355885051938,76,0.2962347936906791,5,"sin_year, cos_year, year_fraction, flux_lag1, flux_lag12",0.3071012987125552,1.0366820685932747
2015-04,ordinary least squares,3,2015-07,-1.6822577477268477,-1.136474650032359,76,0.2962347936906791,4,"sin_year, cos_year, year_fraction, flux_lag12",0.5457830976944886,1.842400384150626
2015-04,ridge,3,2015-07,-1.7374756657653152,-1.136474650032359,76,0.2962347936906791,4,"sin_year, cos_year, year_fraction, flux_lag12",0.6010010157329562,2.0287995486462207
2015-04,random forest,3,2015-07,-1.7243040287134093,-1.136474650032359,76,0.2962347936906791,4,"sin_year, cos_year, year_fraction, flux_lag12",0.5878293786810502,1.9843360442488966
2015-04,gradient boosting,3,2015-07,-1.892812452453931,-1.136474650032359,76,0.2962347936906791,4,"sin_year, cos_year, year_fraction, flux_lag12",0.7563378024215719,2.5531700479833597
2015-04,ordinary least squares,6,2015-10,-0.3279149464808407,-0.3816889985983566,76,0.2962347936906791,4,"sin_year, cos_year, year_fraction, flux_lag12",-0.0537740521175159,0.18152510529760865
2015-04,ridge,6,2015-10,-0.33499926964609994,-0.3816889985983566,76,0.2962347936906791,4,"sin_year, cos_year, year_fraction, flux_lag12",-0.04668972895225665,0.15761055063980392
2015-04,random forest,6,2015-10,-0.4445033626212138,-0.3816889985983566,76,0.2962347936906791,4,"sin_year, cos_year, year_fraction, flux_lag12",0.06281436402285723,0.21204249251168786
2015-04,gradient boosting,6,2015-10,-0.31592636751446224,-0.3816889985983566,76,0.2962347936906791,4,"sin_year, cos_year, year_fraction, flux_lag12",-0.06576263108389435,0.22199495968917826
2015-04,ordinary least squares,12,2016-04,-0.5253494880797608,-0.51700802094324,76,0.2962347936906791,5,"sin_year, cos_year, year_fraction, flux_lag12, flux_lag13",0.00834146713652073,0.028158296439785124
2015-04,ridge,12,2016-04,-0.5385533025028882,-0.51700802094324,76,0.2962347936906791,5,"sin_year, cos_year, year_fraction, flux_lag12, flux_lag13",0.02154528155964819,0.0727304220116197
2015-04,random forest,12,2016-04,-0.47471109416252777,-0.51700802094324,76,0.2962347936906791,5,"sin_year, cos_year, year_fraction, flux_lag12, flux_lag13",-0.042296926780712285,0.14278176528067688
2015-04,gradient boosting,12,2016-04,-0.6102967924962323,-0.51700802094324,76,0.2962347936906791,5,"sin_year, cos_year, year_fraction, flux_lag12, flux_lag13",0.0932887715529922,0.314914971299428
2015-05,ordinary least squares,1,2015-06,-1.678838969473456,-0.8818818890815007,77,0.29679795663240705,5,"sin_year, cos_year, year_fraction, flux_lag1, flux_lag12",0.7969570803919553,2.6851838517844313
2015-05,ridge,1,2015-06,-1.7077436082553497,-0.8818818890815007,77,0.29679795663240705,5,"sin_year, cos_year, year_fraction, flux_lag1, flux_lag12",0.825861719173849,2.7825721192437416
2015-05,random forest,1,2015-06,-1.3405569573449694,-0.8818818890815007,77,0.29679795663240705,5,"sin_year, cos_year, year_fraction, flux_lag1, flux_lag12",0.4586750682634687,1.5454118130319583
2015-05,gradient boosting,1,2015-06,-1.7314718170047703,-0.8818818890815007,77,0.29679795663240705,5,"sin_year, cos_year, year_fraction, flux_lag1, flux_lag12",0.8495899279232696,2.8625194646320007
2015-05,ordinary least squares,3,2015-08,-1.5600814738149376,-1.2211042920623445,77,0.29679795663240705,4,"sin_year, cos_year, year_fraction, flux_lag12",0.33897718175259306,1.142114270592591
2015-05,ridge,3,2015-08,-1.5441994376240722,-1.2211042920623445,77,0.29679795663240705,4,"sin_year, cos_year, year_fraction, flux_lag12",0.3230951455617277,1.0886029985775492
2015-05,random forest,3,2015-08,-1.6116936112510396,-1.2211042920623445,77,0.29679795663240705,4,"sin_year, cos_year, year_fraction, flux_lag12",0.3905893191886951,1.3160108095772756
2015-05,gradient boosting,3,2015-08,-1.5454904977192165,-1.2211042920623445,77,0.29679795663240705,4,"sin_year, cos_year, year_fraction, flux_lag12",0.32438620565687204,1.0929529614606945
2015-05,ordinary least squares,6,2015-11,-0.23302581682600082,-0.2276627347990261,77,0.29679795663240705,4,"sin_year, cos_year, year_fraction, flux_lag12",0.005363082026974719,0.018069807783808477
2015-05,ridge,6,2015-11,-0.24123724410626257,-0.2276627347990261,77,0.29679795663240705,4,"sin_year, cos_year, year_fraction, flux_lag12",0.013574509307236471,0.04573653222299269
2015-05,random forest,6,2015-11,-0.2685841201284005,-0.2276627347990261,77,0.29679795663240705,4,"sin_year, cos_year, year_fraction, flux_lag12",0.04092138532937439,0.1378762367291387
2015-05,gradient boosting,6,2015-11,-0.18235649696660713,-0.2276627347990261,77,0.29679795663240705,4,"sin_year, cos_year, year_fraction, flux_lag12",-0.045306237832418966,0.15265010024490186
2015-05,ordinary least squares,12,2016-05,-0.8616307924090295,-0.6435365992745102,77,0.29679795663240705,5,"sin_year, cos_year, year_fraction, flux_lag12, flux_lag13",0.21809419313451928,0.7348237690350251
2015-05,ridge,12,2016-05,-0.8610498501581124,-0.6435365992745102,77,0.29679795663240705,5,"sin_year, cos_year, year_fraction, flux_lag12, flux_lag13",0.21751325088360218,0.7328664029617923
2015-05,random forest,12,2016-05,-0.9231859021931851,-0.6435365992745102,77,0.29679795663240705,5,"sin_year, cos_year, year_fraction, flux_lag12, flux_lag13",0.27964930291867485,0.9422211193489741
2015-05,gradient boosting,12,2016-05,-0.9678311566579324,-0.6435365992745102,77,0.29679795663240705,5,"sin_year, cos_year, year_fraction, flux_lag12, flux_lag13",0.32429455738342217,1.0926441713514574
2015-06,ordinary least squares,1,2015-07,-1.3946666471923623,-1.136474650032359,78,0.3117779745840522,5,"sin_year, cos_year, year_fraction, flux_lag1, flux_lag12",0.2581919971600033,0.8281277646519489
2015-06,ridge,1,2015-07,-1.4769577327972154,-1.136474650032359,78,0.3117779745840522,5,"sin_year, cos_year, year_fraction, flux_lag1, flux_lag12",0.3404830827648564,1.0920690700460804
2015-06,random forest,1,2015-07,-1.3357113384437034,-1.136474650032359,78,0.3117779745840522,5,"sin_year, cos_year, year_fraction, flux_lag1, flux_lag12",0.19923668841134434,0.6390338787630816
2015-06,gradient boosting,1,2015-07,-1.765672331434411,-1.136474650032359,78,0.3117779745840522,5,"sin_year, cos_year, year_fraction, flux_lag1, flux_lag12",0.6291976814020519,2.018095352121888
2015-06,ordinary least squares,3,2015-09,-0.6666164091779532,-0.5576488081893868,78,0.3117779745840522,4,"sin_year, cos_year, year_fraction, flux_lag12",0.1089676009885664,0.34950384527304
2015-06,ridge,3,2015-09,-0.6958831447735083,-0.5576488081893868,78,0.3117779745840522,4,"sin_year, cos_year, year_fraction, flux_lag12",0.13823433658412154,0.44337428507752064
2015-06,random forest,3,2015-09,-0.4087369214987015,-0.5576488081893868,78,0.3117779745840522,4,"sin_year, cos_year, year_fraction, flux_lag12",-0.14891188669068528,0.47762157313822734
2015-06,gradient boosting,3,2015-09,-0.7158287207669869,-0.5576488081893868,78,0.3117779745840522,4,"sin_year, cos_year, year_fraction, flux_lag12",0.1581799125776001,0.5073479381878414
2015-06,ordinary least squares,6,2015-12,-0.22668167208318335,-0.3217976024822695,78,0.3117779745840522,4,"sin_year, cos_year, year_fraction, flux_lag12",-0.09511593039908617,0.3050758493315052
2015-06,ridge,6,2015-12,-0.2334906684128746,-0.3217976024822695,78,0.3117779745840522,4,"sin_year, cos_year, year_fraction, flux_lag12",-0.08830693406939491,0.28323660190302585
2015-06,random forest,6,2015-12,-0.26142447929047014,-0.3217976024822695,78,0.3117779745840522,4,"sin_year, cos_year, year_fraction, flux_lag12",-0.06037312319179938,0.19364139905118088
2015-06,gradient boosting,6,2015-12,-0.17423112322316459,-0.3217976024822695,78,0.3117779745840522,4,"sin_year, cos_year, year_fraction, flux_lag12",-0.14756647925910493,0.47330629899682825
2015-06,ordinary least squares,12,2016-06,-2.003883304828169,-1.463420618348939,78,0.3117779745840522,6,"sin_year, cos_year, year_fraction, flux_lag12, flux_lag13, flux_lag14",0.5404626864792299,1.7334857832733999
2015-06,ridge,12,2016-06,-1.9595433244524194,-1.463420618348939,78,0.3117779745840522,6,"sin_year, cos_year, year_fraction, flux_lag12, flux_lag13, flux_lag14",0.4961227061034803,1.591269257443106
2015-06,random forest,12,2016-06,-2.008635981090902,-1.463420618348939,78,0.3117779745840522,6,"sin_year, cos_year, year_fraction, flux_lag12, flux_lag13, flux_lag14",0.5452153627419627,1.7487295677936932
2015-06,gradient boosting,12,2016-06,-1.9083462913485358,-1.463420618348939,78,0.3117779745840522,6,"sin_year, cos_year, year_fraction, flux_lag12, flux_lag13, flux_lag14",0.44492567299959673,1.427059347579568
2015-07,ordinary least squares,1,2015-08,-1.2612815247255214,-1.2211042920623445,79,0.3281817640857869,5,"sin_year, cos_year, year_fraction, flux_lag1, flux_lag12",0.040177232663176854,0.12242372081550058
2015-07,ridge,1,2015-08,-1.289509910310561,-1.2211042920623445,79,0.3281817640857869,5,"sin_year, cos_year, year_fraction, flux_lag1, flux_lag12",0.06840561824821645,0.2084382063055008
2015-07,random forest,1,2015-08,-1.5005063452792329,-1.2211042920623445,79,0.3281817640857869,5,"sin_year, cos_year, year_fraction, flux_lag1, flux_lag12",0.2794020532168884,0.8513637373947825
2015-07,gradient boosting,1,2015-08,-1.4107945391550587,-1.2211042920623445,79,0.3281817640857869,5,"sin_year, cos_year, year_fraction, flux_lag1, flux_lag12",0.1896902470927142,0.5780036182727357
2015-07,ordinary least squares,3,2015-10,-0.324860736153496,-0.3816889985983566,79,0.3281817640857869,4,"sin_year, cos_year, year_fraction, flux_lag12",-0.05682826244486061,0.17316093903988422
2015-07,ridge,3,2015-10,-0.33173169643785944,-0.3816889985983566,79,0.3281817640857869,4,"sin_year, cos_year, year_fraction, flux_lag12",-0.04995730216049715,0.15222449150903547
2015-07,random forest,3,2015-10,-0.44959286800658715,-0.3816889985983566,79,0.3281817640857869,4,"sin_year, cos_year, year_fraction, flux_lag12",0.06790386940823057,0.20690933147181345
2015-07,gradient boosting,3,2015-10,-0.23641302816615434,-0.3816889985983566,79,0.3281817640857869,4,"sin_year, cos_year, year_fraction, flux_lag12",-0.14527597043220225,0.4426692349494076
2015-07,ordinary least squares,6,2016-01,-0.012063521953182527,-0.0689653552083333,79,0.3281817640857869,4,"sin_year, cos_year, year_fraction, flux_lag12",-0.056901833255150774,0.17338511606110021
2015-07,ridge,6,2016-01,-0.059383025665078276,-0.0689653552083333,79,0.3281817640857869,4,"sin_year, cos_year, year_fraction, flux_lag12",-0.009582329543255025,0.029198238878227853
2015-07,random forest,6,2016-01,0.005293523898292879,-0.0689653552083333,79,0.3281817640857869,4,"sin_year, cos_year, year_fraction, flux_lag12",-0.07425887910662618,0.22627363014361415
2015-07,gradient boosting,6,2016-01,-0.101144275945295,-0.0689653552083333,79,0.3281817640857869,4,"sin_year, cos_year, year_fraction, flux_lag12",0.0321789207369617,0.09805212921139064
2015-07,ordinary least squares,12,2016-07,-2.3857363408643413,-1.237419493203218,79,0.3281817640857869,5,"sin_year, cos_year, year_fraction, flux_lag12, flux_lag13",1.1483168476611232,3.499026982379656
2015-07,ridge,12,2016-07,-2.3023037932038433,-1.237419493203218,79,0.3281817640857869,5,"sin_year, cos_year, year_fraction, flux_lag12, flux_lag13",1.0648843000006252,3.2448003409545443
2015-07,random forest,12,2016-07,-2.066070659467134,-1.237419493203218,79,0.3281817640857869,5,"sin_year, cos_year, year_fraction, flux_lag12, flux_lag13",0.828651166263916,2.5249762690875963
2015-07,gradient boosting,12,2016-07,-1.9586022863487886,-1.237419493203218,79,0.3281817640857869,5,"sin_year, cos_year, year_fraction, flux_lag12, flux_lag13",0.7211827931455705,2.1975102582392507
2015-08,ordinary least squares,1,2015-09,-0.611154353116397,-0.5576488081893868,80,0.32394015744188437,5,"sin_year, cos_year, year_fraction, flux_lag1, flux_lag12",0.05350554492701021,0.16517107773712567
2015-08,ridge,1,2015-09,-0.6354452178177705,-0.5576488081893868,80,0.32394015744188437,5,"sin_year, cos_year, year_fraction, flux_lag1, flux_lag12",0.07779640962838374,0.24015673216538647
2015-08,random forest,1,2015-09,-0.3759349606799029,-0.5576488081893868,80,0.32394015744188437,5,"sin_year, cos_year, year_fraction, flux_lag1, flux_lag12",-0.18171384750948388,0.5609488151899901
2015-08,gradient boosting,1,2015-09,-0.6016712279480232,-0.5576488081893868,80,0.32394015744188437,5,"sin_year, cos_year, year_fraction, flux_lag1, flux_lag12",0.04402241975863641,0.13589676595293418
2015-08,ordinary least squares,3,2015-11,-0.21733235325159214,-0.2276627347990261,80,0.32394015744188437,4,"sin_year, cos_year, year_fraction, flux_lag12",-0.010330381547433959,0.03188978368415856
2015-08,ridge,3,2015-11,-0.22804252959693888,-0.2276627347990261,80,0.32394015744188437,4,"sin_year, cos_year, year_fraction, flux_lag12",0.00037979479791278026,0.0011724227119970958
2015-08,random forest,3,2015-11,-0.2523174679188224,-0.2276627347990261,80,0.32394015744188437,4,"sin_year, cos_year, year_fraction, flux_lag12",0.024654733119796324,0.07610891256734492
2015-08,gradient boosting,3,2015-11,-0.16614541165404428,-0.2276627347990261,80,0.32394015744188437,4,"sin_year, cos_year, year_fraction, flux_lag12",-0.06151732314498182,0.18990335631981092
2015-08,ordinary least squares,6,2016-02,-0.03280591638390304,0.0272336897772366,80,0.32394015744188437,4,"sin_year, cos_year, year_fraction, flux_lag12",0.06003960616113964,0.1853416588892993
2015-08,ridge,6,2016-02,-0.07591913813009413,0.0272336897772366,80,0.32394015744188437,4,"sin_year, cos_year, year_fraction, flux_lag12",0.10315282790733073,0.3184317397445131
2015-08,random forest,6,2016-02,0.006225162253729405,0.0272336897772366,80,0.32394015744188437,4,"sin_year, cos_year, year_fraction, flux_lag12",0.021008527523507195,0.06485311265330287
2015-08,gradient boosting,6,2016-02,-0.1459157999973447,0.0272336897772366,80,0.32394015744188437,4,"sin_year, cos_year, year_fraction, flux_lag12",0.17314948977458128,0.5345107292097452
2015-08,ordinary least squares,12,2016-08,-1.9272308520066466,-1.6186291400790251,80,0.32394015744188437,6,"sin_year, cos_year, year_fraction, flux_lag12, flux_lag13, flux_lag14",0.3086017119276214,0.9526503733424446
2015-08,ridge,12,2016-08,-1.8673998053216603,-1.6186291400790251,80,0.32394015744188437,6,"sin_year, cos_year, year_fraction, flux_lag12, flux_lag13, flux_lag14",0.24877066524263514,0.7679525354532964
2015-08,random forest,12,2016-08,-1.6340440182362328,-1.6186291400790251,80,0.32394015744188437,6,"sin_year, cos_year, year_fraction, flux_lag12, flux_lag13, flux_lag14",0.015414878157207657,0.047585573455718046
2015-08,gradient boosting,12,2016-08,-1.641816392308952,-1.6186291400790251,80,0.32394015744188437,6,"sin_year, cos_year, year_fraction, flux_lag12, flux_lag13, flux_lag14",0.02318725222992679,0.07157881385572469
2015-09,ordinary least squares,1,2015-10,-0.24624035152341156,-0.3816889985983566,81,0.3271518652783143,5,"sin_year, cos_year, year_fraction, flux_lag1, flux_lag12",-0.13544864707494503,0.4140237652617884
2015-09,ridge,1,2015-10,-0.25993742771598405,-0.3816889985983566,81,0.3271518652783143,5,"sin_year, cos_year, year_fraction, flux_lag1, flux_lag12",-0.12175157088237254,0.37215612626507927
2015-09,random forest,1,2015-10,-0.32488928360113645,-0.3816889985983566,81,0.3271518652783143,5,"sin_year, cos_year, year_fraction, flux_lag1, flux_lag12",-0.05679971499722014,0.17361880223088302
2015-09,gradient boosting,1,2015-10,-0.22610864463181204,-0.3816889985983566,81,0.3271518652783143,5,"sin_year, cos_year, year_fraction, flux_lag1, flux_lag12",-0.15558035396654454,0.47556003947643516
2015-09,ordinary least squares,3,2015-12,-0.21158479014312687,-0.3217976024822695,81,0.3271518652783143,4,"sin_year, cos_year, year_fraction, flux_lag12",-0.11021281233914265,0.3368857831373895
2015-09,ridge,3,2015-12,-0.2231100658801961,-0.3217976024822695,81,0.3271518652783143,4,"sin_year, cos_year, year_fraction, flux_lag12",-0.09868753660207341,0.3016566526928344
2015-09,random forest,3,2015-12,-0.24046527827326314,-0.3217976024822695,81,0.3271518652783143,4,"sin_year, cos_year, year_fraction, flux_lag12",-0.08133232420900638,0.24860724587284694
2015-09,gradient boosting,3,2015-12,-0.25264051392051073,-0.3217976024822695,81,0.3271518652783143,4,"sin_year, cos_year, year_fraction, flux_lag12",-0.06915708856175878,0.21139139311623834
2015-09,ordinary least squares,6,2016-03,-0.2689124631514118,-0.3472184700750804,81,0.3271518652783143,4,"sin_year, cos_year, year_fraction, flux_lag12",-0.07830600692366857,0.2393567490653069
2015-09,ridge,6,2016-03,-0.2803873227838456,-0.3472184700750804,81,0.3271518652783143,4,"sin_year, cos_year, year_fraction, flux_lag12",-0.0668311472912348,0.20428172474083334
2015-09,random forest,6,2016-03,-0.26692001555928385,-0.3472184700750804,81,0.3271518652783143,4,"sin_year, cos_year, year_fraction, flux_lag12",-0.08029845451579654,0.24544703251954597
2015-09,gradient boosting,6,2016-03,-0.20881765637851296,-0.3472184700750804,81,0.3271518652783143,4,"sin_year, cos_year, year_fraction, flux_lag12",-0.13840081369656743,0.423047606892986
2015-09,ordinary least squares,12,2016-09,-0.9660728963485786,-0.6788522260079829,81,0.3271518652783143,5,"sin_year, cos_year, year_fraction, flux_lag12, flux_lag13",0.28722067034059573,0.8779429397299986
2015-09,ridge,12,2016-09,-0.9347649327520225,-0.6788522260079829,81,0.3271518652783143,5,"sin_year, cos_year, year_fraction, flux_lag12, flux_lag13",0.25591270674403965,0.7822443760983293
2015-09,random forest,12,2016-09,-0.9321100338588405,-0.6788522260079829,81,0.3271518652783143,5,"sin_year, cos_year, year_fraction, flux_lag12, flux_lag13",0.2532578078508576,0.7741291880925282
2015-09,gradient boosting,12,2016-09,-0.9162641557940903,-0.6788522260079829,81,0.3271518652783143,5,"sin_year, cos_year, year_fraction, flux_lag12, flux_lag13",0.23741192978610737,0.7256933399543253
2015-10,ordinary least squares,1,2015-11,-0.24582788085014062,-0.2276627347990261,82,0.3229240243518584,5,"sin_year, cos_year, year_fraction, flux_lag1, flux_lag12",0.018165146051114522,0.05625207380458556
2015-10,ridge,1,2015-11,-0.2510340631158723,-0.2276627347990261,82,0.3229240243518584,5,"sin_year, cos_year, year_fraction, flux_lag1, flux_lag12",0.023371328316846185,0.0723740773507169
2015-10,random forest,1,2015-11,-0.2617728966761807,-0.2276627347990261,82,0.3229240243518584,5,"sin_year, cos_year, year_fraction, flux_lag1, flux_lag12",0.0341101618771546,0.10562906227127941
2015-10,gradient boosting,1,2015-11,-0.251048373136079,-0.2276627347990261,82,0.3229240243518584,5,"sin_year, cos_year, year_fraction, flux_lag1, flux_lag12",0.023385638337052872,0.07241839124230612
2015-10,ordinary least squares,3,2016-01,-0.021774556306095122,-0.0689653552083333,82,0.3229240243518584,4,"sin_year, cos_year, year_fraction, flux_lag12",-0.04719079890223818,0.14613591849338228
2015-10,ridge,3,2016-01,-0.06508996055467384,-0.0689653552083333,82,0.3229240243518584,4,"sin_year, cos_year, year_fraction, flux_lag12",-0.003875394653659464,0.01200094871057605
2015-10,random forest,3,2016-01,0.0044249021689629076,-0.0689653552083333,82,0.3229240243518584,4,"sin_year, cos_year, year_fraction, flux_lag12",-0.07339025737729621,0.22726787678494337
2015-10,gradient boosting,3,2016-01,-0.11142132523883214,-0.0689653552083333,82,0.3229240243518584,4,"sin_year, cos_year, year_fraction, flux_lag12",0.042455970030498835,0.1314735567157393
2015-10,ordinary least squares,6,2016-04,-0.5738612904627453,-0.51700802094324,82,0.3229240243518584,4,"sin_year, cos_year, year_fraction, flux_lag12",0.0568532695195052,0.17605772637578
2015-10,ridge,6,2016-04,-0.5759613386075813,-0.51700802094324,82,0.3229240243518584,4,"sin_year, cos_year, year_fraction, flux_lag12",0.0589533176643412,0.18256095309931353
2015-10,random forest,6,2016-04,-0.6317088142010986,-0.51700802094324,82,0.3229240243518584,4,"sin_year, cos_year, year_fraction, flux_lag12",0.11470079325785854,0.3551943634050603
2015-10,gradient boosting,6,2016-04,-0.6260369524647307,-0.51700802094324,82,0.3229240243518584,4,"sin_year, cos_year, year_fraction, flux_lag12",0.10902893152149062,0.3376302885495214
2015-10,ordinary least squares,12,2016-10,-0.48848346250818764,-0.3350339007469212,82,0.3229240243518584,6,"sin_year, cos_year, year_fraction, flux_lag12, flux_lag13, flux_lag14",0.15344956176126645,0.47518781567662993
2015-10,ridge,12,2016-10,-0.4753782509296878,-0.3350339007469212,82,0.3229240243518584,6,"sin_year, cos_year, year_fraction, flux_lag12, flux_lag13, flux_lag14",0.1403443501827666,0.4346048593456373
2015-10,random forest,12,2016-10,-0.5336014387938549,-0.3350339007469212,82,0.3229240243518584,6,"sin_year, cos_year, year_fraction, flux_lag12, flux_lag13, flux_lag14",0.19856753804693372,0.6149048168388187
2015-10,gradient boosting,12,2016-10,-0.46583176505373053,-0.3350339007469212,82,0.3229240243518584,6,"sin_year, cos_year, year_fraction, flux_lag12, flux_lag13, flux_lag14",0.13079786430680934,0.40504222183324406
2015-11,ordinary least squares,1,2015-12,-0.20574003077807854,-0.3217976024822695,83,0.31992816589185175,5,"sin_year, cos_year, year_fraction, flux_lag1, flux_lag12",-0.11605757170419098,0.36276134481833333
2015-11,ridge,1,2015-12,-0.2172966099227904,-0.3217976024822695,83,0.31992816589185175,5,"sin_year, cos_year, year_fraction, flux_lag1, flux_lag12",-0.10450099255947912,0.3266389261732102
2015-11,random forest,1,2015-12,-0.23065403223486658,-0.3217976024822695,83,0.31992816589185175,5,"sin_year, cos_year, year_fraction, flux_lag1, flux_lag12",-0.09114357024740294,0.2848876090460039
2015-11,gradient boosting,1,2015-12,-0.15370103973206603,-0.3217976024822695,83,0.31992816589185175,5,"sin_year, cos_year, year_fraction, flux_lag1, flux_lag12",-0.1680965627502035,0.5254197056442561
2015-11,ordinary least squares,3,2016-02,-0.02938833654025677,0.0272336897772366,83,0.31992816589185175,4,"sin_year, cos_year, year_fraction, flux_lag12",0.05662202631749337,0.17698356179316152
2015-11,ridge,3,2016-02,-0.07239018470253009,0.0272336897772366,83,0.31992816589185175,4,"sin_year, cos_year, year_fraction, flux_lag12",0.09962387447976669,0.3113945100833775
2015-11,random forest,3,2016-02,0.0015177852448004236,0.0272336897772366,83,0.31992816589185175,4,"sin_year, cos_year, year_fraction, flux_lag12",0.025715904532436176,0.08038024554902477
2015-11,gradient boosting,3,2016-02,-0.1154790458796567,0.0272336897772366,83,0.31992816589185175,4,"sin_year, cos_year, year_fraction, flux_lag12",0.1427127356568933,0.4460774350987771
2015-11,ordinary least squares,6,2016-05,-0.9648397574255738,-0.6435365992745102,83,0.31992816589185175,4,"sin_year, cos_year, year_fraction, flux_lag12",0.3213031581510636,1.0042978155905056
2015-11,ridge,6,2016-05,-0.9397865487624701,-0.6435365992745102,83,0.31992816589185175,4,"sin_year, cos_year, year_fraction, flux_lag12",0.2962499494879599,0.9259889596219671
2015-11,random forest,6,2016-05,-0.8895203254666711,-0.6435365992745102,83,0.31992816589185175,4,"sin_year, cos_year, year_fraction, flux_lag12",0.2459837261921609,0.7688717419000647
2015-11,gradient boosting,6,2016-05,-0.9089151791696288,-0.6435365992745102,83,0.31992816589185175,4,"sin_year, cos_year, year_fraction, flux_lag12",0.2653785798951186,0.8294942683628141
2015-11,ordinary least squares,12,2016-11,-0.2676712591570326,-0.0458666744633838,83,0.31992816589185175,5,"sin_year, cos_year, year_fraction, flux_lag12, flux_lag13",0.2218045846936488,0.6932949591210029
2015-11,ridge,12,2016-11,-0.27065275503017855,-0.0458666744633838,83,0.31992816589185175,5,"sin_year, cos_year, year_fraction, flux_lag12, flux_lag13",0.22478608056679475,0.7026142257283506
2015-11,random forest,12,2016-11,-0.33649721407697253,-0.0458666744633838,83,0.31992816589185175,5,"sin_year, cos_year, year_fraction, flux_lag12, flux_lag13",0.29063053961358876,0.9084243608355298
2015-11,gradient boosting,12,2016-11,-0.29657637228028033,-0.0458666744633838,83,0.31992816589185175,5,"sin_year, cos_year, year_fraction, flux_lag12, flux_lag13",0.25070969781689656,0.7836437192642997
2015-12,ordinary least squares,1,2016-01,-0.12539000793284988,-0.0689653552083333,84,0.3155420199508126,5,"sin_year, cos_year, year_fraction, flux_lag1, flux_lag12",0.05642465272451658,0.17881818951818898
2015-12,ridge,1,2016-01,-0.14035168297193773,-0.0689653552083333,84,0.3155420199508126,5,"sin_year, cos_year, year_fraction, flux_lag1, flux_lag12",0.07138632776360443,0.22623398232264688
2015-12,random forest,1,2016-01,-0.15366377393783182,-0.0689653552083333,84,0.3155420199508126,5,"sin_year, cos_year, year_fraction, flux_lag1, flux_lag12",0.08469841872949851,0.26842199572247616
2015-12,gradient boosting,1,2016-01,-0.2898973436942137,-0.0689653552083333,84,0.3155420199508126,5,"sin_year, cos_year, year_fraction, flux_lag1, flux_lag12",0.22093198848588042,0.7001666165422906
2015-12,ordinary least squares,3,2016-03,-0.2695134547826064,-0.3472184700750804,84,0.3155420199508126,4,"sin_year, cos_year, year_fraction, flux_lag12",-0.07770501529247398,0.2462588510544073
2015-12,ridge,3,2016-03,-0.2807650603714865,-0.3472184700750804,84,0.3155420199508126,4,"sin_year, cos_year, year_fraction, flux_lag12",-0.06645340970359387,0.21060082493593968
2015-12,random forest,3,2016-03,-0.2531757558385949,-0.3472184700750804,84,0.3155420199508126,4,"sin_year, cos_year, year_fraction, flux_lag12",-0.09404271423648547,0.2980354700497419
2015-12,gradient boosting,3,2016-03,-0.217165058798649,-0.3472184700750804,84,0.3155420199508126,4,"sin_year, cos_year, year_fraction, flux_lag12",-0.13005341127643139,0.4121587714267165
2015-12,ordinary least squares,6,2016-06,-2.180024844780614,-1.463420618348939,84,0.3155420199508126,4,"sin_year, cos_year, year_fraction, flux_lag12",0.7166042264316748,2.2710263011670544
2015-12,ridge,6,2016-06,-2.091010883770292,-1.463420618348939,84,0.3155420199508126,4,"sin_year, cos_year, year_fraction, flux_lag12",0.6275902654213528,1.9889277045231026
2015-12,random forest,6,2016-06,-2.029161190619713,-1.463420618348939,84,0.3155420199508126,4,"sin_year, cos_year, year_fraction, flux_lag12",0.565740572270774,1.792916748010179
2015-12,gradient boosting,6,2016-06,-1.777770420177705,-1.463420618348939,84,0.3155420199508126,4,"sin_year, cos_year, year_fraction, flux_lag12",0.3143498018287658,0.9962216819102805
2015-12,ordinary least squares,12,2016-12,-0.22963123628278692,0.082523546069671,84,0.3155420199508126,6,"sin_year, cos_year, year_fraction, flux_lag12, flux_lag13, flux_lag14",0.3121547823524579,0.9892653358849554
2015-12,ridge,12,2016-12,-0.24502736914840795,0.082523546069671,84,0.3155420199508126,6,"sin_year, cos_year, year_fraction, flux_lag12, flux_lag13, flux_lag14",0.32755091521807894,1.03805799072066
2015-12,random forest,12,2016-12,-0.2670010997071427,0.082523546069671,84,0.3155420199508126,6,"sin_year, cos_year, year_fraction, flux_lag12, flux_lag13, flux_lag14",0.3495246457768137,1.1076960394412712
2015-12,gradient boosting,12,2016-12,-0.41726274666313423,0.082523546069671,84,0.3155420199508126,6,"sin_year, cos_year, year_fraction, flux_lag12, flux_lag13, flux_lag14",0.4997862927328052,1.583897741450451
2016-01,ordinary least squares,1,2016-02,-0.045723386005984495,0.0272336897772366,85,0.31851281223364014,5,"sin_year, cos_year, year_fraction, flux_lag1, flux_lag12",0.0729570757832211,0.22905538798139324
2016-01,ridge,1,2016-02,-0.07142617763449485,0.0272336897772366,85,0.31851281223364014,5,"sin_year, cos_year, year_fraction, flux_lag1, flux_lag12",0.09865986741173145,0.3097516445880395
2016-01,random forest,1,2016-02,0.19840546183002114,0.0272336897772366,85,0.31851281223364014,5,"sin_year, cos_year, year_fraction, flux_lag1, flux_lag12",-0.17117177205278455,0.537409377200262
2016-01,gradient boosting,1,2016-02,-0.06718299449276438,0.0272336897772366,85,0.31851281223364014,5,"sin_year, cos_year, year_fraction, flux_lag1, flux_lag12",0.09441668427000098,0.2964297844343639
2016-01,ordinary least squares,3,2016-04,-0.5734987752546639,-0.51700802094324,85,0.31851281223364014,4,"sin_year, cos_year, year_fraction, flux_lag12",0.05649075431142381,0.1773578711489505
2016-01,ridge,3,2016-04,-0.5765892072580119,-0.51700802094324,85,0.31851281223364014,4,"sin_year, cos_year, year_fraction, flux_lag12",0.05958118631477183,0.18706056405375296
2016-01,random forest,3,2016-04,-0.6410156307586832,-0.51700802094324,85,0.31851281223364014,4,"sin_year, cos_year, year_fraction, flux_lag12",0.12400760981544312,0.38933319179788367
2016-01,gradient boosting,3,2016-04,-0.6283857980712921,-0.51700802094324,85,0.31851281223364014,4,"sin_year, cos_year, year_fraction, flux_lag12",0.11137777712805208,0.3496806811223425
2016-01,ordinary least squares,6,2016-07,-2.200328260659709,-1.237419493203218,85,0.31851281223364014,4,"sin_year, cos_year, year_fraction, flux_lag12",0.9629087674564911,3.0231398250635024
2016-01,ridge,6,2016-07,-2.1287601945939656,-1.237419493203218,85,0.31851281223364014,4,"sin_year, cos_year, year_fraction, flux_lag12",0.8913407013907475,2.7984453596702363
2016-01,random forest,6,2016-07,-2.137407215498902,-1.237419493203218,85,0.31851281223364014,4,"sin_year, cos_year, year_fraction, flux_lag12",0.8999877222956838,2.8255934698021243
2016-01,gradient boosting,6,2016-07,-1.873095843349656,-1.237419493203218,85,0.31851281223364014,4,"sin_year, cos_year, year_fraction, flux_lag12",0.635676350146438,1.995763830310686
2016-01,ordinary least squares,12,2017-01,-0.2765412189031601,-0.0669318519161353,85,0.31851281223364014,5,"sin_year, cos_year, year_fraction, flux_lag12, flux_lag13",0.2096093669870248,0.6580877093046702
2016-01,ridge,12,2017-01,-0.26196517214701,-0.0669318519161353,85,0.31851281223364014,5,"sin_year, cos_year, year_fraction, flux_lag12, flux_lag13",0.1950333202308747,0.6123248822022613
2016-01,random forest,12,2017-01,-0.21061283720717497,-0.0669318519161353,85,0.31851281223364014,5,"sin_year, cos_year, year_fraction, flux_lag12, flux_lag13",0.14368098529103968,0.45109954693327914
2016-01,gradient boosting,12,2017-01,-0.2259082468095853,-0.0669318519161353,85,0.31851281223364014,5,"sin_year, cos_year, year_fraction, flux_lag12, flux_lag13",0.15897639489345,0.4991208792468773
2016-02,ordinary least squares,1,2016-03,-0.18587196535570333,-0.3472184700750804,86,0.3229543186650583,5,"sin_year, cos_year, year_fraction, flux_lag1, flux_lag12",-0.16134650471937706,0.49959543933738937
2016-02,ridge,1,2016-03,-0.2038590260152881,-0.3472184700750804,86,0.3229543186650583,5,"sin_year, cos_year, year_fraction, flux_lag1, flux_lag12",-0.14335944405979228,0.4439000681346297
2016-02,random forest,1,2016-03,-0.2096746445652336,-0.3472184700750804,86,0.3229543186650583,5,"sin_year, cos_year, year_fraction, flux_lag1, flux_lag12",-0.13754382550984678,0.4258925103661362
2016-02,gradient boosting,1,2016-03,-0.10642018781894591,-0.3472184700750804,86,0.3229543186650583,5,"sin_year, cos_year, year_fraction, flux_lag1, flux_lag12",-0.24079828225613448,0.7456109682988035
2016-02,ordinary least squares,3,2016-05,-0.9624035163417086,-0.6435365992745102,86,0.3229543186650583,4,"sin_year, cos_year, year_fraction, flux_lag12",0.3188669170671984,0.987343715932472
2016-02,ridge,3,2016-05,-0.9408711247792386,-0.6435365992745102,86,0.3229543186650583,4,"sin_year, cos_year, year_fraction, flux_lag12",0.2973345255047284,0.9206705354917373
2016-02,random forest,3,2016-05,-0.9062576771592419,-0.6435365992745102,86,0.3229543186650583,4,"sin_year, cos_year, year_fraction, flux_lag12",0.26272107788473165,0.8134930010247188
2016-02,gradient boosting,3,2016-05,-0.9204983647398595,-0.6435365992745102,86,0.3229543186650583,4,"sin_year, cos_year, year_fraction, flux_lag12",0.27696176546534923,0.8575880533512581
2016-02,ordinary least squares,6,2016-08,-1.5905478333603074,-1.6186291400790251,86,0.3229543186650583,4,"sin_year, cos_year, year_fraction, flux_lag12",-0.02808130671871778,0.08695132746573178
2016-02,ridge,6,2016-08,-1.5617433878901037,-1.6186291400790251,86,0.3229543186650583,4,"sin_year, cos_year, year_fraction, flux_lag12",-0.056885752188921446,0.17614179127271146
2016-02,random forest,6,2016-08,-1.4554392375538068,-1.6186291400790251,86,0.3229543186650583,4,"sin_year, cos_year, year_fraction, flux_lag12",-0.16318990252521837,0.5053033605488506
2016-02,gradient boosting,6,2016-08,-1.5340421505469004,-1.6186291400790251,86,0.3229543186650583,4,"sin_year, cos_year, year_fraction, flux_lag12",-0.08458698953212473,0.2619162669252038
2016-02,ordinary least squares,12,2017-02,-0.33214516966073704,-0.0086235809712641,86,0.3229543186650583,6,"sin_year, cos_year, year_fraction, flux_lag12, flux_lag13, flux_lag14",0.32352158868947295,1.001756502364667
2016-02,ridge,12,2017-02,-0.31390240377215545,-0.0086235809712641,86,0.3229543186650583,6,"sin_year, cos_year, year_fraction, flux_lag12, flux_lag13, flux_lag14",0.30527882280089136,0.9452693621276559
2016-02,random forest,12,2017-02,-0.28018678889334736,-0.0086235809712641,86,0.3229543186650583,6,"sin_year, cos_year, year_fraction, flux_lag12, flux_lag13, flux_lag14",0.27156320792208327,0.8408718887692792
2016-02,gradient boosting,12,2017-02,-0.3212929268327393,-0.0086235809712641,86,0.3229543186650583,6,"sin_year, cos_year, year_fraction, flux_lag12, flux_lag13, flux_lag14",0.3126693458614752,0.9681534749369621
2016-03,ordinary least squares,1,2016-04,-0.5862272197653996,-0.51700802094324,87,0.3194460095913735,5,"sin_year, cos_year, year_fraction, flux_lag1, flux_lag12",0.06921919882215954,0.2166851259488351
2016-03,ridge,1,2016-04,-0.5876703787203263,-0.51700802094324,87,0.3194460095913735,5,"sin_year, cos_year, year_fraction, flux_lag1, flux_lag12",0.0706623577770863,0.2212028188033265
2016-03,random forest,1,2016-04,-0.6245552742431342,-0.51700802094324,87,0.3194460095913735,5,"sin_year, cos_year, year_fraction, flux_lag1, flux_lag12",0.10754725329989412,0.33666801296865656
2016-03,gradient boosting,1,2016-04,-0.5791301418166778,-0.51700802094324,87,0.3194460095913735,5,"sin_year, cos_year, year_fraction, flux_lag1, flux_lag12",0.062122120873437714,0.19446829513664177
2016-03,ordinary least squares,3,2016-06,-2.173458453282338,-1.463420618348939,87,0.3194460095913735,4,"sin_year, cos_year, year_fraction, flux_lag12",0.7100378349333989,2.2227162450445372
2016-03,ridge,3,2016-06,-2.092059729222409,-1.463420618348939,87,0.3194460095913735,4,"sin_year, cos_year, year_fraction, flux_lag12",0.6286391108734699,1.9679040964625218
2016-03,random forest,3,2016-06,-2.0245503573118557,-1.463420618348939,87,0.3194460095913735,4,"sin_year, cos_year, year_fraction, flux_lag12",0.5611297389629166,1.7565714459250823
2016-03,gradient boosting,3,2016-06,-1.8048561333226216,-1.463420618348939,87,0.3194460095913735,4,"sin_year, cos_year, year_fraction, flux_lag12",0.3414355149736825,1.068836375231099
2016-03,ordinary least squares,6,2016-09,-0.9016717110037632,-0.6788522260079829,87,0.3194460095913735,4,"sin_year, cos_year, year_fraction, flux_lag12",0.2228194849957803,0.6975184485190622
2016-03,ridge,6,2016-09,-0.8759854244889964,-0.6788522260079829,87,0.3194460095913735,4,"sin_year, cos_year, year_fraction, flux_lag12",0.19713319848101352,0.6171095977476159
2016-03,random forest,6,2016-09,-0.8588923132697972,-0.6788522260079829,87,0.3194460095913735,4,"sin_year, cos_year, year_fraction, flux_lag12",0.1800400872618143,0.5636009900142958
2016-03,gradient boosting,6,2016-09,-0.8681570943319424,-0.6788522260079829,87,0.3194460095913735,4,"sin_year, cos_year, year_fraction, flux_lag12",0.18930486832395954,0.5926036408033806
2016-03,ordinary least squares,12,2017-03,-0.40124039764698455,-0.2953060899263378,87,0.3194460095913735,6,"sin_year, cos_year, year_fraction, flux_lag12, flux_lag13, flux_lag14",0.10593430772064677,0.3316188167639189
2016-03,ridge,12,2017-03,-0.3985166761336294,-0.2953060899263378,87,0.3194460095913735,6,"sin_year, cos_year, year_fraction, flux_lag12, flux_lag13, flux_lag14",0.10321058620729162,0.3230924259761947
2016-03,random forest,12,2017-03,-0.4277995397647634,-0.2953060899263378,87,0.3194460095913735,6,"sin_year, cos_year, year_fraction, flux_lag12, flux_lag13, flux_lag14",0.13249344983842565,0.4147600716875682
2016-03,gradient boosting,12,2017-03,-0.4375206940103603,-0.2953060899263378,87,0.3194460095913735,6,"sin_year, cos_year, year_fraction, flux_lag12, flux_lag13, flux_lag14",0.14221460408402253,0.44519136196423154
2016-04,ordinary least squares,1,2016-05,-0.8928833981722879,-0.6435365992745102,88,0.3165541208593813,5,"sin_year, cos_year, year_fraction, flux_lag1, flux_lag12",0.24934679889777767,0.7876908953857585
2016-04,ridge,1,2016-05,-0.8862276672296936,-0.6435365992745102,88,0.3165541208593813,5,"sin_year, cos_year, year_fraction, flux_lag1, flux_lag12",0.24269106795518336,0.7666653250203331
2016-04,random forest,1,2016-05,-0.8136976019311262,-0.6435365992745102,88,0.3165541208593813,5,"sin_year, cos_year, year_fraction, flux_lag1, flux_lag12",0.17016100265661593,0.5375415811825882
2016-04,gradient boosting,1,2016-05,-0.7500162904329863,-0.6435365992745102,88,0.3165541208593813,5,"sin_year, cos_year, year_fraction, flux_lag1, flux_lag12",0.10647969115847611,0.3363712052441617
2016-04,ordinary least squares,3,2016-07,-2.2020548068390218,-1.237419493203218,88,0.3165541208593813,4,"sin_year, cos_year, year_fraction, flux_lag12",0.9646353136358037,3.0472998140634253
2016-04,ridge,3,2016-07,-2.132153313757265,-1.237419493203218,88,0.3165541208593813,4,"sin_year, cos_year, year_fraction, flux_lag12",0.8947338205540467,2.826479775796388
2016-04,random forest,3,2016-07,-2.143600309620886,-1.237419493203218,88,0.3165541208593813,4,"sin_year, cos_year, year_fraction, flux_lag12",0.9061808164176679,2.8626410357810785
2016-04,gradient boosting,3,2016-07,-1.8839087104506158,-1.237419493203218,88,0.3165541208593813,4,"sin_year, cos_year, year_fraction, flux_lag12",0.6464892172473977,2.042270735545342
2016-04,ordinary least squares,6,2016-10,-0.3614749884962883,-0.3350339007469212,88,0.3165541208593813,4,"sin_year, cos_year, year_fraction, flux_lag12",0.026441087749367098,0.08352785829350387
2016-04,ridge,6,2016-10,-0.3609351590188815,-0.3350339007469212,88,0.3165541208593813,4,"sin_year, cos_year, year_fraction, flux_lag12",0.025901258271960326,0.08182252754013619
2016-04,random forest,6,2016-10,-0.5291538309035253,-0.3350339007469212,88,0.3165541208593813,4,"sin_year, cos_year, year_fraction, flux_lag12",0.19411993015660411,0.6132282518692451
2016-04,gradient boosting,6,2016-10,-0.4240380826748652,-0.3350339007469212,88,0.3165541208593813,4,"sin_year, cos_year, year_fraction, flux_lag12",0.08900418192794401,0.28116576617709294
2016-04,ordinary least squares,12,2017-04,-0.6518844120222056,-0.2928531806112268,88,0.3165541208593813,6,"sin_year, cos_year, year_fraction, flux_lag12, flux_lag13, flux_lag14",0.3590312314109788,1.1341859345766236
2016-04,ridge,12,2017-04,-0.6448412390379751,-0.2928531806112268,88,0.3165541208593813,6,"sin_year, cos_year, year_fraction, flux_lag12, flux_lag13, flux_lag14",0.3519880584267483,1.1119364280306032
2016-04,random forest,12,2017-04,-0.7264407933345536,-0.2928531806112268,88,0.3165541208593813,6,"sin_year, cos_year, year_fraction, flux_lag12, flux_lag13, flux_lag14",0.4335876127233268,1.3697108461144747
2016-04,gradient boosting,12,2017-04,-0.7256196608476913,-0.2928531806112268,88,0.3165541208593813,6,"sin_year, cos_year, year_fraction, flux_lag12, flux_lag13, flux_lag14",0.43276648023646447,1.3671168742380917
2016-05,ordinary least squares,1,2016-06,-1.9360446031396996,-1.463420618348939,89,0.3125638207283415,5,"sin_year, cos_year, year_fraction, flux_lag1, flux_lag12",0.4726239847907605,1.5120879431581176
2016-05,ridge,1,2016-06,-1.9074564260568052,-1.463420618348939,89,0.3125638207283415,5,"sin_year, cos_year, year_fraction, flux_lag1, flux_lag12",0.4440358077078661,1.4206244557452823
2016-05,random forest,1,2016-06,-1.8537472545233982,-1.463420618348939,89,0.3125638207283415,5,"sin_year, cos_year, year_fraction, flux_lag1, flux_lag12",0.39032663617445906,1.2487901999179347
2016-05,gradient boosting,1,2016-06,-1.6317154613757605,-1.463420618348939,89,0.3125638207283415,5,"sin_year, cos_year, year_fraction, flux_lag1, flux_lag12",0.1682948430268214,0.5384335353805758
2016-05,ordinary least squares,3,2016-08,-1.5856868989812847,-1.6186291400790251,89,0.3125638207283415,4,"sin_year, cos_year, year_fraction, flux_lag12",-0.032942241097740466,0.10539364735489187
2016-05,ridge,3,2016-08,-1.5579384412659614,-1.6186291400790251,89,0.3125638207283415,4,"sin_year, cos_year, year_fraction, flux_lag12",-0.06069069881306377,0.19417058145642474
2016-05,random forest,3,2016-08,-1.4552849242245807,-1.6186291400790251,89,0.3125638207283415,4,"sin_year, cos_year, year_fraction, flux_lag12",-0.16334421585444447,0.5225947631233104
2016-05,gradient boosting,3,2016-08,-1.5400778504792187,-1.6186291400790251,89,0.3125638207283415,4,"sin_year, cos_year, year_fraction, flux_lag12",-0.0785512895998064,0.2513128020279662
2016-05,ordinary least squares,6,2016-11,-0.2773984412565546,-0.0458666744633838,89,0.3125638207283415,4,"sin_year, cos_year, year_fraction, flux_lag12",0.2315317667931708,0.740750373007508
2016-05,ridge,6,2016-11,-0.2773953060883649,-0.0458666744633838,89,0.3125638207283415,4,"sin_year, cos_year, year_fraction, flux_lag12",0.23152863162498108,0.740740342517791
2016-05,random forest,6,2016-11,-0.3675346495978986,-0.0458666744633838,89,0.3125638207283415,4,"sin_year, cos_year, year_fraction, flux_lag12",0.32166797513451484,1.0291273455288545
2016-05,gradient boosting,6,2016-11,-0.39558876691248573,-0.0458666744633838,89,0.3125638207283415,4,"sin_year, cos_year, year_fraction, flux_lag12",0.3497220924491019,1.1188821906328557
2016-05,ordinary least squares,12,2017-05,-0.9173601208034415,-0.8691640653484248,89,0.3125638207283415,5,"sin_year, cos_year, year_fraction, flux_lag12, flux_lag13",0.048196055455016706,0.15419588659592606
2016-05,ridge,12,2017-05,-0.9047300430003423,-0.8691640653484248,89,0.3125638207283415,5,"sin_year, cos_year, year_fraction, flux_lag12, flux_lag13",0.03556597765191749,0.1137878900028834
2016-05,random forest,12,2017-05,-0.8919635090341215,-0.8691640653484248,89,0.3125638207283415,5,"sin_year, cos_year, year_fraction, flux_lag12, flux_lag13",0.02279944368569664,0.07294332284705565
2016-05,gradient boosting,12,2017-05,-0.9369424626366533,-0.8691640653484248,89,0.3125638207283415,5,"sin_year, cos_year, year_fraction, flux_lag12, flux_lag13",0.06777839728822843,0.21684658553984293
2016-06,ordinary least squares,1,2016-07,-1.892526496270813,-1.237419493203218,90,0.3160122169916632,5,"sin_year, cos_year, year_fraction, flux_lag1, flux_lag12",0.655107003067595,2.0730432807440398
2016-06,ridge,1,2016-07,-1.88827364956471,-1.237419493203218,90,0.3160122169916632,5,"sin_year, cos_year, year_fraction, flux_lag1, flux_lag12",0.650854156361492,2.059585425390887
2016-06,random forest,1,2016-07,-1.8143815625290607,-1.237419493203218,90,0.3160122169916632,5,"sin_year, cos_year, year_fraction, flux_lag1, flux_lag12",0.5769620693258426,1.8257587469824421
2016-06,gradient boosting,1,2016-07,-1.7584353322747308,-1.237419493203218,90,0.3160122169916632,5,"sin_year, cos_year, year_fraction, flux_lag1, flux_lag12",0.5210158390715127,1.6487205590702139
2016-06,ordinary least squares,3,2016-09,-0.866001753826841,-0.6788522260079829,90,0.3160122169916632,4,"sin_year, cos_year, year_fraction, flux_lag12",0.18714952781885807,0.5922224450702022
2016-06,ridge,3,2016-09,-0.8488176614906134,-0.6788522260079829,90,0.3160122169916632,4,"sin_year, cos_year, year_fraction, flux_lag12",0.16996543548263054,0.5378445083568223
2016-06,random forest,3,2016-09,-0.8685334033789055,-0.6788522260079829,90,0.3160122169916632,4,"sin_year, cos_year, year_fraction, flux_lag12",0.1896811773709226,0.600233684560134
2016-06,gradient boosting,3,2016-09,-0.7970355031434735,-0.6788522260079829,90,0.3160122169916632,4,"sin_year, cos_year, year_fraction, flux_lag12",0.1181832771354906,0.3739832537506245
2016-06,ordinary least squares,6,2016-12,-0.2384626834861254,0.082523546069671,90,0.3160122169916632,4,"sin_year, cos_year, year_fraction, flux_lag12",0.32098622955579637,1.0157399375615417
2016-06,ridge,6,2016-12,-0.24909962336320263,0.082523546069671,90,0.3160122169916632,4,"sin_year, cos_year, year_fraction, flux_lag12",0.3316231694328736,1.049399838366446
2016-06,random forest,6,2016-12,-0.21783467813675456,0.082523546069671,90,0.3160122169916632,4,"sin_year, cos_year, year_fraction, flux_lag12",0.30035822420642555,0.9504639632788291
2016-06,gradient boosting,6,2016-12,-0.29231699803819944,0.082523546069671,90,0.3160122169916632,4,"sin_year, cos_year, year_fraction, flux_lag12",0.37484054410787043,1.186158395002049
2016-06,ordinary least squares,12,2017-06,-1.8183776832991025,-1.4315393177924614,90,0.3160122169916632,6,"sin_year, cos_year, year_fraction, flux_lag12, flux_lag13, flux_lag14",0.3868383655066412,1.2241247164088167
2016-06,ridge,12,2017-06,-1.8043946974501426,-1.4315393177924614,90,0.3160122169916632,6,"sin_year, cos_year, year_fraction, flux_lag12, flux_lag13, flux_lag14",0.37285537965768123,1.1798764718881662
2016-06,random forest,12,2017-06,-1.846251328509426,-1.4315393177924614,90,0.3160122169916632,6,"sin_year, cos_year, year_fraction, flux_lag12, flux_lag13, flux_lag14",0.4147120107169646,1.3123290443163633
2016-06,gradient boosting,12,2017-06,-1.8262257496278467,-1.4315393177924614,90,0.3160122169916632,6,"sin_year, cos_year, year_fraction, flux_lag12, flux_lag13, flux_lag14",0.3946864318353853,1.2489594092047323
2016-07,ordinary least squares,1,2016-08,-1.2170298421611698,-1.6186291400790251,91,0.3132898451711467,5,"sin_year, cos_year, year_fraction, flux_lag1, flux_lag12",-0.4015992979178553,1.2818778013646313
2016-07,ridge,1,2016-08,-1.2503952657434423,-1.6186291400790251,91,0.3132898451711467,5,"sin_year, cos_year, year_fraction, flux_lag1, flux_lag12",-0.36823387433558286,1.1753776255799828
2016-07,random forest,1,2016-08,-1.2789775568958686,-1.6186291400790251,91,0.3132898451711467,5,"sin_year, cos_year, year_fraction, flux_lag1, flux_lag12",-0.3396515831831566,1.0841448850587823
2016-07,gradient boosting,1,2016-08,-1.3804420380935165,-1.6186291400790251,91,0.3132898451711467,5,"sin_year, cos_year, year_fraction, flux_lag1, flux_lag12",-0.23818710198550863,0.7602771224690978
2016-07,ordinary least squares,3,2016-10,-0.359201181152403,-0.3350339007469212,91,0.3132898451711467,4,"sin_year, cos_year, year_fraction, flux_lag12",0.024167280405481828,0.07714032477586216
2016-07,ridge,3,2016-10,-0.3589053839187582,-0.3350339007469212,91,0.3132898451711467,4,"sin_year, cos_year, year_fraction, flux_lag12",0.023871483171837016,0.0761961600089409
2016-07,random forest,3,2016-10,-0.5175057630676714,-0.3350339007469212,91,0.3132898451711467,4,"sin_year, cos_year, year_fraction, flux_lag12",0.1824718623207502,0.5824378451241146
2016-07,gradient boosting,3,2016-10,-0.3854699597170023,-0.3350339007469212,91,0.3132898451711467,4,"sin_year, cos_year, year_fraction, flux_lag12",0.05043605897008113,0.16098848956476225
2016-07,ordinary least squares,6,2017-01,-0.2794720454745372,-0.0669318519161353,91,0.3132898451711467,4,"sin_year, cos_year, year_fraction, flux_lag12",0.2125401935584019,0.6784139251059784
2016-07,ridge,6,2017-01,-0.2679739288417696,-0.0669318519161353,91,0.3132898451711467,4,"sin_year, cos_year, year_fraction, flux_lag12",0.20104207692563433,0.6417127143581922
2016-07,random forest,6,2017-01,-0.14379168503109477,-0.0669318519161353,91,0.3132898451711467,4,"sin_year, cos_year, year_fraction, flux_lag12",0.07685983311495947,0.24533138976455432
2016-07,gradient boosting,6,2017-01,-0.22389879000007465,-0.0669318519161353,91,0.3132898451711467,4,"sin_year, cos_year, year_fraction, flux_lag12",0.15696693808393936,0.5010278516949379
2016-07,ordinary least squares,12,2017-07,-1.9045850273094125,-1.3716236910436208,91,0.3132898451711467,5,"sin_year, cos_year, year_fraction, flux_lag12, flux_lag13",0.5329613362657917,1.701176544597674
2016-07,ridge,12,2017-07,-1.8854368512757542,-1.3716236910436208,91,0.3132898451711467,5,"sin_year, cos_year, year_fraction, flux_lag12, flux_lag13",0.5138131602321334,1.6400568615667803
2016-07,random forest,12,2017-07,-1.9530164126062992,-1.3716236910436208,91,0.3132898451711467,5,"sin_year, cos_year, year_fraction, flux_lag12, flux_lag13",0.5813927215626784,1.8557662513608448
2016-07,gradient boosting,12,2017-07,-1.8186864431483154,-1.3716236910436208,91,0.3132898451711467,5,"sin_year, cos_year, year_fraction, flux_lag12, flux_lag13",0.4470627521046946,1.4269940727267085
2016-08,ordinary least squares,1,2016-09,-0.89343491228028,-0.6788522260079829,92,0.3143427827067159,5,"sin_year, cos_year, year_fraction, flux_lag1, flux_lag12",0.21458268627229715,0.682639138155446
2016-08,ridge,1,2016-09,-0.8770095843586628,-0.6788522260079829,92,0.3143427827067159,5,"sin_year, cos_year, year_fraction, flux_lag1, flux_lag12",0.19815735835067994,0.6303862192871219
2016-08,random forest,1,2016-09,-0.9079523421173434,-0.6788522260079829,92,0.3143427827067159,5,"sin_year, cos_year, year_fraction, flux_lag1, flux_lag12",0.22910011610936054,0.7288225743140813
2016-08,gradient boosting,1,2016-09,-0.9366515870207556,-0.6788522260079829,92,0.3143427827067159,5,"sin_year, cos_year, year_fraction, flux_lag1, flux_lag12",0.2577993610127727,0.8201217753209921
2016-08,ordinary least squares,3,2016-11,-0.2726807671569532,-0.0458666744633838,92,0.3143427827067159,4,"sin_year, cos_year, year_fraction, flux_lag12",0.22681409269356942,0.7215501839760343
2016-08,ridge,3,2016-11,-0.2730939047900002,-0.0458666744633838,92,0.3143427827067159,4,"sin_year, cos_year, year_fraction, flux_lag12",0.22722723032661638,0.7228644741578846
2016-08,random forest,3,2016-11,-0.3769318836831273,-0.0458666744633838,92,0.3143427827067159,4,"sin_year, cos_year, year_fraction, flux_lag12",0.3310652092197435,1.053198060948101
2016-08,gradient boosting,3,2016-11,-0.3529081008568007,-0.0458666744633838,92,0.3143427827067159,4,"sin_year, cos_year, year_fraction, flux_lag12",0.3070414263934169,0.9767726293874824
2016-08,ordinary least squares,6,2017-02,-0.2934141598737765,-0.0086235809712641,92,0.3143427827067159,4,"sin_year, cos_year, year_fraction, flux_lag12",0.2847905789025124,0.9059873315692573
2016-08,ridge,6,2017-02,-0.28149928754785225,-0.0086235809712641,92,0.3143427827067159,4,"sin_year, cos_year, year_fraction, flux_lag12",0.27287570657658816,0.8680832568412528
2016-08,random forest,6,2017-02,-0.23136436959620243,-0.0086235809712641,92,0.3143427827067159,4,"sin_year, cos_year, year_fraction, flux_lag12",0.22274078862493835,0.7085920239904382
2016-08,gradient boosting,6,2017-02,-0.2529974412358184,-0.0086235809712641,92,0.3143427827067159,4,"sin_year, cos_year, year_fraction, flux_lag12",0.24437386026455432,0.7774120282333853
2016-08,ordinary least squares,12,2017-08,-1.541201193261586,-1.283633113388049,92,0.3143427827067159,5,"sin_year, cos_year, year_fraction, flux_lag12, flux_lag13",0.25756807987353714,0.8193860143875167
2016-08,ridge,12,2017-08,-1.531526701101351,-1.283633113388049,92,0.3143427827067159,5,"sin_year, cos_year, year_fraction, flux_lag12, flux_lag13",0.24789358771330194,0.7886091278405093
2016-08,random forest,12,2017-08,-1.5331783732560516,-1.283633113388049,92,0.3143427827067159,5,"sin_year, cos_year, year_fraction, flux_lag12, flux_lag13",0.24954525986800258,0.7938634942378496
2016-08,gradient boosting,12,2017-08,-1.430886775022437,-1.283633113388049,92,0.3143427827067159,5,"sin_year, cos_year, year_fraction, flux_lag12, flux_lag13",0.14725366163438802,0.4684493162732378
2016-09,ordinary least squares,1,2016-10,-0.3214751653668673,-0.3350339007469212,93,0.3119583461031588,5,"sin_year, cos_year, year_fraction, flux_lag1, flux_lag12",-0.013558735380053866,0.04346328780564263
2016-09,ridge,1,2016-10,-0.32611571161033936,-0.3350339007469212,93,0.3119583461031588,5,"sin_year, cos_year, year_fraction, flux_lag1, flux_lag12",-0.008918189136581822,0.028587756179579
2016-09,random forest,1,2016-10,-0.41537466575566273,-0.3350339007469212,93,0.3119583461031588,5,"sin_year, cos_year, year_fraction, flux_lag1, flux_lag12",0.08034076500874154,0.2575368346842509
2016-09,gradient boosting,1,2016-10,-0.31865261110627036,-0.3350339007469212,93,0.3119583461031588,5,"sin_year, cos_year, year_fraction, flux_lag1, flux_lag12",-0.01638128964065083,0.05251114402059897
2016-09,ordinary least squares,3,2016-12,-0.24975969425304956,0.082523546069671,93,0.3119583461031588,4,"sin_year, cos_year, year_fraction, flux_lag12",0.33228324032272055,1.065152589996232
2016-09,ridge,3,2016-12,-0.25667075247817583,0.082523546069671,93,0.3119583461031588,4,"sin_year, cos_year, year_fraction, flux_lag12",0.33919429854784683,1.087306375305893
2016-09,random forest,3,2016-12,-0.21005267794181023,0.082523546069671,93,0.3119583461031588,4,"sin_year, cos_year, year_fraction, flux_lag12",0.2925762240114812,0.9378695190117841
2016-09,gradient boosting,3,2016-12,-0.27241191961905165,0.082523546069671,93,0.3119583461031588,4,"sin_year, cos_year, year_fraction, flux_lag12",0.35493546568872264,1.137765570700109
2016-09,ordinary least squares,6,2017-03,-0.3237078210625318,-0.2953060899263378,93,0.3119583461031588,4,"sin_year, cos_year, year_fraction, flux_lag12",0.02840173113619404,0.09104334437906694
2016-09,ridge,6,2017-03,-0.32451045707911164,-0.2953060899263378,93,0.3119583461031588,4,"sin_year, cos_year, year_fraction, flux_lag12",0.029204367152773858,0.09361623921136099
2016-09,random forest,6,2017-03,-0.3347353937662846,-0.2953060899263378,93,0.3119583461031588,4,"sin_year, cos_year, year_fraction, flux_lag12",0.039429303839946805,0.1263928480596197
2016-09,gradient boosting,6,2017-03,-0.390282939814556,-0.2953060899263378,93,0.3119583461031588,4,"sin_year, cos_year, year_fraction, flux_lag12",0.0949768498882182,0.3044536268210985
2016-09,ordinary least squares,12,2017-09,-0.7506700391496757,-0.7444467340021905,93,0.3119583461031588,5,"sin_year, cos_year, year_fraction, flux_lag12, flux_lag13",0.0062233051474851475,0.01994915419069191
2016-09,ridge,12,2017-09,-0.7489541879050381,-0.7444467340021905,93,0.3119583461031588,5,"sin_year, cos_year, year_fraction, flux_lag12, flux_lag13",0.004507453902847569,0.014448896652878901
2016-09,random forest,12,2017-09,-0.8300092259669519,-0.7444467340021905,93,0.3119583461031588,5,"sin_year, cos_year, year_fraction, flux_lag12, flux_lag13",0.0855624919647614,0.27427537372719457
2016-09,gradient boosting,12,2017-09,-0.7764075886507293,-0.7444467340021905,93,0.3119583461031588,5,"sin_year, cos_year, year_fraction, flux_lag12, flux_lag13",0.03196085464853882,0.1024523147009183
2016-10,ordinary least squares,1,2016-11,-0.2559599899902722,-0.0458666744633838,94,0.3087229406366744,5,"sin_year, cos_year, year_fraction, flux_lag1, flux_lag12",0.2100933155268884,0.6805238220833746
2016-10,ridge,1,2016-11,-0.2592887310643902,-0.0458666744633838,94,0.3087229406366744,5,"sin_year, cos_year, year_fraction, flux_lag1, flux_lag12",0.2134220566010064,0.6913061146699028
2016-10,random forest,1,2016-11,-0.31352685229641464,-0.0458666744633838,94,0.3087229406366744,5,"sin_year, cos_year, year_fraction, flux_lag1, flux_lag12",0.26766017783303087,0.8669915403145603
2016-10,gradient boosting,1,2016-11,-0.19105185114602868,-0.0458666744633838,94,0.3087229406366744,5,"sin_year, cos_year, year_fraction, flux_lag1, flux_lag12",0.14518517668264488,0.47027660588886533
2016-10,ordinary least squares,3,2017-01,-0.27762794972590427,-0.0669318519161353,94,0.3087229406366744,4,"sin_year, cos_year, year_fraction, flux_lag12",0.21069609780976897,0.682476324484516
2016-10,ridge,3,2017-01,-0.26713351161732996,-0.0669318519161353,94,0.3087229406366744,4,"sin_year, cos_year, year_fraction, flux_lag12",0.20020165970119466,0.6484832623332817
2016-10,random forest,3,2017-01,-0.15113616798613672,-0.0669318519161353,94,0.3087229406366744,4,"sin_year, cos_year, year_fraction, flux_lag12",0.08420431607000142,0.2727504340828971
2016-10,gradient boosting,3,2017-01,-0.21486480547845194,-0.0669318519161353,94,0.3087229406366744,4,"sin_year, cos_year, year_fraction, flux_lag12",0.14793295356231664,0.47917706814154104
2016-10,ordinary least squares,6,2017-04,-0.5924562299811574,-0.2928531806112268,94,0.3087229406366744,4,"sin_year, cos_year, year_fraction, flux_lag12",0.29960304936993065,0.9704593016381098
2016-10,ridge,6,2017-04,-0.5907257478178604,-0.2928531806112268,94,0.3087229406366744,4,"sin_year, cos_year, year_fraction, flux_lag12",0.2978725672066336,0.964854009852121
2016-10,random forest,6,2017-04,-0.7362783320545133,-0.2928531806112268,94,0.3087229406366744,4,"sin_year, cos_year, year_fraction, flux_lag12",0.44342515144328654,1.436320704022895
2016-10,gradient boosting,6,2017-04,-0.7136296125983842,-0.2928531806112268,94,0.3087229406366744,4,"sin_year, cos_year, year_fraction, flux_lag12",0.4207764319871574,1.3629580980260065
2016-10,ordinary least squares,12,2017-10,-0.38190961761608155,-0.4000628493107893,94,0.3087229406366744,5,"sin_year, cos_year, year_fraction, flux_lag12, flux_lag13",-0.018153231694707728,0.05880104555000224
2016-10,ridge,12,2017-10,-0.37928509192053095,-0.4000628493107893,94,0.3087229406366744,5,"sin_year, cos_year, year_fraction, flux_lag12, flux_lag13",-0.020777757390258333,0.06730227869496415
2016-10,random forest,12,2017-10,-0.4259158369261437,-0.4000628493107893,94,0.3087229406366744,5,"sin_year, cos_year, year_fraction, flux_lag12, flux_lag13",0.025852987615354428,0.08374171210613059
2016-10,gradient boosting,12,2017-10,-0.44923836462403266,-0.4000628493107893,94,0.3087229406366744,5,"sin_year, cos_year, year_fraction, flux_lag12, flux_lag13",0.04917551531324338,0.15928688425884224
2016-11,ordinary least squares,1,2016-12,-0.15208577534993525,0.082523546069671,95,0.30719370111497524,5,"sin_year, cos_year, year_fraction, flux_lag1, flux_lag12",0.23460932141960625,0.7637178775739207
2016-11,ridge,1,2016-12,-0.1732948801365691,0.082523546069671,95,0.30719370111497524,5,"sin_year, cos_year, year_fraction, flux_lag1, flux_lag12",0.25581842620624007,0.8327593478568539
2016-11,random forest,1,2016-12,-0.2201505898446109,0.082523546069671,95,0.30719370111497524,5,"sin_year, cos_year, year_fraction, flux_lag1, flux_lag12",0.3026741359142819,0.9852875720293438
2016-11,gradient boosting,1,2016-12,-0.11749004303774443,0.082523546069671,95,0.30719370111497524,5,"sin_year, cos_year, year_fraction, flux_lag1, flux_lag12",0.20001358910741543,0.6510992523006035
2016-11,ordinary least squares,3,2017-02,-0.29200323425749575,-0.0086235809712641,95,0.30719370111497524,4,"sin_year, cos_year, year_fraction, flux_lag12",0.28337965328623166,0.9224787235470348
2016-11,ridge,3,2017-02,-0.28044232282943027,-0.0086235809712641,95,0.30719370111497524,4,"sin_year, cos_year, year_fraction, flux_lag12",0.2718187418581662,0.8848447766721328
2016-11,random forest,3,2017-02,-0.23146400296204975,-0.0086235809712641,95,0.30719370111497524,4,"sin_year, cos_year, year_fraction, flux_lag12",0.22284042199078566,0.725406872543203
2016-11,gradient boosting,3,2017-02,-0.25365045411829035,-0.0086235809712641,95,0.30719370111497524,4,"sin_year, cos_year, year_fraction, flux_lag12",0.24502687314702626,0.797629874107733
2016-11,ordinary least squares,6,2017-05,-0.8593746365044703,-0.8691640653484248,95,0.30719370111497524,4,"sin_year, cos_year, year_fraction, flux_lag12",-0.009789428843954506,0.03186728376403316
2016-11,ridge,6,2017-05,-0.8529531004806884,-0.8691640653484248,95,0.30719370111497524,4,"sin_year, cos_year, year_fraction, flux_lag12",-0.016210964867736433,0.05277114995814663
2016-11,random forest,6,2017-05,-0.8010903860820562,-0.8691640653484248,95,0.30719370111497524,4,"sin_year, cos_year, year_fraction, flux_lag12",-0.06807367926636865,0.22159855172580606
2016-11,gradient boosting,6,2017-05,-0.8648257710119054,-0.8691640653484248,95,0.30719370111497524,4,"sin_year, cos_year, year_fraction, flux_lag12",-0.004338294336519444,0.014122341443764579
2016-11,ordinary least squares,12,2017-11,-0.2814175794580236,-0.1306877936767514,95,0.30719370111497524,5,"sin_year, cos_year, year_fraction, flux_lag12, flux_lag13",0.1507297857812722,0.4906669154809839
2016-11,ridge,12,2017-11,-0.2789971040799616,-0.1306877936767514,95,0.30719370111497524,5,"sin_year, cos_year, year_fraction, flux_lag12, flux_lag13",0.1483093104032102,0.4827876023008088
2016-11,random forest,12,2017-11,-0.22412426999126264,-0.1306877936767514,95,0.30719370111497524,5,"sin_year, cos_year, year_fraction, flux_lag12, flux_lag13",0.09343647631451124,0.3041614329179888
2016-11,gradient boosting,12,2017-11,-0.28177106563166526,-0.1306877936767514,95,0.30719370111497524,5,"sin_year, cos_year, year_fraction, flux_lag12, flux_lag13",0.15108327195491386,0.4918176102131958
2016-12,ordinary least squares,1,2017-01,-0.09705614592036346,-0.0669318519161353,96,0.30834998025112953,5,"sin_year, cos_year, year_fraction, flux_lag1, flux_lag12",0.03012429400422817,0.09769513842580445
2016-12,ridge,1,2017-01,-0.11422746288723844,-0.0669318519161353,96,0.30834998025112953,5,"sin_year, cos_year, year_fraction, flux_lag1, flux_lag12",0.047295610971103144,0.15338288957432128
2016-12,random forest,1,2017-01,-0.1470590469711046,-0.0669318519161353,96,0.30834998025112953,5,"sin_year, cos_year, year_fraction, flux_lag1, flux_lag12",0.08012719505496932,0.25985795423016184
2016-12,gradient boosting,1,2017-01,-0.14056024512473592,-0.0669318519161353,96,0.30834998025112953,5,"sin_year, cos_year, year_fraction, flux_lag1, flux_lag12",0.07362839320860062,0.23878189694915963
2016-12,ordinary least squares,3,2017-03,-0.32454343949149966,-0.2953060899263378,96,0.30834998025112953,4,"sin_year, cos_year, year_fraction, flux_lag12",0.029237349565161885,0.09481871716466499
2016-12,ridge,3,2017-03,-0.32499852107514715,-0.2953060899263378,96,0.30834998025112953,4,"sin_year, cos_year, year_fraction, flux_lag12",0.029692431148809373,0.0962945777542355
2016-12,random forest,3,2017-03,-0.36296245615917944,-0.2953060899263378,96,0.30834998025112953,4,"sin_year, cos_year, year_fraction, flux_lag12",0.06765636623284166,0.21941420647324275
2016-12,gradient boosting,3,2017-03,-0.3659411130027395,-0.2953060899263378,96,0.30834998025112953,4,"sin_year, cos_year, year_fraction, flux_lag12",0.07063502307640174,0.2290741936123182
2016-12,ordinary least squares,6,2017-06,-1.745752108010163,-1.4315393177924614,96,0.30834998025112953,4,"sin_year, cos_year, year_fraction, flux_lag12",0.31421279021770165,1.0190134922719867
2016-12,ridge,6,2017-06,-1.7363862574746043,-1.4315393177924614,96,0.30834998025112953,4,"sin_year, cos_year, year_fraction, flux_lag12",0.30484693968214294,0.9886394007026249
2016-12,random forest,6,2017-06,-1.778408486925016,-1.4315393177924614,96,0.30834998025112953,4,"sin_year, cos_year, year_fraction, flux_lag12",0.3468691691325547,1.1249203546244888
2016-12,gradient boosting,6,2017-06,-1.7183523696319951,-1.4315393177924614,96,0.30834998025112953,4,"sin_year, cos_year, year_fraction, flux_lag12",0.28681305183953376,0.9301542734199125
2016-12,ordinary least squares,12,2017-12,-0.32350037909068696,-0.4928311284175383,96,0.30834998025112953,5,"sin_year, cos_year, year_fraction, flux_lag12, flux_lag13",-0.16933074932685133,0.5491511599544883
2016-12,ridge,12,2017-12,-0.3191752449609811,-0.4928311284175383,96,0.30834998025112953,5,"sin_year, cos_year, year_fraction, flux_lag12, flux_lag13",-0.1736558834565572,0.5631778646949372
2016-12,random forest,12,2017-12,-0.31310427746406605,-0.4928311284175383,96,0.30834998025112953,5,"sin_year, cos_year, year_fraction, flux_lag12, flux_lag13",-0.17972685095347224,0.582866426023758
2016-12,gradient boosting,12,2017-12,-0.23706283493274136,-0.4928311284175383,96,0.30834998025112953,5,"sin_year, cos_year, year_fraction, flux_lag12, flux_lag13",-0.2557682934847969,0.8294740063757795
2017-01,ordinary least squares,1,2017-02,-0.19573645374677806,-0.0086235809712641,97,0.3047462569927892,5,"sin_year, cos_year, year_fraction, flux_lag1, flux_lag12",0.18711287277551397,0.6139956389355797
2017-01,ridge,1,2017-02,-0.1999853262936113,-0.0086235809712641,97,0.3047462569927892,5,"sin_year, cos_year, year_fraction, flux_lag1, flux_lag12",0.1913617453223472,0.6279379678381912
2017-01,random forest,1,2017-02,-0.11702216861311884,-0.0086235809712641,97,0.3047462569927892,5,"sin_year, cos_year, year_fraction, flux_lag1, flux_lag12",0.10839858764185474,0.355701128904824
2017-01,gradient boosting,1,2017-02,-0.1342698145894708,-0.0086235809712641,97,0.3047462569927892,5,"sin_year, cos_year, year_fraction, flux_lag1, flux_lag12",0.1256462336182067,0.4122978731816867
2017-01,ordinary least squares,3,2017-04,-0.5933349574470924,-0.2928531806112268,97,0.3047462569927892,4,"sin_year, cos_year, year_fraction, flux_lag12",0.30048177683586563,0.9860064559971792
2017-01,ridge,3,2017-04,-0.5909300509920107,-0.2928531806112268,97,0.3047462569927892,4,"sin_year, cos_year, year_fraction, flux_lag12",0.2980768703807839,0.9781149515081228
2017-01,random forest,3,2017-04,-0.7113517997626578,-0.2928531806112268,97,0.3047462569927892,4,"sin_year, cos_year, year_fraction, flux_lag12",0.41849861915143105,1.3732691035523807
2017-01,gradient boosting,3,2017-04,-0.6276092053020798,-0.2928531806112268,97,0.3047462569927892,4,"sin_year, cos_year, year_fraction, flux_lag12",0.33475602469085297,1.0984746063633322
2017-01,ordinary least squares,6,2017-07,-1.8900784053725348,-1.3716236910436208,97,0.3047462569927892,4,"sin_year, cos_year, year_fraction, flux_lag12",0.518454714328914,1.7012668816509255
2017-01,ridge,6,2017-07,-1.8687154272162505,-1.3716236910436208,97,0.3047462569927892,4,"sin_year, cos_year, year_fraction, flux_lag12",0.4970917361726297,1.6311660102994858
2017-01,random forest,6,2017-07,-1.917775067651093,-1.3716236910436208,97,0.3047462569927892,4,"sin_year, cos_year, year_fraction, flux_lag12",0.5461513766074721,1.7921512211400026
2017-01,gradient boosting,6,2017-07,-1.7718858412238647,-1.3716236910436208,97,0.3047462569927892,4,"sin_year, cos_year, year_fraction, flux_lag12",0.4002621501802439,1.3134276172248929
2017-01,ordinary least squares,12,2018-01,-0.3207180904876097,-0.3350201368019978,97,0.3047462569927892,5,"sin_year, cos_year, year_fraction, flux_lag12, flux_lag13",-0.01430204631438814,0.04693099910568073
2017-01,ridge,12,2018-01,-0.3051709969904476,-0.3350201368019978,97,0.3047462569927892,5,"sin_year, cos_year, year_fraction, flux_lag12, flux_lag13",-0.02984913981155024,0.09794751904781072
2017-01,random forest,12,2018-01,-0.2917669738752663,-0.3350201368019978,97,0.3047462569927892,5,"sin_year, cos_year, year_fraction, flux_lag12, flux_lag13",-0.043253162926731537,0.14193172823039785
2017-01,gradient boosting,12,2018-01,-0.2058507818187822,-0.3350201368019978,97,0.3047462569927892,5,"sin_year, cos_year, year_fraction, flux_lag12, flux_lag13",-0.12916935498321563,0.42385870874296583
2017-02,ordinary least squares,1,2017-03,-0.2295640759286372,-0.2953060899263378,98,0.30161964087366955,5,"sin_year, cos_year, year_fraction, flux_lag1, flux_lag12",-0.06574201399770058,0.21796330572927106
2017-02,ridge,1,2017-03,-0.24236770922295697,-0.2953060899263378,98,0.30161964087366955,5,"sin_year, cos_year, year_fraction, flux_lag1, flux_lag12",-0.052938380703380805,0.17551370510899034
2017-02,random forest,1,2017-03,-0.28911119220735976,-0.2953060899263378,98,0.30161964087366955,5,"sin_year, cos_year, year_fraction, flux_lag1, flux_lag12",-0.006194897718978021,0.020538774268923334
2017-02,gradient boosting,1,2017-03,-0.214595825984665,-0.2953060899263378,98,0.30161964087366955,5,"sin_year, cos_year, year_fraction, flux_lag1, flux_lag12",-0.08071026394167277,0.26758954989763906
2017-02,ordinary least squares,3,2017-05,-0.8578936899738148,-0.8691640653484248,98,0.30161964087366955,4,"sin_year, cos_year, year_fraction, flux_lag12",-0.011270375374610064,0.0373661852456437
2017-02,ridge,3,2017-05,-0.8512534895013035,-0.8691640653484248,98,0.30161964087366955,4,"sin_year, cos_year, year_fraction, flux_lag12",-0.0179105758471213,0.05938133138558763
2017-02,random forest,3,2017-05,-0.8325413980277067,-0.8691640653484248,98,0.30161964087366955,4,"sin_year, cos_year, year_fraction, flux_lag12",-0.03662266732071817,0.12142003489771815
2017-02,gradient boosting,3,2017-05,-0.8311282277487437,-0.8691640653484248,98,0.30161964087366955,4,"sin_year, cos_year, year_fraction, flux_lag12",-0.0380358375996811,0.12610530763018857
2017-02,ordinary least squares,6,2017-08,-1.4205012830766401,-1.283633113388049,98,0.30161964087366955,4,"sin_year, cos_year, year_fraction, flux_lag12",0.13686816968859117,0.453777377667249
2017-02,ridge,6,2017-08,-1.425228492166328,-1.283633113388049,98,0.30161964087366955,4,"sin_year, cos_year, year_fraction, flux_lag12",0.1415953787782791,0.46945012721364837
2017-02,random forest,6,2017-08,-1.4666263345196513,-1.283633113388049,98,0.30161964087366955,4,"sin_year, cos_year, year_fraction, flux_lag12",0.18299322113160232,0.6067019395737802
2017-02,gradient boosting,6,2017-08,-1.3737943392180365,-1.283633113388049,98,0.30161964087366955,4,"sin_year, cos_year, year_fraction, flux_lag12",0.09016122582998753,0.2989235898856822
2017-02,ordinary least squares,12,2018-02,-0.26615913804386926,-0.4316211846913061,98,0.30161964087366955,5,"sin_year, cos_year, year_fraction, flux_lag12, flux_lag13",-0.16546204664743686,0.5485784883509593
2017-02,ridge,12,2018-02,-0.2575644966017233,-0.4316211846913061,98,0.30161964087366955,5,"sin_year, cos_year, year_fraction, flux_lag12, flux_lag13",-0.1740566880895828,0.5770734544521414
2017-02,random forest,12,2018-02,-0.19958452551232064,-0.4316211846913061,98,0.30161964087366955,5,"sin_year, cos_year, year_fraction, flux_lag12, flux_lag13",-0.23203665917898547,0.7693022195334148
2017-02,gradient boosting,12,2018-02,-0.24277627630217488,-0.4316211846913061,98,0.30161964087366955,5,"sin_year, cos_year, year_fraction, flux_lag12, flux_lag13",-0.18884490838913123,0.6261028222237924
2017-03,ordinary least squares,1,2017-04,-0.5679124897870144,-0.2928531806112268,99,0.29874944247453245,5,"sin_year, cos_year, year_fraction, flux_lag1, flux_lag12",0.2750593091757876,0.9207023346971956
2017-03,ridge,1,2017-04,-0.5701165791581005,-0.2928531806112268,99,0.29874944247453245,5,"sin_year, cos_year, year_fraction, flux_lag1, flux_lag12",0.27726339854687376,0.9280800534732703
2017-03,random forest,1,2017-04,-0.5361765399515247,-0.2928531806112268,99,0.29874944247453245,5,"sin_year, cos_year, year_fraction, flux_lag1, flux_lag12",0.24332335934029792,0.8144730156644244
2017-03,gradient boosting,1,2017-04,-0.5794866347848873,-0.2928531806112268,99,0.29874944247453245,5,"sin_year, cos_year, year_fraction, flux_lag1, flux_lag12",0.2866334541736605,0.9594443149399189
2017-03,ordinary least squares,3,2017-06,-1.7429650902689475,-1.4315393177924614,99,0.29874944247453245,4,"sin_year, cos_year, year_fraction, flux_lag12",0.3114257724764862,1.042431309317119
2017-03,ridge,3,2017-06,-1.733968893105278,-1.4315393177924614,99,0.29874944247453245,4,"sin_year, cos_year, year_fraction, flux_lag12",0.30242957531281656,1.0123184592674104
2017-03,random forest,3,2017-06,-1.7591602880227295,-1.4315393177924614,99,0.29874944247453245,4,"sin_year, cos_year, year_fraction, flux_lag12",0.32762097023026815,1.096641277441704
2017-03,gradient boosting,3,2017-06,-1.6982808402995746,-1.4315393177924614,99,0.29874944247453245,4,"sin_year, cos_year, year_fraction, flux_lag12",0.26674152250711325,0.8928603189940755
2017-03,ordinary least squares,6,2017-09,-0.7797406514363356,-0.7444467340021905,99,0.29874944247453245,4,"sin_year, cos_year, year_fraction, flux_lag12",0.03529391743414512,0.11813885623285748
2017-03,ridge,6,2017-09,-0.7755332698858654,-0.7444467340021905,99,0.29874944247453245,4,"sin_year, cos_year, year_fraction, flux_lag12",0.031086535883674826,0.10405554442607827
2017-03,random forest,6,2017-09,-0.9187812141573252,-0.7444467340021905,99,0.29874944247453245,4,"sin_year, cos_year, year_fraction, flux_lag12",0.17433448015513464,0.5835474661011164
2017-03,gradient boosting,6,2017-09,-0.7883846240727862,-0.7444467340021905,99,0.29874944247453245,4,"sin_year, cos_year, year_fraction, flux_lag12",0.043937890070595675,0.14707270984896068
2017-03,ordinary least squares,12,2018-03,-0.3678676801457969,-0.3704083872450299,99,0.29874944247453245,5,"sin_year, cos_year, year_fraction, flux_lag12, flux_lag13",-0.002540707099232986,0.008504474780566576
2017-03,ridge,12,2018-03,-0.36384186707776045,-0.3704083872450299,99,0.29874944247453245,5,"sin_year, cos_year, year_fraction, flux_lag12, flux_lag13",-0.006566520167269441,0.021980024842487258
2017-03,random forest,12,2018-03,-0.42513874674982605,-0.3704083872450299,99,0.29874944247453245,5,"sin_year, cos_year, year_fraction, flux_lag12, flux_lag13",0.054730359504796156,0.1831981979663837
2017-03,gradient boosting,12,2018-03,-0.39225911261240154,-0.3704083872450299,99,0.29874944247453245,5,"sin_year, cos_year, year_fraction, flux_lag12, flux_lag13",0.02185072536737165,0.07314063981637174
2017-04,ordinary least squares,1,2017-05,-0.711754157319355,-0.8691640653484248,100,0.29790177654109473,5,"sin_year, cos_year, year_fraction, flux_lag1, flux_lag12",-0.15740990802906984,0.5283953316987204
2017-04,ridge,1,2017-05,-0.7268785350471768,-0.8691640653484248,100,0.29790177654109473,5,"sin_year, cos_year, year_fraction, flux_lag1, flux_lag12",-0.14228553030124802,0.477625652163978
2017-04,random forest,1,2017-05,-0.7104821375945606,-0.8691640653484248,100,0.29790177654109473,5,"sin_year, cos_year, year_fraction, flux_lag1, flux_lag12",-0.15868192775386425,0.5326652616721623
2017-04,gradient boosting,1,2017-05,-0.7122877887474006,-0.8691640653484248,100,0.29790177654109473,5,"sin_year, cos_year, year_fraction, flux_lag1, flux_lag12",-0.1568762766010242,0.5266040317801984
2017-04,ordinary least squares,3,2017-07,-1.8836974174785275,-1.3716236910436208,100,0.29790177654109473,4,"sin_year, cos_year, year_fraction, flux_lag12",0.5120737264349067,1.7189347857556918
2017-04,ridge,3,2017-07,-1.8633700893855627,-1.3716236910436208,100,0.29790177654109473,4,"sin_year, cos_year, year_fraction, flux_lag12",0.4917463983419419,1.6506997845113784
2017-04,random forest,3,2017-07,-1.9102527330945456,-1.3716236910436208,100,0.29790177654109473,4,"sin_year, cos_year, year_fraction, flux_lag12",0.5386290420509248,1.8080759648528728
2017-04,gradient boosting,3,2017-07,-1.7629600630294042,-1.3716236910436208,100,0.29790177654109473,4,"sin_year, cos_year, year_fraction, flux_lag12",0.3913363719857834,1.3136422901855358
2017-04,ordinary least squares,6,2017-10,-0.36525084297552524,-0.4000628493107893,100,0.29790177654109473,4,"sin_year, cos_year, year_fraction, flux_lag12",-0.034812006335264045,0.11685733042435155
2017-04,ridge,6,2017-10,-0.36368848486261157,-0.4000628493107893,100,0.29790177654109473,4,"sin_year, cos_year, year_fraction, flux_lag12",-0.03637436444817771,0.12210187153133666
2017-04,random forest,6,2017-10,-0.5096555031674508,-0.4000628493107893,100,0.29790177654109473,4,"sin_year, cos_year, year_fraction, flux_lag12",0.1095926538566615,0.36788184054868667
2017-04,gradient boosting,6,2017-10,-0.39498683778498633,-0.4000628493107893,100,0.29790177654109473,4,"sin_year, cos_year, year_fraction, flux_lag12",-0.005076011525802948,0.01703921200047871
2017-04,ordinary least squares,12,2018-04,-0.5976539121399735,-0.3243152732387839,100,0.29790177654109473,5,"sin_year, cos_year, year_fraction, flux_lag12, flux_lag13",0.27333863890118965,0.9175461861117278
2017-04,ridge,12,2018-04,-0.5932638160835182,-0.3243152732387839,100,0.29790177654109473,5,"sin_year, cos_year, year_fraction, flux_lag12, flux_lag13",0.2689485428447343,0.9028094627949745
2017-04,random forest,12,2018-04,-0.6392402536481683,-0.3243152732387839,100,0.29790177654109473,5,"sin_year, cos_year, year_fraction, flux_lag12, flux_lag13",0.3149249804093844,1.0571436802624818
2017-04,gradient boosting,12,2018-04,-0.6231866134713009,-0.3243152732387839,100,0.29790177654109473,5,"sin_year, cos_year, year_fraction, flux_lag12, flux_lag13",0.298871340232517,1.0032546421934094
2017-05,ordinary least squares,1,2017-06,-1.7456565626910396,-1.4315393177924614,101,0.2970897056369691,5,"sin_year, cos_year, year_fraction, flux_lag1, flux_lag12",0.3141172448985783,1.0573144708097564
2017-05,ridge,1,2017-06,-1.7391375116307937,-1.4315393177924614,101,0.2970897056369691,5,"sin_year, cos_year, year_fraction, flux_lag1, flux_lag12",0.3075981938383323,1.035371431597849
2017-05,random forest,1,2017-06,-1.7138514641649885,-1.4315393177924614,101,0.2970897056369691,5,"sin_year, cos_year, year_fraction, flux_lag1, flux_lag12",0.2823121463725271,0.9502589319520227
2017-05,gradient boosting,1,2017-06,-1.748382525097627,-1.4315393177924614,101,0.2970897056369691,5,"sin_year, cos_year, year_fraction, flux_lag1, flux_lag12",0.3168432073051657,1.066490024034473
2017-05,ordinary least squares,3,2017-08,-1.4203947848162413,-1.283633113388049,101,0.2970897056369691,4,"sin_year, cos_year, year_fraction, flux_lag12",0.1367616714281923,0.460337968072543
2017-05,ridge,3,2017-08,-1.4250958042570665,-1.283633113388049,101,0.2970897056369691,4,"sin_year, cos_year, year_fraction, flux_lag12",0.14146269086901753,0.47616153702033304
2017-05,random forest,3,2017-08,-1.4081830231694696,-1.283633113388049,101,0.2970897056369691,4,"sin_year, cos_year, year_fraction, flux_lag12",0.12454990978142066,0.419233340698837
2017-05,gradient boosting,3,2017-08,-1.3923348222865208,-1.283633113388049,101,0.2970897056369691,4,"sin_year, cos_year, year_fraction, flux_lag12",0.10870170889847186,0.3658885071948628
2017-05,ordinary least squares,6,2017-11,-0.29136630215051385,-0.1306877936767514,101,0.2970897056369691,4,"sin_year, cos_year, year_fraction, flux_lag12",0.16067850847376244,0.5408417236445907
2017-05,ridge,6,2017-11,-0.28411455539790154,-0.1306877936767514,101,0.2970897056369691,4,"sin_year, cos_year, year_fraction, flux_lag12",0.15342676172115013,0.516432440471805
2017-05,random forest,6,2017-11,-0.21577776304040472,-0.1306877936767514,101,0.2970897056369691,4,"sin_year, cos_year, year_fraction, flux_lag12",0.08508996936365332,0.2864117057883844
2017-05,gradient boosting,6,2017-11,-0.23485217819614795,-0.1306877936767514,101,0.2970897056369691,4,"sin_year, cos_year, year_fraction, flux_lag12",0.10416438451939655,0.3506159336489463
2017-05,ordinary least squares,12,2018-05,-0.8538254876667789,-0.778073330394462,101,0.2970897056369691,5,"sin_year, cos_year, year_fraction, flux_lag12, flux_lag13",0.07575215727231688,0.25498075441524304
2017-05,ridge,12,2018-05,-0.8508337341725968,-0.778073330394462,101,0.2970897056369691,5,"sin_year, cos_year, year_fraction, flux_lag12, flux_lag13",0.07276040377813475,0.24491055192280828
2017-05,random forest,12,2018-05,-0.9318025926624471,-0.778073330394462,101,0.2970897056369691,5,"sin_year, cos_year, year_fraction, flux_lag12, flux_lag13",0.1537292622679851,0.5174506532913519
2017-05,gradient boosting,12,2018-05,-0.8967160947200392,-0.778073330394462,101,0.2970897056369691,5,"sin_year, cos_year, year_fraction, flux_lag12, flux_lag13",0.11864276432557719,0.3993499676173686
2017-06,ordinary least squares,1,2017-07,-1.7212387719318398,-1.3716236910436208,102,0.29414294558051923,5,"sin_year, cos_year, year_fraction, flux_lag1, flux_lag12",0.349615080888219,1.1885890385649747
2017-06,ridge,1,2017-07,-1.72768772780672,-1.3716236910436208,102,0.29414294558051923,5,"sin_year, cos_year, year_fraction, flux_lag1, flux_lag12",0.35606403676309917,1.2105136026987584
2017-06,random forest,1,2017-07,-1.7276235694419624,-1.3716236910436208,102,0.29414294558051923,5,"sin_year, cos_year, year_fraction, flux_lag1, flux_lag12",0.3559998783983416,1.210295483020141
2017-06,gradient boosting,1,2017-07,-1.679657543385163,-1.3716236910436208,102,0.29414294558051923,5,"sin_year, cos_year, year_fraction, flux_lag1, flux_lag12",0.30803385234154224,1.0472250209285419
2017-06,ordinary least squares,3,2017-09,-0.7780746234631658,-0.7444467340021905,102,0.29414294558051923,4,"sin_year, cos_year, year_fraction, flux_lag12",0.03362788946097528,0.11432499050625683
2017-06,ridge,3,2017-09,-0.7740866808746382,-0.7444467340021905,102,0.29414294558051923,4,"sin_year, cos_year, year_fraction, flux_lag12",0.029639946872447642,0.1007671518823964
2017-06,random forest,3,2017-09,-0.9302508571118699,-0.7444467340021905,102,0.29414294558051923,4,"sin_year, cos_year, year_fraction, flux_lag12",0.18580412310967942,0.6316796846614058
2017-06,gradient boosting,3,2017-09,-0.7787267943804644,-0.7444467340021905,102,0.29414294558051923,4,"sin_year, cos_year, year_fraction, flux_lag12",0.03428006037827391,0.11654218091349747
2017-06,ordinary least squares,6,2017-12,-0.31057266139455275,-0.4928311284175383,102,0.29414294558051923,4,"sin_year, cos_year, year_fraction, flux_lag12",-0.18225846702298554,0.6196254908078146
2017-06,ridge,6,2017-12,-0.3005667831593492,-0.4928311284175383,102,0.29414294558051923,4,"sin_year, cos_year, year_fraction, flux_lag12",-0.19226434525818908,0.6536425508309812
2017-06,random forest,6,2017-12,-0.3761535998466695,-0.4928311284175383,102,0.29414294558051923,4,"sin_year, cos_year, year_fraction, flux_lag12",-0.11667752857086877,0.3966694776262423
2017-06,gradient boosting,6,2017-12,-0.22026619728460659,-0.4928311284175383,102,0.29414294558051923,4,"sin_year, cos_year, year_fraction, flux_lag12",-0.2725649311329317,0.9266410608454292
2017-06,ordinary least squares,12,2018-06,-1.6808060478234144,-1.451765448609288,102,0.29414294558051923,5,"sin_year, cos_year, year_fraction, flux_lag12, flux_lag13",0.22904059921412645,0.7786710599572358
2017-06,ridge,12,2018-06,-1.6783864385327998,-1.451765448609288,102,0.29414294558051923,5,"sin_year, cos_year, year_fraction, flux_lag12, flux_lag13",0.22662098992351187,0.7704450959252267
2017-06,random forest,12,2018-06,-1.6511973910687008,-1.451765448609288,102,0.29414294558051923,5,"sin_year, cos_year, year_fraction, flux_lag12, flux_lag13",0.19943194245941287,0.6780102853250989
2017-06,gradient boosting,12,2018-06,-1.7166956332784478,-1.451765448609288,102,0.29414294558051923,5,"sin_year, cos_year, year_fraction, flux_lag12, flux_lag13",0.26493018466915985,0.9006851554651253
2017-07,ordinary least squares,1,2017-08,-1.2746546591693608,-1.283633113388049,103,0.29238537692403443,5,"sin_year, cos_year, year_fraction, flux_lag1, flux_lag12",-0.008978454218688148,0.03070760348258069
2017-07,ridge,1,2017-08,-1.296146553274276,-1.283633113388049,103,0.29238537692403443,5,"sin_year, cos_year, year_fraction, flux_lag1, flux_lag12",0.012513439886226996,0.042797762384259565
2017-07,random forest,1,2017-08,-1.3233393575315364,-1.283633113388049,103,0.29238537692403443,5,"sin_year, cos_year, year_fraction, flux_lag1, flux_lag12",0.039706244143487446,0.13580106009817192
2017-07,gradient boosting,1,2017-08,-1.2783133232513049,-1.283633113388049,103,0.29238537692403443,5,"sin_year, cos_year, year_fraction, flux_lag1, flux_lag12",-0.005319790136744107,0.018194446633103194
2017-07,ordinary least squares,3,2017-10,-0.3627990299027178,-0.4000628493107893,103,0.29238537692403443,4,"sin_year, cos_year, year_fraction, flux_lag12",-0.0372638194080715,0.1274476165672031
2017-07,ridge,3,2017-10,-0.36153158797540524,-0.4000628493107893,103,0.29238537692403443,4,"sin_year, cos_year, year_fraction, flux_lag12",-0.03853126133538404,0.1317824500689546
2017-07,random forest,3,2017-10,-0.5088340974075048,-0.4000628493107893,103,0.29238537692403443,4,"sin_year, cos_year, year_fraction, flux_lag12",0.10877124809671557,0.37201329711155756
2017-07,gradient boosting,3,2017-10,-0.425328301096448,-0.4000628493107893,103,0.29238537692403443,4,"sin_year, cos_year, year_fraction, flux_lag12",0.0252654517856587,0.08641147533251294
2017-07,ordinary least squares,6,2018-01,-0.2430455650309578,-0.3350201368019978,103,0.29238537692403443,4,"sin_year, cos_year, year_fraction, flux_lag12",-0.09197457177104001,0.3145662506744864
2017-07,ridge,6,2018-01,-0.2366850896056312,-0.3350201368019978,103,0.29238537692403443,4,"sin_year, cos_year, year_fraction, flux_lag12",-0.09833504719636663,0.33631999052372363
2017-07,random forest,6,2018-01,-0.11348249812070645,-0.3350201368019978,103,0.29238537692403443,4,"sin_year, cos_year, year_fraction, flux_lag12",-0.2215376386812914,0.7576905555671815
2017-07,gradient boosting,6,2018-01,-0.2013064080085244,-0.3350201368019978,103,0.29238537692403443,4,"sin_year, cos_year, year_fraction, flux_lag12",-0.13371372879347343,0.4573201649144513
2017-07,ordinary least squares,12,2018-07,-1.7875773478367778,-1.0896328102956907,103,0.29238537692403443,5,"sin_year, cos_year, year_fraction, flux_lag12, flux_lag13",0.6979445375410871,2.3870706014221166
2017-07,ridge,12,2018-07,-1.7787117827388228,-1.0896328102956907,103,0.29238537692403443,5,"sin_year, cos_year, year_fraction, flux_lag12, flux_lag13",0.6890789724431321,2.356749094952734
2017-07,random forest,12,2018-07,-1.7936043254642922,-1.0896328102956907,103,0.29238537692403443,5,"sin_year, cos_year, year_fraction, flux_lag12, flux_lag13",0.7039715151686015,2.4076837308847443
2017-07,gradient boosting,12,2018-07,-1.7205160369001076,-1.0896328102956907,103,0.29238537692403443,5,"sin_year, cos_year, year_fraction, flux_lag12, flux_lag13",0.6308832266044169,2.157711282422748
2017-08,ordinary least squares,1,2017-09,-0.6909792354176343,-0.7444467340021905,104,0.2928485361606316,5,"sin_year, cos_year, year_fraction, flux_lag1, flux_lag12",-0.05346749858455624,0.18257731209975572
2017-08,ridge,1,2017-09,-0.6987281826208754,-0.7444467340021905,104,0.2928485361606316,5,"sin_year, cos_year, year_fraction, flux_lag1, flux_lag12",-0.04571855138131509,0.15611671473828986
2017-08,random forest,1,2017-09,-0.8282791020596151,-0.7444467340021905,104,0.2928485361606316,5,"sin_year, cos_year, year_fraction, flux_lag1, flux_lag12",0.08383236805742456,0.2862652795076336
2017-08,gradient boosting,1,2017-09,-0.7971037076366352,-0.7444467340021905,104,0.2928485361606316,5,"sin_year, cos_year, year_fraction, flux_lag1, flux_lag12",0.05265697363444466,0.17980958458867471
2017-08,ordinary least squares,3,2017-11,-0.2824162731027133,-0.1306877936767514,104,0.2928485361606316,4,"sin_year, cos_year, year_fraction, flux_lag12",0.15172847942596188,0.5181124734826629
2017-08,ridge,3,2017-11,-0.2767935685148894,-0.1306877936767514,104,0.2928485361606316,4,"sin_year, cos_year, year_fraction, flux_lag12",0.146105774838138,0.49891243013759473
2017-08,random forest,3,2017-11,-0.1835914809719113,-0.1306877936767514,104,0.2928485361606316,4,"sin_year, cos_year, year_fraction, flux_lag12",0.0529036872951599,0.18065204623779124
2017-08,gradient boosting,3,2017-11,-0.2500389887524325,-0.1306877936767514,104,0.2928485361606316,4,"sin_year, cos_year, year_fraction, flux_lag12",0.11935119507568112,0.407552643562525
2017-08,ordinary least squares,6,2018-02,-0.23842199745558035,-0.4316211846913061,104,0.2928485361606316,4,"sin_year, cos_year, year_fraction, flux_lag12",-0.19319918723572577,0.6597239302222541
2017-08,ridge,6,2018-02,-0.2317419681366811,-0.4316211846913061,104,0.2928485361606316,4,"sin_year, cos_year, year_fraction, flux_lag12",-0.199879216554625,0.6825344568053037
2017-08,random forest,6,2018-02,-0.22879996751639048,-0.4316211846913061,104,0.2928485361606316,4,"sin_year, cos_year, year_fraction, flux_lag12",-0.20282121717491564,0.6925806078254231
2017-08,gradient boosting,6,2018-02,-0.1935648784805683,-0.4316211846913061,104,0.2928485361606316,4,"sin_year, cos_year, year_fraction, flux_lag12",-0.2380563062107378,0.8128990820024469
2017-08,ordinary least squares,12,2018-08,-1.5227070957684214,-0.695494837096196,104,0.2928485361606316,5,"sin_year, cos_year, year_fraction, flux_lag12, flux_lag13",0.8272122586722255,2.8247102393521533
2017-08,ridge,12,2018-08,-1.5135342973110126,-0.695494837096196,104,0.2928485361606316,5,"sin_year, cos_year, year_fraction, flux_lag12, flux_lag13",0.8180394602148167,2.793387567988765
2017-08,random forest,12,2018-08,-1.6178298568319813,-0.695494837096196,104,0.2928485361606316,5,"sin_year, cos_year, year_fraction, flux_lag12, flux_lag13",0.9223350197357854,3.149529213387877
2017-08,gradient boosting,12,2018-08,-1.45867727884929,-0.695494837096196,104,0.2928485361606316,5,"sin_year, cos_year, year_fraction, flux_lag12, flux_lag13",0.7631824417530941,2.606065414424601
2017-09,ordinary least squares,1,2017-10,-0.3583858906400765,-0.4000628493107893,105,0.29040494445991744,5,"sin_year, cos_year, year_fraction, flux_lag1, flux_lag12",-0.041676958670712805,0.14351325439111173
2017-09,ridge,1,2017-10,-0.3579647995295806,-0.4000628493107893,105,0.29040494445991744,5,"sin_year, cos_year, year_fraction, flux_lag1, flux_lag12",-0.04209804978120868,0.14496326796191716
2017-09,random forest,1,2017-10,-0.29989376263296735,-0.4000628493107893,105,0.29040494445991744,5,"sin_year, cos_year, year_fraction, flux_lag1, flux_lag12",-0.10016908667782193,0.3449289985888913
2017-09,gradient boosting,1,2017-10,-0.3359816205057744,-0.4000628493107893,105,0.29040494445991744,5,"sin_year, cos_year, year_fraction, flux_lag1, flux_lag12",-0.06408122880501488,0.2206616313788678
2017-09,ordinary least squares,3,2017-12,-0.29943753846611937,-0.4928311284175383,105,0.29040494445991744,4,"sin_year, cos_year, year_fraction, flux_lag12",-0.19339358995141892,0.6659445496394146
2017-09,ridge,3,2017-12,-0.2915612776017019,-0.4928311284175383,105,0.29040494445991744,4,"sin_year, cos_year, year_fraction, flux_lag12",-0.20126985081583637,0.6930661982706573
2017-09,random forest,3,2017-12,-0.41167366367416336,-0.4928311284175383,105,0.29040494445991744,4,"sin_year, cos_year, year_fraction, flux_lag12",-0.08115746474337493,0.2794630955554427
2017-09,gradient boosting,3,2017-12,-0.23103326073793717,-0.4928311284175383,105,0.29040494445991744,4,"sin_year, cos_year, year_fraction, flux_lag12",-0.2617978676796011,0.9014924596634588
2017-09,ordinary least squares,6,2018-03,-0.3303961071095945,-0.3704083872450299,105,0.29040494445991744,4,"sin_year, cos_year, year_fraction, flux_lag12",-0.040012280135435396,0.13778098788864807
2017-09,ridge,6,2018-03,-0.3293677951627281,-0.3704083872450299,105,0.29040494445991744,4,"sin_year, cos_year, year_fraction, flux_lag12",-0.04104059208230176,0.14132194669972745
2017-09,random forest,6,2018-03,-0.2790154523574854,-0.3704083872450299,105,0.29040494445991744,4,"sin_year, cos_year, year_fraction, flux_lag12",-0.09139293488754446,0.31470860476398943
2017-09,gradient boosting,6,2018-03,-0.3809369748634943,-0.3704083872450299,105,0.29040494445991744,4,"sin_year, cos_year, year_fraction, flux_lag12",0.010528587618464424,0.03625484971698756
2017-09,ordinary least squares,12,2018-09,-0.7871709677602127,-0.7038415059982875,105,0.29040494445991744,5,"sin_year, cos_year, year_fraction, flux_lag12, flux_lag13",0.08332946176192513,0.2869422967880167
2017-09,ridge,12,2018-09,-0.7825271329604101,-0.7038415059982875,105,0.29040494445991744,5,"sin_year, cos_year, year_fraction, flux_lag12, flux_lag13",0.07868562696212256,0.2709514023890285
2017-09,random forest,12,2018-09,-0.8388885961661979,-0.7038415059982875,105,0.29040494445991744,5,"sin_year, cos_year, year_fraction, flux_lag12, flux_lag13",0.1350470901679104,0.4650302715026603
2017-09,gradient boosting,12,2018-09,-0.7892410146356379,-0.7038415059982875,105,0.29040494445991744,5,"sin_year, cos_year, year_fraction, flux_lag12, flux_lag13",0.08539950863735035,0.2940704360119373
2017-10,ordinary least squares,1,2017-11,-0.28206907495507144,-0.1306877936767514,106,0.28800732748229985,5,"sin_year, cos_year, year_fraction, flux_lag1, flux_lag12",0.15138128127832004,0.5256160758188471
2017-10,ridge,1,2017-11,-0.27907963104327754,-0.1306877936767514,106,0.28800732748229985,5,"sin_year, cos_year, year_fraction, flux_lag1, flux_lag12",0.14839183736652614,0.5152363263245304
2017-10,random forest,1,2017-11,-0.22030621502096603,-0.1306877936767514,106,0.28800732748229985,5,"sin_year, cos_year, year_fraction, flux_lag1, flux_lag12",0.08961842134421463,0.3111671571957569
2017-10,gradient boosting,1,2017-11,-0.24779849910953933,-0.1306877936767514,106,0.28800732748229985,5,"sin_year, cos_year, year_fraction, flux_lag1, flux_lag12",0.11711070543278793,0.4066240482717761
2017-10,ordinary least squares,3,2018-01,-0.2435993366728709,-0.3350201368019978,106,0.28800732748229985,4,"sin_year, cos_year, year_fraction, flux_lag12",-0.09142080012912693,0.3174252576429515
2017-10,ridge,3,2018-01,-0.2370626134696031,-0.3350201368019978,106,0.28800732748229985,4,"sin_year, cos_year, year_fraction, flux_lag12",-0.09795752333239471,0.3401216357539199
2017-10,random forest,3,2018-01,-0.11650395474558664,-0.3350201368019978,106,0.28800732748229985,4,"sin_year, cos_year, year_fraction, flux_lag12",-0.21851618205641118,0.7587174394715378
2017-10,gradient boosting,3,2018-01,-0.21270171704752835,-0.3350201368019978,106,0.28800732748229985,4,"sin_year, cos_year, year_fraction, flux_lag12",-0.12231841975446947,0.42470592961558185
2017-10,ordinary least squares,6,2018-04,-0.5998608928606617,-0.3243152732387839,106,0.28800732748229985,4,"sin_year, cos_year, year_fraction, flux_lag12",0.2755456196218778,0.9567312819109163
2017-10,ridge,6,2018-04,-0.5925102584225264,-0.3243152732387839,106,0.28800732748229985,4,"sin_year, cos_year, year_fraction, flux_lag12",0.26819498518374246,0.9312088950244678
2017-10,random forest,6,2018-04,-0.7297640183042782,-0.3243152732387839,106,0.28800732748229985,4,"sin_year, cos_year, year_fraction, flux_lag12",0.4054487450654943,1.4077723251343737
2017-10,gradient boosting,6,2018-04,-0.5471797655346109,-0.3243152732387839,106,0.28800732748229985,4,"sin_year, cos_year, year_fraction, flux_lag12",0.222864492295827,0.773815354783026
2017-10,ordinary least squares,12,2018-10,-0.3625427921368991,-0.476496696993747,106,0.28800732748229985,5,"sin_year, cos_year, year_fraction, flux_lag12, flux_lag13",-0.11395390485684792,0.3956632140335083
2017-10,ridge,12,2018-10,-0.3619784367572686,-0.476496696993747,106,0.28800732748229985,5,"sin_year, cos_year, year_fraction, flux_lag12, flux_lag13",-0.11451826023647843,0.39762273146858185
2017-10,random forest,12,2018-10,-0.4138413241354084,-0.476496696993747,106,0.28800732748229985,5,"sin_year, cos_year, year_fraction, flux_lag12, flux_lag13",-0.06265537285833861,0.21754784298739496
2017-10,gradient boosting,12,2018-10,-0.48575570717984595,-0.476496696993747,106,0.28800732748229985,5,"sin_year, cos_year, year_fraction, flux_lag12, flux_lag13",0.009259010186098926,0.032148522980436876
2017-11,ordinary least squares,1,2017-12,-0.2122963184324044,-0.4928311284175383,107,0.2858685252899953,5,"sin_year, cos_year, year_fraction, flux_lag1, flux_lag12",-0.2805348099851339,0.9813420687029093
2017-11,ridge,1,2017-12,-0.22072035690264863,-0.4928311284175383,107,0.2858685252899953,5,"sin_year, cos_year, year_fraction, flux_lag1, flux_lag12",-0.27211077151488966,0.9518738421407209
2017-11,random forest,1,2017-12,-0.2808132333059375,-0.4928311284175383,107,0.2858685252899953,5,"sin_year, cos_year, year_fraction, flux_lag1, flux_lag12",-0.2120178951116008,0.7416622550402225
2017-11,gradient boosting,1,2017-12,-0.12259520928407745,-0.4928311284175383,107,0.2858685252899953,5,"sin_year, cos_year, year_fraction, flux_lag1, flux_lag12",-0.3702359191334608,1.2951265577694508
2017-11,ordinary least squares,3,2018-02,-0.23753383206094444,-0.4316211846913061,107,0.2858685252899953,4,"sin_year, cos_year, year_fraction, flux_lag12",-0.19408735263036167,0.6789392166677758
2017-11,ridge,3,2018-02,-0.2309429655422448,-0.4316211846913061,107,0.2858685252899953,4,"sin_year, cos_year, year_fraction, flux_lag12",-0.2006782191490613,0.7019948031896346
2017-11,random forest,3,2018-02,-0.23078139102875322,-0.4316211846913061,107,0.2858685252899953,4,"sin_year, cos_year, year_fraction, flux_lag12",-0.2008397936625529,0.7025600088670615
2017-11,gradient boosting,3,2018-02,-0.1859384179501091,-0.4316211846913061,107,0.2858685252899953,4,"sin_year, cos_year, year_fraction, flux_lag12",-0.24568276674119702,0.8594257324830273
2017-11,ordinary least squares,6,2018-05,-0.8015057126823981,-0.778073330394462,107,0.2858685252899953,4,"sin_year, cos_year, year_fraction, flux_lag12",0.023432382287936093,0.08196908793706982
2017-11,ridge,6,2018-05,-0.8032889495620481,-0.778073330394462,107,0.2858685252899953,4,"sin_year, cos_year, year_fraction, flux_lag12",0.02521561916758608,0.0882070495239252
2017-11,random forest,6,2018-05,-0.8305406638518883,-0.778073330394462,107,0.2858685252899953,4,"sin_year, cos_year, year_fraction, flux_lag12",0.05246733345742627,0.1835365869824302
2017-11,gradient boosting,6,2018-05,-0.8823417976263441,-0.778073330394462,107,0.2858685252899953,4,"sin_year, cos_year, year_fraction, flux_lag12",0.1042684672318821,0.3647427331361801
2017-11,ordinary least squares,12,2018-11,-0.23433456667539254,-0.5563420591520679,107,0.2858685252899953,5,"sin_year, cos_year, year_fraction, flux_lag12, flux_lag13",-0.32200749247667537,1.1264181397725386
2017-11,ridge,12,2018-11,-0.23488979560136392,-0.5563420591520679,107,0.2858685252899953,5,"sin_year, cos_year, year_fraction, flux_lag12, flux_lag13",-0.321452263550704,1.1244758870344724
2017-11,random forest,12,2018-11,-0.1897289127592149,-0.5563420591520679,107,0.2858685252899953,5,"sin_year, cos_year, year_fraction, flux_lag12, flux_lag13",-0.36661314639285303,1.282453694477024
2017-11,gradient boosting,12,2018-11,-0.25488846995057285,-0.5563420591520679,107,0.2858685252899953,5,"sin_year, cos_year, year_fraction, flux_lag12, flux_lag13",-0.30145358920149506,1.0545182926161238
2017-12,ordinary least squares,1,2018-01,-0.35650749789618663,-0.3350201368019978,108,0.2888840060107996,5,"sin_year, cos_year, year_fraction, flux_lag1, flux_lag12",0.021487361094188806,0.07438058406523733
2017-12,ridge,1,2018-01,-0.33398120231147277,-0.3350201368019978,108,0.2888840060107996,5,"sin_year, cos_year, year_fraction, flux_lag1, flux_lag12",-0.0010389344905250564,0.0035963724848312195
2017-12,random forest,1,2018-01,-0.3256747333622503,-0.3350201368019978,108,0.2888840060107996,5,"sin_year, cos_year, year_fraction, flux_lag1, flux_lag12",-0.009345403439747546,0.03235002023406647
2017-12,gradient boosting,1,2018-01,-0.2820494586396408,-0.3350201368019978,108,0.2888840060107996,5,"sin_year, cos_year, year_fraction, flux_lag1, flux_lag12",-0.05297067816235701,0.18336313904611515
2017-12,ordinary least squares,3,2018-03,-0.3292568255736047,-0.3704083872450299,108,0.2888840060107996,4,"sin_year, cos_year, year_fraction, flux_lag12",-0.041151561671425196,0.1424501212084645
2017-12,ridge,3,2018-03,-0.32851440692269157,-0.3704083872450299,108,0.2888840060107996,4,"sin_year, cos_year, year_fraction, flux_lag12",-0.04189398032233832,0.14502007536122355
2017-12,random forest,3,2018-03,-0.31778673958582887,-0.3704083872450299,108,0.2888840060107996,4,"sin_year, cos_year, year_fraction, flux_lag12",-0.05262164765920102,0.182154936113818
2017-12,gradient boosting,3,2018-03,-0.34387272516455974,-0.3704083872450299,108,0.2888840060107996,4,"sin_year, cos_year, year_fraction, flux_lag12",-0.026535662080470146,0.09185576746494625
2017-12,ordinary least squares,6,2018-06,-1.7027676120820867,-1.451765448609288,108,0.2888840060107996,4,"sin_year, cos_year, year_fraction, flux_lag12",0.2510021634727988,0.8688683286378109
2017-12,ridge,6,2018-06,-1.6958271972142054,-1.451765448609288,108,0.2888840060107996,4,"sin_year, cos_year, year_fraction, flux_lag12",0.24406174860491747,0.8448434095579299
2017-12,random forest,6,2018-06,-1.7602228342094444,-1.451765448609288,108,0.2888840060107996,4,"sin_year, cos_year, year_fraction, flux_lag12",0.30845738560015645,1.0677551514867358
2017-12,gradient boosting,6,2018-06,-1.6524508741451935,-1.451765448609288,108,0.2888840060107996,4,"sin_year, cos_year, year_fraction, flux_lag12",0.20068542553590563,0.6946920610357474
2017-12,ordinary least squares,12,2018-12,-0.22439734912940518,-0.3337235904993121,108,0.2888840060107996,5,"sin_year, cos_year, year_fraction, flux_lag12, flux_lag13",-0.10932624136990693,0.37844338590977544
2017-12,ridge,12,2018-12,-0.2317265641851379,-0.3337235904993121,108,0.2888840060107996,5,"sin_year, cos_year, year_fraction, flux_lag12, flux_lag13",-0.1019970263141742,0.3530725972775425
2017-12,random forest,12,2018-12,-0.23309822283633125,-0.3337235904993121,108,0.2888840060107996,5,"sin_year, cos_year, year_fraction, flux_lag12, flux_lag13",-0.10062536766298086,0.3483244678461676
2017-12,gradient boosting,12,2018-12,-0.212911126272534,-0.3337235904993121,108,0.2888840060107996,5,"sin_year, cos_year, year_fraction, flux_lag12, flux_lag13",-0.1208124642267781,0.41820406015230094
2018-01,ordinary least squares,1,2018-02,-0.2808710970968148,-0.4316211846913061,109,0.2886696171332229,5,"sin_year, cos_year, year_fraction, flux_lag1, flux_lag12",-0.15075008759449132,0.522223603202824
2018-01,ridge,1,2018-02,-0.2702957680347017,-0.4316211846913061,109,0.2886696171332229,5,"sin_year, cos_year, year_fraction, flux_lag1, flux_lag12",-0.16132541665660444,0.558858317888549
2018-01,random forest,1,2018-02,-0.2915950475031002,-0.4316211846913061,109,0.2886696171332229,5,"sin_year, cos_year, year_fraction, flux_lag1, flux_lag12",-0.1400261371882059,0.48507403923836884
2018-01,gradient boosting,1,2018-02,-0.2908252832148127,-0.4316211846913061,109,0.2886696171332229,5,"sin_year, cos_year, year_fraction, flux_lag1, flux_lag12",-0.1407959014764934,0.48774063191941386
2018-01,ordinary least squares,3,2018-04,-0.6002634733257112,-0.3243152732387839,109,0.2886696171332229,4,"sin_year, cos_year, year_fraction, flux_lag12",0.2759482000869273,0.9559308763678284
2018-01,ridge,3,2018-04,-0.5931698408892334,-0.3243152732387839,109,0.2886696171332229,4,"sin_year, cos_year, year_fraction, flux_lag12",0.2688545676504495,0.9313573431123213
2018-01,random forest,3,2018-04,-0.7518167389773661,-0.3243152732387839,109,0.2886696171332229,4,"sin_year, cos_year, year_fraction, flux_lag12",0.4275014657385822,1.4809368231547815
2018-01,gradient boosting,3,2018-04,-0.5371513558174685,-0.3243152732387839,109,0.2886696171332229,4,"sin_year, cos_year, year_fraction, flux_lag12",0.21283608257868464,0.737299909468683
2018-01,ordinary least squares,6,2018-07,-1.777876771343099,-1.0896328102956907,109,0.2886696171332229,4,"sin_year, cos_year, year_fraction, flux_lag12",0.6882439610474083,2.384192586259534
2018-01,ridge,6,2018-07,-1.7667764519096754,-1.0896328102956907,109,0.2886696171332229,4,"sin_year, cos_year, year_fraction, flux_lag12",0.6771436416139847,2.3457392168205855
2018-01,random forest,6,2018-07,-1.9665202486875373,-1.0896328102956907,109,0.2886696171332229,4,"sin_year, cos_year, year_fraction, flux_lag12",0.8768874383918466,3.037685251050017
2018-01,gradient boosting,6,2018-07,-1.7051682779997928,-1.0896328102956907,109,0.2886696171332229,4,"sin_year, cos_year, year_fraction, flux_lag12",0.6155354677041021,2.1323181629469112
2018-01,ordinary least squares,12,2019-01,-0.17293243927404015,-0.2590929151041666,109,0.2886696171332229,5,"sin_year, cos_year, year_fraction, flux_lag12, flux_lag13",-0.08616047583012645,0.29847434823860536
2018-01,ridge,12,2019-01,-0.17426138345450728,-0.2590929151041666,109,0.2886696171332229,5,"sin_year, cos_year, year_fraction, flux_lag12, flux_lag13",-0.08483153164965931,0.2938706625661578
2018-01,random forest,12,2019-01,-0.10319368854646853,-0.2590929151041666,109,0.2886696171332229,5,"sin_year, cos_year, year_fraction, flux_lag12, flux_lag13",-0.15589922655769806,0.5400610847304708
2018-01,gradient boosting,12,2019-01,-0.13435570446772366,-0.2590929151041666,109,0.2886696171332229,5,"sin_year, cos_year, year_fraction, flux_lag12, flux_lag13",-0.12473721063644294,0.43211063178455633
2018-02,ordinary least squares,1,2018-03,-0.4311348603387811,-0.3704083872450299,110,0.29004031087390475,5,"sin_year, cos_year, year_fraction, flux_lag1, flux_lag12",0.06072647309375123,0.20937252794544173
2018-02,ridge,1,2018-03,-0.4179653347845597,-0.3704083872450299,110,0.29004031087390475,5,"sin_year, cos_year, year_fraction, flux_lag1, flux_lag12",0.047556947539529826,0.16396668241127782
2018-02,random forest,1,2018-03,-0.4861706821523969,-0.3704083872450299,110,0.29004031087390475,5,"sin_year, cos_year, year_fraction, flux_lag1, flux_lag12",0.115762294907367,0.3991248477102024
2018-02,gradient boosting,1,2018-03,-0.42231773209438167,-0.3704083872450299,110,0.29004031087390475,5,"sin_year, cos_year, year_fraction, flux_lag1, flux_lag12",0.05190934484935178,0.17897286309253546
2018-02,ordinary least squares,3,2018-05,-0.8008898139806125,-0.778073330394462,110,0.29004031087390475,4,"sin_year, cos_year, year_fraction, flux_lag12",0.022816483586150516,0.07866659471369136
2018-02,ridge,3,2018-05,-0.802708457197708,-0.778073330394462,110,0.29004031087390475,4,"sin_year, cos_year, year_fraction, flux_lag12",0.024635126803245977,0.08493690662866554
2018-02,random forest,3,2018-05,-0.8306782561457685,-0.778073330394462,110,0.29004031087390475,4,"sin_year, cos_year, year_fraction, flux_lag12",0.052604925751306486,0.18137108456685014
2018-02,gradient boosting,3,2018-05,-0.8393115881222899,-0.778073330394462,110,0.29004031087390475,4,"sin_year, cos_year, year_fraction, flux_lag12",0.06123825772782787,0.21113705727081244
2018-02,ordinary least squares,6,2018-08,-1.4812887844481009,-0.695494837096196,110,0.29004031087390475,4,"sin_year, cos_year, year_fraction, flux_lag12",0.7857939473519049,2.709257706228047
2018-02,ridge,6,2018-08,-1.474941776850755,-0.695494837096196,110,0.29004031087390475,4,"sin_year, cos_year, year_fraction, flux_lag12",0.7794469397545589,2.6873745149632806
2018-02,random forest,6,2018-08,-1.442725760206532,-0.695494837096196,110,0.29004031087390475,4,"sin_year, cos_year, year_fraction, flux_lag12",0.747230923110336,2.5763002420556473
2018-02,gradient boosting,6,2018-08,-1.4557457935565647,-0.695494837096196,110,0.29004031087390475,4,"sin_year, cos_year, year_fraction, flux_lag12",0.7602509564603688,2.6211906688752946
2018-02,ordinary least squares,12,2019-02,-0.16294074356341687,-0.3455435721350409,110,0.29004031087390475,5,"sin_year, cos_year, year_fraction, flux_lag12, flux_lag13",-0.18260282857162402,0.6295774129514388
2018-02,ridge,12,2019-02,-0.16697132786330665,-0.3455435721350409,110,0.29004031087390475,5,"sin_year, cos_year, year_fraction, flux_lag12, flux_lag13",-0.17857224427173424,0.6156807780742197
2018-02,random forest,12,2019-02,-0.08037721682414445,-0.3455435721350409,110,0.29004031087390475,5,"sin_year, cos_year, year_fraction, flux_lag12, flux_lag13",-0.26516635531089644,0.9142396603835449
2018-02,gradient boosting,12,2019-02,-0.1624258164028623,-0.3455435721350409,110,0.29004031087390475,5,"sin_year, cos_year, year_fraction, flux_lag12, flux_lag13",-0.1831177557321786,0.6313527770689406
2018-03,ordinary least squares,1,2018-04,-0.5977804115415999,-0.3243152732387839,111,0.2878692198278925,5,"sin_year, cos_year, year_fraction, flux_lag1, flux_lag12",0.273465138302816,0.9499631063936317
2018-03,ridge,1,2018-04,-0.5937028451924939,-0.3243152732387839,111,0.2878692198278925,5,"sin_year, cos_year, year_fraction, flux_lag1, flux_lag12",0.26938757195371005,0.9357984577676209
2018-03,random forest,1,2018-04,-0.5548675666122903,-0.3243152732387839,111,0.2878692198278925,5,"sin_year, cos_year, year_fraction, flux_lag1, flux_lag12",0.2305522933735064,0.8008924799648466
2018-03,gradient boosting,1,2018-04,-0.5676692372349261,-0.3243152732387839,111,0.2878692198278925,5,"sin_year, cos_year, year_fraction, flux_lag1, flux_lag12",0.24335396399614223,0.8453629191117951
2018-03,ordinary least squares,3,2018-06,-1.7051657494033323,-1.451765448609288,111,0.2878692198278925,4,"sin_year, cos_year, year_fraction, flux_lag12",0.2534003007940444,0.8802618805356963
2018-03,ridge,3,2018-06,-1.6978242721209758,-1.451765448609288,111,0.2878692198278925,4,"sin_year, cos_year, year_fraction, flux_lag12",0.24605882351168784,0.8547590591963888
2018-03,random forest,3,2018-06,-1.7029128593345757,-1.451765448609288,111,0.2878692198278925,4,"sin_year, cos_year, year_fraction, flux_lag12",0.2511474107252878,0.8724357917648874
2018-03,gradient boosting,3,2018-06,-1.7229131223320333,-1.451765448609288,111,0.2878692198278925,4,"sin_year, cos_year, year_fraction, flux_lag12",0.2711476737227454,0.9419126987069185
2018-03,ordinary least squares,6,2018-09,-0.756519824890646,-0.7038415059982875,111,0.2878692198278925,4,"sin_year, cos_year, year_fraction, flux_lag12",0.05267831889235841,0.1829939266304784
2018-03,ridge,6,2018-09,-0.7550499345884227,-0.7038415059982875,111,0.2878692198278925,4,"sin_year, cos_year, year_fraction, flux_lag12",0.05120842859013519,0.1778878221879749
2018-03,random forest,6,2018-09,-0.9518712376277385,-0.7038415059982875,111,0.2878692198278925,4,"sin_year, cos_year, year_fraction, flux_lag12",0.24802973162945097,0.8616055991597148
2018-03,gradient boosting,6,2018-09,-0.8079520187893207,-0.7038415059982875,111,0.2878692198278925,4,"sin_year, cos_year, year_fraction, flux_lag12",0.10411051279103312,0.3616590646727613
2018-03,ordinary least squares,12,2019-03,-0.28097453608474593,-0.2028890063458396,111,0.2878692198278925,5,"sin_year, cos_year, year_fraction, flux_lag12, flux_lag13",0.07808552973890634,0.27125348721058506
2018-03,ridge,12,2019-03,-0.28553150069087474,-0.2028890063458396,111,0.2878692198278925,5,"sin_year, cos_year, year_fraction, flux_lag12, flux_lag13",0.08264249434503515,0.2870834693422394
2018-03,random forest,12,2019-03,-0.33425288601140735,-0.2028890063458396,111,0.2878692198278925,5,"sin_year, cos_year, year_fraction, flux_lag12, flux_lag13",0.13136387966556776,0.4563318014482614
2018-03,gradient boosting,12,2019-03,-0.3427509886249913,-0.2028890063458396,111,0.2878692198278925,5,"sin_year, cos_year, year_fraction, flux_lag12, flux_lag13",0.13986198227915173,0.4858525074781201
2018-04,ordinary least squares,1,2018-05,-0.7048911087875551,-0.778073330394462,112,0.2853051485558892,5,"sin_year, cos_year, year_fraction, flux_lag1, flux_lag12",-0.0731822216069069,0.2565050857908758
2018-04,ridge,1,2018-05,-0.7186507655132015,-0.778073330394462,112,0.2853051485558892,5,"sin_year, cos_year, year_fraction, flux_lag1, flux_lag12",-0.05942256488126052,0.20827722591770922
2018-04,random forest,1,2018-05,-0.7870033602110532,-0.778073330394462,112,0.2853051485558892,5,"sin_year, cos_year, year_fraction, flux_lag1, flux_lag12",0.00893002981659119,0.031299925226697625
2018-04,gradient boosting,1,2018-05,-0.7429109880124778,-0.778073330394462,112,0.2853051485558892,5,"sin_year, cos_year, year_fraction, flux_lag1, flux_lag12",-0.035162342381984235,0.1232446822637559
2018-04,ordinary least squares,3,2018-07,-1.776241207426037,-1.0896328102956907,112,0.2853051485558892,4,"sin_year, cos_year, year_fraction, flux_lag12",0.6866083971303463,2.406575558154867
2018-04,ridge,3,2018-07,-1.7654431749551107,-1.0896328102956907,112,0.2853051485558892,4,"sin_year, cos_year, year_fraction, flux_lag12",0.67581036465942,2.3687282479132468
2018-04,random forest,3,2018-07,-1.9560420564609668,-1.0896328102956907,112,0.2853051485558892,4,"sin_year, cos_year, year_fraction, flux_lag12",0.8664092461652761,3.036780971358997
2018-04,gradient boosting,3,2018-07,-1.7194475001673688,-1.0896328102956907,112,0.2853051485558892,4,"sin_year, cos_year, year_fraction, flux_lag12",0.6298146898716781,2.2075125284614416
2018-04,ordinary least squares,6,2018-10,-0.3509112695666397,-0.476496696993747,112,0.2853051485558892,4,"sin_year, cos_year, year_fraction, flux_lag12",-0.12558542742710732,0.4401793240072079
2018-04,ridge,6,2018-10,-0.35180925952317055,-0.476496696993747,112,0.2853051485558892,4,"sin_year, cos_year, year_fraction, flux_lag12",-0.12468743747057648,0.4370318520422744
2018-04,random forest,6,2018-10,-0.3452571290161557,-0.476496696993747,112,0.2853051485558892,4,"sin_year, cos_year, year_fraction, flux_lag12",-0.13123956797759134,0.45999719472949674
2018-04,gradient boosting,6,2018-10,-0.40114501603724806,-0.476496696993747,112,0.2853051485558892,4,"sin_year, cos_year, year_fraction, flux_lag12",-0.07535168095649897,0.2641090822857623
2018-04,ordinary least squares,12,2019-04,-0.5381508904787591,-0.6355022568951602,112,0.2853051485558892,5,"sin_year, cos_year, year_fraction, flux_lag12, flux_lag13",-0.09735136641640108,0.34121840040096807
2018-04,ridge,12,2019-04,-0.5375751122250446,-0.6355022568951602,112,0.2853051485558892,5,"sin_year, cos_year, year_fraction, flux_lag12, flux_lag13",-0.09792714467011554,0.3432365141876587
2018-04,random forest,12,2019-04,-0.43876619224836133,-0.6355022568951602,112,0.2853051485558892,5,"sin_year, cos_year, year_fraction, flux_lag12, flux_lag13",-0.19673606464679882,0.6895636676821473
2018-04,gradient boosting,12,2019-04,-0.5474723482735455,-0.6355022568951602,112,0.2853051485558892,5,"sin_year, cos_year, year_fraction, flux_lag12, flux_lag13",-0.08802990862161464,0.30854651262758487
2018-05,ordinary least squares,1,2018-06,-1.666383128648956,-1.451765448609288,113,0.28338223356973147,5,"sin_year, cos_year, year_fraction, flux_lag1, flux_lag12",0.2146176800396682,0.7573434556434799
2018-05,ridge,1,2018-06,-1.6662956793268788,-1.451765448609288,113,0.28338223356973147,5,"sin_year, cos_year, year_fraction, flux_lag1, flux_lag12",0.21453023071759092,0.7570348642368286
2018-05,random forest,1,2018-06,-1.5883783870377925,-1.451765448609288,113,0.28338223356973147,5,"sin_year, cos_year, year_fraction, flux_lag1, flux_lag12",0.13661293842850464,0.48208011034286835
2018-05,gradient boosting,1,2018-06,-1.5890686146911792,-1.451765448609288,113,0.28338223356973147,5,"sin_year, cos_year, year_fraction, flux_lag1, flux_lag12",0.1373031660818913,0.4845157875717897
2018-05,ordinary least squares,3,2018-08,-1.4799054467217188,-0.695494837096196,113,0.28338223356973147,4,"sin_year, cos_year, year_fraction, flux_lag12",0.7844106096255228,2.7680303021978405
2018-05,ridge,3,2018-08,-1.4737552603216242,-0.695494837096196,113,0.28338223356973147,4,"sin_year, cos_year, year_fraction, flux_lag12",0.7782604232254282,2.746327507627336
2018-05,random forest,3,2018-08,-1.4565885901012297,-0.695494837096196,113,0.28338223356973147,4,"sin_year, cos_year, year_fraction, flux_lag12",0.7610937530050337,2.685749714855545
2018-05,gradient boosting,3,2018-08,-1.443789966059366,-0.695494837096196,113,0.28338223356973147,4,"sin_year, cos_year, year_fraction, flux_lag12",0.7482951289631701,2.64058589537173
2018-05,ordinary least squares,6,2018-11,-0.24127635889490148,-0.5563420591520679,113,0.28338223356973147,4,"sin_year, cos_year, year_fraction, flux_lag12",-0.3150657002571664,1.1118047038034888
2018-05,ridge,6,2018-11,-0.23983466250606716,-0.5563420591520679,113,0.28338223356973147,4,"sin_year, cos_year, year_fraction, flux_lag12",-0.31650739664600075,1.1168921659590145
2018-05,random forest,6,2018-11,-0.22894827437510054,-0.5563420591520679,113,0.28338223356973147,4,"sin_year, cos_year, year_fraction, flux_lag12",-0.32739378477696734,1.1553080821363702
2018-05,gradient boosting,6,2018-11,-0.21830218313107816,-0.5563420591520679,113,0.28338223356973147,4,"sin_year, cos_year, year_fraction, flux_lag12",-0.3380398760209897,1.1928760380026038
2018-05,ordinary least squares,12,2019-05,-0.845809598407096,-1.1540291790223325,113,0.28338223356973147,5,"sin_year, cos_year, year_fraction, flux_lag12, flux_lag13",-0.30821958061523647,1.087646098107958
2018-05,ridge,12,2019-05,-0.8430917428485788,-1.1540291790223325,113,0.28338223356973147,5,"sin_year, cos_year, year_fraction, flux_lag12, flux_lag13",-0.3109374361737537,1.0972368742278324
2018-05,random forest,12,2019-05,-0.8754887029346131,-1.1540291790223325,113,0.28338223356973147,5,"sin_year, cos_year, year_fraction, flux_lag12, flux_lag13",-0.27854047608771937,0.9829143929701553
2018-05,gradient boosting,12,2019-05,-0.8867004101593138,-1.1540291790223325,113,0.28338223356973147,5,"sin_year, cos_year, year_fraction, flux_lag12, flux_lag13",-0.2673287688630187,0.9433504898860835
2018-06,ordinary least squares,1,2018-07,-1.6574247660815669,-1.0896328102956907,114,0.2808022717780363,5,"sin_year, cos_year, year_fraction, flux_lag1, flux_lag12",0.5677919557858762,2.0220347655687574
2018-06,ridge,1,2018-07,-1.6646469232523802,-1.0896328102956907,114,0.2808022717780363,5,"sin_year, cos_year, year_fraction, flux_lag1, flux_lag12",0.5750141129566895,2.047754490430963
2018-06,random forest,1,2018-07,-1.803878349507782,-1.0896328102956907,114,0.2808022717780363,5,"sin_year, cos_year, year_fraction, flux_lag1, flux_lag12",0.7142455392120912,2.543588891533882
2018-06,gradient boosting,1,2018-07,-1.5385757558466655,-1.0896328102956907,114,0.2808022717780363,5,"sin_year, cos_year, year_fraction, flux_lag1, flux_lag12",0.4489429455509748,1.598786728854699
2018-06,ordinary least squares,3,2018-09,-0.7561188617656804,-0.7038415059982875,114,0.2808022717780363,4,"sin_year, cos_year, year_fraction, flux_lag12",0.0522773557673929,0.1861714132025121
2018-06,ridge,3,2018-09,-0.7547033380421723,-0.7038415059982875,114,0.2808022717780363,4,"sin_year, cos_year, year_fraction, flux_lag12",0.050861832043884725,0.1811304150847081
2018-06,random forest,3,2018-09,-0.9353094999651798,-0.7038415059982875,114,0.2808022717780363,4,"sin_year, cos_year, year_fraction, flux_lag12",0.23146799396689222,0.824309548855285
2018-06,gradient boosting,3,2018-09,-0.7886291282508987,-0.7038415059982875,114,0.2808022717780363,4,"sin_year, cos_year, year_fraction, flux_lag12",0.08478762225261116,0.30194777882578033
2018-06,ordinary least squares,6,2018-12,-0.19493295123552365,-0.3337235904993121,114,0.2808022717780363,4,"sin_year, cos_year, year_fraction, flux_lag12",-0.13879063926378846,0.4942646595590839
2018-06,ridge,6,2018-12,-0.20466558304856466,-0.3337235904993121,114,0.2808022717780363,4,"sin_year, cos_year, year_fraction, flux_lag12",-0.12905800745074744,0.45960457026773266
2018-06,random forest,6,2018-12,-0.2701693672875642,-0.3337235904993121,114,0.2808022717780363,4,"sin_year, cos_year, year_fraction, flux_lag12",-0.06355422321174792,0.22633087264331378
2018-06,gradient boosting,6,2018-12,-0.1821171327978483,-0.3337235904993121,114,0.2808022717780363,4,"sin_year, cos_year, year_fraction, flux_lag12",-0.1516064577014638,0.5399046693657202
2018-06,ordinary least squares,12,2019-06,-1.661838981870899,-1.6886780421762355,114,0.2808022717780363,5,"sin_year, cos_year, year_fraction, flux_lag12, flux_lag13",-0.02683906030533656,0.09557992581538598
2018-06,ridge,12,2019-06,-1.6591665152752915,-1.6886780421762355,114,0.2808022717780363,5,"sin_year, cos_year, year_fraction, flux_lag12, flux_lag13",-0.02951152690094405,0.10509717999814407
2018-06,random forest,12,2019-06,-1.6255817969770847,-1.6886780421762355,114,0.2808022717780363,5,"sin_year, cos_year, year_fraction, flux_lag12, flux_lag13",-0.0630962451991508,0.22469991001008008
2018-06,gradient boosting,12,2019-06,-1.633909001557292,-1.6886780421762355,114,0.2808022717780363,5,"sin_year, cos_year, year_fraction, flux_lag12, flux_lag13",-0.05476904061894361,0.19504486296405923
2018-07,ordinary least squares,1,2018-08,-1.178353959868586,-0.695494837096196,115,0.28081381167094793,5,"sin_year, cos_year, year_fraction, flux_lag1, flux_lag12",0.48285912277238996,1.7194991937867883
2018-07,ridge,1,2018-08,-1.2115296753379587,-0.695494837096196,115,0.28081381167094793,5,"sin_year, cos_year, year_fraction, flux_lag1, flux_lag12",0.5160348382417628,1.8376405176481925
2018-07,random forest,1,2018-08,-1.3132090071523854,-0.695494837096196,115,0.28081381167094793,5,"sin_year, cos_year, year_fraction, flux_lag1, flux_lag12",0.6177141700561894,2.1997285902020187
2018-07,gradient boosting,1,2018-08,-1.3004688550423953,-0.695494837096196,115,0.28081381167094793,5,"sin_year, cos_year, year_fraction, flux_lag1, flux_lag12",0.6049740179461993,2.1543599096724484
2018-07,ordinary least squares,3,2018-10,-0.35204178399060704,-0.476496696993747,115,0.28081381167094793,4,"sin_year, cos_year, year_fraction, flux_lag12",-0.12445491300313999,0.44319370284027837
2018-07,ridge,3,2018-10,-0.35272346931273996,-0.476496696993747,115,0.28081381167094793,4,"sin_year, cos_year, year_fraction, flux_lag12",-0.12377322768100707,0.44076616796200213
2018-07,random forest,3,2018-10,-0.3490033734261465,-0.476496696993747,115,0.28081381167094793,4,"sin_year, cos_year, year_fraction, flux_lag12",-0.12749332356760051,0.45401372108076604
2018-07,gradient boosting,3,2018-10,-0.3981404251490602,-0.476496696993747,115,0.28081381167094793,4,"sin_year, cos_year, year_fraction, flux_lag12",-0.07835627184468685,0.2790328274041705
2018-07,ordinary least squares,6,2019-01,-0.19764327478218646,-0.2590929151041666,115,0.28081381167094793,4,"sin_year, cos_year, year_fraction, flux_lag12",-0.06144964032198014,0.21882698702151307
2018-07,ridge,6,2019-01,-0.1987036467881578,-0.2590929151041666,115,0.28081381167094793,4,"sin_year, cos_year, year_fraction, flux_lag12",-0.0603892683160088,0.2150509191719236
2018-07,random forest,6,2019-01,-0.16258125140646296,-0.2590929151041666,115,0.28081381167094793,4,"sin_year, cos_year, year_fraction, flux_lag12",-0.09651166369770364,0.34368560122959374
2018-07,gradient boosting,6,2019-01,-0.1332614733820079,-0.2590929151041666,115,0.28081381167094793,4,"sin_year, cos_year, year_fraction, flux_lag12",-0.1258314417221587,0.44809562953265814
2018-07,ordinary least squares,12,2019-07,-1.7342771171691425,-1.174010175717488,115,0.28081381167094793,5,"sin_year, cos_year, year_fraction, flux_lag12, flux_lag13",0.5602669414516546,1.9951545051073352
2018-07,ridge,12,2019-07,-1.7258777508819794,-1.174010175717488,115,0.28081381167094793,5,"sin_year, cos_year, year_fraction, flux_lag12, flux_lag13",0.5518675751644915,1.9652437032233976
2018-07,random forest,12,2019-07,-1.555759968100332,-1.174010175717488,115,0.28081381167094793,5,"sin_year, cos_year, year_fraction, flux_lag12, flux_lag13",0.3817497923828441,1.3594409409967732
2018-07,gradient boosting,12,2019-07,-1.6301968015590662,-1.174010175717488,115,0.28081381167094793,5,"sin_year, cos_year, year_fraction, flux_lag12, flux_lag13",0.4561866258415783,1.6245163410129155
2018-08,ordinary least squares,1,2018-09,-0.3861929231502797,-0.7038415059982875,116,0.28376885459999507,5,"sin_year, cos_year, year_fraction, flux_lag1, flux_lag12",-0.31764858284800784,1.1193919899904807
2018-08,ridge,1,2018-09,-0.42965780495172573,-0.7038415059982875,116,0.28376885459999507,5,"sin_year, cos_year, year_fraction, flux_lag1, flux_lag12",-0.2741837010465618,0.9662219676400194
2018-08,random forest,1,2018-09,-0.4615089858824779,-0.7038415059982875,116,0.28376885459999507,5,"sin_year, cos_year, year_fraction, flux_lag1, flux_lag12",-0.24233252011580964,0.8539785680757858
2018-08,gradient boosting,1,2018-09,-0.613746507689646,-0.7038415059982875,116,0.28376885459999507,5,"sin_year, cos_year, year_fraction, flux_lag1, flux_lag12",-0.09009499830864154,0.3174943157015622
2018-08,ordinary least squares,3,2018-11,-0.23713662925838178,-0.5563420591520679,116,0.28376885459999507,4,"sin_year, cos_year, year_fraction, flux_lag12",-0.31920542989368617,1.124878311059341
2018-08,ridge,3,2018-11,-0.23623658778229153,-0.5563420591520679,116,0.28376885459999507,4,"sin_year, cos_year, year_fraction, flux_lag12",-0.3201054713697764,1.128050052642324
2018-08,random forest,3,2018-11,-0.1831931568050582,-0.5563420591520679,116,0.28376885459999507,4,"sin_year, cos_year, year_fraction, flux_lag12",-0.3731489023470097,1.3149748335595395
2018-08,gradient boosting,3,2018-11,-0.19941394058512027,-0.5563420591520679,116,0.28376885459999507,4,"sin_year, cos_year, year_fraction, flux_lag12",-0.3569281185669476,1.257812874038199
2018-08,ordinary least squares,6,2019-02,-0.17672247435284363,-0.3455435721350409,116,0.28376885459999507,4,"sin_year, cos_year, year_fraction, flux_lag12",-0.16882109778219725,0.5949246897450041
2018-08,ridge,6,2019-02,-0.18109643582814677,-0.3455435721350409,116,0.28376885459999507,4,"sin_year, cos_year, year_fraction, flux_lag12",-0.16444713630689411,0.5795108717575835
2018-08,random forest,6,2019-02,-0.11859201863263642,-0.3455435721350409,116,0.28376885459999507,4,"sin_year, cos_year, year_fraction, flux_lag12",-0.22695155350240448,0.7997761199773629
2018-08,gradient boosting,6,2019-02,-0.13072429918233086,-0.3455435721350409,116,0.28376885459999507,4,"sin_year, cos_year, year_fraction, flux_lag12",-0.21481927295271003,0.7570220250404949
2018-08,ordinary least squares,12,2019-08,-1.4892473101130572,-1.039966131075911,116,0.28376885459999507,4,"sin_year, cos_year, year_fraction, flux_lag12",0.44928117903714626,1.583264589309704
2018-08,ridge,12,2019-08,-1.4719493257986824,-1.039966131075911,116,0.28376885459999507,4,"sin_year, cos_year, year_fraction, flux_lag12",0.43198319472277147,1.5223065805854614
2018-08,random forest,12,2019-08,-1.4899066111051553,-1.039966131075911,116,0.28376885459999507,4,"sin_year, cos_year, year_fraction, flux_lag12",0.44994048002924436,1.5855879626518117
2018-08,gradient boosting,12,2019-08,-1.351252777815379,-1.039966131075911,116,0.28376885459999507,4,"sin_year, cos_year, year_fraction, flux_lag12",0.31128664673946793,1.0969725595089086
2018-09,ordinary least squares,1,2018-10,-0.3361572504246009,-0.476496696993747,117,0.28145301053717514,5,"sin_year, cos_year, year_fraction, flux_lag1, flux_lag12",-0.14033944656914615,0.49862478394278786
2018-09,ridge,1,2018-10,-0.33819095080929784,-0.476496696993747,117,0.28145301053717514,5,"sin_year, cos_year, year_fraction, flux_lag1, flux_lag12",-0.13830574618444919,0.49139906487580937
2018-09,random forest,1,2018-10,-0.3689504574090202,-0.476496696993747,117,0.28145301053717514,5,"sin_year, cos_year, year_fraction, flux_lag1, flux_lag12",-0.10754623958472681,0.38211081622280885
2018-09,gradient boosting,1,2018-10,-0.4282859121527336,-0.476496696993747,117,0.28145301053717514,5,"sin_year, cos_year, year_fraction, flux_lag1, flux_lag12",-0.04821078484101343,0.17129248235433464
2018-09,ordinary least squares,3,2018-12,-0.20664259123871542,-0.3337235904993121,117,0.28145301053717514,4,"sin_year, cos_year, year_fraction, flux_lag12",-0.12708099926059668,0.45151764061095895
2018-09,ridge,3,2018-12,-0.2149661752520906,-0.3337235904993121,117,0.28145301053717514,4,"sin_year, cos_year, year_fraction, flux_lag12",-0.1187574152472215,0.42194402191884056
2018-09,random forest,3,2018-12,-0.2154368198345521,-0.3337235904993121,117,0.28145301053717514,4,"sin_year, cos_year, year_fraction, flux_lag12",-0.11828677066476001,0.42027182597549917
2018-09,gradient boosting,3,2018-12,-0.18316054603115156,-0.3337235904993121,117,0.28145301053717514,4,"sin_year, cos_year, year_fraction, flux_lag12",-0.15056304446816055,0.5349491347802575
2018-09,ordinary least squares,6,2019-03,-0.31679592380192617,-0.2028890063458396,117,0.28145301053717514,4,"sin_year, cos_year, year_fraction, flux_lag12",0.11390691745608658,0.40471024715168724
2018-09,ridge,6,2019-03,-0.31828012334446265,-0.2028890063458396,117,0.28145301053717514,4,"sin_year, cos_year, year_fraction, flux_lag12",0.11539111699862306,0.40998359469806367
2018-09,random forest,6,2019-03,-0.38388599609485996,-0.2028890063458396,117,0.28145301053717514,4,"sin_year, cos_year, year_fraction, flux_lag12",0.18099698974902037,0.6430806670128467
2018-09,gradient boosting,6,2019-03,-0.3582050605069593,-0.2028890063458396,117,0.28145301053717514,4,"sin_year, cos_year, year_fraction, flux_lag12",0.15531605416111974,0.5518365352166135
2018-09,ordinary least squares,12,2019-09,-0.7581011690419636,-0.8985479651631065,117,0.28145301053717514,4,"sin_year, cos_year, year_fraction, flux_lag12",-0.14044679612114297,0.49900619592979034
2018-09,ridge,12,2019-09,-0.7551711566252018,-0.8985479651631065,117,0.28145301053717514,4,"sin_year, cos_year, year_fraction, flux_lag12",-0.1433768085379047,0.5094165035373358
2018-09,random forest,12,2019-09,-0.8479269850462994,-0.8985479651631065,117,0.28145301053717514,4,"sin_year, cos_year, year_fraction, flux_lag12",-0.05062098011680716,0.17985588436305247
2018-09,gradient boosting,12,2019-09,-0.7951739734934138,-0.8985479651631065,117,0.28145301053717514,4,"sin_year, cos_year, year_fraction, flux_lag12",-0.10337399166969274,0.36728685712899417
2018-10,ordinary least squares,1,2018-11,-0.2855766588554267,-0.5563420591520679,118,0.2795188674913806,5,"sin_year, cos_year, year_fraction, flux_lag1, flux_lag12",-0.2707654002966412,0.9686838055931615
2018-10,ridge,1,2018-11,-0.2800960253107204,-0.5563420591520679,118,0.2795188674913806,5,"sin_year, cos_year, year_fraction, flux_lag1, flux_lag12",-0.2762460338413475,0.9882911887866245
2018-10,random forest,1,2018-11,-0.2302603291543609,-0.5563420591520679,118,0.2795188674913806,5,"sin_year, cos_year, year_fraction, flux_lag1, flux_lag12",-0.326081729997707,1.166582180745857
2018-10,gradient boosting,1,2018-11,-0.2506363125363522,-0.5563420591520679,118,0.2795188674913806,5,"sin_year, cos_year, year_fraction, flux_lag1, flux_lag12",-0.3057057466157157,1.093685551030442
2018-10,ordinary least squares,3,2019-01,-0.20039630360182964,-0.2590929151041666,118,0.2795188674913806,4,"sin_year, cos_year, year_fraction, flux_lag12",-0.05869661150233696,0.20999159029630426
2018-10,ridge,3,2019-01,-0.20103609283987572,-0.2590929151041666,118,0.2795188674913806,4,"sin_year, cos_year, year_fraction, flux_lag12",-0.058056822264290875,0.20770269565463642
2018-10,random forest,3,2019-01,-0.1541389108783759,-0.2590929151041666,118,0.2795188674913806,4,"sin_year, cos_year, year_fraction, flux_lag12",-0.10495400422579071,0.3754809296693617
2018-10,gradient boosting,3,2019-01,-0.17922090195177626,-0.2590929151041666,118,0.2795188674913806,4,"sin_year, cos_year, year_fraction, flux_lag12",-0.07987201315239034,0.28574819964471027
2018-10,ordinary least squares,6,2019-04,-0.5513148537162147,-0.6355022568951602,118,0.2795188674913806,4,"sin_year, cos_year, year_fraction, flux_lag12",-0.08418740317894546,0.3011868355596479
2018-10,ridge,6,2019-04,-0.5477296143197894,-0.6355022568951602,118,0.2795188674913806,4,"sin_year, cos_year, year_fraction, flux_lag12",-0.08777264257537076,0.3140133020826487
2018-10,random forest,6,2019-04,-0.5833128109416782,-0.6355022568951602,118,0.2795188674913806,4,"sin_year, cos_year, year_fraction, flux_lag12",-0.05218944595348196,0.1867117108117623
2018-10,gradient boosting,6,2019-04,-0.5092488050163465,-0.6355022568951602,118,0.2795188674913806,4,"sin_year, cos_year, year_fraction, flux_lag12",-0.12625345187881365,0.4516813230244891
2018-10,ordinary least squares,12,2019-10,-0.35426668072704454,-0.5467088262173658,118,0.2795188674913806,4,"sin_year, cos_year, year_fraction, flux_lag12",-0.1924421454903213,0.6884764066821197
2018-10,ridge,12,2019-10,-0.35603167340013747,-0.5467088262173658,118,0.2795188674913806,4,"sin_year, cos_year, year_fraction, flux_lag12",-0.19067715281722836,0.6821620112034411
2018-10,random forest,12,2019-10,-0.45580663224165896,-0.5467088262173658,118,0.2795188674913806,4,"sin_year, cos_year, year_fraction, flux_lag12",-0.09090219397570687,0.32520951015412214
2018-10,gradient boosting,12,2019-10,-0.3973308475427622,-0.5467088262173658,118,0.2795188674913806,4,"sin_year, cos_year, year_fraction, flux_lag12",-0.14937797867460362,0.5344110757718704
2018-11,ordinary least squares,1,2018-12,-0.3835978653178016,-0.3337235904993121,119,0.2808846188744081,5,"sin_year, cos_year, year_fraction, flux_lag1, flux_lag12",0.049874274818489495,0.17756143080511566
2018-11,ridge,1,2018-12,-0.3690574202245791,-0.3337235904993121,119,0.2808846188744081,5,"sin_year, cos_year, year_fraction, flux_lag1, flux_lag12",0.035333829725266996,0.12579481876530166
2018-11,random forest,1,2018-12,-0.3437752916444128,-0.3337235904993121,119,0.2808846188744081,5,"sin_year, cos_year, year_fraction, flux_lag1, flux_lag12",0.010051701145100678,0.03578587245318368
2018-11,gradient boosting,1,2018-12,-0.40961050897500173,-0.3337235904993121,119,0.2808846188744081,5,"sin_year, cos_year, year_fraction, flux_lag1, flux_lag12",0.07588691847568962,0.270171142798036
2018-11,ordinary least squares,3,2019-02,-0.17584872463495818,-0.3455435721350409,119,0.2808846188744081,4,"sin_year, cos_year, year_fraction, flux_lag12",-0.1696948475000827,0.6041443215370876
2018-11,ridge,3,2019-02,-0.18029487216326662,-0.3455435721350409,119,0.2808846188744081,4,"sin_year, cos_year, year_fraction, flux_lag12",-0.16524869997177427,0.5883152329023111
2018-11,random forest,3,2019-02,-0.10853364587640489,-0.3455435721350409,119,0.2808846188744081,4,"sin_year, cos_year, year_fraction, flux_lag12",-0.23700992625863598,0.8437981659814923
2018-11,gradient boosting,3,2019-02,-0.1820955215461748,-0.3455435721350409,119,0.2808846188744081,4,"sin_year, cos_year, year_fraction, flux_lag12",-0.16344805058886608,0.5819045957156828
2018-11,ordinary least squares,6,2019-05,-0.8138028180835307,-1.1540291790223325,119,0.2808846188744081,4,"sin_year, cos_year, year_fraction, flux_lag12",-0.34022636093880176,1.2112673250041048
2018-11,ridge,6,2019-05,-0.8133127128771902,-1.1540291790223325,119,0.2808846188744081,4,"sin_year, cos_year, year_fraction, flux_lag12",-0.3407164661451423,1.2130121881023568
2018-11,random forest,6,2019-05,-0.8229489641350988,-1.1540291790223325,119,0.2808846188744081,4,"sin_year, cos_year, year_fraction, flux_lag12",-0.3310802148872337,1.1787053923207864
2018-11,gradient boosting,6,2019-05,-0.8070004881979329,-1.1540291790223325,119,0.2808846188744081,4,"sin_year, cos_year, year_fraction, flux_lag12",-0.3470286908243996,1.2354848486010068
2018-11,ordinary least squares,12,2019-11,-0.19725382120383994,-0.5525958037474524,119,0.2808846188744081,4,"sin_year, cos_year, year_fraction, flux_lag12",-0.3553419825436125,1.2650816693615272
2018-11,ridge,12,2019-11,-0.2062186266097828,-0.5525958037474524,119,0.2808846188744081,4,"sin_year, cos_year, year_fraction, flux_lag12",-0.34637717713766963,1.2331653421455064
2018-11,random forest,12,2019-11,-0.07394113329259483,-0.5525958037474524,119,0.2808846188744081,4,"sin_year, cos_year, year_fraction, flux_lag12",-0.4786546704548576,1.7040971213481733
2018-11,gradient boosting,12,2019-11,-0.22864933928217576,-0.5525958037474524,119,0.2808846188744081,4,"sin_year, cos_year, year_fraction, flux_lag12",-0.32394646446527664,1.1533079517256257
2018-12,ordinary least squares,1,2019-01,-0.2472446884666039,-0.2590929151041666,120,0.279757053309999,5,"sin_year, cos_year, year_fraction, flux_lag1, flux_lag12",-0.011848226637562687,0.042351842419621345
2018-12,ridge,1,2019-01,-0.2404736680167186,-0.2590929151041666,120,0.279757053309999,5,"sin_year, cos_year, year_fraction, flux_lag1, flux_lag12",-0.018619247087448,0.06655505863802474
2018-12,random forest,1,2019-01,-0.22898479859846113,-0.2590929151041666,120,0.279757053309999,5,"sin_year, cos_year, year_fraction, flux_lag1, flux_lag12",-0.030108116505705468,0.10762236787053459
2018-12,gradient boosting,1,2019-01,-0.24337012453230267,-0.2590929151041666,120,0.279757053309999,5,"sin_year, cos_year, year_fraction, flux_lag1, flux_lag12",-0.01572279057186393,0.056201587719904585
2018-12,ordinary least squares,3,2019-03,-0.31729481948588945,-0.2028890063458396,120,0.279757053309999,4,"sin_year, cos_year, year_fraction, flux_lag12",0.11440581314004986,0.4089470195172405
2018-12,ridge,3,2019-03,-0.31864495514567187,-0.2028890063458396,120,0.279757053309999,4,"sin_year, cos_year, year_fraction, flux_lag12",0.11575594879983228,0.41377312003484334
2018-12,random forest,3,2019-03,-0.38337592679426924,-0.2028890063458396,120,0.279757053309999,4,"sin_year, cos_year, year_fraction, flux_lag12",0.18048692044842965,0.6451559248031968
2018-12,gradient boosting,3,2019-03,-0.3752569801242386,-0.2028890063458396,120,0.279757053309999,4,"sin_year, cos_year, year_fraction, flux_lag12",0.172367973778399,0.6161345057756163
2018-12,ordinary least squares,6,2019-06,-1.6603165242764262,-1.6886780421762355,120,0.279757053309999,4,"sin_year, cos_year, year_fraction, flux_lag12",-0.02836151789980934,0.10137909862948807
2018-12,ridge,6,2019-06,-1.655921759558926,-1.6886780421762355,120,0.279757053309999,4,"sin_year, cos_year, year_fraction, flux_lag12",-0.03275628261730956,0.11708831727296005
2018-12,random forest,6,2019-06,-1.6142908485012781,-1.6886780421762355,120,0.279757053309999,4,"sin_year, cos_year, year_fraction, flux_lag12",-0.07438719367495739,0.26589926078656856
2018-12,gradient boosting,6,2019-06,-1.6301239613981957,-1.6886780421762355,120,0.279757053309999,4,"sin_year, cos_year, year_fraction, flux_lag12",-0.05855408077803981,0.20930332259811155
2018-12,ordinary least squares,12,2019-12,-0.2439898626846581,-0.3407732571124477,120,0.279757053309999,4,"sin_year, cos_year, year_fraction, flux_lag12",-0.0967833944277896,0.3459551538832655
2018-12,ridge,12,2019-12,-0.24967445179300662,-0.3407732571124477,120,0.279757053309999,4,"sin_year, cos_year, year_fraction, flux_lag12",-0.09109880531944109,0.3256354191666955
2018-12,random forest,12,2019-12,-0.20672679996600468,-0.3407732571124477,120,0.279757053309999,4,"sin_year, cos_year, year_fraction, flux_lag12",-0.13404645714644303,0.479153092157809
2018-12,gradient boosting,12,2019-12,-0.29898348103472255,-0.3407732571124477,120,0.279757053309999,4,"sin_year, cos_year, year_fraction, flux_lag12",-0.04178977607772516,0.14937881130531452
2019-01,ordinary least squares,1,2019-02,-0.21403864047135973,-0.3455435721350409,121,0.2778870548548415,5,"sin_year, cos_year, year_fraction, flux_lag1, flux_lag12",-0.13150493166368116,0.4732315858771282
2019-01,ridge,1,2019-02,-0.2121863815215103,-0.3455435721350409,121,0.2778870548548415,5,"sin_year, cos_year, year_fraction, flux_lag1, flux_lag12",-0.1333571906135306,0.4798970959017567
2019-01,random forest,1,2019-02,-0.12552316826601412,-0.3455435721350409,121,0.2778870548548415,5,"sin_year, cos_year, year_fraction, flux_lag1, flux_lag12",-0.22002040386902677,0.7917619767641129
2019-01,gradient boosting,1,2019-02,-0.14255468521257642,-0.3455435721350409,121,0.2778870548548415,5,"sin_year, cos_year, year_fraction, flux_lag1, flux_lag12",-0.20298888692246447,0.7304726268321451
2019-01,ordinary least squares,3,2019-04,-0.5514596095595611,-0.6355022568951602,121,0.2778870548548415,4,"sin_year, cos_year, year_fraction, flux_lag12",-0.08404264733559907,0.30243455341775466
2019-01,ridge,3,2019-04,-0.5477947376436193,-0.6355022568951602,121,0.2778870548548415,4,"sin_year, cos_year, year_fraction, flux_lag12",-0.08770751925154086,0.31562290405127436
2019-01,random forest,3,2019-04,-0.5883148044331441,-0.6355022568951602,121,0.2778870548548415,4,"sin_year, cos_year, year_fraction, flux_lag12",-0.047187452462016055,0.16980802681386195
2019-01,gradient boosting,3,2019-04,-0.538195047717754,-0.6355022568951602,121,0.2778870548548415,4,"sin_year, cos_year, year_fraction, flux_lag12",-0.0973072091774062,0.3501681977529903
2019-01,ordinary least squares,6,2019-07,-1.732927583990427,-1.174010175717488,121,0.2778870548548415,4,"sin_year, cos_year, year_fraction, flux_lag12",0.5589174082729391,2.0113114249416837
2019-01,ridge,6,2019-07,-1.7200604105389368,-1.174010175717488,121,0.2778870548548415,4,"sin_year, cos_year, year_fraction, flux_lag12",0.5460502348214489,1.9650078162391784
2019-01,random forest,6,2019-07,-1.607796438436456,-1.174010175717488,121,0.2778870548548415,4,"sin_year, cos_year, year_fraction, flux_lag12",0.43378626271896814,1.5610164458562596
2019-01,gradient boosting,6,2019-07,-1.6673320785421637,-1.174010175717488,121,0.2778870548548415,4,"sin_year, cos_year, year_fraction, flux_lag12",0.4933219028246758,1.7752604671792644
2019-01,ordinary least squares,12,2020-01,-0.22920020865287574,-0.4827268949476449,121,0.2778870548548415,4,"sin_year, cos_year, year_fraction, flux_lag12",-0.25352668629476915,0.9123371595240471
2019-01,ridge,12,2020-01,-0.22652350448032996,-0.4827268949476449,121,0.2778870548548415,4,"sin_year, cos_year, year_fraction, flux_lag12",-0.256203390467315,0.9219695052047197
2019-01,random forest,12,2020-01,-0.2712158114276927,-0.4827268949476449,121,0.2778870548548415,4,"sin_year, cos_year, year_fraction, flux_lag12",-0.21151108351995224,0.7611404699309878
2019-01,gradient boosting,12,2020-01,-0.2503108812921539,-0.4827268949476449,121,0.2778870548548415,4,"sin_year, cos_year, year_fraction, flux_lag12",-0.23241601365549103,0.8363686238529429
2019-02,ordinary least squares,1,2019-03,-0.3813434904129103,-0.2028890063458396,122,0.27614333265212715,5,"sin_year, cos_year, year_fraction, flux_lag1, flux_lag12",0.17845448406707073,0.6462386122205587
2019-02,ridge,1,2019-03,-0.37526265587439395,-0.2028890063458396,122,0.27614333265212715,5,"sin_year, cos_year, year_fraction, flux_lag1, flux_lag12",0.17237364952855436,0.6242180387737366
2019-02,random forest,1,2019-03,-0.48110891003884393,-0.2028890063458396,122,0.27614333265212715,5,"sin_year, cos_year, year_fraction, flux_lag1, flux_lag12",0.2782199036930043,1.0075199028741104
2019-02,gradient boosting,1,2019-03,-0.4978817944300016,-0.2028890063458396,122,0.27614333265212715,5,"sin_year, cos_year, year_fraction, flux_lag1, flux_lag12",0.29499278808416196,1.0682596796779464
2019-02,ordinary least squares,3,2019-05,-0.8134458786999066,-1.1540291790223325,122,0.27614333265212715,4,"sin_year, cos_year, year_fraction, flux_lag12",-0.3405833003224259,1.2333569565174956
2019-02,ridge,3,2019-05,-0.8129198182676047,-1.1540291790223325,122,0.27614333265212715,4,"sin_year, cos_year, year_fraction, flux_lag12",-0.34110936075472775,1.235261983255782
2019-02,random forest,3,2019-05,-0.846251073180262,-1.1540291790223325,122,0.27614333265212715,4,"sin_year, cos_year, year_fraction, flux_lag12",-0.30777810584207044,1.114559250394053
2019-02,gradient boosting,3,2019-05,-0.8250892420818339,-1.1540291790223325,122,0.27614333265212715,4,"sin_year, cos_year, year_fraction, flux_lag12",-0.3289399369404986,1.191192754071967
2019-02,ordinary least squares,6,2019-08,-1.480602851177109,-1.039966131075911,122,0.27614333265212715,4,"sin_year, cos_year, year_fraction, flux_lag12",0.44063672010119803,1.5956811843662806
2019-02,ridge,6,2019-08,-1.4653690198139393,-1.039966131075911,122,0.27614333265212715,4,"sin_year, cos_year, year_fraction, flux_lag12",0.42540288873802834,1.5405147922725029
2019-02,random forest,6,2019-08,-1.5156678929331042,-1.039966131075911,122,0.27614333265212715,4,"sin_year, cos_year, year_fraction, flux_lag12",0.47570176185719326,1.72266249301938
2019-02,gradient boosting,6,2019-08,-1.3610414376409206,-1.039966131075911,122,0.27614333265212715,4,"sin_year, cos_year, year_fraction, flux_lag12",0.3210753065650096,1.1627125068758613
2019-02,ordinary least squares,12,2020-02,-0.21518423594347838,-0.3859813886092053,122,0.27614333265212715,4,"sin_year, cos_year, year_fraction, flux_lag12",-0.1707971526657269,0.6185090584131155
2019-02,ridge,12,2020-02,-0.21640542304246232,-0.3859813886092053,122,0.27614333265212715,4,"sin_year, cos_year, year_fraction, flux_lag12",-0.16957596556674295,0.6140867640659898
2019-02,random forest,12,2020-02,-0.22200845424351268,-0.3859813886092053,122,0.27614333265212715,4,"sin_year, cos_year, year_fraction, flux_lag12",-0.1639729343656926,0.5937964635642978
2019-02,gradient boosting,12,2020-02,-0.18142474724878943,-0.3859813886092053,122,0.27614333265212715,4,"sin_year, cos_year, year_fraction, flux_lag12",-0.20455664136041585,0.7407625576030367
2019-03,ordinary least squares,1,2019-04,-0.4758672560496466,-0.6355022568951602,123,0.2751647384921908,5,"sin_year, cos_year, year_fraction, flux_lag1, flux_lag12",-0.15963500084551357,0.5801433778188989
2019-03,ridge,1,2019-04,-0.48261716626429035,-0.6355022568951602,123,0.2751647384921908,5,"sin_year, cos_year, year_fraction, flux_lag1, flux_lag12",-0.1528850906308698,0.5556129446986126
2019-03,random forest,1,2019-04,-0.47272482312011344,-0.6355022568951602,123,0.2751647384921908,5,"sin_year, cos_year, year_fraction, flux_lag1, flux_lag12",-0.16277743377504672,0.5915635654009002
2019-03,gradient boosting,1,2019-04,-0.41026627044204406,-0.6355022568951602,123,0.2751647384921908,5,"sin_year, cos_year, year_fraction, flux_lag1, flux_lag12",-0.2252359864531161,0.8185495993684827
2019-03,ordinary least squares,3,2019-06,-1.6591556625650248,-1.6886780421762355,123,0.2751647384921908,4,"sin_year, cos_year, year_fraction, flux_lag12",-0.029522379611210736,0.10728983580157594
2019-03,ridge,3,2019-06,-1.65492188639834,-1.6886780421762355,123,0.2751647384921908,4,"sin_year, cos_year, year_fraction, flux_lag12",-0.03375615577789559,0.12267616833053481
2019-03,random forest,3,2019-06,-1.6045096164636894,-1.6886780421762355,123,0.2751647384921908,4,"sin_year, cos_year, year_fraction, flux_lag12",-0.08416842571254612,0.3058837632094885
2019-03,gradient boosting,3,2019-06,-1.628953113594481,-1.6886780421762355,123,0.2751647384921908,4,"sin_year, cos_year, year_fraction, flux_lag12",-0.05972492858175449,0.217051533961171
2019-03,ordinary least squares,6,2019-09,-0.7553096733948209,-0.8985479651631065,123,0.2751647384921908,4,"sin_year, cos_year, year_fraction, flux_lag12",-0.14323829176828562,0.5205546777293586
2019-03,ridge,6,2019-09,-0.7532875579583468,-0.8985479651631065,123,0.2751647384921908,4,"sin_year, cos_year, year_fraction, flux_lag12",-0.14526040720475974,0.5279034225124097
2019-03,random forest,6,2019-09,-0.8136561433130176,-0.8985479651631065,123,0.2751647384921908,4,"sin_year, cos_year, year_fraction, flux_lag12",-0.08489182185008892,0.3085127197447872
2019-03,gradient boosting,6,2019-09,-0.7742327502138824,-0.8985479651631065,123,0.2751647384921908,4,"sin_year, cos_year, year_fraction, flux_lag12",-0.12431521494922415,0.4517846858955448
2019-03,ordinary least squares,12,2020-03,-0.33823056007875435,-0.2968551198120847,123,0.2751647384921908,4,"sin_year, cos_year, year_fraction, flux_lag12",0.04137544026666967,0.15036606977112335
2019-03,ridge,12,2020-03,-0.335964964926509,-0.2968551198120847,123,0.2751647384921908,4,"sin_year, cos_year, year_fraction, flux_lag12",0.039109845114424335,0.14213247427244124
2019-03,random forest,12,2020-03,-0.24739438295292077,-0.2968551198120847,123,0.2751647384921908,4,"sin_year, cos_year, year_fraction, flux_lag12",-0.04946073685916391,0.1797495461453089
2019-03,gradient boosting,12,2020-03,-0.3359870230023063,-0.2968551198120847,123,0.2751647384921908,4,"sin_year, cos_year, year_fraction, flux_lag12",0.03913190319022164,0.14221263743549106
2019-04,ordinary least squares,1,2019-05,-0.8635189826969466,-1.1540291790223325,124,0.2754863656811567,5,"sin_year, cos_year, year_fraction, flux_lag1, flux_lag12",-0.2905101963253859,1.054535659531033
2019-04,ridge,1,2019-05,-0.8580027503360268,-1.1540291790223325,124,0.2754863656811567,5,"sin_year, cos_year, year_fraction, flux_lag1, flux_lag12",-0.2960264286863057,1.0745592724865438
2019-04,random forest,1,2019-05,-1.0018733600456726,-1.1540291790223325,124,0.2754863656811567,5,"sin_year, cos_year, year_fraction, flux_lag1, flux_lag12",-0.15215581897665986,0.5523170578712504
2019-04,gradient boosting,1,2019-05,-0.9841744181539742,-1.1540291790223325,124,0.2754863656811567,5,"sin_year, cos_year, year_fraction, flux_lag1, flux_lag12",-0.16985476086835827,0.6165632206457191
2019-04,ordinary least squares,3,2019-07,-1.7312256060254398,-1.174010175717488,124,0.2754863656811567,4,"sin_year, cos_year, year_fraction, flux_lag12",0.557215430307952,2.0226606457644576
2019-04,ridge,3,2019-07,-1.7186889692420777,-1.174010175717488,124,0.2754863656811567,4,"sin_year, cos_year, year_fraction, flux_lag12",0.5446787935245898,1.9771533599415658
2019-04,random forest,3,2019-07,-1.6507744460300984,-1.174010175717488,124,0.2754863656811567,4,"sin_year, cos_year, year_fraction, flux_lag12",0.4767642703126105,1.7306274636633359
2019-04,gradient boosting,3,2019-07,-1.658915336513142,-1.174010175717488,124,0.2754863656811567,4,"sin_year, cos_year, year_fraction, flux_lag12",0.48490516079565404,1.760178437857339
2019-04,ordinary least squares,6,2019-10,-0.3536591504453992,-0.5467088262173658,124,0.2754863656811567,4,"sin_year, cos_year, year_fraction, flux_lag12",-0.19304967577196663,0.7007594560792133
2019-04,ridge,6,2019-10,-0.3554950510781142,-0.5467088262173658,124,0.2754863656811567,4,"sin_year, cos_year, year_fraction, flux_lag12",-0.19121377513925164,0.694095240127271
2019-04,random forest,6,2019-10,-0.46742815930870507,-0.5467088262173658,124,0.2754863656811567,4,"sin_year, cos_year, year_fraction, flux_lag12",-0.07928066690866076,0.2877843580847804
2019-04,gradient boosting,6,2019-10,-0.41189597135840844,-0.5467088262173658,124,0.2754863656811567,4,"sin_year, cos_year, year_fraction, flux_lag12",-0.1348128548589574,0.4893630743780167
2019-04,ordinary least squares,12,2020-04,-0.5084038529203008,-0.6731386759965559,124,0.2754863656811567,4,"sin_year, cos_year, year_fraction, flux_lag12",-0.1647348230762551,0.5979781346671669
2019-04,ridge,12,2020-04,-0.5116793422986988,-0.6731386759965559,124,0.2754863656811567,4,"sin_year, cos_year, year_fraction, flux_lag12",-0.16145933369785703,0.5860882926043874
2019-04,random forest,12,2020-04,-0.5384397649910161,-0.6731386759965559,124,0.2754863656811567,4,"sin_year, cos_year, year_fraction, flux_lag12",-0.13469891100553977,0.4889494646041323
2019-04,gradient boosting,12,2020-04,-0.5734016849521884,-0.6731386759965559,124,0.2754863656811567,4,"sin_year, cos_year, year_fraction, flux_lag12",-0.0997369910443675,0.36203966318899944
2019-05,ordinary least squares,1,2019-06,-1.8093777456521454,-1.6886780421762355,125,0.2763754761497117,5,"sin_year, cos_year, year_fraction, flux_lag1, flux_lag12",0.12069970347590986,0.4367236382815935
2019-05,ridge,1,2019-06,-1.7899485098154289,-1.6886780421762355,125,0.2763754761497117,5,"sin_year, cos_year, year_fraction, flux_lag1, flux_lag12",0.10127046763919334,0.3664234940452367
2019-05,random forest,1,2019-06,-2.063548625409757,-1.6886780421762355,125,0.2763754761497117,5,"sin_year, cos_year, year_fraction, flux_lag1, flux_lag12",0.3748705832335213,1.3563815011953344
2019-05,gradient boosting,1,2019-06,-1.779590900314011,-1.6886780421762355,125,0.2763754761497117,5,"sin_year, cos_year, year_fraction, flux_lag1, flux_lag12",0.09091285813777539,0.32894690731723314
2019-05,ordinary least squares,3,2019-08,-1.48347260109372,-1.039966131075911,125,0.2763754761497117,4,"sin_year, cos_year, year_fraction, flux_lag12",0.4435064700178091,1.6047243995612803
2019-05,ridge,3,2019-08,-1.467958609360966,-1.039966131075911,125,0.2763754761497117,4,"sin_year, cos_year, year_fraction, flux_lag12",0.42799247828505504,1.5485906501096824
2019-05,random forest,3,2019-08,-1.5124930865769277,-1.039966131075911,125,0.2763754761497117,4,"sin_year, cos_year, year_fraction, flux_lag12",0.47252695550101675,1.7097282366871454
2019-05,gradient boosting,3,2019-08,-1.3696265528282974,-1.039966131075911,125,0.2763754761497117,4,"sin_year, cos_year, year_fraction, flux_lag12",0.3296604217523864,1.1927991091865562
2019-05,ordinary least squares,6,2019-11,-0.20211138517677302,-0.5525958037474524,125,0.2763754761497117,4,"sin_year, cos_year, year_fraction, flux_lag12",-0.3504844185706794,1.2681458697182784
2019-05,ridge,6,2019-11,-0.20948500036811293,-0.5525958037474524,125,0.2763754761497117,4,"sin_year, cos_year, year_fraction, flux_lag12",-0.3431108033793395,1.2414661682698558
2019-05,random forest,6,2019-11,-0.10565284561031885,-0.5525958037474524,125,0.2763754761497117,4,"sin_year, cos_year, year_fraction, flux_lag12",-0.4469429581371336,1.6171585278247556
2019-05,gradient boosting,6,2019-11,-0.1895175642456811,-0.5525958037474524,125,0.2763754761497117,4,"sin_year, cos_year, year_fraction, flux_lag12",-0.3630782395017713,1.313713664323433
2019-05,ordinary least squares,12,2020-05,-0.7799932805636233,-0.7575445416881608,125,0.2763754761497117,4,"sin_year, cos_year, year_fraction, flux_lag12",0.022448738875462504,0.08122550954304678
2019-05,ridge,12,2020-05,-0.7877477205984256,-0.7575445416881608,125,0.2763754761497117,4,"sin_year, cos_year, year_fraction, flux_lag12",0.030203178910264805,0.10928313659025174
2019-05,random forest,12,2020-05,-0.7208014520321717,-0.7575445416881608,125,0.2763754761497117,4,"sin_year, cos_year, year_fraction, flux_lag12",-0.03674308965598905,0.13294627355462404
2019-05,gradient boosting,12,2020-05,-0.8179902026427335,-0.7575445416881608,125,0.2763754761497117,4,"sin_year, cos_year, year_fraction, flux_lag12",0.06044566095457271,0.2187084823757282
2019-06,ordinary least squares,1,2019-07,-1.723028284960527,-1.174010175717488,126,0.2760293105130208,5,"sin_year, cos_year, year_fraction, flux_lag1, flux_lag12",0.5490181092430391,1.9889848227445428
2019-06,ridge,1,2019-07,-1.7156031238462428,-1.174010175717488,126,0.2760293105130208,5,"sin_year, cos_year, year_fraction, flux_lag1, flux_lag12",0.5415929481287549,1.9620849217866194
2019-06,random forest,1,2019-07,-1.6287721850342638,-1.174010175717488,126,0.2760293105130208,5,"sin_year, cos_year, year_fraction, flux_lag1, flux_lag12",0.4547620093167759,1.6475134777229534
2019-06,gradient boosting,1,2019-07,-1.613971178911735,-1.174010175717488,126,0.2760293105130208,5,"sin_year, cos_year, year_fraction, flux_lag1, flux_lag12",0.43996100319424714,1.5938923383772077
2019-06,ordinary least squares,3,2019-09,-0.7558639259980027,-0.8985479651631065,126,0.2760293105130208,4,"sin_year, cos_year, year_fraction, flux_lag12",-0.14268403916510386,0.5169162611750001
2019-06,ridge,3,2019-09,-0.7537135364369733,-0.8985479651631065,126,0.2760293105130208,4,"sin_year, cos_year, year_fraction, flux_lag12",-0.14483442872613328,0.5247067003752167
2019-06,random forest,3,2019-09,-0.8354358521599421,-0.8985479651631065,126,0.2760293105130208,4,"sin_year, cos_year, year_fraction, flux_lag12",-0.06311211300316444,0.22864279480271832
2019-06,gradient boosting,3,2019-09,-0.8069488810692991,-0.8985479651631065,126,0.2760293105130208,4,"sin_year, cos_year, year_fraction, flux_lag12",-0.09159908409380746,0.33184549830437865
2019-06,ordinary least squares,6,2019-12,-0.24615307205801426,-0.3407732571124477,126,0.2760293105130208,4,"sin_year, cos_year, year_fraction, flux_lag12",-0.09462018505443345,0.3427903539612328
2019-06,ridge,6,2019-12,-0.2505487240894515,-0.3407732571124477,126,0.2760293105130208,4,"sin_year, cos_year, year_fraction, flux_lag12",-0.09022453302299621,0.3268657696362291
2019-06,random forest,6,2019-12,-0.2315617574661947,-0.3407732571124477,126,0.2760293105130208,4,"sin_year, cos_year, year_fraction, flux_lag12",-0.10921149964625301,0.3956518220593146
2019-06,gradient boosting,6,2019-12,-0.29213359714270193,-0.3407732571124477,126,0.2760293105130208,4,"sin_year, cos_year, year_fraction, flux_lag12",-0.048639659969745785,0.1762119387949975
2019-06,ordinary least squares,12,2020-06,-1.6201336941027262,-1.3029578283193948,126,0.2760293105130208,4,"sin_year, cos_year, year_fraction, flux_lag12",0.31717586578333146,1.1490658915672278
2019-06,ridge,12,2020-06,-1.6214477451049054,-1.3029578283193948,126,0.2760293105130208,4,"sin_year, cos_year, year_fraction, flux_lag12",0.31848991678551064,1.1538264403645166
2019-06,random forest,12,2020-06,-1.8990518436585713,-1.3029578283193948,126,0.2760293105130208,4,"sin_year, cos_year, year_fraction, flux_lag12",0.5960940153391765,2.159531588262463
2019-06,gradient boosting,12,2020-06,-1.6557839131673766,-1.3029578283193948,126,0.2760293105130208,4,"sin_year, cos_year, year_fraction, flux_lag12",0.35282608484798184,1.278219636140193
2019-07,ordinary least squares,1,2019-08,-1.1963963687010013,-1.039966131075911,127,0.27436277186005364,5,"sin_year, cos_year, year_fraction, flux_lag1, flux_lag12",0.15643023762509034,0.570158394903817
2019-07,ridge,1,2019-08,-1.218344890732213,-1.039966131075911,127,0.27436277186005364,5,"sin_year, cos_year, year_fraction, flux_lag1, flux_lag12",0.178378759656302,0.6501565735284561
2019-07,random forest,1,2019-08,-1.2425100365226134,-1.039966131075911,127,0.27436277186005364,5,"sin_year, cos_year, year_fraction, flux_lag1, flux_lag12",0.20254390544670242,0.7382339231869824
2019-07,gradient boosting,1,2019-08,-1.232924198284698,-1.039966131075911,127,0.27436277186005364,5,"sin_year, cos_year, year_fraction, flux_lag1, flux_lag12",0.19295806720878694,0.7032953702159365
2019-07,ordinary least squares,3,2019-10,-0.35668504827733466,-0.5467088262173658,127,0.27436277186005364,4,"sin_year, cos_year, year_fraction, flux_lag12",-0.19002377794003117,0.6926004452125818
2019-07,ridge,3,2019-10,-0.3580444471154739,-0.5467088262173658,127,0.27436277186005364,4,"sin_year, cos_year, year_fraction, flux_lag12",-0.18866437910189193,0.6876456955979634
2019-07,random forest,3,2019-10,-0.4731672399173714,-0.5467088262173658,127,0.27436277186005364,4,"sin_year, cos_year, year_fraction, flux_lag12",-0.07354158629999441,0.2680450623873502
2019-07,gradient boosting,3,2019-10,-0.3502093122222037,-0.5467088262173658,127,0.27436277186005364,4,"sin_year, cos_year, year_fraction, flux_lag12",-0.19649951399516213,0.7162032686249145
2019-07,ordinary least squares,6,2020-01,-0.22288314645431562,-0.4827268949476449,127,0.27436277186005364,4,"sin_year, cos_year, year_fraction, flux_lag12",-0.2598437484933293,0.9470809276772791
2019-07,ridge,6,2020-01,-0.22151492555998858,-0.4827268949476449,127,0.27436277186005364,4,"sin_year, cos_year, year_fraction, flux_lag12",-0.26121196938765634,0.9520678320049003
2019-07,random forest,6,2020-01,-0.26068456624110337,-0.4827268949476449,127,0.27436277186005364,4,"sin_year, cos_year, year_fraction, flux_lag12",-0.22204232870654156,0.809301958867074
2019-07,gradient boosting,6,2020-01,-0.2344462228904119,-0.4827268949476449,127,0.27436277186005364,4,"sin_year, cos_year, year_fraction, flux_lag12",-0.24828067205723303,0.9049357184067067
2019-07,ordinary least squares,12,2020-07,-1.648381468707102,-0.8528300989201106,127,0.27436277186005364,4,"sin_year, cos_year, year_fraction, flux_lag12",0.7955513697869913,2.89963308211795
2019-07,ridge,12,2020-07,-1.6407607917237363,-0.8528300989201106,127,0.27436277186005364,4,"sin_year, cos_year, year_fraction, flux_lag12",0.7879306928036257,2.8718571672891966
2019-07,random forest,12,2020-07,-1.5403145811777612,-0.8528300989201106,127,0.27436277186005364,4,"sin_year, cos_year, year_fraction, flux_lag12",0.6874844822576506,2.5057498785160295
2019-07,gradient boosting,12,2020-07,-1.611096412998261,-0.8528300989201106,127,0.27436277186005364,4,"sin_year, cos_year, year_fraction, flux_lag12",0.7582663140781504,2.7637361619342626
2019-08,ordinary least squares,1,2019-09,-0.59577755778769,-0.8985479651631065,128,0.27496715567143004,5,"sin_year, cos_year, year_fraction, flux_lag1, flux_lag12",-0.3027704073754165,1.1011148100073804
2019-08,ridge,1,2019-09,-0.6114519362897084,-0.8985479651631065,128,0.27496715567143004,5,"sin_year, cos_year, year_fraction, flux_lag1, flux_lag12",-0.28709602887339813,1.0441102617232634
2019-08,random forest,1,2019-09,-0.8038910300412193,-0.8985479651631065,128,0.27496715567143004,5,"sin_year, cos_year, year_fraction, flux_lag1, flux_lag12",-0.09465693512188722,0.34424815171378803
2019-08,gradient boosting,1,2019-09,-0.6655377528905124,-0.8985479651631065,128,0.27496715567143004,5,"sin_year, cos_year, year_fraction, flux_lag1, flux_lag12",-0.2330102122725941,0.8474110724374221
2019-08,ordinary least squares,3,2019-11,-0.22400195215694108,-0.5525958037474524,128,0.27496715567143004,4,"sin_year, cos_year, year_fraction, flux_lag12",-0.32859385159051135,1.1950294601118183
2019-08,ridge,3,2019-11,-0.2281719467799519,-0.5525958037474524,128,0.27496715567143004,4,"sin_year, cos_year, year_fraction, flux_lag12",-0.32442385696750053,1.1798640320343148
2019-08,random forest,3,2019-11,-0.16905119719330255,-0.5525958037474524,128,0.27496715567143004,4,"sin_year, cos_year, year_fraction, flux_lag12",-0.3835446065541499,1.394874255500041
2019-08,gradient boosting,3,2019-11,-0.24131125212474588,-0.5525958037474524,128,0.27496715567143004,4,"sin_year, cos_year, year_fraction, flux_lag12",-0.3112845516227065,1.1320790327215433
2019-08,ordinary least squares,6,2020-02,-0.21853597161027494,-0.3859813886092053,128,0.27496715567143004,4,"sin_year, cos_year, year_fraction, flux_lag12",-0.16744541699893034,0.6089651565477078
2019-08,ridge,6,2020-02,-0.21930644592122656,-0.3859813886092053,128,0.27496715567143004,4,"sin_year, cos_year, year_fraction, flux_lag12",-0.16667494268797872,0.6061630971196637
2019-08,random forest,6,2020-02,-0.1347201810632158,-0.3859813886092053,128,0.27496715567143004,4,"sin_year, cos_year, year_fraction, flux_lag12",-0.25126120754598946,0.9137862554254741
2019-08,gradient boosting,6,2020-02,-0.2015191419297287,-0.3859813886092053,128,0.27496715567143004,4,"sin_year, cos_year, year_fraction, flux_lag12",-0.18446224667947658,0.6708519285841483
2019-08,ordinary least squares,12,2020-08,-1.361852900113052,-1.4444213407725028,128,0.27496715567143004,4,"sin_year, cos_year, year_fraction, flux_lag12",-0.0825684406594509,0.3002847393094303
2019-08,ridge,12,2020-08,-1.357407150136878,-1.4444213407725028,128,0.27496715567143004,4,"sin_year, cos_year, year_fraction, flux_lag12",-0.08701419063562477,0.3164530339019898
2019-08,random forest,12,2020-08,-1.2941972018256644,-1.4444213407725028,128,0.27496715567143004,4,"sin_year, cos_year, year_fraction, flux_lag12",-0.1502241389468384,0.5463348470838736
2019-08,gradient boosting,12,2020-08,-1.2960955643876009,-1.4444213407725028,128,0.27496715567143004,4,"sin_year, cos_year, year_fraction, flux_lag12",-0.14832577638490196,0.5394308859278552
2019-09,ordinary least squares,1,2019-10,-0.4380451422883047,-0.5467088262173658,129,0.27428116681239917,5,"sin_year, cos_year, year_fraction, flux_lag1, flux_lag12",-0.10866368392906112,0.3961762493280631
2019-09,ridge,1,2019-10,-0.4299373559536004,-0.5467088262173658,129,0.27428116681239917,5,"sin_year, cos_year, year_fraction, flux_lag1, flux_lag12",-0.11677147026376544,0.4257363770937796
2019-09,random forest,1,2019-10,-0.4160101867183039,-0.5467088262173658,129,0.27428116681239917,5,"sin_year, cos_year, year_fraction, flux_lag1, flux_lag12",-0.1306986394990619,0.4765133567790902
2019-09,gradient boosting,1,2019-10,-0.5328195563482494,-0.5467088262173658,129,0.27428116681239917,5,"sin_year, cos_year, year_fraction, flux_lag1, flux_lag12",-0.013889269869116427,0.05063880262189605
2019-09,ordinary least squares,3,2019-12,-0.2547204496017555,-0.3407732571124477,129,0.27428116681239917,4,"sin_year, cos_year, year_fraction, flux_lag12",-0.08605280751069222,0.3137393956383086
2019-09,ridge,3,2019-12,-0.2574857060058601,-0.3407732571124477,129,0.27428116681239917,4,"sin_year, cos_year, year_fraction, flux_lag12",-0.08328755110658759,0.3036575645150073
2019-09,random forest,3,2019-12,-0.22588248180153273,-0.3407732571124477,129,0.27428116681239917,4,"sin_year, cos_year, year_fraction, flux_lag12",-0.11489077531091499,0.4188795630634645
2019-09,gradient boosting,3,2019-12,-0.2542539759744049,-0.3407732571124477,129,0.27428116681239917,4,"sin_year, cos_year, year_fraction, flux_lag12",-0.0865192811380428,0.3154401089347109
2019-09,ordinary least squares,6,2020-03,-0.32763253829770306,-0.2968551198120847,129,0.27428116681239917,4,"sin_year, cos_year, year_fraction, flux_lag12",0.03077741848561838,0.11221119861528552
2019-09,ridge,6,2020-03,-0.32656451305821455,-0.2968551198120847,129,0.27428116681239917,4,"sin_year, cos_year, year_fraction, flux_lag12",0.029709393246129867,0.10831729203795563
2019-09,random forest,6,2020-03,-0.29695214099581674,-0.2968551198120847,129,0.27428116681239917,4,"sin_year, cos_year, year_fraction, flux_lag12",9.702118373206003e-05,0.0003537289302783952
2019-09,gradient boosting,6,2020-03,-0.3428652462076557,-0.2968551198120847,129,0.27428116681239917,4,"sin_year, cos_year, year_fraction, flux_lag12",0.046010126395571005,0.16774803363382465
2019-09,ordinary least squares,12,2020-09,-0.7431304443396987,-1.1587505858307934,129,0.27428116681239917,4,"sin_year, cos_year, year_fraction, flux_lag12",-0.4156201414910947,1.5153068886255963
2019-09,ridge,12,2020-09,-0.7438989802977016,-1.1587505858307934,129,0.27428116681239917,4,"sin_year, cos_year, year_fraction, flux_lag12",-0.41485160553309175,1.5125048881567538
2019-09,random forest,12,2020-09,-0.767809335865256,-1.1587505858307934,129,0.27428116681239917,4,"sin_year, cos_year, year_fraction, flux_lag12",-0.39094124996553736,1.425330271519993
2019-09,gradient boosting,12,2020-09,-0.7034798619795852,-1.1587505858307934,129,0.27428116681239917,4,"sin_year, cos_year, year_fraction, flux_lag12",-0.45527072385120815,1.6598687002181265
2019-10,ordinary least squares,1,2019-11,-0.32019270171174385,-0.5525958037474524,130,0.2725517681887654,5,"sin_year, cos_year, year_fraction, flux_lag1, flux_lag12",-0.23240310203570858,0.8526934298762264
2019-10,ridge,1,2019-11,-0.31291408564393686,-0.5525958037474524,130,0.2725517681887654,5,"sin_year, cos_year, year_fraction, flux_lag1, flux_lag12",-0.23968171810351557,0.8793988741893447
2019-10,random forest,1,2019-11,-0.3453716051940211,-0.5525958037474524,130,0.2725517681887654,5,"sin_year, cos_year, year_fraction, flux_lag1, flux_lag12",-0.20722419855343133,0.7603113343587293
2019-10,gradient boosting,1,2019-11,-0.41011354787969784,-0.5525958037474524,130,0.2725517681887654,5,"sin_year, cos_year, year_fraction, flux_lag1, flux_lag12",-0.1424822558677546,0.5227713502451888
2019-10,ordinary least squares,3,2020-01,-0.22453850569530476,-0.4827268949476449,130,0.2725517681887654,4,"sin_year, cos_year, year_fraction, flux_lag12",-0.25818838925234017,0.9473003641404469
2019-10,ridge,3,2020-01,-0.22322689670138018,-0.4827268949476449,130,0.2725517681887654,4,"sin_year, cos_year, year_fraction, flux_lag12",-0.25949999824626474,0.9521126939324744
2019-10,random forest,3,2020-01,-0.27609836926425835,-0.4827268949476449,130,0.2725517681887654,4,"sin_year, cos_year, year_fraction, flux_lag12",-0.20662852568338658,0.7581257940703531
2019-10,gradient boosting,3,2020-01,-0.23136893714503126,-0.4827268949476449,130,0.2725517681887654,4,"sin_year, cos_year, year_fraction, flux_lag12",-0.25135795780261366,0.9222393216268799
2019-10,ordinary least squares,6,2020-04,-0.515329787506996,-0.6731386759965559,130,0.2725517681887654,4,"sin_year, cos_year, year_fraction, flux_lag12",-0.15780888848955987,0.5790051906038772
2019-10,ridge,6,2020-04,-0.517149680583143,-0.6731386759965559,130,0.2725517681887654,4,"sin_year, cos_year, year_fraction, flux_lag12",-0.15598899541341282,0.5723279524107768
2019-10,random forest,6,2020-04,-0.6131001033218992,-0.6731386759965559,130,0.2725517681887654,4,"sin_year, cos_year, year_fraction, flux_lag12",-0.06003857267465662,0.22028318903832894
2019-10,gradient boosting,6,2020-04,-0.5062566778530421,-0.6731386759965559,130,0.2725517681887654,4,"sin_year, cos_year, year_fraction, flux_lag12",-0.1668819981435138,0.6122946816765237
2019-10,ordinary least squares,12,2020-10,-0.37007130797810306,-0.1992601742012616,130,0.2725517681887654,4,"sin_year, cos_year, year_fraction, flux_lag12",0.17081113377684146,0.6267107893372393
2019-10,ridge,12,2020-10,-0.3717649310763564,-0.1992601742012616,130,0.2725517681887654,4,"sin_year, cos_year, year_fraction, flux_lag12",0.17250475687509478,0.6329247394778246
2019-10,random forest,12,2020-10,-0.3860259677791081,-0.1992601742012616,130,0.2725517681887654,4,"sin_year, cos_year, year_fraction, flux_lag12",0.18676579357784648,0.6852488788423313
2019-10,gradient boosting,12,2020-10,-0.3285878651290176,-0.1992601742012616,130,0.2725517681887654,4,"sin_year, cos_year, year_fraction, flux_lag12",0.129327690927756,0.47450688647958256
2019-11,ordinary least squares,1,2019-12,-0.39967092795395376,-0.3407732571124477,131,0.27029289833343645,5,"sin_year, cos_year, year_fraction, flux_lag1, flux_lag12",0.058897670841506045,0.21790313842744471
2019-11,ridge,1,2019-12,-0.38630066526779494,-0.3407732571124477,131,0.27029289833343645,5,"sin_year, cos_year, year_fraction, flux_lag1, flux_lag12",0.045527408155347227,0.1684373079576219
2019-11,random forest,1,2019-12,-0.3363141846632368,-0.3407732571124477,131,0.27029289833343645,5,"sin_year, cos_year, year_fraction, flux_lag1, flux_lag12",-0.004459072449210899,0.01649718685435137
2019-11,gradient boosting,1,2019-12,-0.4293064850011758,-0.3407732571124477,131,0.27029289833343645,5,"sin_year, cos_year, year_fraction, flux_lag1, flux_lag12",0.08853322788872808,0.3275455198216583
2019-11,ordinary least squares,3,2020-02,-0.2203903237073612,-0.3859813886092053,131,0.27029289833343645,4,"sin_year, cos_year, year_fraction, flux_lag12",-0.16559106490184408,0.6126356479317079
2019-11,ridge,3,2020-02,-0.2209795527892806,-0.3859813886092053,131,0.27029289833343645,4,"sin_year, cos_year, year_fraction, flux_lag12",-0.16500183581992467,0.6104556828436406
2019-11,random forest,3,2020-02,-0.15147929330701826,-0.3859813886092053,131,0.27029289833343645,4,"sin_year, cos_year, year_fraction, flux_lag12",-0.23450209530218702,0.8675851150661846
2019-11,gradient boosting,3,2020-02,-0.19071046071479364,-0.3859813886092053,131,0.27029289833343645,4,"sin_year, cos_year, year_fraction, flux_lag12",-0.19527092789441164,0.7224419475998336
2019-11,ordinary least squares,6,2020-05,-0.8060787445119363,-0.7575445416881608,131,0.27029289833343645,4,"sin_year, cos_year, year_fraction, flux_lag12",0.04853420282377552,0.17956151686938945
2019-11,ridge,6,2020-05,-0.8097495246106662,-0.7575445416881608,131,0.27029289833343645,4,"sin_year, cos_year, year_fraction, flux_lag12",0.052204982922505416,0.19314226620229122
2019-11,random forest,6,2020-05,-0.7142561220772844,-0.7575445416881608,131,0.27029289833343645,4,"sin_year, cos_year, year_fraction, flux_lag12",-0.04328841961087637,0.1601537438748216
2019-11,gradient boosting,6,2020-05,-0.817600621592175,-0.7575445416881608,131,0.27029289833343645,4,"sin_year, cos_year, year_fraction, flux_lag12",0.06005607990401418,0.22218889313891002
2019-11,ordinary least squares,12,2020-11,-0.25865329412417126,-0.4891508229189213,131,0.27029289833343645,4,"sin_year, cos_year, year_fraction, flux_lag12",-0.23049752879475005,0.8527694594121582
2019-11,ridge,12,2020-11,-0.26254188118494604,-0.4891508229189213,131,0.27029289833343645,4,"sin_year, cos_year, year_fraction, flux_lag12",-0.22660894173397528,0.8383828917858872
2019-11,random forest,12,2020-11,-0.41654935495267226,-0.4891508229189213,131,0.27029289833343645,4,"sin_year, cos_year, year_fraction, flux_lag12",-0.07260146796624906,0.2686029430069859
2019-11,gradient boosting,12,2020-11,-0.23110780077207205,-0.4891508229189213,131,0.27029289833343645,4,"sin_year, cos_year, year_fraction, flux_lag12",-0.25804302214684927,0.9546792525363519
2019-12,ordinary least squares,1,2020-01,-0.26425216180980515,-0.4827268949476449,132,0.26809920473576726,5,"sin_year, cos_year, year_fraction, flux_lag1, flux_lag12",-0.21847473313783977,0.8149025781451449
2019-12,ridge,1,2020-01,-0.2574195777625763,-0.4827268949476449,132,0.26809920473576726,5,"sin_year, cos_year, year_fraction, flux_lag1, flux_lag12",-0.22530731718506863,0.8403878609305336
2019-12,random forest,1,2020-01,-0.2879424663095378,-0.4827268949476449,132,0.26809920473576726,5,"sin_year, cos_year, year_fraction, flux_lag1, flux_lag12",-0.19478442863810713,0.7265386289753542
2019-12,gradient boosting,1,2020-01,-0.2540549875900277,-0.4827268949476449,132,0.26809920473576726,5,"sin_year, cos_year, year_fraction, flux_lag1, flux_lag12",-0.22867190735761722,0.8529376563537041
2019-12,ordinary least squares,3,2020-03,-0.3262233267805335,-0.2968551198120847,132,0.26809920473576726,4,"sin_year, cos_year, year_fraction, flux_lag12",0.02936820696844883,0.10954231288150777
2019-12,ridge,3,2020-03,-0.32528624251363475,-0.2968551198120847,132,0.26809920473576726,4,"sin_year, cos_year, year_fraction, flux_lag12",0.02843112270155007,0.10604702363653472
2019-12,random forest,3,2020-03,-0.3077734297778257,-0.2968551198120847,132,0.26809920473576726,4,"sin_year, cos_year, year_fraction, flux_lag12",0.010918309965741002,0.04072488755235903
2019-12,gradient boosting,3,2020-03,-0.3009527288024998,-0.2968551198120847,132,0.26809920473576726,4,"sin_year, cos_year, year_fraction, flux_lag12",0.004097608990415114,0.015283928180442117
2019-12,ordinary least squares,6,2020-06,-1.6224039137401909,-1.3029578283193948,132,0.26809920473576726,4,"sin_year, cos_year, year_fraction, flux_lag12",0.3194460854207961,1.1915219432882511
2019-12,ridge,6,2020-06,-1.6232102744813004,-1.3029578283193948,132,0.26809920473576726,4,"sin_year, cos_year, year_fraction, flux_lag12",0.3202524461619056,1.1945296386743836
2019-12,random forest,6,2020-06,-1.8826352472573054,-1.3029578283193948,132,0.26809920473576726,4,"sin_year, cos_year, year_fraction, flux_lag12",0.5796774189379106,2.1621750780992732
2019-12,gradient boosting,6,2020-06,-1.678412469699558,-1.3029578283193948,132,0.26809920473576726,4,"sin_year, cos_year, year_fraction, flux_lag12",0.37545464138016316,1.4004317608856882
2019-12,ordinary least squares,12,2020-12,-0.26314141518056217,-0.5077590733966878,132,0.26809920473576726,4,"sin_year, cos_year, year_fraction, flux_lag12",-0.24461765821612563,0.9124147102831411
2019-12,ridge,12,2020-12,-0.2665848732784601,-0.5077590733966878,132,0.26809920473576726,4,"sin_year, cos_year, year_fraction, flux_lag12",-0.2411742001182277,0.8995707404500649
2019-12,random forest,12,2020-12,-0.2487348042884486,-0.5077590733966878,132,0.26809920473576726,4,"sin_year, cos_year, year_fraction, flux_lag12",-0.25902426910823917,0.9661508297405352
2019-12,gradient boosting,12,2020-12,-0.2806933585785021,-0.5077590733966878,132,0.26809920473576726,4,"sin_year, cos_year, year_fraction, flux_lag12",-0.22706571481818572,0.84694661829369
2020-01,ordinary least squares,1,2020-02,-0.35087294778027245,-0.3859813886092053,133,0.2677317235383103,5,"sin_year, cos_year, year_fraction, flux_lag1, flux_lag12",-0.03510844082893283,0.13113291307038213
2020-01,ridge,1,2020-02,-0.3366282753816606,-0.3859813886092053,133,0.2677317235383103,5,"sin_year, cos_year, year_fraction, flux_lag1, flux_lag12",-0.049353113227544654,0.18433793565924814
2020-01,random forest,1,2020-02,-0.28905371541284663,-0.3859813886092053,133,0.2677317235383103,5,"sin_year, cos_year, year_fraction, flux_lag1, flux_lag12",-0.09692767319635864,0.3620328286666001
2020-01,gradient boosting,1,2020-02,-0.33728560191750645,-0.3859813886092053,133,0.2677317235383103,5,"sin_year, cos_year, year_fraction, flux_lag1, flux_lag12",-0.04869578669169883,0.18188276700325667
2020-01,ordinary least squares,3,2020-04,-0.5170498931997808,-0.6731386759965559,133,0.2677317235383103,4,"sin_year, cos_year, year_fraction, flux_lag12",-0.15608878279677507,0.5830044371803403
2020-01,ridge,3,2020-04,-0.5185674732067524,-0.6731386759965559,133,0.2677317235383103,4,"sin_year, cos_year, year_fraction, flux_lag12",-0.1545712027898034,0.5773361510806749
2020-01,random forest,3,2020-04,-0.578833028710166,-0.6731386759965559,133,0.2677317235383103,4,"sin_year, cos_year, year_fraction, flux_lag12",-0.0943056472863899,0.35223934631300985
2020-01,gradient boosting,3,2020-04,-0.48712723170832867,-0.6731386759965559,133,0.2677317235383103,4,"sin_year, cos_year, year_fraction, flux_lag12",-0.1860114442882272,0.6947680380566124
2020-01,ordinary least squares,6,2020-07,-1.6245036039503338,-0.8528300989201106,133,0.2677317235383103,4,"sin_year, cos_year, year_fraction, flux_lag12",0.7716735050302231,2.8822639873672
2020-01,ridge,6,2020-07,-1.6203693344298422,-0.8528300989201106,133,0.2677317235383103,4,"sin_year, cos_year, year_fraction, flux_lag12",0.7675392355097316,2.866822150793433
2020-01,random forest,6,2020-07,-1.565612039267031,-0.8528300989201106,133,0.2677317235383103,4,"sin_year, cos_year, year_fraction, flux_lag12",0.7127819403469203,2.6622991512805423
2020-01,gradient boosting,6,2020-07,-1.5564346070832202,-0.8528300989201106,133,0.2677317235383103,4,"sin_year, cos_year, year_fraction, flux_lag12",0.7036045081631096,2.628020687516432
2020-01,ordinary least squares,12,2021-01,-0.23810369827180594,-0.556625546697367,133,0.2677317235383103,4,"sin_year, cos_year, year_fraction, flux_lag12",-0.318521848425561,1.1897052923576426
2020-01,ridge,12,2021-01,-0.23766562511089792,-0.556625546697367,133,0.2677317235383103,4,"sin_year, cos_year, year_fraction, flux_lag12",-0.318959921586469,1.191341531631489
2020-01,random forest,12,2021-01,-0.310031854807166,-0.556625546697367,133,0.2677317235383103,4,"sin_year, cos_year, year_fraction, flux_lag12",-0.24659369189020097,0.9210477138504483
2020-01,gradient boosting,12,2021-01,-0.2173113005445805,-0.556625546697367,133,0.2677317235383103,4,"sin_year, cos_year, year_fraction, flux_lag12",-0.3393142461527865,1.2673666073950824
2020-02,ordinary least squares,1,2020-03,-0.39494907854226696,-0.2968551198120847,134,0.26586865872630916,5,"sin_year, cos_year, year_fraction, flux_lag1, flux_lag12",0.09809395873018228,0.3689564584261972
2020-02,ridge,1,2020-03,-0.38724560000098995,-0.2968551198120847,134,0.26586865872630916,5,"sin_year, cos_year, year_fraction, flux_lag1, flux_lag12",0.09039048018890528,0.339981706087272
2020-02,random forest,1,2020-03,-0.3811035798563103,-0.2968551198120847,134,0.26586865872630916,5,"sin_year, cos_year, year_fraction, flux_lag1, flux_lag12",0.08424846004422565,0.3168799979953741
2020-02,gradient boosting,1,2020-03,-0.37457339667228273,-0.2968551198120847,134,0.26586865872630916,5,"sin_year, cos_year, year_fraction, flux_lag1, flux_lag12",0.07771827686019805,0.29231830947100423
2020-02,ordinary least squares,3,2020-05,-0.807828172927751,-0.7575445416881608,134,0.26586865872630916,4,"sin_year, cos_year, year_fraction, flux_lag12",0.05028363123959023,0.1891295930873645
2020-02,ridge,3,2020-05,-0.8112244970647956,-0.7575445416881608,134,0.26586865872630916,4,"sin_year, cos_year, year_fraction, flux_lag12",0.053679955376634836,0.20190403650358096
2020-02,random forest,3,2020-05,-0.6944981165285563,-0.7575445416881608,134,0.26586865872630916,4,"sin_year, cos_year, year_fraction, flux_lag12",-0.06304642515960446,0.23713372407879707
2020-02,gradient boosting,3,2020-05,-0.8103562248001742,-0.7575445416881608,134,0.26586865872630916,4,"sin_year, cos_year, year_fraction, flux_lag12",0.05281168311201345,0.19863824252552806
2020-02,ordinary least squares,6,2020-08,-1.35532277846195,-1.4444213407725028,134,0.26586865872630916,4,"sin_year, cos_year, year_fraction, flux_lag12",-0.08909856231055291,0.3351224726426775
2020-02,ridge,6,2020-08,-1.3522209428986873,-1.4444213407725028,134,0.26586865872630916,4,"sin_year, cos_year, year_fraction, flux_lag12",-0.09220039787381551,0.34678926924112763
2020-02,random forest,6,2020-08,-1.2241835652121287,-1.4444213407725028,134,0.26586865872630916,4,"sin_year, cos_year, year_fraction, flux_lag12",-0.22023777556037416,0.8283705819838344
2020-02,gradient boosting,6,2020-08,-1.3200632287186629,-1.4444213407725028,134,0.26586865872630916,4,"sin_year, cos_year, year_fraction, flux_lag12",-0.12435811205383995,0.46774265402172444
2020-02,ordinary least squares,12,2021-02,-0.2380918620928448,-0.639737478389319,134,0.26586865872630916,4,"sin_year, cos_year, year_fraction, flux_lag12",-0.4016456162964742,1.510691851460148
2020-02,ridge,12,2021-02,-0.23844174735894838,-0.639737478389319,134,0.26586865872630916,4,"sin_year, cos_year, year_fraction, flux_lag12",-0.40129573103037064,1.5093758435193108
2020-02,random forest,12,2021-02,-0.19502986365518682,-0.639737478389319,134,0.26586865872630916,4,"sin_year, cos_year, year_fraction, flux_lag12",-0.44470761473413223,1.6726590372275647
2020-02,gradient boosting,12,2021-02,-0.20510023841860628,-0.639737478389319,134,0.26586865872630916,4,"sin_year, cos_year, year_fraction, flux_lag12",-0.4346372399707128,1.6347817830537807
2020-03,ordinary least squares,1,2020-04,-0.50957384089762,-0.6731386759965559,135,0.26447107705752815,5,"sin_year, cos_year, year_fraction, flux_lag1, flux_lag12",-0.16356483509893582,0.6184601995754604
2020-03,ridge,1,2020-04,-0.5118627058624051,-0.6731386759965559,135,0.26447107705752815,5,"sin_year, cos_year, year_fraction, flux_lag1, flux_lag12",-0.16127597013415074,0.6098056994681114
2020-03,random forest,1,2020-04,-0.4735732961298818,-0.6731386759965559,135,0.26447107705752815,5,"sin_year, cos_year, year_fraction, flux_lag1, flux_lag12",-0.19956537986667405,0.754583004262747
2020-03,gradient boosting,1,2020-04,-0.42562006157174304,-0.6731386759965559,135,0.26447107705752815,5,"sin_year, cos_year, year_fraction, flux_lag1, flux_lag12",-0.24751861442481282,0.9359005044282108
2020-03,ordinary least squares,3,2020-06,-1.6226163371710158,-1.3029578283193948,135,0.26447107705752815,4,"sin_year, cos_year, year_fraction, flux_lag12",0.31965850885162106,1.2086709533915818
2020-03,ridge,3,2020-06,-1.6233546778613825,-1.3029578283193948,135,0.26447107705752815,4,"sin_year, cos_year, year_fraction, flux_lag12",0.32039684954198777,1.2114627168561596
2020-03,random forest,3,2020-06,-1.8819914677928018,-1.3029578283193948,135,0.26447107705752815,4,"sin_year, cos_year, year_fraction, flux_lag12",0.579033639473407,2.1894025082654114
2020-03,gradient boosting,3,2020-06,-1.6692247163306138,-1.3029578283193948,135,0.26447107705752815,4,"sin_year, cos_year, year_fraction, flux_lag12",0.366266888011219,1.3849033780414033
2020-03,ordinary least squares,6,2020-09,-0.7454480536837781,-1.1587505858307934,135,0.26447107705752815,4,"sin_year, cos_year, year_fraction, flux_lag12",-0.4133025321470153,1.562751347880332
2020-03,ridge,6,2020-09,-0.7463418953258689,-1.1587505858307934,135,0.26447107705752815,4,"sin_year, cos_year, year_fraction, flux_lag12",-0.41240869050492446,1.5593716148220498
2020-03,random forest,6,2020-09,-0.8465272585086823,-1.1587505858307934,135,0.26447107705752815,4,"sin_year, cos_year, year_fraction, flux_lag12",-0.3122233273221111,1.1805575520615277
2020-03,gradient boosting,6,2020-09,-0.7371549100191787,-1.1587505858307934,135,0.26447107705752815,4,"sin_year, cos_year, year_fraction, flux_lag12",-0.4215956758116147,1.5941088171237288
2020-03,ordinary least squares,12,2021-03,-0.3186863111429844,-0.6682454760327975,135,0.26447107705752815,4,"sin_year, cos_year, year_fraction, flux_lag12",-0.3495591648898131,1.3217292748188736
2020-03,ridge,12,2021-03,-0.31875461467543564,-0.6682454760327975,135,0.26447107705752815,4,"sin_year, cos_year, year_fraction, flux_lag12",-0.34949086135736185,1.3214710101601774
2020-03,random forest,12,2021-03,-0.3244730673406989,-0.6682454760327975,135,0.26447107705752815,4,"sin_year, cos_year, year_fraction, flux_lag12",-0.3437724086920986,1.299848786933025
2020-03,gradient boosting,12,2021-03,-0.35574388052878314,-0.6682454760327975,135,0.26447107705752815,4,"sin_year, cos_year, year_fraction, flux_lag12",-0.31250159550401435,1.1816097207334264
2020-04,ordinary least squares,1,2020-05,-0.8879743397601574,-0.7575445416881608,136,0.26264176529981736,5,"sin_year, cos_year, year_fraction, flux_lag1, flux_lag12",0.13042979807199662,0.4966072243807269
2020-04,ridge,1,2020-05,-0.881970851967703,-0.7575445416881608,136,0.26264176529981736,5,"sin_year, cos_year, year_fraction, flux_lag1, flux_lag12",0.12442631027954221,0.4737491393933634
2020-04,random forest,1,2020-05,-1.0836980779927043,-0.7575445416881608,136,0.26264176529981736,5,"sin_year, cos_year, year_fraction, flux_lag1, flux_lag12",0.3261535363045436,1.2418190074690698
2020-04,gradient boosting,1,2020-05,-0.9786816400677238,-0.7575445416881608,136,0.26264176529981736,5,"sin_year, cos_year, year_fraction, flux_lag1, flux_lag12",0.22113709837956308,0.8419723273148318
2020-04,ordinary least squares,3,2020-07,-1.6225483879331377,-0.8528300989201106,136,0.26264176529981736,4,"sin_year, cos_year, year_fraction, flux_lag12",0.7697182890130271,2.9306774120039862
2020-04,ridge,3,2020-07,-1.6186454677359545,-0.8528300989201106,136,0.26264176529981736,4,"sin_year, cos_year, year_fraction, flux_lag12",0.7658153688158439,2.915817169982966
2020-04,random forest,3,2020-07,-1.561677305884552,-0.8528300989201106,136,0.26264176529981736,4,"sin_year, cos_year, year_fraction, flux_lag12",0.7088472069644413,2.6989127420586
2020-04,gradient boosting,3,2020-07,-1.5734703417128713,-0.8528300989201106,136,0.26264176529981736,4,"sin_year, cos_year, year_fraction, flux_lag12",0.7206402427927606,2.743814343351361
2020-04,ordinary least squares,6,2020-10,-0.3729859711392571,-0.1992601742012616,136,0.26264176529981736,4,"sin_year, cos_year, year_fraction, flux_lag12",0.17372579693799547,0.6614553353297777
2020-04,ridge,6,2020-10,-0.3743616816649479,-0.1992601742012616,136,0.26264176529981736,4,"sin_year, cos_year, year_fraction, flux_lag12",0.17510150746368627,0.6666933085215904
2020-04,random forest,6,2020-10,-0.42154987035336355,-0.1992601742012616,136,0.26264176529981736,4,"sin_year, cos_year, year_fraction, flux_lag12",0.22228969615210195,0.8463608059378838
2020-04,gradient boosting,6,2020-10,-0.35543571027120097,-0.1992601742012616,136,0.26264176529981736,4,"sin_year, cos_year, year_fraction, flux_lag12",0.15617553606993936,0.5946332864906615
2020-04,ordinary least squares,12,2021-04,-0.5271085832174628,-0.6729941668040196,136,0.26264176529981736,4,"sin_year, cos_year, year_fraction, flux_lag12",-0.1458855835865568,0.555454626266397
2020-04,ridge,12,2021-04,-0.5292425846475696,-0.6729941668040196,136,0.26264176529981736,4,"sin_year, cos_year, year_fraction, flux_lag12",-0.14375158215645,0.5473294850586734
2020-04,random forest,12,2021-04,-0.3679500106937529,-0.6729941668040196,136,0.26264176529981736,4,"sin_year, cos_year, year_fraction, flux_lag12",-0.3050441561102667,1.161445727270547
2020-04,gradient boosting,12,2021-04,-0.5130407980107093,-0.6729941668040196,136,0.26264176529981736,4,"sin_year, cos_year, year_fraction, flux_lag12",-0.15995336879331024,0.6090172620135883
2020-05,ordinary least squares,1,2020-06,-1.5870693880173559,-1.3029578283193948,137,0.2637125082760922,5,"sin_year, cos_year, year_fraction, flux_lag1, flux_lag12",0.2841115596979611,1.0773533707415661
2020-05,ridge,1,2020-06,-1.591537336222427,-1.3029578283193948,137,0.2637125082760922,5,"sin_year, cos_year, year_fraction, flux_lag1, flux_lag12",0.2885795079030322,1.0942958670769825
2020-05,random forest,1,2020-06,-1.6484011256351543,-1.3029578283193948,137,0.2637125082760922,5,"sin_year, cos_year, year_fraction, flux_lag1, flux_lag12",0.3454432973157595,1.3099238241445101
2020-05,gradient boosting,1,2020-06,-1.5475943830104086,-1.3029578283193948,137,0.2637125082760922,5,"sin_year, cos_year, year_fraction, flux_lag1, flux_lag12",0.24463655469101386,0.9276638271359244
2020-05,ordinary least squares,3,2020-08,-1.355505480131057,-1.4444213407725028,137,0.2637125082760922,4,"sin_year, cos_year, year_fraction, flux_lag12",-0.08891586064144574,0.33716967474427045
2020-05,ridge,3,2020-08,-1.3524526593703385,-1.4444213407725028,137,0.2637125082760922,4,"sin_year, cos_year, year_fraction, flux_lag12",-0.0919686814021643,0.34874599617352336
2020-05,random forest,3,2020-08,-1.215250792492095,-1.4444213407725028,137,0.2637125082760922,4,"sin_year, cos_year, year_fraction, flux_lag12",-0.22917054828040784,0.8690166036435372
2020-05,gradient boosting,3,2020-08,-1.321030227457103,-1.4444213407725028,137,0.2637125082760922,4,"sin_year, cos_year, year_fraction, flux_lag12",-0.12339111331539976,0.46790011638816986
2020-05,ordinary least squares,6,2020-11,-0.2606632646096339,-0.4891508229189213,137,0.2637125082760922,4,"sin_year, cos_year, year_fraction, flux_lag12",-0.2284875583092874,0.8664267000565393
2020-05,ridge,6,2020-11,-0.26367398209911164,-0.4891508229189213,137,0.2637125082760922,4,"sin_year, cos_year, year_fraction, flux_lag12",-0.22547684081980968,0.8550100345780643
2020-05,random forest,6,2020-11,-0.389859381937752,-0.4891508229189213,137,0.2637125082760922,4,"sin_year, cos_year, year_fraction, flux_lag12",-0.09929144098116932,0.37651396071519194
2020-05,gradient boosting,6,2020-11,-0.24413783051351487,-0.4891508229189213,137,0.2637125082760922,4,"sin_year, cos_year, year_fraction, flux_lag12",-0.24501299240540644,0.9290912820445042
2020-05,ordinary least squares,12,2021-05,-0.8347778399261649,-0.729403319098349,137,0.2637125082760922,4,"sin_year, cos_year, year_fraction, flux_lag12",0.10537452082781595,0.39958104951735823
2020-05,ridge,12,2021-05,-0.8347864170281196,-0.729403319098349,137,0.2637125082760922,4,"sin_year, cos_year, year_fraction, flux_lag12",0.10538309792977063,0.39961357395850344
2020-05,random forest,12,2021-05,-0.9030286847234126,-0.729403319098349,137,0.2637125082760922,4,"sin_year, cos_year, year_fraction, flux_lag12",0.1736253656250636,0.6583888142434547
2020-05,gradient boosting,12,2021-05,-0.8477064844066202,-0.729403319098349,137,0.2637125082760922,4,"sin_year, cos_year, year_fraction, flux_lag12",0.11830316530827123,0.44860657570483703
2020-06,ordinary least squares,1,2020-07,-1.4562190264792232,-0.8528300989201106,138,0.26468082339974897,5,"sin_year, cos_year, year_fraction, flux_lag1, flux_lag12",0.6033889275591126,2.2796850931954777
2020-06,ridge,1,2020-07,-1.4712503108670667,-0.8528300989201106,138,0.26468082339974897,5,"sin_year, cos_year, year_fraction, flux_lag1, flux_lag12",0.6184202119469561,2.3364753214967617
2020-06,random forest,1,2020-07,-1.449709370572513,-0.8528300989201106,138,0.26468082339974897,5,"sin_year, cos_year, year_fraction, flux_lag1, flux_lag12",0.5968792716524024,2.25509073149184
2020-06,gradient boosting,1,2020-07,-1.4701798997822564,-0.8528300989201106,138,0.26468082339974897,5,"sin_year, cos_year, year_fraction, flux_lag1, flux_lag12",0.6173498008621457,2.3324311634385344
2020-06,ordinary least squares,3,2020-09,-0.7452802908945472,-1.1587505858307934,138,0.26468082339974897,4,"sin_year, cos_year, year_fraction, flux_lag12",-0.4134702949362462,1.5621467759746979
2020-06,ridge,3,2020-09,-0.7461966254355537,-1.1587505858307934,138,0.26468082339974897,4,"sin_year, cos_year, year_fraction, flux_lag12",-0.4125539603952397,1.5586847399675687
2020-06,random forest,3,2020-09,-0.8282482461048376,-1.1587505858307934,138,0.26468082339974897,4,"sin_year, cos_year, year_fraction, flux_lag12",-0.3305023397259558,1.2486826037517504
2020-06,gradient boosting,3,2020-09,-0.7280643212016304,-1.1587505858307934,138,0.26468082339974897,4,"sin_year, cos_year, year_fraction, flux_lag12",-0.43068626462916293,1.6271910412591357
2020-06,ordinary least squares,6,2020-12,-0.2657262350274123,-0.5077590733966878,138,0.26468082339974897,4,"sin_year, cos_year, year_fraction, flux_lag12",-0.24203283836927547,0.9144328450411834
2020-06,ridge,6,2020-12,-0.26770481916250255,-0.5077590733966878,138,0.26468082339974897,4,"sin_year, cos_year, year_fraction, flux_lag12",-0.24005425423418525,0.9069574861932099
2020-06,random forest,6,2020-12,-0.21603574008004767,-0.5077590733966878,138,0.26468082339974897,4,"sin_year, cos_year, year_fraction, flux_lag12",-0.29172333331664013,1.102170265187851
2020-06,gradient boosting,6,2020-12,-0.27651988998086857,-0.5077590733966878,138,0.26468082339974897,4,"sin_year, cos_year, year_fraction, flux_lag12",-0.23123918341581923,0.8736529547007543
2020-06,ordinary least squares,12,2021-06,-1.6271104097411944,-0.914525658916792,138,0.26468082339974897,4,"sin_year, cos_year, year_fraction, flux_lag12",0.7125847508244023,2.692241703314416
2020-06,ridge,12,2021-06,-1.6243832873151325,-0.914525658916792,138,0.26468082339974897,4,"sin_year, cos_year, year_fraction, flux_lag12",0.7098576283983404,2.6819382654187924
2020-06,random forest,12,2021-06,-1.488618444878302,-0.914525658916792,138,0.26468082339974897,4,"sin_year, cos_year, year_fraction, flux_lag12",0.5740927859615099,2.169000302278999
2020-06,gradient boosting,12,2021-06,-1.620678872372551,-0.914525658916792,138,0.26468082339974897,4,"sin_year, cos_year, year_fraction, flux_lag12",0.7061532134557589,2.6679424840282127
2020-07,ordinary least squares,1,2020-08,-0.9738605084707487,-1.4444213407725028,139,0.26512569941075387,5,"sin_year, cos_year, year_fraction, flux_lag1, flux_lag12",-0.47056083230175416,1.7748593717907513
2020-07,ridge,1,2020-08,-1.011518595083951,-1.4444213407725028,139,0.26512569941075387,5,"sin_year, cos_year, year_fraction, flux_lag1, flux_lag12",-0.4329027456885519,1.632820758797375
2020-07,random forest,1,2020-08,-1.0328255157675073,-1.4444213407725028,139,0.26512569941075387,5,"sin_year, cos_year, year_fraction, flux_lag1, flux_lag12",-0.4115958250049956,1.5524554048127885
2020-07,gradient boosting,1,2020-08,-1.2271033474018904,-1.4444213407725028,139,0.26512569941075387,5,"sin_year, cos_year, year_fraction, flux_lag1, flux_lag12",-0.21731799337061242,0.8196790950617203
2020-07,ordinary least squares,3,2020-10,-0.3778120526673617,-0.1992601742012616,139,0.26512569941075387,4,"sin_year, cos_year, year_fraction, flux_lag12",0.17855187846610007,0.6734612256108499
2020-07,ridge,3,2020-10,-0.3786169799286939,-0.1992601742012616,139,0.26512569941075387,4,"sin_year, cos_year, year_fraction, flux_lag12",0.17935680572743232,0.6764972468759374
2020-07,random forest,3,2020-10,-0.4152554454867781,-0.1992601742012616,139,0.26512569941075387,4,"sin_year, cos_year, year_fraction, flux_lag12",0.21599527128551652,0.8146900574541415
2020-07,gradient boosting,3,2020-10,-0.36114935247520863,-0.1992601742012616,139,0.26512569941075387,4,"sin_year, cos_year, year_fraction, flux_lag12",0.16188917827394703,0.6106129229786035
2020-07,ordinary least squares,6,2021-01,-0.23859726072208237,-0.556625546697367,139,0.26512569941075387,4,"sin_year, cos_year, year_fraction, flux_lag12",-0.3180282859752846,1.1995377539110978
2020-07,ridge,6,2021-01,-0.23868488719083186,-0.556625546697367,139,0.26512569941075387,4,"sin_year, cos_year, year_fraction, flux_lag12",-0.3179406595065351,1.1992072447641378
2020-07,random forest,6,2021-01,-0.3113458671035916,-0.556625546697367,139,0.26512569941075387,4,"sin_year, cos_year, year_fraction, flux_lag12",-0.2452796795937754,0.9251448657708906
2020-07,gradient boosting,6,2021-01,-0.2023144831535187,-0.556625546697367,139,0.26512569941075387,4,"sin_year, cos_year, year_fraction, flux_lag12",-0.3543110635438483,1.33638898202366
2020-07,ordinary least squares,12,2021-07,-1.5608564991228449,-0.2688481344333537,139,0.26512569941075387,4,"sin_year, cos_year, year_fraction, flux_lag12",1.292008364689491,4.873191725890777
2020-07,ridge,12,2021-07,-1.5566688716663926,-0.2688481344333537,139,0.26512569941075387,4,"sin_year, cos_year, year_fraction, flux_lag12",1.2878207372330388,4.85739685023082
2020-07,random forest,12,2021-07,-1.5429637203154347,-0.2688481344333537,139,0.26512569941075387,4,"sin_year, cos_year, year_fraction, flux_lag12",1.274115585882081,4.805703817901559
2020-07,gradient boosting,12,2021-07,-1.5338266237719178,-0.2688481344333537,139,0.26512569941075387,4,"sin_year, cos_year, year_fraction, flux_lag12",1.264978489338564,4.7712405555176245
2020-08,ordinary least squares,1,2020-09,-0.8075976996072497,-1.1587505858307934,140,0.26621421120986205,5,"sin_year, cos_year, year_fraction, flux_lag1, flux_lag12",-0.3511528862235437,1.3190613852944264
2020-08,ridge,1,2020-09,-0.8015764291969001,-1.1587505858307934,140,0.26621421120986205,5,"sin_year, cos_year, year_fraction, flux_lag1, flux_lag12",-0.3571741566338933,1.341679525712193
2020-08,random forest,1,2020-09,-0.8743660115372833,-1.1587505858307934,140,0.26621421120986205,5,"sin_year, cos_year, year_fraction, flux_lag1, flux_lag12",-0.28438457429351005,1.068254669805452
2020-08,gradient boosting,1,2020-09,-0.9067133383520645,-1.1587505858307934,140,0.26621421120986205,5,"sin_year, cos_year, year_fraction, flux_lag1, flux_lag12",-0.2520372474787289,0.9467460295725642
2020-08,ordinary least squares,3,2020-11,-0.26958158006626465,-0.4891508229189213,140,0.26621421120986205,4,"sin_year, cos_year, year_fraction, flux_lag12",-0.21956924285265667,0.8247840784110725
2020-08,ridge,3,2020-11,-0.2715993206350311,-0.4891508229189213,140,0.26621421120986205,4,"sin_year, cos_year, year_fraction, flux_lag12",-0.2175515022838902,0.817204691271684
2020-08,random forest,3,2020-11,-0.3660724193596271,-0.4891508229189213,140,0.26621421120986205,4,"sin_year, cos_year, year_fraction, flux_lag12",-0.12307840355929422,0.46232844970950493
2020-08,gradient boosting,3,2020-11,-0.25041515094981476,-0.4891508229189213,140,0.26621421120986205,4,"sin_year, cos_year, year_fraction, flux_lag12",-0.23873567196910656,0.896780344235291
2020-08,ordinary least squares,6,2021-02,-0.23775238762490208,-0.639737478389319,140,0.26621421120986205,4,"sin_year, cos_year, year_fraction, flux_lag12",-0.40198509076441696,1.5100061297911853
2020-08,ridge,6,2021-02,-0.23809402064670623,-0.639737478389319,140,0.26621421120986205,4,"sin_year, cos_year, year_fraction, flux_lag12",-0.4016434577426128,1.508722828572022
2020-08,random forest,6,2021-02,-0.20910872703268876,-0.639737478389319,140,0.26621421120986205,4,"sin_year, cos_year, year_fraction, flux_lag12",-0.43062875135663026,1.6176024164884153
2020-08,gradient boosting,6,2021-02,-0.20167990042262582,-0.639737478389319,140,0.26621421120986205,4,"sin_year, cos_year, year_fraction, flux_lag12",-0.4380575779666932,1.645507863670597
2020-08,ordinary least squares,12,2021-08,-1.3314791332079714,-0.1087597233384241,140,0.26621421120986205,4,"sin_year, cos_year, year_fraction, flux_lag12",1.2227194098695473,4.592990750992075
2020-08,ridge,12,2021-08,-1.3314922262322342,-0.1087597233384241,140,0.26621421120986205,4,"sin_year, cos_year, year_fraction, flux_lag12",1.22273250289381,4.593039933281042
2020-08,random forest,12,2021-08,-1.54324601158577,-0.1087597233384241,140,0.26621421120986205,4,"sin_year, cos_year, year_fraction, flux_lag12",1.434486288247346,5.388466234496066
2020-08,gradient boosting,12,2021-08,-1.3963841169510032,-0.1087597233384241,140,0.26621421120986205,4,"sin_year, cos_year, year_fraction, flux_lag12",1.287624393612579,4.836798109915772
2020-09,ordinary least squares,1,2020-10,-0.5699592263584663,-0.1992601742012616,141,0.2661676097327909,5,"sin_year, cos_year, year_fraction, flux_lag1, flux_lag12",0.37069905215720467,1.39272788499455
2020-09,ridge,1,2020-10,-0.5512305931415696,-0.1992601742012616,141,0.2661676097327909,5,"sin_year, cos_year, year_fraction, flux_lag1, flux_lag12",0.351970418940308,1.322363826664167
2020-09,random forest,1,2020-10,-0.5357998594690364,-0.1992601742012616,141,0.2661676097327909,5,"sin_year, cos_year, year_fraction, flux_lag1, flux_lag12",0.3365396852677748,1.2643900796405367
2020-09,gradient boosting,1,2020-10,-0.5152261607548215,-0.1992601742012616,141,0.2661676097327909,5,"sin_year, cos_year, year_fraction, flux_lag1, flux_lag12",0.3159659865535599,1.1870940527690887
2020-09,ordinary least squares,3,2020-12,-0.2695553455292042,-0.5077590733966878,141,0.2661676097327909,4,"sin_year, cos_year, year_fraction, flux_lag12",-0.23820372786748362,0.8949388248503242
2020-09,ridge,3,2020-12,-0.2711701238665072,-0.5077590733966878,141,0.2661676097327909,4,"sin_year, cos_year, year_fraction, flux_lag12",-0.23658894953018061,0.8888720523421137
2020-09,random forest,3,2020-12,-0.2505955361258985,-0.5077590733966878,141,0.2661676097327909,4,"sin_year, cos_year, year_fraction, flux_lag12",-0.2571635372707893,0.9661714193134133
2020-09,gradient boosting,3,2020-12,-0.2824805536475252,-0.5077590733966878,141,0.2661676097327909,4,"sin_year, cos_year, year_fraction, flux_lag12",-0.22527851974916258,0.846378415372639
2020-09,ordinary least squares,6,2021-03,-0.3163586687827044,-0.6682454760327975,141,0.2661676097327909,4,"sin_year, cos_year, year_fraction, flux_lag12",-0.3518868072500931,1.3220496949398042
2020-09,ridge,6,2021-03,-0.31631255884065607,-0.6682454760327975,141,0.2661676097327909,4,"sin_year, cos_year, year_fraction, flux_lag12",-0.3519329171921414,1.3222229314282508
2020-09,random forest,6,2021-03,-0.3468408477105046,-0.6682454760327975,141,0.2661676097327909,4,"sin_year, cos_year, year_fraction, flux_lag12",-0.3214046283222929,1.2075271992897827
2020-09,gradient boosting,6,2021-03,-0.3213239397993327,-0.6682454760327975,141,0.2661676097327909,4,"sin_year, cos_year, year_fraction, flux_lag12",-0.3469215362334648,1.3033950170786888
2020-09,ordinary least squares,12,2021-09,-0.7715521201634821,-0.2755271826053372,141,0.2661676097327909,4,"sin_year, cos_year, year_fraction, flux_lag12",0.49602493755814486,1.8635811399295004
2020-09,ridge,12,2021-09,-0.7729483923281399,-0.2755271826053372,141,0.2661676097327909,4,"sin_year, cos_year, year_fraction, flux_lag12",0.49742120972280274,1.8688269779413442
2020-09,random forest,12,2021-09,-0.5701347567205706,-0.2755271826053372,141,0.2661676097327909,4,"sin_year, cos_year, year_fraction, flux_lag12",0.29460757411523336,1.1068498319949363
2020-09,gradient boosting,12,2021-09,-0.7685064595610623,-0.2755271826053372,141,0.2661676097327909,4,"sin_year, cos_year, year_fraction, flux_lag12",0.49297927695572513,1.852138498184033
2020-10,ordinary least squares,1,2020-11,-0.18497656254911338,-0.4891508229189213,142,0.2667928485195856,5,"sin_year, cos_year, year_fraction, flux_lag1, flux_lag12",-0.30417426036980794,1.140113995025163
2020-10,ridge,1,2020-11,-0.1957086555708021,-0.4891508229189213,142,0.2667928485195856,5,"sin_year, cos_year, year_fraction, flux_lag1, flux_lag12",-0.29344216734811923,1.099887680559688
2020-10,random forest,1,2020-11,-0.07991756821193782,-0.4891508229189213,142,0.2667928485195856,5,"sin_year, cos_year, year_fraction, flux_lag1, flux_lag12",-0.40923325470698346,1.5338988918848067
2020-10,gradient boosting,1,2020-11,-0.19789803651968504,-0.4891508229189213,142,0.2667928485195856,5,"sin_year, cos_year, year_fraction, flux_lag1, flux_lag12",-0.29125278639923624,1.091681385072265
2020-10,ordinary least squares,3,2021-01,-0.23871918537632458,-0.556625546697367,142,0.2667928485195856,4,"sin_year, cos_year, year_fraction, flux_lag12",-0.3179063613210424,1.1915850184331476
2020-10,ridge,3,2021-01,-0.23872829046087646,-0.556625546697367,142,0.2667928485195856,4,"sin_year, cos_year, year_fraction, flux_lag12",-0.3178972562364905,1.191550890514793
2020-10,random forest,3,2021-01,-0.3333565529495902,-0.556625546697367,142,0.2667928485195856,4,"sin_year, cos_year, year_fraction, flux_lag12",-0.22326899374777676,0.8368627382131132
2020-10,gradient boosting,3,2021-01,-0.17989148194851526,-0.556625546697367,142,0.2667928485195856,4,"sin_year, cos_year, year_fraction, flux_lag12",-0.37673406474885174,1.4120845698800475
2020-10,ordinary least squares,6,2021-04,-0.532000293574785,-0.6729941668040196,142,0.2667928485195856,4,"sin_year, cos_year, year_fraction, flux_lag12",-0.14099387322923462,0.5284769588525311
2020-10,ridge,6,2021-04,-0.533062112011924,-0.6729941668040196,142,0.2667928485195856,4,"sin_year, cos_year, year_fraction, flux_lag12",-0.13993205479209558,0.5244970229470861
2020-10,random forest,6,2021-04,-0.3622929276155871,-0.6729941668040196,142,0.2667928485195856,4,"sin_year, cos_year, year_fraction, flux_lag12",-0.31070123918843245,1.1645785893905753
2020-10,gradient boosting,6,2021-04,-0.4885520497931559,-0.6729941668040196,142,0.2667928485195856,4,"sin_year, cos_year, year_fraction, flux_lag12",-0.18444211701086366,0.6913308135293721
2020-10,ordinary least squares,12,2021-10,-0.38228710054931064,-0.2291692109357248,142,0.2667928485195856,4,"sin_year, cos_year, year_fraction, flux_lag12",0.15311788961358586,0.5739205172223545
2020-10,ridge,12,2021-10,-0.3811418383874619,-0.2291692109357248,142,0.2667928485195856,4,"sin_year, cos_year, year_fraction, flux_lag12",0.15197262745173712,0.5696278153444604
2020-10,random forest,12,2021-10,-0.37936588667897786,-0.2291692109357248,142,0.2667928485195856,4,"sin_year, cos_year, year_fraction, flux_lag12",0.15019667574325307,0.5629711462532959
2020-10,gradient boosting,12,2021-10,-0.3517383579920574,-0.2291692109357248,142,0.2667928485195856,4,"sin_year, cos_year, year_fraction, flux_lag12",0.1225691470563326,0.45941691367088733
2020-11,ordinary least squares,1,2020-12,-0.3589937963675969,-0.5077590733966878,143,0.2652405747204173,5,"sin_year, cos_year, year_fraction, flux_lag1, flux_lag12",-0.14876527702909093,0.5608692304557863
2020-11,ridge,1,2020-12,-0.35213601205757306,-0.5077590733966878,143,0.2652405747204173,5,"sin_year, cos_year, year_fraction, flux_lag1, flux_lag12",-0.15562306133911474,0.5867241899289077
2020-11,random forest,1,2020-12,-0.32837202258601556,-0.5077590733966878,143,0.2652405747204173,5,"sin_year, cos_year, year_fraction, flux_lag1, flux_lag12",-0.17938705081067224,0.6763182857666447
2020-11,gradient boosting,1,2020-12,-0.3746826842138456,-0.5077590733966878,143,0.2652405747204173,5,"sin_year, cos_year, year_fraction, flux_lag1, flux_lag12",-0.1330763891828422,0.5017195778704459
2020-11,ordinary least squares,3,2021-02,-0.23933071847038612,-0.639737478389319,143,0.2652405747204173,4,"sin_year, cos_year, year_fraction, flux_lag12",-0.40040675991893293,1.5095984479033442
2020-11,ridge,3,2021-02,-0.23948421743110354,-0.639737478389319,143,0.2652405747204173,4,"sin_year, cos_year, year_fraction, flux_lag12",-0.4002532609582155,1.5090197319173786
2020-11,random forest,3,2021-02,-0.16615069207264793,-0.639737478389319,143,0.2652405747204173,4,"sin_year, cos_year, year_fraction, flux_lag12",-0.4735867863166711,1.785499020336032
2020-11,gradient boosting,3,2021-02,-0.19137080899001913,-0.639737478389319,143,0.2652405747204173,4,"sin_year, cos_year, year_fraction, flux_lag12",-0.4483666693992999,1.6904150877817647
2020-11,ordinary least squares,6,2021-05,-0.831517854727435,-0.729403319098349,143,0.2652405747204173,4,"sin_year, cos_year, year_fraction, flux_lag12",0.10211453562908601,0.3849883666430828
2020-11,ridge,6,2021-05,-0.8315485508255721,-0.729403319098349,143,0.2652405747204173,4,"sin_year, cos_year, year_fraction, flux_lag12",0.10214523172722312,0.38510409591327255
2020-11,random forest,6,2021-05,-0.931109658351225,-0.729403319098349,143,0.2652405747204173,4,"sin_year, cos_year, year_fraction, flux_lag12",0.20170633925287595,0.7604656243317561
2020-11,gradient boosting,6,2021-05,-0.8159357567952032,-0.729403319098349,143,0.2652405747204173,4,"sin_year, cos_year, year_fraction, flux_lag12",0.08653243769685426,0.326241329359453
2020-11,ordinary least squares,12,2021-11,-0.2938674332031632,-0.2949804127283763,143,0.2652405747204173,4,"sin_year, cos_year, year_fraction, flux_lag12",-0.0011129795252130537,0.00419611338267614
2020-11,ridge,12,2021-11,-0.2956536220987584,-0.2949804127283763,143,0.2652405747204173,4,"sin_year, cos_year, year_fraction, flux_lag12",0.0006732093703821218,0.0025381085495374644
2020-11,random forest,12,2021-11,-0.3669153568161292,-0.2949804127283763,143,0.2652405747204173,4,"sin_year, cos_year, year_fraction, flux_lag12",0.07193494408775292,0.27120641011872915
2020-11,gradient boosting,12,2021-11,-0.2601265241699741,-0.2949804127283763,143,0.2652405747204173,4,"sin_year, cos_year, year_fraction, flux_lag12",-0.03485388855840216,0.1314048146485155
2020-12,ordinary least squares,1,2021-01,-0.3526891478483293,-0.556625546697367,144,0.2644962204898402,5,"sin_year, cos_year, year_fraction, flux_lag1, flux_lag12",-0.2039363988490377,0.7710371001572451
2020-12,ridge,1,2021-01,-0.33977030050622514,-0.556625546697367,144,0.2644962204898402,5,"sin_year, cos_year, year_fraction, flux_lag1, flux_lag12",-0.21685524619114183,0.8198803211234229
2020-12,random forest,1,2021-01,-0.3523077407562916,-0.556625546697367,144,0.2644962204898402,5,"sin_year, cos_year, year_fraction, flux_lag1, flux_lag12",-0.20431780594107535,0.772479113549086
2020-12,gradient boosting,1,2021-01,-0.3271025234730034,-0.556625546697367,144,0.2644962204898402,5,"sin_year, cos_year, year_fraction, flux_lag1, flux_lag12",-0.22952302322436358,0.8677743024051264
2020-12,ordinary least squares,3,2021-03,-0.3163884881853874,-0.6682454760327975,144,0.2644962204898402,4,"sin_year, cos_year, year_fraction, flux_lag12",-0.3518569878474101,1.3302911746556532
2020-12,ridge,3,2021-03,-0.31634285048194977,-0.6682454760327975,144,0.2644962204898402,4,"sin_year, cos_year, year_fraction, flux_lag12",-0.3519026255508477,1.3304637204234266
2020-12,random forest,3,2021-03,-0.3365611436954837,-0.6682454760327975,144,0.2644962204898402,4,"sin_year, cos_year, year_fraction, flux_lag12",-0.3316843323373138,1.2540229562563994
2020-12,gradient boosting,3,2021-03,-0.3280280810135289,-0.6682454760327975,144,0.2644962204898402,4,"sin_year, cos_year, year_fraction, flux_lag12",-0.34021739501926856,1.2862845237984677
2020-12,ordinary least squares,6,2021-06,-1.6123886546349033,-0.914525658916792,144,0.2644962204898402,4,"sin_year, cos_year, year_fraction, flux_lag12",0.6978629957181113,2.638461125930976
2020-12,ridge,6,2021-06,-1.611254127882214,-0.914525658916792,144,0.2644962204898402,4,"sin_year, cos_year, year_fraction, flux_lag12",0.6967284689654218,2.634171738541665
2020-12,random forest,6,2021-06,-1.466295237405722,-0.914525658916792,144,0.2644962204898402,4,"sin_year, cos_year, year_fraction, flux_lag12",0.55176957848893,2.086115171956208
2020-12,gradient boosting,6,2021-06,-1.5939304309245714,-0.914525658916792,144,0.2644962204898402,4,"sin_year, cos_year, year_fraction, flux_lag12",0.6794047720077794,2.5686747838949806
2020-12,ordinary least squares,12,2021-12,-0.2820687136224373,-0.3874575301228863,144,0.2644962204898402,4,"sin_year, cos_year, year_fraction, flux_lag12",-0.10538881650044901,0.3984511245766448
2020-12,ridge,12,2021-12,-0.2852571778446433,-0.3874575301228863,144,0.2644962204898402,4,"sin_year, cos_year, year_fraction, flux_lag12",-0.10220035227824303,0.3863962671714954
2020-12,random forest,12,2021-12,-0.3819986462945716,-0.3874575301228863,144,0.2644962204898402,4,"sin_year, cos_year, year_fraction, flux_lag12",-0.00545888382831472,0.020638797099652342
2020-12,gradient boosting,12,2021-12,-0.24311563630511432,-0.3874575301228863,144,0.2644962204898402,4,"sin_year, cos_year, year_fraction, flux_lag12",-0.144341893817772,0.5457238426713793
2021-01,ordinary least squares,1,2021-02,-0.38532039009912084,-0.639737478389319,145,0.2630631560632227,5,"sin_year, cos_year, year_fraction, flux_lag1, flux_lag12",-0.2544170882901982,0.9671331101534166
2021-01,ridge,1,2021-02,-0.3708252368277146,-0.639737478389319,145,0.2630631560632227,5,"sin_year, cos_year, year_fraction, flux_lag1, flux_lag12",-0.2689122415616044,1.02223452947921
2021-01,random forest,1,2021-02,-0.3613362748298383,-0.639737478389319,145,0.2630631560632227,5,"sin_year, cos_year, year_fraction, flux_lag1, flux_lag12",-0.2784012035594807,1.0583055708970959
2021-01,gradient boosting,1,2021-02,-0.3325123367315838,-0.639737478389319,145,0.2630631560632227,5,"sin_year, cos_year, year_fraction, flux_lag1, flux_lag12",-0.30722514165773523,1.167875981780964
2021-01,ordinary least squares,3,2021-04,-0.5343023276790945,-0.6729941668040196,145,0.2630631560632227,4,"sin_year, cos_year, year_fraction, flux_lag12",-0.1386918391249251,0.5272187911088275
2021-01,ridge,3,2021-04,-0.5351084957176496,-0.6729941668040196,145,0.2630631560632227,4,"sin_year, cos_year, year_fraction, flux_lag12",-0.13788567108636995,0.5241542493059405
2021-01,random forest,3,2021-04,-0.3636670826438719,-0.6729941668040196,145,0.2630631560632227,4,"sin_year, cos_year, year_fraction, flux_lag12",-0.3093270841601477,1.1758662398386426
2021-01,gradient boosting,3,2021-04,-0.5024884859492386,-0.6729941668040196,145,0.2630631560632227,4,"sin_year, cos_year, year_fraction, flux_lag12",-0.17050568085478102,0.6481549275330784
2021-01,ordinary least squares,6,2021-07,-1.5476784255170148,-0.2688481344333537,145,0.2630631560632227,4,"sin_year, cos_year, year_fraction, flux_lag12",1.278830291083661,4.861305209826936
2021-01,ridge,6,2021-07,-1.5452784293327149,-0.2688481344333537,145,0.2630631560632227,4,"sin_year, cos_year, year_fraction, flux_lag12",1.276430294899361,4.852181939885922
2021-01,random forest,6,2021-07,-1.547290915476471,-0.2688481344333537,145,0.2630631560632227,4,"sin_year, cos_year, year_fraction, flux_lag12",1.2784427810431171,4.859832141357969
2021-01,gradient boosting,6,2021-07,-1.5154120411556051,-0.2688481344333537,145,0.2630631560632227,4,"sin_year, cos_year, year_fraction, flux_lag12",1.2465639067222514,4.738648792089536
2021-01,ordinary least squares,12,2022-01,-0.27595976589989973,-0.6367744179670853,145,0.2630631560632227,4,"sin_year, cos_year, year_fraction, flux_lag12",-0.3608146520671856,1.3715894596066884
2021-01,ridge,12,2022-01,-0.2745103188798813,-0.6367744179670853,145,0.2630631560632227,4,"sin_year, cos_year, year_fraction, flux_lag12",-0.36226409908720403,1.3770993418787238
2021-01,random forest,12,2022-01,-0.12327282948792243,-0.6367744179670853,145,0.2630631560632227,4,"sin_year, cos_year, year_fraction, flux_lag12",-0.5135015884791629,1.9520087729645865
2021-01,gradient boosting,12,2022-01,-0.24015230707684196,-0.6367744179670853,145,0.2630631560632227,4,"sin_year, cos_year, year_fraction, flux_lag12",-0.39662211089024335,1.5077068063264703
2021-02,ordinary least squares,1,2021-03,-0.4987000094961387,-0.6682454760327975,146,0.2629937003446921,5,"sin_year, cos_year, year_fraction, flux_lag1, flux_lag12",-0.1695454665366588,0.6446750105209532
2021-02,ridge,1,2021-03,-0.48123194090771754,-0.6682454760327975,146,0.2629937003446921,5,"sin_year, cos_year, year_fraction, flux_lag1, flux_lag12",-0.18701353512507995,0.7110951132288381
2021-02,random forest,1,2021-03,-0.4440133828520151,-0.6682454760327975,146,0.2629937003446921,5,"sin_year, cos_year, year_fraction, flux_lag1, flux_lag12",-0.2242320931807824,0.8526139329074921
2021-02,gradient boosting,1,2021-03,-0.43657636224688834,-0.6682454760327975,146,0.2629937003446921,5,"sin_year, cos_year, year_fraction, flux_lag1, flux_lag12",-0.23166911378590915,0.8808922551463116
2021-02,ordinary least squares,3,2021-05,-0.8298603926615509,-0.729403319098349,146,0.2629937003446921,4,"sin_year, cos_year, year_fraction, flux_lag12",0.10045707356320188,0.3819752086515306
2021-02,ridge,3,2021-05,-0.83006115448443,-0.729403319098349,146,0.2629937003446921,4,"sin_year, cos_year, year_fraction, flux_lag12",0.10065783538608097,0.3827385798753126
2021-02,random forest,3,2021-05,-0.9781642701704292,-0.729403319098349,146,0.2629937003446921,4,"sin_year, cos_year, year_fraction, flux_lag12",0.24876095107208018,0.9458817863167148
2021-02,gradient boosting,3,2021-05,-0.864910369044905,-0.729403319098349,146,0.2629937003446921,4,"sin_year, cos_year, year_fraction, flux_lag12",0.13550704994655605,0.5152482731295618
2021-02,ordinary least squares,6,2021-08,-1.334238146081368,-0.1087597233384241,146,0.2629937003446921,4,"sin_year, cos_year, year_fraction, flux_lag12",1.2254784227429438,4.6597253893791875
2021-02,ridge,6,2021-08,-1.3343154126619732,-0.1087597233384241,146,0.2629937003446921,4,"sin_year, cos_year, year_fraction, flux_lag12",1.225555689323549,4.660019185696377
2021-02,random forest,6,2021-08,-1.408941368087047,-0.1087597233384241,146,0.2629937003446921,4,"sin_year, cos_year, year_fraction, flux_lag12",1.300181644748623,4.943774862456944
2021-02,gradient boosting,6,2021-08,-1.3359626063313557,-0.1087597233384241,146,0.2629937003446921,4,"sin_year, cos_year, year_fraction, flux_lag12",1.2272028829929316,4.666282429520178
2021-02,ordinary least squares,12,2022-02,-0.27293913380054957,-0.4098228738124723,146,0.2629937003446921,4,"sin_year, cos_year, year_fraction, flux_lag12",-0.13688374001192272,0.520482961502562
2021-02,ridge,12,2022-02,-0.2730937556624997,-0.4098228738124723,146,0.2629937003446921,4,"sin_year, cos_year, year_fraction, flux_lag12",-0.13672911814997257,0.519895031594935
2021-02,random forest,12,2022-02,-0.1122463399280158,-0.4098228738124723,146,0.2629937003446921,4,"sin_year, cos_year, year_fraction, flux_lag12",-0.2975765338844565,1.1314968134006194
2021-02,gradient boosting,12,2022-02,-0.24117279425637023,-0.4098228738124723,146,0.2629937003446921,4,"sin_year, cos_year, year_fraction, flux_lag12",-0.16865007955610206,0.6412704157364272
2021-03,ordinary least squares,1,2021-04,-0.6994599151778432,-0.6729941668040196,147,0.26379663853636626,5,"sin_year, cos_year, year_fraction, flux_lag1, flux_lag12",0.02646574837382365,0.10032632910208655
2021-03,ridge,1,2021-04,-0.6847680100429449,-0.6729941668040196,147,0.26379663853636626,5,"sin_year, cos_year, year_fraction, flux_lag1, flux_lag12",0.011773843238925275,0.044632271678102395
2021-03,random forest,1,2021-04,-0.731082909318604,-0.6729941668040196,147,0.26379663853636626,5,"sin_year, cos_year, year_fraction, flux_lag1, flux_lag12",0.0580887425145844,0.22020273964399456
2021-03,gradient boosting,1,2021-04,-0.6868381875573897,-0.6729941668040196,147,0.26379663853636626,5,"sin_year, cos_year, year_fraction, flux_lag1, flux_lag12",0.013844020753370101,0.0524798982662609
2021-03,ordinary least squares,3,2021-06,-1.6073633583196782,-0.914525658916792,147,0.26379663853636626,4,"sin_year, cos_year, year_fraction, flux_lag12",0.6928376994028862,2.626408369898063
2021-03,ridge,3,2021-06,-1.6067547251957708,-0.914525658916792,147,0.26379663853636626,4,"sin_year, cos_year, year_fraction, flux_lag12",0.6922290662789787,2.6241011641380334
2021-03,random forest,3,2021-06,-1.4880014384882476,-0.914525658916792,147,0.26379663853636626,4,"sin_year, cos_year, year_fraction, flux_lag12",0.5734757795714556,2.1739313387513004
2021-03,gradient boosting,3,2021-06,-1.5798900496677686,-0.914525658916792,147,0.26379663853636626,4,"sin_year, cos_year, year_fraction, flux_lag12",0.6653643907509765,2.5222625824295757
2021-03,ordinary least squares,6,2021-09,-0.7792728475531697,-0.2755271826053372,147,0.26379663853636626,4,"sin_year, cos_year, year_fraction, flux_lag12",0.5037456649478325,1.90959849883905
2021-03,ridge,6,2021-09,-0.7800606301009675,-0.2755271826053372,147,0.26379663853636626,4,"sin_year, cos_year, year_fraction, flux_lag12",0.5045334474956302,1.912584824033217
2021-03,random forest,6,2021-09,-0.5499101807490612,-0.2755271826053372,147,0.26379663853636626,4,"sin_year, cos_year, year_fraction, flux_lag12",0.27438299814372397,1.040130760066142
2021-03,gradient boosting,6,2021-09,-0.7365608564371026,-0.2755271826053372,147,0.26379663853636626,4,"sin_year, cos_year, year_fraction, flux_lag12",0.46103367383176536,1.747685931063176
2021-03,ordinary least squares,12,2022-03,-0.3359854506080386,-0.2920263128367595,147,0.26379663853636626,4,"sin_year, cos_year, year_fraction, flux_lag12",0.04395913777127908,0.16664024991061058
2021-03,ridge,12,2022-03,-0.33722030690166377,-0.2920263128367595,147,0.26379663853636626,4,"sin_year, cos_year, year_fraction, flux_lag12",0.045193994064904264,0.17132134175649835
2021-03,random forest,12,2022-03,-0.14954904991113896,-0.2920263128367595,147,0.26379663853636626,4,"sin_year, cos_year, year_fraction, flux_lag12",-0.14247726292562055,0.5401026476915438
2021-03,gradient boosting,12,2022-03,-0.321134064131687,-0.2920263128367595,147,0.26379663853636626,4,"sin_year, cos_year, year_fraction, flux_lag12",0.029107751294927486,0.11034163079722024
2021-04,ordinary least squares,1,2021-05,-0.8905822392795951,-0.729403319098349,148,0.26185801993824986,5,"sin_year, cos_year, year_fraction, flux_lag1, flux_lag12",0.16117892018124613,0.6155202739990725
2021-04,ridge,1,2021-05,-0.8853415744645428,-0.729403319098349,148,0.26185801993824986,5,"sin_year, cos_year, year_fraction, flux_lag1, flux_lag12",0.15593825536619377,0.5955068911120859
2021-04,random forest,1,2021-05,-0.990709949240816,-0.729403319098349,148,0.26185801993824986,5,"sin_year, cos_year, year_fraction, flux_lag1, flux_lag12",0.261306630142467,0.99789431770731
2021-04,gradient boosting,1,2021-05,-1.0119301430738947,-0.729403319098349,148,0.26185801993824986,5,"sin_year, cos_year, year_fraction, flux_lag1, flux_lag12",0.28252682397554574,1.0789313386016204
2021-04,ordinary least squares,3,2021-07,-1.5419297710391977,-0.2688481344333537,148,0.26185801993824986,4,"sin_year, cos_year, year_fraction, flux_lag12",1.273081636605844,4.861724826705923
2021-04,ridge,3,2021-07,-1.5401211330173734,-0.2688481344333537,148,0.26185801993824986,4,"sin_year, cos_year, year_fraction, flux_lag12",1.2712729985840197,4.854817885218124
2021-04,random forest,3,2021-07,-1.5456155074401623,-0.2688481344333537,148,0.26185801993824986,4,"sin_year, cos_year, year_fraction, flux_lag12",1.2767673730068085,4.875800150432245
2021-04,gradient boosting,3,2021-07,-1.5179510772724087,-0.2688481344333537,148,0.26185801993824986,4,"sin_year, cos_year, year_fraction, flux_lag12",1.249102942839055,4.770153471463706
2021-04,ordinary least squares,6,2021-10,-0.3764973097163498,-0.2291692109357248,148,0.26185801993824986,4,"sin_year, cos_year, year_fraction, flux_lag12",0.14732809878062503,0.5626258795333717
2021-04,ridge,6,2021-10,-0.3759700441345943,-0.2291692109357248,148,0.26185801993824986,4,"sin_year, cos_year, year_fraction, flux_lag12",0.1468008331988695,0.5606123243179162
2021-04,random forest,6,2021-10,-0.38879248231631414,-0.2291692109357248,148,0.26185801993824986,4,"sin_year, cos_year, year_fraction, flux_lag12",0.15962327138058935,0.6095794637805287
2021-04,gradient boosting,6,2021-10,-0.35261307870733727,-0.2291692109357248,148,0.26185801993824986,4,"sin_year, cos_year, year_fraction, flux_lag12",0.12344386777161248,0.4714152646564823
2021-04,ordinary least squares,12,2022-04,-0.5462687268264739,-0.533056791595462,148,0.26185801993824986,4,"sin_year, cos_year, year_fraction, flux_lag12",0.013211935231011829,0.05045457547615844
2021-04,ridge,12,2022-04,-0.5473951126041338,-0.533056791595462,148,0.26185801993824986,4,"sin_year, cos_year, year_fraction, flux_lag12",0.014338321008671717,0.0547560888608755
2021-04,random forest,12,2022-04,-0.5446398210325468,-0.533056791595462,148,0.26185801993824986,4,"sin_year, cos_year, year_fraction, flux_lag12",0.01158302943708478,0.04423400680955365
2021-04,gradient boosting,12,2022-04,-0.5642022176171079,-0.533056791595462,148,0.26185801993824986,4,"sin_year, cos_year, year_fraction, flux_lag12",0.031145426021645828,0.11894012651967045
2021-05,ordinary least squares,1,2021-06,-1.559282727965462,-0.914525658916792,149,0.26015205791380874,5,"sin_year, cos_year, year_fraction, flux_lag1, flux_lag12",0.6447570690486699,2.4783854266579937
2021-05,ridge,1,2021-06,-1.563333742906869,-0.914525658916792,149,0.26015205791380874,5,"sin_year, cos_year, year_fraction, flux_lag1, flux_lag12",0.648808083990077,2.4939571464202457
2021-05,random forest,1,2021-06,-1.4602876341721136,-0.914525658916792,149,0.26015205791380874,5,"sin_year, cos_year, year_fraction, flux_lag1, flux_lag12",0.5457619752553216,2.097857613089259
2021-05,gradient boosting,1,2021-06,-1.5114850463706118,-0.914525658916792,149,0.26015205791380874,5,"sin_year, cos_year, year_fraction, flux_lag1, flux_lag12",0.5969593874538197,2.2946556419384505
2021-05,ordinary least squares,3,2021-08,-1.3343524154293778,-0.1087597233384241,149,0.26015205791380874,4,"sin_year, cos_year, year_fraction, flux_lag12",1.2255926920909537,4.711062837323417
2021-05,ridge,3,2021-08,-1.3344162450557309,-0.1087597233384241,149,0.26015205791380874,4,"sin_year, cos_year, year_fraction, flux_lag12",1.2256565217173068,4.711308192393313
2021-05,random forest,3,2021-08,-1.4164252073086692,-0.1087597233384241,149,0.26015205791380874,4,"sin_year, cos_year, year_fraction, flux_lag12",1.307665483970245,5.026542916694855
2021-05,gradient boosting,3,2021-08,-1.3909852129311682,-0.1087597233384241,149,0.26015205791380874,4,"sin_year, cos_year, year_fraction, flux_lag12",1.282225489592744,4.928753975175393
2021-05,ordinary least squares,6,2021-11,-0.2986290850855346,-0.2949804127283763,149,0.26015205791380874,4,"sin_year, cos_year, year_fraction, flux_lag12",0.0036486723571583224,0.014025152775716915
2021-05,ridge,6,2021-11,-0.2994959852671411,-0.2949804127283763,149,0.26015205791380874,4,"sin_year, cos_year, year_fraction, flux_lag12",0.004515572538764834,0.017357435397497
2021-05,random forest,6,2021-11,-0.3350835386490144,-0.2949804127283763,149,0.26015205791380874,4,"sin_year, cos_year, year_fraction, flux_lag12",0.04010312592063814,0.15415263766210432
2021-05,gradient boosting,6,2021-11,-0.24665329380943304,-0.2949804127283763,149,0.26015205791380874,4,"sin_year, cos_year, year_fraction, flux_lag12",-0.04832711891894323,0.18576489191161633
2021-05,ordinary least squares,12,2022-05,-0.8216045551784266,-1.0223302559755232,149,0.26015205791380874,4,"sin_year, cos_year, year_fraction, flux_lag12",-0.20072570079709662,0.7715706821877198
2021-05,ridge,12,2022-05,-0.8220998076519045,-1.0223302559755232,149,0.26015205791380874,4,"sin_year, cos_year, year_fraction, flux_lag12",-0.2002304483236187,0.7696669783406336
2021-05,random forest,12,2022-05,-0.9613751381684371,-1.0223302559755232,149,0.26015205791380874,4,"sin_year, cos_year, year_fraction, flux_lag12",-0.06095511780708607,0.2343057298715706
2021-05,gradient boosting,12,2022-05,-0.8489171037639799,-1.0223302559755232,149,0.26015205791380874,4,"sin_year, cos_year, year_fraction, flux_lag12",-0.1734131522115433,0.6665838187180398
2021-06,ordinary least squares,1,2021-07,-1.2049352362777435,-0.2688481344333537,150,0.26108162393908985,5,"sin_year, cos_year, year_fraction, flux_lag1, flux_lag12",0.9360871018443897,3.5854193325485753
2021-06,ridge,1,2021-07,-1.2345825554270013,-0.2688481344333537,150,0.26108162393908985,5,"sin_year, cos_year, year_fraction, flux_lag1, flux_lag12",0.9657344209936476,3.6989750807546407
2021-06,random forest,1,2021-07,-1.269916293458518,-0.2688481344333537,150,0.26108162393908985,5,"sin_year, cos_year, year_fraction, flux_lag1, flux_lag12",1.0010681590251642,3.8343110630364117
2021-06,gradient boosting,1,2021-07,-1.4123836392095854,-0.2688481344333537,150,0.26108162393908985,5,"sin_year, cos_year, year_fraction, flux_lag1, flux_lag12",1.1435355047762317,4.379992308623826
2021-06,ordinary least squares,3,2021-09,-0.7887152002525535,-0.2755271826053372,150,0.26108162393908985,4,"sin_year, cos_year, year_fraction, flux_lag12",0.5131880176472163,1.9656228956463926
2021-06,ridge,3,2021-09,-0.7885267471918207,-0.2755271826053372,150,0.26108162393908985,4,"sin_year, cos_year, year_fraction, flux_lag12",0.5129995645864835,1.964901079005721
2021-06,random forest,3,2021-09,-0.5779729556386927,-0.2755271826053372,150,0.26108162393908985,4,"sin_year, cos_year, year_fraction, flux_lag12",0.30244577303335546,1.1584337820110842
2021-06,gradient boosting,3,2021-09,-0.7313698883464467,-0.2755271826053372,150,0.26108162393908985,4,"sin_year, cos_year, year_fraction, flux_lag12",0.45584270574110947,1.7459777477386047
2021-06,ordinary least squares,6,2021-12,-0.2952992573879835,-0.3874575301228863,150,0.26108162393908985,4,"sin_year, cos_year, year_fraction, flux_lag12",-0.09215827273490279,0.3529864390471359
2021-06,ridge,6,2021-12,-0.2963168140249504,-0.3874575301228863,150,0.26108162393908985,4,"sin_year, cos_year, year_fraction, flux_lag12",-0.09114071609793589,0.349088973489758
2021-06,random forest,6,2021-12,-0.4320467051104756,-0.3874575301228863,150,0.26108162393908985,4,"sin_year, cos_year, year_fraction, flux_lag12",0.0445891749875893,0.1707863399761598
2021-06,gradient boosting,6,2021-12,-0.22096113423119979,-0.3874575301228863,150,0.26108162393908985,4,"sin_year, cos_year, year_fraction, flux_lag12",-0.16649639589168652,0.6377177887116636
2021-06,ordinary least squares,12,2022-06,-1.5458960940208413,-1.893611989926682,150,0.26108162393908985,4,"sin_year, cos_year, year_fraction, flux_lag12",-0.3477158959058406,1.331828302044584
2021-06,ridge,12,2022-06,-1.5460299904475556,-1.893611989926682,150,0.26108162393908985,4,"sin_year, cos_year, year_fraction, flux_lag12",-0.34758199947912627,1.331315449302617
2021-06,random forest,12,2022-06,-1.5370030822676197,-1.893611989926682,150,0.26108162393908985,4,"sin_year, cos_year, year_fraction, flux_lag12",-0.35660890765906217,1.365890491558528
2021-06,gradient boosting,12,2022-06,-1.5239229033466284,-1.893611989926682,150,0.26108162393908985,4,"sin_year, cos_year, year_fraction, flux_lag12",-0.3696890865800535,1.4159904515773263
2021-07,ordinary least squares,1,2021-08,-0.6868228454843863,-0.1087597233384241,151,0.26340464797180685,5,"sin_year, cos_year, year_fraction, flux_lag1, flux_lag12",0.5780631221459622,2.194582087282812
2021-07,ridge,1,2021-08,-0.7451463192983298,-0.1087597233384241,151,0.26340464797180685,5,"sin_year, cos_year, year_fraction, flux_lag1, flux_lag12",0.6363865959599057,2.416003669107693
2021-07,random forest,1,2021-08,-1.0826557864751012,-0.1087597233384241,151,0.26340464797180685,5,"sin_year, cos_year, year_fraction, flux_lag1, flux_lag12",0.9738960631366771,3.6973381853190257
2021-07,gradient boosting,1,2021-08,-1.2114277481313032,-0.1087597233384241,151,0.26340464797180685,5,"sin_year, cos_year, year_fraction, flux_lag1, flux_lag12",1.102668024792879,4.186213239907982
2021-07,ordinary least squares,3,2021-10,-0.35727534201574945,-0.2291692109357248,151,0.26340464797180685,4,"sin_year, cos_year, year_fraction, flux_lag12",0.12810613108002467,0.4863472686090806
2021-07,ridge,3,2021-10,-0.35849477480190894,-0.2291692109357248,151,0.26340464797180685,4,"sin_year, cos_year, year_fraction, flux_lag12",0.12932556386618416,0.49097677228545467
2021-07,random forest,3,2021-10,-0.42016552626963477,-0.2291692109357248,151,0.26340464797180685,4,"sin_year, cos_year, year_fraction, flux_lag12",0.19099631533390998,0.725106093626537
2021-07,gradient boosting,3,2021-10,-0.3614249506917048,-0.2291692109357248,151,0.26340464797180685,4,"sin_year, cos_year, year_fraction, flux_lag12",0.13225573975598004,0.5021010098885417
2021-07,ordinary least squares,6,2022-01,-0.30776276239997247,-0.6367744179670853,151,0.26340464797180685,4,"sin_year, cos_year, year_fraction, flux_lag12",-0.32901165556711287,1.2490730824246055
2021-07,ridge,6,2022-01,-0.3037382713322668,-0.6367744179670853,151,0.26340464797180685,4,"sin_year, cos_year, year_fraction, flux_lag12",-0.33303614663481856,1.2643518221837324
2021-07,random forest,6,2022-01,-0.21243493873302488,-0.6367744179670853,151,0.26340464797180685,4,"sin_year, cos_year, year_fraction, flux_lag12",-0.42433947923406046,1.6109794663892152
2021-07,gradient boosting,6,2022-01,-0.2239830450901533,-0.6367744179670853,151,0.26340464797180685,4,"sin_year, cos_year, year_fraction, flux_lag12",-0.412791372876932,1.5671377709368082
2021-07,ordinary least squares,12,2022-07,-1.3267197853734176,-2.2561137688923565,151,0.26340464797180685,4,"sin_year, cos_year, year_fraction, flux_lag12",-0.9293939835189389,3.5283887003330907
2021-07,ridge,12,2022-07,-1.3356560677199671,-2.2561137688923565,151,0.26340464797180685,4,"sin_year, cos_year, year_fraction, flux_lag12",-0.9204577011723893,3.4944626386050306
2021-07,random forest,12,2022-07,-1.0852025271980719,-2.2561137688923565,151,0.26340464797180685,4,"sin_year, cos_year, year_fraction, flux_lag12",-1.1709112416942846,4.445294533373653
2021-07,gradient boosting,12,2022-07,-1.3770891010539905,-2.2561137688923565,151,0.26340464797180685,4,"sin_year, cos_year, year_fraction, flux_lag12",-0.879024667838366,3.3371646043711847
2021-08,ordinary least squares,1,2021-09,-0.10257763732803937,-0.2755271826053372,152,0.27106362632510883,5,"sin_year, cos_year, year_fraction, flux_lag1, flux_lag12",-0.17294954527729783,0.6380404026243833
2021-08,ridge,1,2021-09,-0.15731932821992278,-0.2755271826053372,152,0.27106362632510883,5,"sin_year, cos_year, year_fraction, flux_lag1, flux_lag12",-0.11820785438541442,0.43608895810918596
2021-08,random forest,1,2021-09,-0.09421895778631195,-0.2755271826053372,152,0.27106362632510883,5,"sin_year, cos_year, year_fraction, flux_lag1, flux_lag12",-0.18130822481902525,0.6688769986481603
2021-08,gradient boosting,1,2021-09,-0.6444939441252405,-0.2755271826053372,152,0.27106362632510883,5,"sin_year, cos_year, year_fraction, flux_lag1, flux_lag12",0.3689667615199033,1.361181382106101
2021-08,ordinary least squares,3,2021-11,-0.3178961227925611,-0.2949804127283763,152,0.27106362632510883,4,"sin_year, cos_year, year_fraction, flux_lag12",0.022915710064184802,0.08453996714668058
2021-08,ridge,3,2021-11,-0.31678103949230246,-0.2949804127283763,152,0.27106362632510883,4,"sin_year, cos_year, year_fraction, flux_lag12",0.02180062676392619,0.08042623445824823
2021-08,random forest,3,2021-11,-0.13097722905568968,-0.2949804127283763,152,0.27106362632510883,4,"sin_year, cos_year, year_fraction, flux_lag12",-0.1640031836726866,0.6050357471274443
2021-08,gradient boosting,3,2021-11,-0.24314736478555354,-0.2949804127283763,152,0.27106362632510883,4,"sin_year, cos_year, year_fraction, flux_lag12",-0.05183304794282273,0.19122096404279307
2021-08,ordinary least squares,6,2022-02,-0.3084799564529024,-0.4098228738124723,152,0.27106362632510883,4,"sin_year, cos_year, year_fraction, flux_lag12",-0.1013429173595699,0.3738713258341089
2021-08,ridge,6,2022-02,-0.305282709006393,-0.4098228738124723,152,0.27106362632510883,4,"sin_year, cos_year, year_fraction, flux_lag12",-0.1045401648060793,0.38566651757508663
2021-08,random forest,6,2022-02,-0.13096951954474012,-0.4098228738124723,152,0.27106362632510883,4,"sin_year, cos_year, year_fraction, flux_lag12",-0.27885335426773217,1.0287376364296126
2021-08,gradient boosting,6,2022-02,-0.20466941758641294,-0.4098228738124723,152,0.27106362632510883,4,"sin_year, cos_year, year_fraction, flux_lag12",-0.20515345622605935,0.7568461287388002
2021-08,ordinary least squares,12,2022-08,-1.1597895990080855,-1.6698799503701345,152,0.27106362632510883,4,"sin_year, cos_year, year_fraction, flux_lag12",-0.5100903513620489,1.8818104010394068
2021-08,ridge,12,2022-08,-1.1667576071519965,-1.6698799503701345,152,0.27106362632510883,4,"sin_year, cos_year, year_fraction, flux_lag12",-0.503122343218138,1.856104229250966
2021-08,random forest,12,2022-08,-0.9635590874847855,-1.6698799503701345,152,0.27106362632510883,4,"sin_year, cos_year, year_fraction, flux_lag12",-0.706320862885349,2.6057382632304953
2021-08,gradient boosting,12,2022-08,-1.2096054649137746,-1.6698799503701345,152,0.27106362632510883,4,"sin_year, cos_year, year_fraction, flux_lag12",-0.46027448545635985,1.698031165953321
2021-09,ordinary least squares,1,2021-10,-0.0747184672506222,-0.2291692109357248,153,0.2754051850265298,5,"sin_year, cos_year, year_fraction, flux_lag1, flux_lag12",-0.1544507436851026,0.5608127663617675
2021-09,ridge,1,2021-10,-0.09626177996836721,-0.2291692109357248,153,0.2754051850265298,5,"sin_year, cos_year, year_fraction, flux_lag1, flux_lag12",-0.13290743096735758,0.4825887027310492
2021-09,random forest,1,2021-10,-0.32298390087462264,-0.2291692109357248,153,0.2754051850265298,5,"sin_year, cos_year, year_fraction, flux_lag1, flux_lag12",0.09381468993889786,0.3406424244694619
2021-09,gradient boosting,1,2021-10,-0.2046690483732617,-0.2291692109357248,153,0.2754051850265298,5,"sin_year, cos_year, year_fraction, flux_lag1, flux_lag12",-0.024500162562463096,0.08896042592699552
2021-09,ordinary least squares,3,2021-12,-0.31022646900501405,-0.3874575301228863,153,0.2754051850265298,4,"sin_year, cos_year, year_fraction, flux_lag12",-0.07723106111787226,0.28042704101751964
2021-09,ridge,3,2021-12,-0.3094906116484443,-0.3874575301228863,153,0.2754051850265298,4,"sin_year, cos_year, year_fraction, flux_lag12",-0.07796691847444198,0.28309894916078443
2021-09,random forest,3,2021-12,-0.46691886701369967,-0.3874575301228863,153,0.2754051850265298,4,"sin_year, cos_year, year_fraction, flux_lag12",0.07946133689081336,0.28852520290479955
2021-09,gradient boosting,3,2021-12,-0.21437351891512288,-0.3874575301228863,153,0.2754051850265298,4,"sin_year, cos_year, year_fraction, flux_lag12",-0.17308401120776343,0.628470416020273
2021-09,ordinary least squares,6,2022-03,-0.3632612048239041,-0.2920263128367595,153,0.2754051850265298,4,"sin_year, cos_year, year_fraction, flux_lag12",0.07123489198714461,0.2586548687537693
2021-09,ridge,6,2022-03,-0.3614643210748608,-0.2920263128367595,153,0.2754051850265298,4,"sin_year, cos_year, year_fraction, flux_lag12",0.06943800823810131,0.2521303592429182
2021-09,random forest,6,2022-03,-0.22673328599684722,-0.2920263128367595,153,0.2754051850265298,4,"sin_year, cos_year, year_fraction, flux_lag12",-0.06529302683991228,0.23707987499807823
2021-09,gradient boosting,6,2022-03,-0.26103937492046114,-0.2920263128367595,153,0.2754051850265298,4,"sin_year, cos_year, year_fraction, flux_lag12",-0.030986937916298363,0.11251399610836445
2021-09,ordinary least squares,12,2022-09,-0.7216198376519435,-1.3113884430394886,153,0.2754051850265298,4,"sin_year, cos_year, year_fraction, flux_lag12",-0.5897686053875452,2.1414578862439817
2021-09,ridge,12,2022-09,-0.7235781358028153,-1.3113884430394886,153,0.2754051850265298,4,"sin_year, cos_year, year_fraction, flux_lag12",-0.5878103072366734,2.134347278828645
2021-09,random forest,12,2022-09,-0.9152642511998984,-1.3113884430394886,153,0.2754051850265298,4,"sin_year, cos_year, year_fraction, flux_lag12",-0.39612419183959025,1.4383323676401794
2021-09,gradient boosting,12,2022-09,-0.7329232505675434,-1.3113884430394886,153,0.2754051850265298,4,"sin_year, cos_year, year_fraction, flux_lag12",-0.5784651924719453,2.1004150390858536
2021-10,ordinary least squares,1,2021-11,-0.2337562145493552,-0.2949804127283763,154,0.2736763389117969,5,"sin_year, cos_year, year_fraction, flux_lag1, flux_lag12",-0.06122419817902108,0.2237102353183445
2021-10,ridge,1,2021-11,-0.23928928194015248,-0.2949804127283763,154,0.2736763389117969,5,"sin_year, cos_year, year_fraction, flux_lag1, flux_lag12",-0.0556911307882238,0.20349267682279426
2021-10,random forest,1,2021-11,-0.24080676901279646,-0.2949804127283763,154,0.2736763389117969,5,"sin_year, cos_year, year_fraction, flux_lag1, flux_lag12",-0.05417364371557981,0.19794785304051962
2021-10,gradient boosting,1,2021-11,-0.21223946323321718,-0.2949804127283763,154,0.2736763389117969,5,"sin_year, cos_year, year_fraction, flux_lag1, flux_lag12",-0.08274094949515909,0.30233139563382444
2021-10,ordinary least squares,3,2022-01,-0.2966367165969732,-0.6367744179670853,154,0.2736763389117969,4,"sin_year, cos_year, year_fraction, flux_lag12",-0.3401377013701121,1.242846578270455
2021-10,ridge,3,2022-01,-0.29401627395236385,-0.6367744179670853,154,0.2736763389117969,4,"sin_year, cos_year, year_fraction, flux_lag12",-0.3427581440147215,1.2524215479409382
2021-10,random forest,3,2022-01,-0.3581073118011087,-0.6367744179670853,154,0.2736763389117969,4,"sin_year, cos_year, year_fraction, flux_lag12",-0.2786671061659766,1.0182360202347935
2021-10,gradient boosting,3,2022-01,-0.2011595647310966,-0.6367744179670853,154,0.2736763389117969,4,"sin_year, cos_year, year_fraction, flux_lag12",-0.4356148532359887,1.5917154364461992
2021-10,ordinary least squares,6,2022-04,-0.5559937941079086,-0.533056791595462,154,0.2736763389117969,4,"sin_year, cos_year, year_fraction, flux_lag12",0.02293700251244657,0.0838106889461092
2021-10,ridge,6,2022-04,-0.5555642596125896,-0.533056791595462,154,0.2736763389117969,4,"sin_year, cos_year, year_fraction, flux_lag12",0.022507468017127552,0.08224119084105945
2021-10,random forest,6,2022-04,-0.5152854938180408,-0.533056791595462,154,0.2736763389117969,4,"sin_year, cos_year, year_fraction, flux_lag12",-0.017771297777421258,0.06493545568493142
2021-10,gradient boosting,6,2022-04,-0.528873008754812,-0.533056791595462,154,0.2736763389117969,4,"sin_year, cos_year, year_fraction, flux_lag12",-0.004183782840650019,0.015287338530198659
2021-10,ordinary least squares,12,2022-10,-0.35153053786776517,-0.594230815262143,154,0.2736763389117969,4,"sin_year, cos_year, year_fraction, flux_lag12",-0.24270027739437788,0.8868149813732993
2021-10,ridge,12,2022-10,-0.35215305965020444,-0.594230815262143,154,0.2736763389117969,4,"sin_year, cos_year, year_fraction, flux_lag12",-0.24207775561193862,0.8845403171297093
2021-10,random forest,12,2022-10,-0.33711007220381617,-0.594230815262143,154,0.2736763389117969,4,"sin_year, cos_year, year_fraction, flux_lag12",-0.2571207430583269,0.9395066598767762
2021-10,gradient boosting,12,2022-10,-0.3575785608451393,-0.594230815262143,154,0.2736763389117969,4,"sin_year, cos_year, year_fraction, flux_lag12",-0.23665225441700377,0.8647158002697282
2021-11,ordinary least squares,1,2021-12,-0.29802878717286063,-0.3874575301228863,155,0.2731203533962636,5,"sin_year, cos_year, year_fraction, flux_lag1, flux_lag12",-0.08942874295002567,0.32743346234718623
2021-11,ridge,1,2021-12,-0.29960804077025527,-0.3874575301228863,155,0.2731203533962636,5,"sin_year, cos_year, year_fraction, flux_lag1, flux_lag12",-0.08784948935263104,0.3216511997740878
2021-11,random forest,1,2021-12,-0.3315063221020703,-0.3874575301228863,155,0.2731203533962636,5,"sin_year, cos_year, year_fraction, flux_lag1, flux_lag12",-0.05595120802081599,0.20485916675582855
2021-11,gradient boosting,1,2021-12,-0.25088266384838753,-0.3874575301228863,155,0.2731203533962636,5,"sin_year, cos_year, year_fraction, flux_lag1, flux_lag12",-0.13657486627449877,0.5000537842609835
2021-11,ordinary least squares,3,2022-02,-0.3021573684133823,-0.4098228738124723,155,0.2731203533962636,4,"sin_year, cos_year, year_fraction, flux_lag12",-0.10766550539908998,0.394205353282041
2021-11,ridge,3,2022-02,-0.2995992468101682,-0.4098228738124723,155,0.2731203533962636,4,"sin_year, cos_year, year_fraction, flux_lag12",-0.11022362700230409,0.4035716329144585
2021-11,random forest,3,2022-02,-0.0653590913747723,-0.4098228738124723,155,0.2731203533962636,4,"sin_year, cos_year, year_fraction, flux_lag12",-0.3444637824377,1.2612160835114545
2021-11,gradient boosting,3,2022-02,-0.17384316936795094,-0.4098228738124723,155,0.2731203533962636,4,"sin_year, cos_year, year_fraction, flux_lag12",-0.23597970444452135,0.8640136171109305
2021-11,ordinary least squares,6,2022-05,-0.8108103351029748,-1.0223302559755232,155,0.2731203533962636,4,"sin_year, cos_year, year_fraction, flux_lag12",-0.21151992087254834,0.774456821845347
2021-11,ridge,6,2022-05,-0.8117649050416698,-1.0223302559755232,155,0.2731203533962636,4,"sin_year, cos_year, year_fraction, flux_lag12",-0.21056535093385342,0.7709617694743874
2021-11,random forest,6,2022-05,-0.8033812971447566,-1.0223302559755232,155,0.2731203533962636,4,"sin_year, cos_year, year_fraction, flux_lag12",-0.2189489588307666,0.801657423579483
2021-11,gradient boosting,6,2022-05,-0.7904713066541832,-1.0223302559755232,155,0.2731203533962636,4,"sin_year, cos_year, year_fraction, flux_lag12",-0.23185894932134,0.8489259274827516
2021-11,ordinary least squares,12,2022-11,-0.3033293079560243,-0.3151836671305359,155,0.2731203533962636,4,"sin_year, cos_year, year_fraction, flux_lag12",-0.011854359174511608,0.04340342646420207
2021-11,ridge,12,2022-11,-0.30389743152769816,-0.3151836671305359,155,0.2731203533962636,4,"sin_year, cos_year, year_fraction, flux_lag12",-0.011286235602837758,0.04132330477202786
2021-11,random forest,12,2022-11,-0.39164974240346273,-0.3151836671305359,155,0.2731203533962636,4,"sin_year, cos_year, year_fraction, flux_lag12",0.07646607527292681,0.2799720867451576
2021-11,gradient boosting,12,2022-11,-0.3153003189569292,-0.3151836671305359,155,0.2731203533962636,4,"sin_year, cos_year, year_fraction, flux_lag12",0.00011665182639331029,0.00042710777480601386
2021-12,ordinary least squares,1,2022-01,-0.3518361473369008,-0.6367744179670853,156,0.2720591116593021,5,"sin_year, cos_year, year_fraction, flux_lag1, flux_lag12",-0.28493827063018456,1.0473395612164278
2021-12,ridge,1,2022-01,-0.3437091425962562,-0.6367744179670853,156,0.2720591116593021,5,"sin_year, cos_year, year_fraction, flux_lag1, flux_lag12",-0.29306527537082916,1.0772117632209024
2021-12,random forest,1,2022-01,-0.25834617461226167,-0.6367744179670853,156,0.2720591116593021,5,"sin_year, cos_year, year_fraction, flux_lag1, flux_lag12",-0.37842824335482367,1.3909780159420906
2021-12,gradient boosting,1,2022-01,-0.28999573925642214,-0.6367744179670853,156,0.2720591116593021,5,"sin_year, cos_year, year_fraction, flux_lag1, flux_lag12",-0.3467786787106632,1.2746446042392874
2021-12,ordinary least squares,3,2022-03,-0.36462653578199306,-0.2920263128367595,156,0.2720591116593021,4,"sin_year, cos_year, year_fraction, flux_lag12",0.07260022294523355,0.2668545909101929
2021-12,ridge,3,2022-03,-0.36272455119967734,-0.2920263128367595,156,0.2720591116593021,4,"sin_year, cos_year, year_fraction, flux_lag12",0.07069823836291783,0.25986351984951267
2021-12,random forest,3,2022-03,-0.21498967528712876,-0.2920263128367595,156,0.2720591116593021,4,"sin_year, cos_year, year_fraction, flux_lag12",-0.07703663754963075,0.28316139488870806
2021-12,gradient boosting,3,2022-03,-0.27786646247828833,-0.2920263128367595,156,0.2720591116593021,4,"sin_year, cos_year, year_fraction, flux_lag12",-0.014159850358471171,0.05204696241235788
2021-12,ordinary least squares,6,2022-06,-1.502934943807867,-1.893611989926682,156,0.2720591116593021,4,"sin_year, cos_year, year_fraction, flux_lag12",-0.39067704611881493,1.4360005946356884
2021-12,ridge,6,2022-06,-1.506763601472174,-1.893611989926682,156,0.2720591116593021,4,"sin_year, cos_year, year_fraction, flux_lag12",-0.386848388454508,1.421927705692709
2021-12,random forest,6,2022-06,-1.1953331977753292,-1.893611989926682,156,0.2720591116593021,4,"sin_year, cos_year, year_fraction, flux_lag12",-0.6982787921513527,2.566643652890416
2021-12,gradient boosting,6,2022-06,-1.5474140497149607,-1.893611989926682,156,0.2720591116593021,4,"sin_year, cos_year, year_fraction, flux_lag12",-0.34619794021172123,1.2725100001254974
2021-12,ordinary least squares,12,2022-12,-0.31090635477728407,-0.489564100646511,156,0.2720591116593021,5,"sin_year, cos_year, year_fraction, flux_lag12, flux_lag13",-0.17865774586922695,0.656687235283481
2021-12,ridge,12,2022-12,-0.3114166633645017,-0.489564100646511,156,0.2720591116593021,5,"sin_year, cos_year, year_fraction, flux_lag12, flux_lag13",-0.17814743728200932,0.6548115084088867
2021-12,random forest,12,2022-12,-0.3663847015475159,-0.489564100646511,156,0.2720591116593021,5,"sin_year, cos_year, year_fraction, flux_lag12, flux_lag13",-0.12317939909899511,0.45276704149961317
2021-12,gradient boosting,12,2022-12,-0.27677083928443613,-0.489564100646511,156,0.2720591116593021,5,"sin_year, cos_year, year_fraction, flux_lag12, flux_lag13",-0.21279326136207488,0.7821581863744176
2022-01,ordinary least squares,1,2022-02,-0.5114638921851843,-0.4098228738124723,157,0.2707355927600636,5,"sin_year, cos_year, year_fraction, flux_lag1, flux_lag12",0.101641018372712,0.37542540061509466
2022-01,ridge,1,2022-02,-0.49350146793609734,-0.4098228738124723,157,0.2707355927600636,5,"sin_year, cos_year, year_fraction, flux_lag1, flux_lag12",0.08367859412362505,0.30907865962708597
2022-01,random forest,1,2022-02,-0.5487196598492745,-0.4098228738124723,157,0.2707355927600636,5,"sin_year, cos_year, year_fraction, flux_lag1, flux_lag12",0.13889678603680222,0.513034819769331
2022-01,gradient boosting,1,2022-02,-0.40577168577000217,-0.4098228738124723,157,0.2707355927600636,5,"sin_year, cos_year, year_fraction, flux_lag1, flux_lag12",-0.004051188042470122,0.014963632971821485
2022-01,ordinary least squares,3,2022-04,-0.5574048365901745,-0.533056791595462,157,0.2707355927600636,4,"sin_year, cos_year, year_fraction, flux_lag12",0.024348044994712437,0.08993292956604572
2022-01,ridge,3,2022-04,-0.5568805949485838,-0.533056791595462,157,0.2707355927600636,4,"sin_year, cos_year, year_fraction, flux_lag12",0.02382380335312173,0.08799656931046858
2022-01,random forest,3,2022-04,-0.5082957953922269,-0.533056791595462,157,0.2707355927600636,4,"sin_year, cos_year, year_fraction, flux_lag12",-0.02476099620323513,0.09145822295031332
2022-01,gradient boosting,3,2022-04,-0.5836646409577422,-0.533056791595462,157,0.2707355927600636,4,"sin_year, cos_year, year_fraction, flux_lag12",0.05060784936228013,0.1869272113295084
2022-01,ordinary least squares,6,2022-07,-1.3400919285953112,-2.2561137688923565,157,0.2707355927600636,4,"sin_year, cos_year, year_fraction, flux_lag12",-0.9160218402970453,3.383455536667687
2022-01,ridge,6,2022-07,-1.3476302257081898,-2.2561137688923565,157,0.2707355927600636,4,"sin_year, cos_year, year_fraction, flux_lag12",-0.9084835431841667,3.355611775764187
2022-01,random forest,6,2022-07,-1.060760173997759,-2.2561137688923565,157,0.2707355927600636,4,"sin_year, cos_year, year_fraction, flux_lag12",-1.1953535948945975,4.415206669756076
2022-01,gradient boosting,6,2022-07,-1.4599410329498692,-2.2561137688923565,157,0.2707355927600636,4,"sin_year, cos_year, year_fraction, flux_lag12",-0.7961727359424873,2.9407760088939856
2022-01,ordinary least squares,12,2023-01,-0.3431195765590112,-0.2368399592309178,157,0.2707355927600636,5,"sin_year, cos_year, year_fraction, flux_lag12, flux_lag13",0.1062796173280934,0.3925587184330157
2022-01,ridge,12,2023-01,-0.3375989867487014,-0.2368399592309178,157,0.2707355927600636,5,"sin_year, cos_year, year_fraction, flux_lag12, flux_lag13",0.10075902751778362,0.3721676433104981
2022-01,random forest,12,2023-01,-0.20598708655514258,-0.2368399592309178,157,0.2707355927600636,5,"sin_year, cos_year, year_fraction, flux_lag12, flux_lag13",-0.030852872675775217,0.11395942573061767
2022-01,gradient boosting,12,2023-01,-0.3099847335573807,-0.2368399592309178,157,0.2707355927600636,5,"sin_year, cos_year, year_fraction, flux_lag12, flux_lag13",0.07314477432646291,0.27017051426735256
2022-02,ordinary least squares,1,2022-03,-0.43814979461696524,-0.2920263128367595,158,0.27045599695058953,5,"sin_year, cos_year, year_fraction, flux_lag1, flux_lag12",0.14612348178020573,0.5402856044153516
2022-02,ridge,1,2022-03,-0.4315373083186489,-0.2920263128367595,158,0.27045599695058953,5,"sin_year, cos_year, year_fraction, flux_lag1, flux_lag12",0.1395109954818894,0.5158362064619965
2022-02,random forest,1,2022-03,-0.5213484703028791,-0.2920263128367595,158,0.27045599695058953,5,"sin_year, cos_year, year_fraction, flux_lag1, flux_lag12",0.2293221574661196,0.8479093089143637
2022-02,gradient boosting,1,2022-03,-0.35722242755895023,-0.2920263128367595,158,0.27045599695058953,5,"sin_year, cos_year, year_fraction, flux_lag1, flux_lag12",0.06519611472219072,0.24105997078002162
2022-02,ordinary least squares,3,2022-05,-0.808629921468372,-1.0223302559755232,158,0.27045599695058953,4,"sin_year, cos_year, year_fraction, flux_lag12",-0.2137003345071512,0.7901482567095482
2022-02,ridge,3,2022-05,-0.8097536586844036,-1.0223302559755232,158,0.27045599695058953,4,"sin_year, cos_year, year_fraction, flux_lag12",-0.21257659729111955,0.7859932842604184
2022-02,random forest,3,2022-05,-0.8124756021125269,-1.0223302559755232,158,0.27045599695058953,4,"sin_year, cos_year, year_fraction, flux_lag12",-0.2098546538629963,0.7759290096323334
2022-02,gradient boosting,3,2022-05,-0.8505515602849189,-1.0223302559755232,158,0.27045599695058953,4,"sin_year, cos_year, year_fraction, flux_lag12",-0.17177869569060433,0.6351447097769
2022-02,ordinary least squares,6,2022-08,-1.1532808512890718,-1.6698799503701345,158,0.27045599695058953,4,"sin_year, cos_year, year_fraction, flux_lag12",-0.5165990990810627,1.9101040646380707
2022-02,ridge,6,2022-08,-1.1608079382827037,-1.6698799503701345,158,0.27045599695058953,4,"sin_year, cos_year, year_fraction, flux_lag12",-0.5090720120874308,1.8822729679772447
2022-02,random forest,6,2022-08,-0.905897232730235,-1.6698799503701345,158,0.27045599695058953,4,"sin_year, cos_year, year_fraction, flux_lag12",-0.7639827176398994,2.8247948880921796
2022-02,gradient boosting,6,2022-08,-1.2173941727361006,-1.6698799503701345,158,0.27045599695058953,4,"sin_year, cos_year, year_fraction, flux_lag12",-0.45248577763403386,1.6730476777584633
2022-02,ordinary least squares,12,2023-02,-0.2962623153899767,-0.2115590515819148,158,0.27045599695058953,5,"sin_year, cos_year, year_fraction, flux_lag12, flux_lag13",0.08470326380806192,0.3131868576149067
2022-02,ridge,12,2023-02,-0.29667617167966326,-0.2115590515819148,158,0.27045599695058953,5,"sin_year, cos_year, year_fraction, flux_lag12, flux_lag13",0.08511712009774847,0.3147170743390792
2022-02,random forest,12,2023-02,-0.2507448714581609,-0.2115590515819148,158,0.27045599695058953,5,"sin_year, cos_year, year_fraction, flux_lag12, flux_lag13",0.039185819876246086,0.14488796816513214
2022-02,gradient boosting,12,2023-02,-0.2612359613486882,-0.2115590515819148,158,0.27045599695058953,5,"sin_year, cos_year, year_fraction, flux_lag12, flux_lag13",0.049676909766773414,0.18367834445116427
2022-03,ordinary least squares,1,2022-04,-0.5237978914125613,-0.533056791595462,159,0.2711754742719871,5,"sin_year, cos_year, year_fraction, flux_lag1, flux_lag12",-0.009258900182900764,0.03414357514357715
2022-03,ridge,1,2022-04,-0.526260717273213,-0.533056791595462,159,0.2711754742719871,5,"sin_year, cos_year, year_fraction, flux_lag1, flux_lag12",-0.006796074322249046,0.02506153751733695
2022-03,random forest,1,2022-04,-0.4544973723629553,-0.533056791595462,159,0.2711754742719871,5,"sin_year, cos_year, year_fraction, flux_lag1, flux_lag12",-0.07855941923250676,0.2896995734714276
2022-03,gradient boosting,1,2022-04,-0.5765066210409545,-0.533056791595462,159,0.2711754742719871,5,"sin_year, cos_year, year_fraction, flux_lag1, flux_lag12",0.04344982944549247,0.16022772546868524
2022-03,ordinary least squares,3,2022-06,-1.4945659891067207,-1.893611989926682,159,0.2711754742719871,4,"sin_year, cos_year, year_fraction, flux_lag12",-0.3990460008199612,1.4715416351396176
2022-03,ridge,3,2022-06,-1.498988070569072,-1.893611989926682,159,0.2711754742719871,4,"sin_year, cos_year, year_fraction, flux_lag12",-0.39462391935761,1.4552345503111572
2022-03,random forest,3,2022-06,-1.1936214224518904,-1.893611989926682,159,0.2711754742719871,4,"sin_year, cos_year, year_fraction, flux_lag12",-0.6999905674747915,2.5813196025710856
2022-03,gradient boosting,3,2022-06,-1.5253209759537214,-1.893611989926682,159,0.2711754742719871,4,"sin_year, cos_year, year_fraction, flux_lag12",-0.3682910139729605,1.3581280348515852
2022-03,ordinary least squares,6,2022-09,-0.7101840431333077,-1.3113884430394886,159,0.2711754742719871,4,"sin_year, cos_year, year_fraction, flux_lag12",-0.6012043999061809,2.2170308783277983
2022-03,ridge,6,2022-09,-0.7132727526127121,-1.3113884430394886,159,0.2711754742719871,4,"sin_year, cos_year, year_fraction, flux_lag12",-0.5981156904267766,2.205640801523484
2022-03,random forest,6,2022-09,-0.8922365973700693,-1.3113884430394886,159,0.2711754742719871,4,"sin_year, cos_year, year_fraction, flux_lag12",-0.4191518456694193,1.5456849362749263
2022-03,gradient boosting,6,2022-09,-0.7247762401112275,-1.3113884430394886,159,0.2711754742719871,4,"sin_year, cos_year, year_fraction, flux_lag12",-0.5866122029282611,2.163219975932975
2022-03,ordinary least squares,12,2023-03,-0.33567129941608437,-0.3858673612316364,159,0.2711754742719871,5,"sin_year, cos_year, year_fraction, flux_lag12, flux_lag13",-0.05019606181555203,0.18510546335471964
2022-03,ridge,12,2023-03,-0.3374446352823788,-0.3858673612316364,159,0.2711754742719871,5,"sin_year, cos_year, year_fraction, flux_lag12, flux_lag13",-0.04842272594925762,0.1785660229017981
2022-03,random forest,12,2023-03,-0.32974208399238003,-0.3858673612316364,159,0.2711754742719871,5,"sin_year, cos_year, year_fraction, flux_lag12, flux_lag13",-0.056125277239256366,0.2069703294146841
2022-03,gradient boosting,12,2023-03,-0.35923187673596424,-0.3858673612316364,159,0.2711754742719871,5,"sin_year, cos_year, year_fraction, flux_lag12, flux_lag13",-0.026635484495672157,0.09822232105310877
2022-04,ordinary least squares,1,2022-05,-0.7982656001751668,-1.0223302559755232,160,0.2702887303593963,5,"sin_year, cos_year, year_fraction, flux_lag1, flux_lag12",-0.2240646558003564,0.8289826050180601
2022-04,ridge,1,2022-05,-0.800386649438631,-1.0223302559755232,160,0.2702887303593963,5,"sin_year, cos_year, year_fraction, flux_lag1, flux_lag12",-0.22194360653689216,0.821135258735276
2022-04,random forest,1,2022-05,-0.8165802351929478,-1.0223302559755232,160,0.2702887303593963,5,"sin_year, cos_year, year_fraction, flux_lag1, flux_lag12",-0.20575002078257543,0.7612230835854482
2022-04,gradient boosting,1,2022-05,-0.7645344570980812,-1.0223302559755232,160,0.2702887303593963,5,"sin_year, cos_year, year_fraction, flux_lag1, flux_lag12",-0.257795798877442,0.9537793104975454
2022-04,ordinary least squares,3,2022-07,-1.339032019146323,-2.2561137688923565,160,0.2702887303593963,4,"sin_year, cos_year, year_fraction, flux_lag12",-0.9170817497460335,3.392970726254892
2022-04,ridge,3,2022-07,-1.3464459259583683,-2.2561137688923565,160,0.2702887303593963,4,"sin_year, cos_year, year_fraction, flux_lag12",-0.9096678429339882,3.3655411445546584
2022-04,random forest,3,2022-07,-1.0601220860034506,-2.2561137688923565,160,0.2702887303593963,4,"sin_year, cos_year, year_fraction, flux_lag12",-1.195991682888906,4.4248669979640844
2022-04,gradient boosting,3,2022-07,-1.4052037359448866,-2.2561137688923565,160,0.2702887303593963,4,"sin_year, cos_year, year_fraction, flux_lag12",-0.8509100329474699,3.1481520957830376
2022-04,ordinary least squares,6,2022-10,-0.35751143812723385,-0.594230815262143,160,0.2702887303593963,5,"sin_year, cos_year, year_fraction, flux_lag6, flux_lag12",-0.2367193771349092,0.8758018760906133
2022-04,ridge,6,2022-10,-0.35720899309241333,-0.594230815262143,160,0.2702887303593963,5,"sin_year, cos_year, year_fraction, flux_lag6, flux_lag12",-0.23702182216972972,0.8769208462911776
2022-04,random forest,6,2022-10,-0.34619793822687406,-0.594230815262143,160,0.2702887303593963,5,"sin_year, cos_year, year_fraction, flux_lag6, flux_lag12",-0.248032877035269,0.9176589667851328
2022-04,gradient boosting,6,2022-10,-0.32366386201632946,-0.594230815262143,160,0.2702887303593963,5,"sin_year, cos_year, year_fraction, flux_lag6, flux_lag12",-0.2705669532458136,1.001029354372442
2022-04,ordinary least squares,12,2023-04,-0.5464068664131103,-0.3454022931067169,160,0.2702887303593963,4,"sin_year, cos_year, year_fraction, flux_lag12",0.20100457330639343,0.7436661271046061
2022-04,ridge,12,2023-04,-0.5471338753788232,-0.3454022931067169,160,0.2702887303593963,4,"sin_year, cos_year, year_fraction, flux_lag12",0.2017315822721063,0.7463558765615893
2022-04,random forest,12,2023-04,-0.5915100788363677,-0.3454022931067169,160,0.2702887303593963,4,"sin_year, cos_year, year_fraction, flux_lag12",0.24610778572965086,0.9105366154275368
2022-04,gradient boosting,12,2023-04,-0.5608272621355532,-0.3454022931067169,160,0.2702887303593963,4,"sin_year, cos_year, year_fraction, flux_lag12",0.21542496902883634,0.7970179472240334
2022-05,ordinary least squares,1,2022-06,-1.6156098876641363,-1.893611989926682,161,0.27044066463132777,5,"sin_year, cos_year, year_fraction, flux_lag1, flux_lag12",-0.2780021022625456,1.0279596917923783
2022-05,ridge,1,2022-06,-1.6109303170647629,-1.893611989926682,161,0.27044066463132777,5,"sin_year, cos_year, year_fraction, flux_lag1, flux_lag12",-0.28268167286191903,1.0452631938590986
2022-05,random forest,1,2022-06,-1.8267621199181865,-1.893611989926682,161,0.27044066463132777,5,"sin_year, cos_year, year_fraction, flux_lag1, flux_lag12",-0.0668498700084954,0.247188676671931
2022-05,gradient boosting,1,2022-06,-1.634971280716849,-1.893611989926682,161,0.27044066463132777,5,"sin_year, cos_year, year_fraction, flux_lag1, flux_lag12",-0.25864070920983284,0.9563676733394331
2022-05,ordinary least squares,3,2022-08,-1.1598897378172934,-1.6698799503701345,161,0.27044066463132777,4,"sin_year, cos_year, year_fraction, flux_lag12",-0.509990212552841,1.8857748824426013
2022-05,ridge,3,2022-08,-1.1667259157149141,-1.6698799503701345,161,0.27044066463132777,4,"sin_year, cos_year, year_fraction, flux_lag12",-0.5031540346552204,1.8604969609179667
2022-05,random forest,3,2022-08,-0.9049191204532512,-1.6698799503701345,161,0.27044066463132777,4,"sin_year, cos_year, year_fraction, flux_lag12",-0.7649608299168833,2.828571771777366
2022-05,gradient boosting,3,2022-08,-1.2359114838315917,-1.6698799503701345,161,0.27044066463132777,4,"sin_year, cos_year, year_fraction, flux_lag12",-0.4339684665385428,1.6046716462930628
2022-05,ordinary least squares,6,2022-11,-0.302454797613559,-0.3151836671305359,161,0.27044066463132777,4,"sin_year, cos_year, year_fraction, flux_lag12",-0.012728869516976937,0.047067143302318405
2022-05,ridge,6,2022-11,-0.30265403737167346,-0.3151836671305359,161,0.27044066463132777,4,"sin_year, cos_year, year_fraction, flux_lag12",-0.01252962975886246,0.04633042067080851
2022-05,random forest,6,2022-11,-0.3651599790644069,-0.3151836671305359,161,0.27044066463132777,4,"sin_year, cos_year, year_fraction, flux_lag12",0.049976311933870976,0.18479584792471973
2022-05,gradient boosting,6,2022-11,-0.2850875002616879,-0.3151836671305359,161,0.27044066463132777,4,"sin_year, cos_year, year_fraction, flux_lag12",-0.03009616686884803,0.11128565635599202
2022-05,ordinary least squares,12,2023-05,-0.8424636024577565,-0.9962000211333736,161,0.27044066463132777,5,"sin_year, cos_year, year_fraction, flux_lag12, flux_lag13",-0.15373641867561705,0.5684663542932599
2022-05,ridge,12,2023-05,-0.8414982502158164,-0.9962000211333736,161,0.27044066463132777,5,"sin_year, cos_year, year_fraction, flux_lag12, flux_lag13",-0.1547017709175572,0.5720359071312406
2022-05,random forest,12,2023-05,-0.9464809888422878,-0.9962000211333736,161,0.27044066463132777,5,"sin_year, cos_year, year_fraction, flux_lag12, flux_lag13",-0.04971903229108576,0.1838445130241938
2022-05,gradient boosting,12,2023-05,-0.8430321878421411,-0.9962000211333736,161,0.27044066463132777,5,"sin_year, cos_year, year_fraction, flux_lag12, flux_lag13",-0.1531678332912325,0.5663639138738072
2022-06,ordinary least squares,1,2022-07,-1.5728306913896506,-2.2561137688923565,162,0.27516496907385146,5,"sin_year, cos_year, year_fraction, flux_lag1, flux_lag12",-0.6832830775027059,2.48317610996231
2022-06,ridge,1,2022-07,-1.56245539400604,-2.2561137688923565,162,0.27516496907385146,5,"sin_year, cos_year, year_fraction, flux_lag1, flux_lag12",-0.6936583748863165,2.5208818448839168
2022-06,random forest,1,2022-07,-1.899016949736081,-2.2561137688923565,162,0.27516496907385146,5,"sin_year, cos_year, year_fraction, flux_lag1, flux_lag12",-0.35709681915627556,1.2977553805565796
2022-06,gradient boosting,1,2022-07,-1.7142858983573466,-2.2561137688923565,162,0.27516496907385146,5,"sin_year, cos_year, year_fraction, flux_lag1, flux_lag12",-0.5418278705350099,1.9691019258690188
2022-06,ordinary least squares,3,2022-09,-0.7252666461671201,-1.3113884430394886,162,0.27516496907385146,4,"sin_year, cos_year, year_fraction, flux_lag12",-0.5861217968723685,2.130074183662018
2022-06,ridge,3,2022-09,-0.7269513146563191,-1.3113884430394886,162,0.27516496907385146,4,"sin_year, cos_year, year_fraction, flux_lag12",-0.5844371283831695,2.123951789176741
2022-06,random forest,3,2022-09,-0.9281433220882556,-1.3113884430394886,162,0.27516496907385146,4,"sin_year, cos_year, year_fraction, flux_lag12",-0.3832451209512331,1.3927831084064122
2022-06,gradient boosting,3,2022-09,-0.7326268150237407,-1.3113884430394886,162,0.27516496907385146,4,"sin_year, cos_year, year_fraction, flux_lag12",-0.5787616280157479,2.1033259791889214
2022-06,ordinary least squares,6,2022-12,-0.3085777508210705,-0.489564100646511,162,0.27516496907385146,4,"sin_year, cos_year, year_fraction, flux_lag12",-0.18098634982544054,0.6577376125842009
2022-06,ridge,6,2022-12,-0.3087038888186797,-0.489564100646511,162,0.27516496907385146,4,"sin_year, cos_year, year_fraction, flux_lag12",-0.1808602118278313,0.6572792039501593
2022-06,random forest,6,2022-12,-0.3241683813752128,-0.489564100646511,162,0.27516496907385146,4,"sin_year, cos_year, year_fraction, flux_lag12",-0.1653957192712982,0.6010783997250307
2022-06,gradient boosting,6,2022-12,-0.27991908774133606,-0.489564100646511,162,0.27516496907385146,4,"sin_year, cos_year, year_fraction, flux_lag12",-0.20964501290517495,0.7618884540819162
2022-06,ordinary least squares,12,2023-06,-1.573477038230261,-1.7184221382138851,162,0.27516496907385146,4,"sin_year, cos_year, year_fraction, flux_lag12",-0.14494509998362415,0.5267570958304738
2022-06,ridge,12,2023-06,-1.5731543516896453,-1.7184221382138851,162,0.27516496907385146,4,"sin_year, cos_year, year_fraction, flux_lag12",-0.14526778652423977,0.5279297979433254
2022-06,random forest,12,2023-06,-1.641929850307175,-1.7184221382138851,162,0.27516496907385146,4,"sin_year, cos_year, year_fraction, flux_lag12",-0.07649228790671003,0.2779870132603263
2022-06,gradient boosting,12,2023-06,-1.550149767452272,-1.7184221382138851,162,0.27516496907385146,4,"sin_year, cos_year, year_fraction, flux_lag12",-0.16827237076161317,0.6115326792068891
2022-07,ordinary least squares,1,2022-08,-1.7402002856872416,-1.6698799503701345,163,0.2865033840764022,5,"sin_year, cos_year, year_fraction, flux_lag1, flux_lag12",0.07032033531710713,0.2454432974458505
2022-07,ridge,1,2022-08,-1.7058947928533212,-1.6698799503701345,163,0.2865033840764022,5,"sin_year, cos_year, year_fraction, flux_lag1, flux_lag12",0.03601484248318676,0.12570477168808114
2022-07,random forest,1,2022-08,-1.7035372410056073,-1.6698799503701345,163,0.2865033840764022,5,"sin_year, cos_year, year_fraction, flux_lag1, flux_lag12",0.03365729063547285,0.11747606662299465
2022-07,gradient boosting,1,2022-08,-1.502170558704331,-1.6698799503701345,163,0.2865033840764022,5,"sin_year, cos_year, year_fraction, flux_lag1, flux_lag12",-0.16770939166580345,0.5853661806000874
2022-07,ordinary least squares,3,2022-10,-0.36527313402131495,-0.594230815262143,163,0.2865033840764022,4,"sin_year, cos_year, year_fraction, flux_lag12",-0.2289576812408281,0.7991447709384532
2022-07,ridge,3,2022-10,-0.36472697574103546,-0.594230815262143,163,0.2865033840764022,4,"sin_year, cos_year, year_fraction, flux_lag12",-0.2295038395211076,0.8010510600457883
2022-07,random forest,3,2022-10,-0.33077956960871563,-0.594230815262143,163,0.2865033840764022,4,"sin_year, cos_year, year_fraction, flux_lag12",-0.2634512456534274,0.9195397342433225
2022-07,gradient boosting,3,2022-10,-0.3349166691155078,-0.594230815262143,163,0.2865033840764022,4,"sin_year, cos_year, year_fraction, flux_lag12",-0.2593141461466352,0.9050997669105494
2022-07,ordinary least squares,6,2023-01,-0.290080059716457,-0.2368399592309178,163,0.2865033840764022,4,"sin_year, cos_year, year_fraction, flux_lag12",0.053240100485539205,0.18582712611639382
2022-07,ridge,6,2023-01,-0.29013980233953995,-0.2368399592309178,163,0.2865033840764022,4,"sin_year, cos_year, year_fraction, flux_lag12",0.05329984310862215,0.18603564938838077
2022-07,random forest,6,2023-01,-0.1450076832821521,-0.2368399592309178,163,0.2865033840764022,4,"sin_year, cos_year, year_fraction, flux_lag12",-0.0918322759487657,0.3205277181796801
2022-07,gradient boosting,6,2023-01,-0.29193225715782134,-0.2368399592309178,163,0.2865033840764022,4,"sin_year, cos_year, year_fraction, flux_lag12",0.05509229792690354,0.19229196229044196
2022-07,ordinary least squares,12,2023-07,-1.443897089407223,-2.1616796028068137,163,0.2865033840764022,4,"sin_year, cos_year, year_fraction, flux_lag12",-0.7177825133995908,2.5053194946143424
2022-07,ridge,12,2023-07,-1.4466545365830346,-2.1616796028068137,163,0.2865033840764022,4,"sin_year, cos_year, year_fraction, flux_lag12",-0.7150250662237791,2.4956950108243836
2022-07,random forest,12,2023-07,-1.4650906461829782,-2.1616796028068137,163,0.2865033840764022,4,"sin_year, cos_year, year_fraction, flux_lag12",-0.6965889566238355,2.431346348209539
2022-07,gradient boosting,12,2023-07,-1.4757059641857655,-2.1616796028068137,163,0.2865033840764022,4,"sin_year, cos_year, year_fraction, flux_lag12",-0.6859736386210482,2.3942950650737123
2022-08,ordinary least squares,1,2022-09,-1.0012931969462548,-1.3113884430394886,164,0.29488902120110816,5,"sin_year, cos_year, year_fraction, flux_lag1, flux_lag12",-0.3100952460932338,1.0515659241235547
2022-08,ridge,1,2022-09,-0.9853188065502909,-1.3113884430394886,164,0.29488902120110816,5,"sin_year, cos_year, year_fraction, flux_lag1, flux_lag12",-0.32606963648919773,1.105736779080782
2022-08,random forest,1,2022-09,-1.0455673769696152,-1.3113884430394886,164,0.29488902120110816,5,"sin_year, cos_year, year_fraction, flux_lag1, flux_lag12",-0.26582106606987344,0.901427475960826
2022-08,gradient boosting,1,2022-09,-0.9532464877972068,-1.3113884430394886,164,0.29488902120110816,5,"sin_year, cos_year, year_fraction, flux_lag1, flux_lag12",-0.3581419552422819,1.214497419346231
2022-08,ordinary least squares,3,2022-11,-0.3037257226353735,-0.3151836671305359,164,0.29488902120110816,4,"sin_year, cos_year, year_fraction, flux_lag12",-0.011457944495162409,0.03885510707890454
2022-08,ridge,3,2022-11,-0.3038863753495186,-0.3151836671305359,164,0.29488902120110816,4,"sin_year, cos_year, year_fraction, flux_lag12",-0.011297291781017293,0.03831031665744102
2022-08,random forest,3,2022-11,-0.2155348387238358,-0.3151836671305359,164,0.29488902120110816,4,"sin_year, cos_year, year_fraction, flux_lag12",-0.09964882840670011,0.33791976385157346
2022-08,gradient boosting,3,2022-11,-0.27459960921290294,-0.3151836671305359,164,0.29488902120110816,4,"sin_year, cos_year, year_fraction, flux_lag12",-0.040584057917632976,0.13762485206241537
2022-08,ordinary least squares,6,2023-02,-0.2794470866854438,-0.2115590515819148,164,0.29488902120110816,4,"sin_year, cos_year, year_fraction, flux_lag12",0.06788803510352903,0.2302155394833462
2022-08,ridge,6,2023-02,-0.2796938924100269,-0.2115590515819148,164,0.29488902120110816,4,"sin_year, cos_year, year_fraction, flux_lag12",0.06813484082811211,0.23105248391612915
2022-08,random forest,6,2023-02,-0.26377247919168706,-0.2115590515819148,164,0.29488902120110816,4,"sin_year, cos_year, year_fraction, flux_lag12",0.05221342760977227,0.17706128019653808
2022-08,gradient boosting,6,2023-02,-0.28968896681909717,-0.2115590515819148,164,0.29488902120110816,4,"sin_year, cos_year, year_fraction, flux_lag12",0.07812991523718238,0.264946843117294
2022-08,ordinary least squares,12,2023-08,-1.2376516708485084,-0.6601478104623976,164,0.29488902120110816,4,"sin_year, cos_year, year_fraction, flux_lag12",0.5775038603861108,1.9583769447702335
2022-08,ridge,12,2023-08,-1.2394191791580873,-0.6601478104623976,164,0.29488902120110816,4,"sin_year, cos_year, year_fraction, flux_lag12",0.5792713686956897,1.9643707532286825
2022-08,random forest,12,2023-08,-1.165081440813431,-0.6601478104623976,164,0.29488902120110816,4,"sin_year, cos_year, year_fraction, flux_lag12",0.5049336303510333,1.71228358483607
2022-08,gradient boosting,12,2023-08,-1.301080157588396,-0.6601478104623976,164,0.29488902120110816,4,"sin_year, cos_year, year_fraction, flux_lag12",0.6409323471259983,2.1734696819685797
2022-09,ordinary least squares,1,2022-10,-0.6858871888467185,-0.594230815262143,165,0.29973197701308885,5,"sin_year, cos_year, year_fraction, flux_lag1, flux_lag12",0.09165637358457546,0.3057944450837588
2022-09,ridge,1,2022-10,-0.6645408562881121,-0.594230815262143,165,0.29973197701308885,5,"sin_year, cos_year, year_fraction, flux_lag1, flux_lag12",0.07031004102596905,0.23457637629000364
2022-09,random forest,1,2022-10,-0.71486500482838,-0.594230815262143,165,0.29973197701308885,5,"sin_year, cos_year, year_fraction, flux_lag1, flux_lag12",0.12063418956623695,0.40247353908778655
2022-09,gradient boosting,1,2022-10,-0.5824442118449372,-0.594230815262143,165,0.29973197701308885,5,"sin_year, cos_year, year_fraction, flux_lag1, flux_lag12",-0.011786603417205832,0.039323810341033875
2022-09,ordinary least squares,3,2022-12,-0.2958253629258018,-0.489564100646511,165,0.29973197701308885,4,"sin_year, cos_year, year_fraction, flux_lag12",-0.1937387377207092,0.6463732687161668
2022-09,ridge,3,2022-12,-0.2968581435480538,-0.489564100646511,165,0.29973197701308885,4,"sin_year, cos_year, year_fraction, flux_lag12",-0.19270595709845723,0.6429275882367468
2022-09,random forest,3,2022-12,-0.33983209316308854,-0.489564100646511,165,0.29973197701308885,4,"sin_year, cos_year, year_fraction, flux_lag12",-0.14973200748342247,0.49955299723287083
2022-09,gradient boosting,3,2022-12,-0.3216251476105878,-0.489564100646511,165,0.29973197701308885,4,"sin_year, cos_year, year_fraction, flux_lag12",-0.1679389530359232,0.5602970851141104
2022-09,ordinary least squares,6,2023-03,-0.34508079651425283,-0.3858673612316364,165,0.29973197701308885,4,"sin_year, cos_year, year_fraction, flux_lag12",-0.04078656471738357,0.1360767880819152
2022-09,ridge,6,2023-03,-0.3447999693978743,-0.3858673612316364,165,0.29973197701308885,4,"sin_year, cos_year, year_fraction, flux_lag12",-0.041067391833762124,0.13701371553015437
2022-09,random forest,6,2023-03,-0.4298982292513053,-0.3858673612316364,165,0.29973197701308885,4,"sin_year, cos_year, year_fraction, flux_lag12",0.04403086801966888,0.14690080270529865
2022-09,gradient boosting,6,2023-03,-0.3559345571862582,-0.3858673612316364,165,0.29973197701308885,4,"sin_year, cos_year, year_fraction, flux_lag12",-0.02993280404537818,0.0998652340790154
2022-09,ordinary least squares,12,2023-09,-0.7363690990883086,0.1682091816025094,165,0.29973197701308885,4,"sin_year, cos_year, year_fraction, flux_lag12",0.904578280690818,3.0179572086541717
2022-09,ridge,12,2023-09,-0.7394725335173424,0.1682091816025094,165,0.29973197701308885,4,"sin_year, cos_year, year_fraction, flux_lag12",0.9076817151198519,3.0283112404794057
2022-09,random forest,12,2023-09,-0.4165936649711539,0.1682091816025094,165,0.29973197701308885,4,"sin_year, cos_year, year_fraction, flux_lag12",0.5848028465736633,1.9510859415180979
2022-09,gradient boosting,12,2023-09,-0.8176933003850844,0.1682091816025094,165,0.29973197701308885,4,"sin_year, cos_year, year_fraction, flux_lag12",0.9859024819875938,3.289280282378883
2022-10,ordinary least squares,1,2022-11,-0.4348965618618117,-0.3151836671305359,166,0.3001561953722663,5,"sin_year, cos_year, year_fraction, flux_lag1, flux_lag12",0.11971289473127578,0.3988353283289816
2022-10,ridge,1,2022-11,-0.4269057925189911,-0.3151836671305359,166,0.3001561953722663,5,"sin_year, cos_year, year_fraction, flux_lag1, flux_lag12",0.11172212538845516,0.37221329131618525
2022-10,random forest,1,2022-11,-0.37907831760199734,-0.3151836671305359,166,0.3001561953722663,5,"sin_year, cos_year, year_fraction, flux_lag1, flux_lag12",0.06389465047146142,0.2128713365127
2022-10,gradient boosting,1,2022-11,-0.4595014368749918,-0.3151836671305359,166,0.3001561953722663,5,"sin_year, cos_year, year_fraction, flux_lag1, flux_lag12",0.14431776974445587,0.4808088987317651
2022-10,ordinary least squares,3,2023-01,-0.270374225421274,-0.2368399592309178,166,0.3001561953722663,4,"sin_year, cos_year, year_fraction, flux_lag12",0.03353426619035618,0.11172271872904566
2022-10,ridge,3,2023-01,-0.2718369091252738,-0.2368399592309178,166,0.3001561953722663,4,"sin_year, cos_year, year_fraction, flux_lag12",0.034996949894356005,0.11659579390307544
2022-10,random forest,3,2023-01,-0.15631675382739285,-0.2368399592309178,166,0.3001561953722663,4,"sin_year, cos_year, year_fraction, flux_lag12",-0.08052320540352495,0.2682710090446632
2022-10,gradient boosting,3,2023-01,-0.31873481503210976,-0.2368399592309178,166,0.3001561953722663,4,"sin_year, cos_year, year_fraction, flux_lag12",0.08189485580119196,0.2728407977707158
2022-10,ordinary least squares,6,2023-04,-0.5495747500203262,-0.3454022931067169,166,0.3001561953722663,4,"sin_year, cos_year, year_fraction, flux_lag12",0.2041724569136093,0.6802206986278796
2022-10,ridge,6,2023-04,-0.5497168865324371,-0.3454022931067169,166,0.3001561953722663,4,"sin_year, cos_year, year_fraction, flux_lag12",0.20431459342572023,0.6806942404514447
2022-10,random forest,6,2023-04,-0.49222760185707026,-0.3454022931067169,166,0.3001561953722663,4,"sin_year, cos_year, year_fraction, flux_lag12",0.14682530875035338,0.4891630125050542
2022-10,gradient boosting,6,2023-04,-0.5575404168760261,-0.3454022931067169,166,0.3001561953722663,4,"sin_year, cos_year, year_fraction, flux_lag12",0.21213812376930918,0.7067591042264065
2022-10,ordinary least squares,12,2023-10,-0.35444930812627223,-0.3185750976111358,166,0.3001561953722663,4,"sin_year, cos_year, year_fraction, flux_lag12",0.03587421051513645,0.11951847427518114
2022-10,ridge,12,2023-10,-0.35592342783729936,-0.3185750976111358,166,0.3001561953722663,4,"sin_year, cos_year, year_fraction, flux_lag12",0.03734833022616357,0.12442964963572585
2022-10,random forest,12,2023-10,-0.4603425639777536,-0.3185750976111358,166,0.3001561953722663,4,"sin_year, cos_year, year_fraction, flux_lag12",0.1417674663666178,0.4723123112311303
2022-10,gradient boosting,12,2023-10,-0.3989270686737661,-0.3185750976111358,166,0.3001561953722663,4,"sin_year, cos_year, year_fraction, flux_lag12",0.08035197106263031,0.2677005249316091
2022-11,ordinary least squares,1,2022-12,-0.30072297096439715,-0.489564100646511,167,0.29835004736600756,5,"sin_year, cos_year, year_fraction, flux_lag1, flux_lag12",-0.18884112968211386,0.632951565951819
2022-11,ridge,1,2022-12,-0.30240957204115543,-0.489564100646511,167,0.29835004736600756,5,"sin_year, cos_year, year_fraction, flux_lag1, flux_lag12",-0.18715452860535559,0.6272984712342264
2022-11,random forest,1,2022-12,-0.3245253292076217,-0.489564100646511,167,0.29835004736600756,5,"sin_year, cos_year, year_fraction, flux_lag1, flux_lag12",-0.1650387714388893,0.553171594561285
2022-11,gradient boosting,1,2022-12,-0.31634094551853736,-0.489564100646511,167,0.29835004736600756,5,"sin_year, cos_year, year_fraction, flux_lag1, flux_lag12",-0.17322315512797365,0.5806037460267881
2022-11,ordinary least squares,3,2023-02,-0.2763212071863776,-0.2115590515819148,167,0.29835004736600756,4,"sin_year, cos_year, year_fraction, flux_lag12",0.0647621556044628,0.21706769003798543
2022-11,ridge,3,2023-02,-0.2767860591293323,-0.2115590515819148,167,0.29835004736600756,4,"sin_year, cos_year, year_fraction, flux_lag12",0.0652270075474175,0.21862576568455785
2022-11,random forest,3,2023-02,-0.23531945893048362,-0.2115590515819148,167,0.29835004736600756,4,"sin_year, cos_year, year_fraction, flux_lag12",0.023760407348568824,0.07963936174416025
2022-11,gradient boosting,3,2023-02,-0.2747920867771539,-0.2115590515819148,167,0.29835004736600756,4,"sin_year, cos_year, year_fraction, flux_lag12",0.0632330351952391,0.2119424339077331
2022-11,ordinary least squares,6,2023-05,-0.8144343001360542,-0.9962000211333736,167,0.29835004736600756,4,"sin_year, cos_year, year_fraction, flux_lag12",-0.18176572099731936,0.6092364408923127
2022-11,ridge,6,2023-05,-0.8159943817109102,-0.9962000211333736,167,0.29835004736600756,4,"sin_year, cos_year, year_fraction, flux_lag12",-0.18020563942246337,0.6040074101325417
2022-11,random forest,6,2023-05,-1.0083181053012804,-0.9962000211333736,167,0.29835004736600756,4,"sin_year, cos_year, year_fraction, flux_lag12",0.012118084167906829,0.04061700098555942
2022-11,gradient boosting,6,2023-05,-0.8416920380801372,-0.9962000211333736,167,0.29835004736600756,4,"sin_year, cos_year, year_fraction, flux_lag12",-0.15450798305323643,0.517874840032086
2022-11,ordinary least squares,12,2023-11,-0.30273579001701756,0.0523201067137854,167,0.29835004736600756,4,"sin_year, cos_year, year_fraction, flux_lag12",0.35505589673080296,1.19006482440819
2022-11,ridge,12,2023-11,-0.3035467662542343,0.0523201067137854,167,0.29835004736600756,4,"sin_year, cos_year, year_fraction, flux_lag12",0.3558668729680197,1.192783028224065
2022-11,random forest,12,2023-11,-0.23810474542201115,0.0523201067137854,167,0.29835004736600756,4,"sin_year, cos_year, year_fraction, flux_lag12",0.29042485213579655,0.9734365879939392
2022-11,gradient boosting,12,2023-11,-0.29878793861091074,0.0523201067137854,167,0.29835004736600756,4,"sin_year, cos_year, year_fraction, flux_lag12",0.35110804532469614,1.176832544269606
2022-12,ordinary least squares,1,2023-01,-0.40623368944833693,-0.2368399592309178,168,0.29709207636060764,5,"sin_year, cos_year, year_fraction, flux_lag1, flux_lag12",0.16939373021741913,0.570172494307154
2022-12,ridge,1,2023-01,-0.3955868359726832,-0.2368399592309178,168,0.29709207636060764,5,"sin_year, cos_year, year_fraction, flux_lag1, flux_lag12",0.15874687674176538,0.5343356130073287
2022-12,random forest,1,2023-01,-0.46700512834426844,-0.2368399592309178,168,0.29709207636060764,5,"sin_year, cos_year, year_fraction, flux_lag1, flux_lag12",0.23016516911335064,0.7747267174974343
2022-12,gradient boosting,1,2023-01,-0.382411154731384,-0.2368399592309178,168,0.29709207636060764,5,"sin_year, cos_year, year_fraction, flux_lag1, flux_lag12",0.14557119550046618,0.48998679898743985
2022-12,ordinary least squares,3,2023-03,-0.3451485070351937,-0.3858673612316364,168,0.29709207636060764,4,"sin_year, cos_year, year_fraction, flux_lag12",-0.04071885419644272,0.1370580282559221
2022-12,ridge,3,2023-03,-0.3448559081237679,-0.3858673612316364,168,0.29709207636060764,4,"sin_year, cos_year, year_fraction, flux_lag12",-0.04101145310786852,0.13804290444316394
2022-12,random forest,3,2023-03,-0.43121020437521057,-0.3858673612316364,168,0.29709207636060764,4,"sin_year, cos_year, year_fraction, flux_lag12",0.045342843143574174,0.15262218938662453
2022-12,gradient boosting,3,2023-03,-0.32479027326042686,-0.3858673612316364,168,0.29709207636060764,4,"sin_year, cos_year, year_fraction, flux_lag12",-0.06107708797120953,0.2055830257050502
2022-12,ordinary least squares,6,2023-06,-1.5359862231780625,-1.7184221382138851,168,0.29709207636060764,4,"sin_year, cos_year, year_fraction, flux_lag12",-0.18243591503582257,0.6140719647278089
2022-12,ridge,6,2023-06,-1.5383823630375069,-1.7184221382138851,168,0.29709207636060764,4,"sin_year, cos_year, year_fraction, flux_lag12",-0.18003977517637826,0.6060066541722494
2022-12,random forest,6,2023-06,-1.5307687809297845,-1.7184221382138851,168,0.29709207636060764,4,"sin_year, cos_year, year_fraction, flux_lag12",-0.1876533572841006,0.6316336658414567
2022-12,gradient boosting,6,2023-06,-1.5695814442320197,-1.7184221382138851,168,0.29709207636060764,4,"sin_year, cos_year, year_fraction, flux_lag12",-0.1488406939818654,0.5009917995968493
2022-12,ordinary least squares,12,2023-12,-0.29772614120356666,-0.009766995136692,168,0.29709207636060764,4,"sin_year, cos_year, year_fraction, flux_lag12",0.28795914606687467,0.9692589233425145
2022-12,ridge,12,2023-12,-0.30068214405416144,-0.009766995136692,168,0.29709207636060764,4,"sin_year, cos_year, year_fraction, flux_lag12",0.29091514891746945,0.9792087102463121
2022-12,random forest,12,2023-12,-0.3768775554208472,-0.009766995136692,168,0.29709207636060764,4,"sin_year, cos_year, year_fraction, flux_lag12",0.36711056028415523,1.2356794054600089
2022-12,gradient boosting,12,2023-12,-0.300765649550792,-0.009766995136692,168,0.29709207636060764,4,"sin_year, cos_year, year_fraction, flux_lag12",0.2909986544141,0.9794897863950047
2023-01,ordinary least squares,1,2023-02,-0.25111148768312186,-0.2115590515819148,169,0.29774712338210807,5,"sin_year, cos_year, year_fraction, flux_lag1, flux_lag12",0.03955243610120707,0.1328390200782837
2023-01,ridge,1,2023-02,-0.2523826239063685,-0.2115590515819148,169,0.29774712338210807,5,"sin_year, cos_year, year_fraction, flux_lag1, flux_lag12",0.040823572324453716,0.13710820061244913
2023-01,random forest,1,2023-02,-0.18035844565616804,-0.2115590515819148,169,0.29774712338210807,5,"sin_year, cos_year, year_fraction, flux_lag1, flux_lag12",-0.03120060592574675,0.10478894160702285
2023-01,gradient boosting,1,2023-02,-0.13585084297757904,-0.2115590515819148,169,0.29774712338210807,5,"sin_year, cos_year, year_fraction, flux_lag1, flux_lag12",-0.07570820860433575,0.25427015967229705
2023-01,ordinary least squares,3,2023-04,-0.5495320888760783,-0.3454022931067169,169,0.29774712338210807,4,"sin_year, cos_year, year_fraction, flux_lag12",0.2041297957693614,0.6855810845480288
2023-01,ridge,3,2023-04,-0.5497048989487904,-0.3454022931067169,169,0.29774712338210807,4,"sin_year, cos_year, year_fraction, flux_lag12",0.2043026058420735,0.6861614766295682
2023-01,random forest,3,2023-04,-0.4986434865172488,-0.3454022931067169,169,0.29774712338210807,4,"sin_year, cos_year, year_fraction, flux_lag12",0.15324119341053194,0.5146689300298387
2023-01,gradient boosting,3,2023-04,-0.5353985324511762,-0.3454022931067169,169,0.29774712338210807,4,"sin_year, cos_year, year_fraction, flux_lag12",0.1899962393444593,0.638112762220145
2023-01,ordinary least squares,6,2023-07,-1.4068985812901158,-2.1616796028068137,169,0.29774712338210807,4,"sin_year, cos_year, year_fraction, flux_lag12",-0.7547810215166979,2.5349733456469505
2023-01,ridge,6,2023-07,-1.4120446883431148,-2.1616796028068137,169,0.29774712338210807,4,"sin_year, cos_year, year_fraction, flux_lag12",-0.7496349144636989,2.5176898636285707
2023-01,random forest,6,2023-07,-1.4270398288131745,-2.1616796028068137,169,0.29774712338210807,4,"sin_year, cos_year, year_fraction, flux_lag12",-0.7346397739936392,2.4673278641582486
2023-01,gradient boosting,6,2023-07,-1.472875952339647,-2.1616796028068137,169,0.29774712338210807,4,"sin_year, cos_year, year_fraction, flux_lag12",-0.6888036504671666,2.3133847361581514
2023-01,ordinary least squares,12,2024-01,-0.3185070659365655,-0.0759113839450774,169,0.29774712338210807,4,"sin_year, cos_year, year_fraction, flux_lag12",0.24259568199148812,0.8147708674255019
2023-01,ridge,12,2024-01,-0.3158235986116666,-0.0759113839450774,169,0.29774712338210807,4,"sin_year, cos_year, year_fraction, flux_lag12",0.23991221466658919,0.8057582956349923
2023-01,random forest,12,2024-01,-0.3078538015204483,-0.0759113839450774,169,0.29774712338210807,4,"sin_year, cos_year, year_fraction, flux_lag12",0.23194241757537087,0.7789912961735386
2023-01,gradient boosting,12,2024-01,-0.2787182992467413,-0.0759113839450774,169,0.29774712338210807,4,"sin_year, cos_year, year_fraction, flux_lag12",0.2028069153016639,0.6811381181385774
2023-02,ordinary least squares,1,2023-03,-0.2986132758169759,-0.3858673612316364,170,0.29711748223557927,5,"sin_year, cos_year, year_fraction, flux_lag1, flux_lag12",-0.08725408541466051,0.29366863490542866
2023-02,ridge,1,2023-03,-0.30172591287292894,-0.3858673612316364,170,0.29711748223557927,5,"sin_year, cos_year, year_fraction, flux_lag1, flux_lag12",-0.08414144835870746,0.2831925194223111
2023-02,random forest,1,2023-03,-0.26493594606356763,-0.3858673612316364,170,0.29711748223557927,5,"sin_year, cos_year, year_fraction, flux_lag1, flux_lag12",-0.12093141516806877,0.40701548174867863
2023-02,gradient boosting,1,2023-03,-0.3041468623262199,-0.3858673612316364,170,0.29711748223557927,5,"sin_year, cos_year, year_fraction, flux_lag1, flux_lag12",-0.0817204989054165,0.27504439755793886
2023-02,ordinary least squares,3,2023-05,-0.8142905316672304,-0.9962000211333736,170,0.29711748223557927,4,"sin_year, cos_year, year_fraction, flux_lag12",-0.18190948946614316,0.6122476809422823
2023-02,ridge,3,2023-05,-0.8158773019229703,-0.9962000211333736,170,0.29711748223557927,4,"sin_year, cos_year, year_fraction, flux_lag12",-0.18032271921040333,0.6069071326722828
2023-02,random forest,3,2023-05,-0.9868517162108507,-0.9962000211333736,170,0.29711748223557927,4,"sin_year, cos_year, year_fraction, flux_lag12",-0.009348304922522921,0.03146332841872567
2023-02,gradient boosting,3,2023-05,-0.8138599429097122,-0.9962000211333736,170,0.29711748223557927,4,"sin_year, cos_year, year_fraction, flux_lag12",-0.18234007822366138,0.6136969014804963
2023-02,ordinary least squares,6,2023-08,-1.229463969761966,-0.6601478104623976,170,0.29711748223557927,4,"sin_year, cos_year, year_fraction, flux_lag12",0.5693161592995685,1.9161314743780968
2023-02,ridge,6,2023-08,-1.2321379916121389,-0.6601478104623976,170,0.29711748223557927,4,"sin_year, cos_year, year_fraction, flux_lag12",0.5719901811497413,1.9251313549305735
2023-02,random forest,6,2023-08,-1.1930613361941,-0.6601478104623976,170,0.29711748223557927,4,"sin_year, cos_year, year_fraction, flux_lag12",0.5329135257317025,1.7936121487094612
2023-02,gradient boosting,6,2023-08,-1.2380035917927776,-0.6601478104623976,170,0.29711748223557927,4,"sin_year, cos_year, year_fraction, flux_lag12",0.5778557813303801,1.9448730414059188
2023-02,ordinary least squares,12,2024-02,-0.29926380549071946,-0.3395512541636505,170,0.29711748223557927,4,"sin_year, cos_year, year_fraction, flux_lag12",-0.04028744867293105,0.1355943392149097
2023-02,ridge,12,2024-02,-0.297783620553156,-0.3395512541636505,170,0.29711748223557927,4,"sin_year, cos_year, year_fraction, flux_lag12",-0.041767633610494515,0.14057615626056527
2023-02,random forest,12,2024-02,-0.2691266772603979,-0.3395512541636505,170,0.29711748223557927,4,"sin_year, cos_year, year_fraction, flux_lag12",-0.0704245769032526,0.2370260288063904
2023-02,gradient boosting,12,2024-02,-0.2867798667781522,-0.3395512541636505,170,0.29711748223557927,4,"sin_year, cos_year, year_fraction, flux_lag12",-0.0527713873854983,0.17761118258149747
2023-03,ordinary least squares,1,2023-04,-0.5721090661973266,-0.3454022931067169,171,0.29583901409821634,5,"sin_year, cos_year, year_fraction, flux_lag1, flux_lag12",0.22670677309060971,0.7663180388214272
2023-03,ridge,1,2023-04,-0.5712358472810635,-0.3454022931067169,171,0.29583901409821634,5,"sin_year, cos_year, year_fraction, flux_lag1, flux_lag12",0.22583355417434658,0.7633663695869792
2023-03,random forest,1,2023-04,-0.6039944325175353,-0.3454022931067169,171,0.29583901409821634,5,"sin_year, cos_year, year_fraction, flux_lag1, flux_lag12",0.2585921394108184,0.8740974891329503
2023-03,gradient boosting,1,2023-04,-0.5748566486488205,-0.3454022931067169,171,0.29583901409821634,5,"sin_year, cos_year, year_fraction, flux_lag1, flux_lag12",0.22945435554210358,0.7756054631318047
2023-03,ordinary least squares,3,2023-06,-1.5352497684106334,-1.7184221382138851,171,0.29583901409821634,4,"sin_year, cos_year, year_fraction, flux_lag12",-0.1831723698032517,0.6191623182682722
2023-03,ridge,3,2023-06,-1.5376964307475978,-1.7184221382138851,171,0.29583901409821634,4,"sin_year, cos_year, year_fraction, flux_lag12",-0.18072570746628736,0.6108920691788399
2023-03,random forest,3,2023-06,-1.543525985691924,-1.7184221382138851,171,0.29583901409821634,4,"sin_year, cos_year, year_fraction, flux_lag12",-0.17489615252196122,0.5911869097288738
2023-03,gradient boosting,3,2023-06,-1.5197043418228977,-1.7184221382138851,171,0.29583901409821634,4,"sin_year, cos_year, year_fraction, flux_lag12",-0.1987177963909874,0.6717092300916558
2023-03,ordinary least squares,6,2023-09,-0.7359237082551624,0.1682091816025094,171,0.29583901409821634,4,"sin_year, cos_year, year_fraction, flux_lag12",0.9041328898576718,3.0561651667670393
2023-03,ridge,6,2023-09,-0.7393014117499533,0.1682091816025094,171,0.29583901409821634,4,"sin_year, cos_year, year_fraction, flux_lag12",0.9075105933524628,3.067582536802181
2023-03,random forest,6,2023-09,-0.45033887096874214,0.1682091816025094,171,0.29583901409821634,4,"sin_year, cos_year, year_fraction, flux_lag12",0.6185480525712516,2.0908265073040644
2023-03,gradient boosting,6,2023-09,-0.7347539766200682,0.1682091816025094,171,0.29583901409821634,4,"sin_year, cos_year, year_fraction, flux_lag12",0.9029631582225777,3.0522112202645477
2023-03,ordinary least squares,12,2024-03,-0.34333554671823235,-0.4292202609040998,171,0.29583901409821634,4,"sin_year, cos_year, year_fraction, flux_lag12",-0.08588471418586746,0.29030895214298674
2023-03,ridge,12,2024-03,-0.34364657569494683,-0.4292202609040998,171,0.29583901409821634,4,"sin_year, cos_year, year_fraction, flux_lag12",-0.08557368520915298,0.28925760677644485
2023-03,random forest,12,2024-03,-0.3537240130710327,-0.4292202609040998,171,0.29583901409821634,4,"sin_year, cos_year, year_fraction, flux_lag12",-0.07549624783306713,0.25519368384591407
2023-03,gradient boosting,12,2024-03,-0.34730324841624,-0.4292202609040998,171,0.29583901409821634,4,"sin_year, cos_year, year_fraction, flux_lag12",-0.08191701248785982,0.2768972602804307
2023-04,ordinary least squares,1,2023-05,-0.7100755150934204,-0.9962000211333736,172,0.29516286087565713,5,"sin_year, cos_year, year_fraction, flux_lag1, flux_lag12",-0.2861245060399532,0.9693784143137456
2023-04,ridge,1,2023-05,-0.7179458059595072,-0.9962000211333736,172,0.29516286087565713,5,"sin_year, cos_year, year_fraction, flux_lag1, flux_lag12",-0.2782542151738664,0.9427141827680217
2023-04,random forest,1,2023-05,-0.7088748976898622,-0.9962000211333736,172,0.29516286087565713,5,"sin_year, cos_year, year_fraction, flux_lag1, flux_lag12",-0.28732512344351135,0.9734460581900662
2023-04,gradient boosting,1,2023-05,-0.7036072914254692,-0.9962000211333736,172,0.29516286087565713,5,"sin_year, cos_year, year_fraction, flux_lag1, flux_lag12",-0.2925927297079044,0.9912924981139973
2023-04,ordinary least squares,3,2023-07,-1.406613213087161,-2.1616796028068137,172,0.29516286087565713,4,"sin_year, cos_year, year_fraction, flux_lag12",-0.7550663897196528,2.5581348123527596
2023-04,ridge,3,2023-07,-1.41176823342144,-2.1616796028068137,172,0.29516286087565713,4,"sin_year, cos_year, year_fraction, flux_lag12",-0.7499113693853736,2.540669809069535
2023-04,random forest,3,2023-07,-1.4291538086018494,-2.1616796028068137,172,0.29516286087565713,4,"sin_year, cos_year, year_fraction, flux_lag12",-0.7325257942049643,2.4817681737864525
2023-04,gradient boosting,3,2023-07,-1.4377226101262506,-2.1616796028068137,172,0.29516286087565713,4,"sin_year, cos_year, year_fraction, flux_lag12",-0.7239569926805631,2.452737415990637
2023-04,ordinary least squares,6,2023-10,-0.35398759744722663,-0.3185750976111358,172,0.29516286087565713,4,"sin_year, cos_year, year_fraction, flux_lag12",0.03541249983609085,0.11997613700799921
2023-04,ridge,6,2023-10,-0.35547042229181947,-0.3185750976111358,172,0.29516286087565713,4,"sin_year, cos_year, year_fraction, flux_lag12",0.03689532468068368,0.1249998884386289
2023-04,random forest,6,2023-10,-0.4486622280030631,-0.3185750976111358,172,0.29516286087565713,4,"sin_year, cos_year, year_fraction, flux_lag12",0.13008713039192732,0.4407300092091496
2023-04,gradient boosting,6,2023-10,-0.3173213344184862,-0.3185750976111358,172,0.29516286087565713,4,"sin_year, cos_year, year_fraction, flux_lag12",-0.0012537631926495818,0.004247699690028933
2023-04,ordinary least squares,12,2024-04,-0.5539036872515348,-0.2914046391285222,172,0.29516286087565713,4,"sin_year, cos_year, year_fraction, flux_lag12",0.2624990481230126,0.8893363051986247
2023-04,ridge,12,2024-04,-0.5532153593548599,-0.2914046391285222,172,0.29516286087565713,4,"sin_year, cos_year, year_fraction, flux_lag12",0.26181072022633767,0.8870042777388254
2023-04,random forest,12,2024-04,-0.5532876012901221,-0.2914046391285222,172,0.29516286087565713,4,"sin_year, cos_year, year_fraction, flux_lag12",0.2618829621615999,0.8872490305341056
2023-04,gradient boosting,12,2024-04,-0.5505185912935124,-0.2914046391285222,172,0.29516286087565713,4,"sin_year, cos_year, year_fraction, flux_lag12",0.2591139521649902,0.877867735108269
2023-05,ordinary least squares,1,2023-06,-1.6496241703847159,-1.7184221382138851,173,0.29349185077607015,5,"sin_year, cos_year, year_fraction, flux_lag1, flux_lag12",-0.06879796782916925,0.23441185043894475
2023-05,ridge,1,2023-06,-1.643331606978375,-1.7184221382138851,173,0.29349185077607015,5,"sin_year, cos_year, year_fraction, flux_lag1, flux_lag12",-0.07509053123551013,0.2558521847777064
2023-05,random forest,1,2023-06,-1.862008657760163,-1.7184221382138851,173,0.29349185077607015,5,"sin_year, cos_year, year_fraction, flux_lag1, flux_lag12",0.143586519546278,0.4892351156142742
2023-05,gradient boosting,1,2023-06,-1.6852534648906539,-1.7184221382138851,173,0.29349185077607015,5,"sin_year, cos_year, year_fraction, flux_lag1, flux_lag12",-0.03316867332323126,0.1130139499121509
2023-05,ordinary least squares,3,2023-08,-1.230701370877931,-0.6601478104623976,173,0.29349185077607015,4,"sin_year, cos_year, year_fraction, flux_lag12",0.5705535604155335,1.944018407689477
2023-05,ridge,3,2023-08,-1.2333000064846416,-0.6601478104623976,173,0.29349185077607015,4,"sin_year, cos_year, year_fraction, flux_lag12",0.573152196022244,1.952872607899258
2023-05,random forest,3,2023-08,-1.1803433108292527,-0.6601478104623976,173,0.29349185077607015,4,"sin_year, cos_year, year_fraction, flux_lag12",0.5201955003668551,1.7724359262150569
2023-05,gradient boosting,3,2023-08,-1.2320403198058296,-0.6601478104623976,173,0.29349185077607015,4,"sin_year, cos_year, year_fraction, flux_lag12",0.571892509343432,1.948580540928809
2023-05,ordinary least squares,6,2023-11,-0.3023467190958552,0.0523201067137854,173,0.29349185077607015,4,"sin_year, cos_year, year_fraction, flux_lag12",0.3546668258096406,1.2084384110557334
2023-05,ridge,6,2023-11,-0.30269482421886884,0.0523201067137854,173,0.29349185077607015,4,"sin_year, cos_year, year_fraction, flux_lag12",0.35501493093265424,1.2096244921073644
2023-05,random forest,6,2023-11,-0.15160609066587347,0.0523201067137854,173,0.29349185077607015,4,"sin_year, cos_year, year_fraction, flux_lag12",0.20392619737965886,0.6948274605936213
2023-05,gradient boosting,6,2023-11,-0.2624698246043532,0.0523201067137854,173,0.29349185077607015,4,"sin_year, cos_year, year_fraction, flux_lag12",0.3147899313181386,1.0725678770492286
2023-05,ordinary least squares,12,2024-05,-0.8268302884198213,-0.462627913604086,173,0.29349185077607015,4,"sin_year, cos_year, year_fraction, flux_lag12",0.3642023748157353,1.2409284068797406
2023-05,ridge,12,2024-05,-0.8285521168293959,-0.462627913604086,173,0.29349185077607015,4,"sin_year, cos_year, year_fraction, flux_lag12",0.3659242032253099,1.2467951060913938
2023-05,random forest,12,2024-05,-0.7041975726276588,-0.462627913604086,173,0.29349185077607015,4,"sin_year, cos_year, year_fraction, flux_lag12",0.2415696590235728,0.8230881313562836
2023-05,gradient boosting,12,2024-05,-0.8408520425312174,-0.462627913604086,173,0.29349185077607015,4,"sin_year, cos_year, year_fraction, flux_lag12",0.37822412892713136,1.2887040233894285
2023-06,ordinary least squares,1,2023-07,-1.5482987178668024,-2.1616796028068137,174,0.2927615915225932,5,"sin_year, cos_year, year_fraction, flux_lag1, flux_lag12",-0.6133808849400113,2.095154906591205
2023-06,ridge,1,2023-07,-1.5409366702138783,-2.1616796028068137,174,0.2927615915225932,5,"sin_year, cos_year, year_fraction, flux_lag1, flux_lag12",-0.6207429325929354,2.1203018106459197
2023-06,random forest,1,2023-07,-1.5523675075572543,-2.1616796028068137,174,0.2927615915225932,5,"sin_year, cos_year, year_fraction, flux_lag1, flux_lag12",-0.6093120952495594,2.0812569438519986
2023-06,gradient boosting,1,2023-07,-1.6192483269404345,-2.1616796028068137,174,0.2927615915225932,5,"sin_year, cos_year, year_fraction, flux_lag1, flux_lag12",-0.5424312758663792,1.8528088778493963
2023-06,ordinary least squares,3,2023-09,-0.7396211400414392,0.1682091816025094,174,0.2927615915225932,4,"sin_year, cos_year, year_fraction, flux_lag12",0.9078303216439486,3.100920161427285
2023-06,ridge,3,2023-09,-0.7427518508701159,0.1682091816025094,174,0.2927615915225932,4,"sin_year, cos_year, year_fraction, flux_lag12",0.9109610324726253,3.1116138825960853
2023-06,random forest,3,2023-09,-0.4546405786988083,0.1682091816025094,174,0.2927615915225932,4,"sin_year, cos_year, year_fraction, flux_lag12",0.6228497603013177,2.1274982044673396
2023-06,gradient boosting,3,2023-09,-0.7443742720291185,0.1682091816025094,174,0.2927615915225932,4,"sin_year, cos_year, year_fraction, flux_lag12",0.912583453631628,3.1171556654186365
2023-06,ordinary least squares,6,2023-12,-0.30137530851196465,-0.009766995136692,174,0.2927615915225932,4,"sin_year, cos_year, year_fraction, flux_lag12",0.29160831337527265,0.9960606917686075
2023-06,ridge,6,2023-12,-0.3029601029797258,-0.009766995136692,174,0.2927615915225932,4,"sin_year, cos_year, year_fraction, flux_lag12",0.2931931078430338,1.0014739512727624
2023-06,random forest,6,2023-12,-0.3814553671655234,-0.009766995136692,174,0.2927615915225932,4,"sin_year, cos_year, year_fraction, flux_lag12",0.3716883720288314,1.269594040993411
2023-06,gradient boosting,6,2023-12,-0.25617434029637626,-0.009766995136692,174,0.2927615915225932,4,"sin_year, cos_year, year_fraction, flux_lag12",0.24640734515968427,0.8416655473082041
2023-06,ordinary least squares,12,2024-06,-1.5619882697275844,-1.316400707779799,174,0.2927615915225932,4,"sin_year, cos_year, year_fraction, flux_lag12",0.24558756194778542,0.8388653739397123
2023-06,ridge,12,2024-06,-1.5633552010705138,-1.316400707779799,174,0.2927615915225932,4,"sin_year, cos_year, year_fraction, flux_lag12",0.24695449329071484,0.8435344677775354
2023-06,random forest,12,2024-06,-1.6026882813598233,-1.316400707779799,174,0.2927615915225932,4,"sin_year, cos_year, year_fraction, flux_lag12",0.2862875735800243,0.9778863821961794
2023-06,gradient boosting,12,2024-06,-1.5678738931643914,-1.316400707779799,174,0.2927615915225932,4,"sin_year, cos_year, year_fraction, flux_lag12",0.2514731853845924,0.8589691840269476
2023-07,ordinary least squares,1,2023-08,-1.6637209393167625,-0.6601478104623976,175,0.2915448588512002,5,"sin_year, cos_year, year_fraction, flux_lag1, flux_lag12",1.0035731288543648,3.442259735976248
2023-07,ridge,1,2023-08,-1.6363017727012124,-0.6601478104623976,175,0.2915448588512002,5,"sin_year, cos_year, year_fraction, flux_lag1, flux_lag12",0.9761539622388148,3.348211887821449
2023-07,random forest,1,2023-08,-1.7205156790176985,-0.6601478104623976,175,0.2915448588512002,5,"sin_year, cos_year, year_fraction, flux_lag1, flux_lag12",1.0603678685553009,3.637065914088012
2023-07,gradient boosting,1,2023-08,-1.4697289226506525,-0.6601478104623976,175,0.2915448588512002,5,"sin_year, cos_year, year_fraction, flux_lag1, flux_lag12",0.8095811121882549,2.776866364161997
2023-07,ordinary least squares,3,2023-10,-0.365232757785352,-0.3185750976111358,175,0.2915448588512002,4,"sin_year, cos_year, year_fraction, flux_lag12",0.04665766017421624,0.16003595590080208
2023-07,ridge,3,2023-10,-0.3659540842673638,-0.3185750976111358,175,0.2915448588512002,4,"sin_year, cos_year, year_fraction, flux_lag12",0.04737898665622803,0.16251010854013895
2023-07,random forest,3,2023-10,-0.4479425145852848,-0.3185750976111358,175,0.2915448588512002,4,"sin_year, cos_year, year_fraction, flux_lag12",0.129367416974149,0.4437307434742866
2023-07,gradient boosting,3,2023-10,-0.3843163056027802,-0.3185750976111358,175,0.2915448588512002,4,"sin_year, cos_year, year_fraction, flux_lag12",0.0657412079916444,0.22549259915160313
2023-07,ordinary least squares,6,2024-01,-0.30310360151018756,-0.0759113839450774,175,0.2915448588512002,4,"sin_year, cos_year, year_fraction, flux_lag12",0.22719221756511015,0.7792701900501199
2023-07,ridge,6,2024-01,-0.30202572295219793,-0.0759113839450774,175,0.2915448588512002,4,"sin_year, cos_year, year_fraction, flux_lag12",0.22611433900712052,0.7755730624031537
2023-07,random forest,6,2024-01,-0.3278810202163482,-0.0759113839450774,175,0.2915448588512002,4,"sin_year, cos_year, year_fraction, flux_lag12",0.2519696362712708,0.8642568325990342
2023-07,gradient boosting,6,2024-01,-0.2649813763090369,-0.0759113839450774,175,0.2915448588512002,4,"sin_year, cos_year, year_fraction, flux_lag12",0.1890699923639595,0.648510809310679
2023-07,ordinary least squares,12,2024-07,-1.4922806471598635,-2.0345546008174256,175,0.2915448588512002,4,"sin_year, cos_year, year_fraction, flux_lag12",-0.542273953657562,1.860001770548559
2023-07,ridge,12,2024-07,-1.4945529224638616,-2.0345546008174256,175,0.2915448588512002,4,"sin_year, cos_year, year_fraction, flux_lag12",-0.5400016783535639,1.8522078574164538
2023-07,random forest,12,2024-07,-1.2968397118606707,-2.0345546008174256,175,0.2915448588512002,4,"sin_year, cos_year, year_fraction, flux_lag12",-0.7377148889567549,2.530364938910731
2023-07,gradient boosting,12,2024-07,-1.549267875122851,-2.0345546008174256,175,0.2915448588512002,4,"sin_year, cos_year, year_fraction, flux_lag12",-0.48528672569457454,1.6645353569491586
2023-08,ordinary least squares,1,2023-09,-0.45764329294341693,0.1682091816025094,176,0.2959240495893498,5,"sin_year, cos_year, year_fraction, flux_lag1, flux_lag12",0.6258524745459263,2.1149091309557777
2023-08,ridge,1,2023-09,-0.47656465642697854,0.1682091816025094,176,0.2959240495893498,5,"sin_year, cos_year, year_fraction, flux_lag1, flux_lag12",0.644773838029488,2.178849062535582
2023-08,random forest,1,2023-09,-0.4406904864886793,0.1682091816025094,176,0.2959240495893498,5,"sin_year, cos_year, year_fraction, flux_lag1, flux_lag12",0.6088996680911887,2.0576214367711962
2023-08,gradient boosting,1,2023-09,-0.5078221376821641,0.1682091816025094,176,0.2959240495893498,5,"sin_year, cos_year, year_fraction, flux_lag1, flux_lag12",0.6760313192846735,2.2844757640441657
2023-08,ordinary least squares,3,2023-11,-0.303019711637477,0.0523201067137854,176,0.2959240495893498,4,"sin_year, cos_year, year_fraction, flux_lag12",0.3553398183512624,1.2007804666243351
2023-08,ridge,3,2023-11,-0.3033511556287333,0.0523201067137854,176,0.2959240495893498,4,"sin_year, cos_year, year_fraction, flux_lag12",0.3556712623425187,1.2019004972258234
2023-08,random forest,3,2023-11,-0.1622265286181956,0.0523201067137854,176,0.2959240495893498,4,"sin_year, cos_year, year_fraction, flux_lag12",0.21454663533198098,0.7250057426211378
2023-08,gradient boosting,3,2023-11,-0.27239725635639256,0.0523201067137854,176,0.2959240495893498,4,"sin_year, cos_year, year_fraction, flux_lag12",0.32471736307017796,1.0972996737533982
2023-08,ordinary least squares,6,2024-02,-0.2888148984430658,-0.3395512541636505,176,0.2959240495893498,4,"sin_year, cos_year, year_fraction, flux_lag12",-0.050736355720584714,0.17145059954062852
2023-08,ridge,6,2024-02,-0.288108890787397,-0.3395512541636505,176,0.2959240495893498,4,"sin_year, cos_year, year_fraction, flux_lag12",-0.05144236337625352,0.17383637270319685
2023-08,random forest,6,2024-02,-0.24269810344863796,-0.3395512541636505,176,0.2959240495893498,4,"sin_year, cos_year, year_fraction, flux_lag12",-0.09685315071501255,0.32729056948705076
2023-08,gradient boosting,6,2024-02,-0.28921052160385635,-0.3395512541636505,176,0.2959240495893498,4,"sin_year, cos_year, year_fraction, flux_lag12",-0.050340732559794155,0.17011369177209953
2023-08,ordinary least squares,12,2024-08,-1.1291037282011633,-1.110117807704205,176,0.2959240495893498,5,"sin_year, cos_year, year_fraction, flux_lag12, flux_lag13",0.018985920496958242,0.06415808557400039
2023-08,ridge,12,2024-08,-1.1419596977736617,-1.110117807704205,176,0.2959240495893498,5,"sin_year, cos_year, year_fraction, flux_lag12, flux_lag13",0.03184189006945659,0.10760156233886091
2023-08,random forest,12,2024-08,-1.3454183486423723,-1.110117807704205,176,0.2959240495893498,5,"sin_year, cos_year, year_fraction, flux_lag12, flux_lag13",0.2353005409381672,0.7951382838423944
2023-08,gradient boosting,12,2024-08,-1.2634830597862612,-1.110117807704205,176,0.2959240495893498,5,"sin_year, cos_year, year_fraction, flux_lag12, flux_lag13",0.1533652520820561,0.5182588312605183
2023-09,ordinary least squares,1,2023-10,0.15076353056563663,-0.3185750976111358,177,0.30309782883209313,5,"sin_year, cos_year, year_fraction, flux_lag1, flux_lag12",-0.4693386281767724,1.5484724189059487
2023-09,ridge,1,2023-10,0.11957515185335771,-0.3185750976111358,177,0.30309782883209313,5,"sin_year, cos_year, year_fraction, flux_lag1, flux_lag12",-0.4381502494644935,1.4455736986067798
2023-09,random forest,1,2023-10,0.17999954948693708,-0.3185750976111358,177,0.30309782883209313,5,"sin_year, cos_year, year_fraction, flux_lag1, flux_lag12",-0.49857464709807287,1.6449297872544903
2023-09,gradient boosting,1,2023-10,-0.17765084078955434,-0.3185750976111358,177,0.30309782883209313,5,"sin_year, cos_year, year_fraction, flux_lag1, flux_lag12",-0.14092425682158144,0.46494644110317646
2023-09,ordinary least squares,3,2023-12,-0.2991305276469027,-0.009766995136692,177,0.30309782883209313,4,"sin_year, cos_year, year_fraction, flux_lag12",0.2893635325102107,0.9546869194846961
2023-09,ridge,3,2023-12,-0.301043396109768,-0.009766995136692,177,0.30309782883209313,4,"sin_year, cos_year, year_fraction, flux_lag12",0.291276400973076,0.9609979790862645
2023-09,random forest,3,2023-12,-0.3175233779179905,-0.009766995136692,177,0.30309782883209313,4,"sin_year, cos_year, year_fraction, flux_lag12",0.3077563827812985,1.0153698031000615
2023-09,gradient boosting,3,2023-12,-0.320472603008665,-0.009766995136692,177,0.30309782883209313,4,"sin_year, cos_year, year_fraction, flux_lag12",0.310705607871973,1.0251000776521377
2023-09,ordinary least squares,6,2024-03,-0.3397216941333922,-0.4292202609040998,177,0.30309782883209313,4,"sin_year, cos_year, year_fraction, flux_lag12",-0.08949856677070761,0.29527947169917557
2023-09,ridge,6,2024-03,-0.34004880115678854,-0.4292202609040998,177,0.30309782883209313,4,"sin_year, cos_year, year_fraction, flux_lag12",-0.08917145974731128,0.29420025900848507
2023-09,random forest,6,2024-03,-0.3050209596523152,-0.4292202609040998,177,0.30309782883209313,4,"sin_year, cos_year, year_fraction, flux_lag12",-0.12419930125178463,0.409766383778972
2023-09,gradient boosting,6,2024-03,-0.31473887787724125,-0.4292202609040998,177,0.30309782883209313,4,"sin_year, cos_year, year_fraction, flux_lag12",-0.11448138302685856,0.37770439817395635
2023-09,ordinary least squares,12,2024-09,-0.8169145584696127,-0.5806609640082306,177,0.30309782883209313,4,"sin_year, cos_year, year_fraction, flux_lag12",0.23625359446138205,0.7794631699333593
2023-09,ridge,12,2024-09,-0.8106280933640972,-0.5806609640082306,177,0.30309782883209313,4,"sin_year, cos_year, year_fraction, flux_lag12",0.2299671293558666,0.7587224568449856
2023-09,random forest,12,2024-09,-0.7413819614794247,-0.5806609640082306,177,0.30309782883209313,4,"sin_year, cos_year, year_fraction, flux_lag12",0.16072099747119406,0.530261130838481
2023-09,gradient boosting,12,2024-09,-0.7472803395259385,-0.5806609640082306,177,0.30309782883209313,4,"sin_year, cos_year, year_fraction, flux_lag12",0.1666193755177079,0.5497214419507106
2023-10,ordinary least squares,1,2023-11,-0.2722116650180899,0.0523201067137854,178,0.3029325149093155,5,"sin_year, cos_year, year_fraction, flux_lag1, flux_lag12",0.3245317717318753,1.0713005562609403
2023-10,ridge,1,2023-11,-0.27461271016769057,0.0523201067137854,178,0.3029325149093155,5,"sin_year, cos_year, year_fraction, flux_lag1, flux_lag12",0.32693281688147596,1.0792265629833269
2023-10,random forest,1,2023-11,-0.2295154875727181,0.0523201067137854,178,0.3029325149093155,5,"sin_year, cos_year, year_fraction, flux_lag1, flux_lag12",0.2818355942865035,0.9303576883150775
2023-10,gradient boosting,1,2023-11,-0.26235195872288725,0.0523201067137854,178,0.3029325149093155,5,"sin_year, cos_year, year_fraction, flux_lag1, flux_lag12",0.31467206543667264,1.0387530223715715
2023-10,ordinary least squares,3,2024-01,-0.3061514705938407,-0.0759113839450774,178,0.3029325149093155,4,"sin_year, cos_year, year_fraction, flux_lag12",0.23024008664876328,0.7600375506659854
2023-10,ridge,3,2024-01,-0.30468301399308145,-0.0759113839450774,178,0.3029325149093155,4,"sin_year, cos_year, year_fraction, flux_lag12",0.22877163004800405,0.7551900796006928
2023-10,random forest,3,2024-01,-0.3251017405487542,-0.0759113839450774,178,0.3029325149093155,4,"sin_year, cos_year, year_fraction, flux_lag12",0.24919035660367678,0.8225936284134876
2023-10,gradient boosting,3,2024-01,-0.3068016052561532,-0.0759113839450774,178,0.3029325149093155,4,"sin_year, cos_year, year_fraction, flux_lag12",0.23089022131107578,0.7621836876117245
2023-10,ordinary least squares,6,2024-04,-0.5530728644276779,-0.2914046391285222,178,0.3029325149093155,4,"sin_year, cos_year, year_fraction, flux_lag12",0.2616682252991557,0.8637838872380124
2023-10,ridge,6,2024-04,-0.5523248399413985,-0.2914046391285222,178,0.3029325149093155,4,"sin_year, cos_year, year_fraction, flux_lag12",0.26092020081287626,0.8613146095954214
2023-10,random forest,6,2024-04,-0.5510133954535749,-0.2914046391285222,178,0.3029325149093155,4,"sin_year, cos_year, year_fraction, flux_lag12",0.25960875632505265,0.856985445760974
2023-10,gradient boosting,6,2024-04,-0.4966632991705395,-0.2914046391285222,178,0.3029325149093155,4,"sin_year, cos_year, year_fraction, flux_lag12",0.20525866004201726,0.6775722312392335
2023-10,ordinary least squares,12,2024-10,-0.3809747590806822,-0.1131641748771449,178,0.3029325149093155,4,"sin_year, cos_year, year_fraction, flux_lag12",0.26781058420353726,0.884060214809585
2023-10,ridge,12,2024-10,-0.38033134320218487,-0.1131641748771449,178,0.3029325149093155,4,"sin_year, cos_year, year_fraction, flux_lag12",0.26716716832503995,0.8819362570076635
2023-10,random forest,12,2024-10,-0.3992379231653896,-0.1131641748771449,178,0.3029325149093155,4,"sin_year, cos_year, year_fraction, flux_lag12",0.28607374828824467,0.9443481112414837
2023-10,gradient boosting,12,2024-10,-0.41004342494393925,-0.1131641748771449,178,0.3029325149093155,4,"sin_year, cos_year, year_fraction, flux_lag12",0.29687925006679433,0.9800177777405861
2023-11,ordinary least squares,1,2023-12,-0.11423940432615096,-0.009766995136692,179,0.30331916915443524,5,"sin_year, cos_year, year_fraction, flux_lag1, flux_lag12",0.10447240918945895,0.34443061900999317
2023-11,ridge,1,2023-12,-0.12782485287364823,-0.009766995136692,179,0.30331916915443524,5,"sin_year, cos_year, year_fraction, flux_lag1, flux_lag12",0.11805785773695622,0.389219903463625
2023-11,random forest,1,2023-12,-0.22036131453204977,-0.009766995136692,179,0.30331916915443524,5,"sin_year, cos_year, year_fraction, flux_lag1, flux_lag12",0.21059431939535778,0.6942994073946361
2023-11,gradient boosting,1,2023-12,-0.06025364200645161,-0.009766995136692,179,0.30331916915443524,5,"sin_year, cos_year, year_fraction, flux_lag1, flux_lag12",0.050486646869759615,0.16644726744604227
2023-11,ordinary least squares,3,2024-02,-0.2905461688530503,-0.3395512541636505,179,0.30331916915443524,4,"sin_year, cos_year, year_fraction, flux_lag12",-0.049005085310600216,0.16156277048764178
2023-11,ridge,3,2024-02,-0.289699136565044,-0.3395512541636505,179,0.30331916915443524,4,"sin_year, cos_year, year_fraction, flux_lag12",-0.04985211759860653,0.1643553150220594
2023-11,random forest,3,2024-02,-0.24094723443358293,-0.3395512541636505,179,0.30331916915443524,4,"sin_year, cos_year, year_fraction, flux_lag12",-0.09860401973006758,0.3250833767115564
2023-11,gradient boosting,3,2024-02,-0.29760262221763784,-0.3395512541636505,179,0.30331916915443524,4,"sin_year, cos_year, year_fraction, flux_lag12",-0.04194863194601267,0.1382986510973017
2023-11,ordinary least squares,6,2024-05,-0.8299468994534415,-0.462627913604086,179,0.30331916915443524,4,"sin_year, cos_year, year_fraction, flux_lag12",0.36731898584935546,1.2109982592703683
2023-11,ridge,6,2024-05,-0.8312234260237007,-0.462627913604086,179,0.30331916915443524,4,"sin_year, cos_year, year_fraction, flux_lag12",0.3685955124196147,1.2152067851403876
2023-11,random forest,6,2024-05,-0.8433679435304642,-0.462627913604086,179,0.30331916915443524,4,"sin_year, cos_year, year_fraction, flux_lag12",0.3807400299263782,1.2552455256546085
2023-11,gradient boosting,6,2024-05,-0.8641711224711204,-0.462627913604086,179,0.30331916915443524,4,"sin_year, cos_year, year_fraction, flux_lag12",0.4015432088670344,1.3238306368384791
2023-11,ordinary least squares,12,2024-11,-0.3152070644193902,-0.3129651032522975,179,0.30331916915443524,4,"sin_year, cos_year, year_fraction, flux_lag12",0.002241961167092743,0.007391425913972639
2023-11,ridge,12,2024-11,-0.313715021729975,-0.3129651032522975,179,0.30331916915443524,4,"sin_year, cos_year, year_fraction, flux_lag12",0.0007499184776775247,0.0024723741653654044
2023-11,random forest,12,2024-11,-0.1851414659334792,-0.3129651032522975,179,0.30331916915443524,4,"sin_year, cos_year, year_fraction, flux_lag12",-0.1278236373188183,0.4214162846191128
2023-11,gradient boosting,12,2024-11,-0.2568877936960675,-0.3129651032522975,179,0.30331916915443524,4,"sin_year, cos_year, year_fraction, flux_lag12",-0.05607730955622997,0.18487888422138646
2023-12,ordinary least squares,1,2024-01,-0.13903813237135693,-0.0759113839450774,180,0.3043696330613126,5,"sin_year, cos_year, year_fraction, flux_lag1, flux_lag12",0.06312674842627952,0.20740159848194578
2023-12,ridge,1,2024-01,-0.1474836817771252,-0.0759113839450774,180,0.3043696330613126,5,"sin_year, cos_year, year_fraction, flux_lag1, flux_lag12",0.0715722978320478,0.23514927265306454
2023-12,random forest,1,2024-01,-0.12124301451976918,-0.0759113839450774,180,0.3043696330613126,5,"sin_year, cos_year, year_fraction, flux_lag1, flux_lag12",0.04533163057469178,0.14893611467987714
2023-12,gradient boosting,1,2024-01,-0.07953508644023013,-0.0759113839450774,180,0.3043696330613126,5,"sin_year, cos_year, year_fraction, flux_lag1, flux_lag12",0.003623702495152731,0.011905598001699361
2023-12,ordinary least squares,3,2024-03,-0.3394970499592307,-0.4292202609040998,180,0.3043696330613126,4,"sin_year, cos_year, year_fraction, flux_lag12",-0.08972321094486913,0.2947837142701919
2023-12,ridge,3,2024-03,-0.3398131607570219,-0.4292202609040998,180,0.3043696330613126,4,"sin_year, cos_year, year_fraction, flux_lag12",-0.08940710014707792,0.29374513892148907
2023-12,random forest,3,2024-03,-0.3880081504720436,-0.4292202609040998,180,0.3043696330613126,4,"sin_year, cos_year, year_fraction, flux_lag12",-0.04121211043205619,0.13540151827089258
2023-12,gradient boosting,3,2024-03,-0.325115971563277,-0.4292202609040998,180,0.3043696330613126,4,"sin_year, cos_year, year_fraction, flux_lag12",-0.10410428934082283,0.3420324435580337
2023-12,ordinary least squares,6,2024-06,-1.5651794531733376,-1.316400707779799,180,0.3043696330613126,4,"sin_year, cos_year, year_fraction, flux_lag12",0.24877874539353861,0.8173573128546116
2023-12,ridge,6,2024-06,-1.5662332223656954,-1.316400707779799,180,0.3043696330613126,4,"sin_year, cos_year, year_fraction, flux_lag12",0.2498325145858964,0.8208194492765637
2023-12,random forest,6,2024-06,-1.6357317059036205,-1.316400707779799,180,0.3043696330613126,4,"sin_year, cos_year, year_fraction, flux_lag12",0.3193309981238215,1.049155248872988
2023-12,gradient boosting,6,2024-06,-1.6012288069737517,-1.316400707779799,180,0.3043696330613126,4,"sin_year, cos_year, year_fraction, flux_lag12",0.2848280991939527,0.935796703268938
2023-12,ordinary least squares,12,2024-12,-0.35407939555877915,-0.2834830014504014,180,0.3043696330613126,5,"sin_year, cos_year, year_fraction, flux_lag12, flux_lag13",0.07059639410837776,0.23194296158367655
2023-12,ridge,12,2024-12,-0.352813023364269,-0.2834830014504014,180,0.3043696330613126,5,"sin_year, cos_year, year_fraction, flux_lag12, flux_lag13",0.06933002191386761,0.22778232248912192
2023-12,random forest,12,2024-12,-0.3262431198804319,-0.2834830014504014,180,0.3043696330613126,5,"sin_year, cos_year, year_fraction, flux_lag12, flux_lag13",0.042760118430030525,0.14048746584852922
2023-12,gradient boosting,12,2024-12,-0.28473842276830974,-0.2834830014504014,180,0.3043696330613126,5,"sin_year, cos_year, year_fraction, flux_lag12, flux_lag13",0.001255421317908345,0.004124660220802814
2024-01,ordinary least squares,1,2024-02,-0.17165636165500858,-0.3395512541636505,181,0.30352086940583645,5,"sin_year, cos_year, year_fraction, flux_lag1, flux_lag12",-0.16789489250864192,0.5531576554762381
2024-01,ridge,1,2024-02,-0.17776810502649326,-0.3395512541636505,181,0.30352086940583645,5,"sin_year, cos_year, year_fraction, flux_lag1, flux_lag12",-0.16178314913715724,0.533021500148768
2024-01,random forest,1,2024-02,-0.21623027911454307,-0.3395512541636505,181,0.30352086940583645,5,"sin_year, cos_year, year_fraction, flux_lag1, flux_lag12",-0.12332097504910744,0.4063014687936186
2024-01,gradient boosting,1,2024-02,-0.23345489464870678,-0.3395512541636505,181,0.30352086940583645,5,"sin_year, cos_year, year_fraction, flux_lag1, flux_lag12",-0.10609635951494373,0.3495521073151736
2024-01,ordinary least squares,3,2024-04,-0.5538378703981581,-0.2914046391285222,181,0.30352086940583645,4,"sin_year, cos_year, year_fraction, flux_lag12",0.2624332312696359,0.8646299405486269
2024-01,ridge,3,2024-04,-0.5529862780061884,-0.2914046391285222,181,0.30352086940583645,4,"sin_year, cos_year, year_fraction, flux_lag12",0.26158163887766617,0.861824227736731
2024-01,random forest,3,2024-04,-0.5383543091993729,-0.2914046391285222,181,0.30352086940583645,4,"sin_year, cos_year, year_fraction, flux_lag12",0.24694967007085067,0.8136167722314189
2024-01,gradient boosting,3,2024-04,-0.48359005244336406,-0.2914046391285222,181,0.30352086940583645,4,"sin_year, cos_year, year_fraction, flux_lag12",0.19218541331484185,0.6331868174042147
2024-01,ordinary least squares,6,2024-07,-1.4665885522663709,-2.0345546008174256,181,0.30352086940583645,4,"sin_year, cos_year, year_fraction, flux_lag12",-0.5679660485510547,1.8712586375457094
2024-01,ridge,6,2024-07,-1.4703780671071052,-2.0345546008174256,181,0.30352086940583645,4,"sin_year, cos_year, year_fraction, flux_lag12",-0.5641765337103204,1.8587734504541182
2024-01,random forest,6,2024-07,-1.240268650866979,-2.0345546008174256,181,0.30352086940583645,4,"sin_year, cos_year, year_fraction, flux_lag12",-0.7942859499504467,2.616907204784032
2024-01,gradient boosting,6,2024-07,-1.4705877878886604,-2.0345546008174256,181,0.30352086940583645,4,"sin_year, cos_year, year_fraction, flux_lag12",-0.5639668129287652,1.8580824904487458
2024-02,ordinary least squares,1,2024-03,-0.37174408794762004,-0.4292202609040998,182,0.3024883478362829,5,"sin_year, cos_year, year_fraction, flux_lag1, flux_lag12",-0.057476172956479776,0.19001119668777408
2024-02,ridge,1,2024-03,-0.3701534074013255,-0.4292202609040998,182,0.3024883478362829,5,"sin_year, cos_year, year_fraction, flux_lag1, flux_lag12",-0.0590668535027743,0.19526984733555194
2024-02,random forest,1,2024-03,-0.3400977594698078,-0.4292202609040998,182,0.3024883478362829,5,"sin_year, cos_year, year_fraction, flux_lag1, flux_lag12",-0.08912250143429201,0.29463118851284864
2024-02,gradient boosting,1,2024-03,-0.3580587393311827,-0.4292202609040998,182,0.3024883478362829,5,"sin_year, cos_year, year_fraction, flux_lag1, flux_lag12",-0.07116152157291711,0.23525376128349965
2024-02,ordinary least squares,3,2024-05,-0.8295855356204351,-0.462627913604086,182,0.3024883478362829,4,"sin_year, cos_year, year_fraction, flux_lag12",0.3669576220163491,1.213129777200407
2024-02,ridge,3,2024-05,-0.8308218844433994,-0.462627913604086,182,0.3024883478362829,4,"sin_year, cos_year, year_fraction, flux_lag12",0.36819397083931343,1.2172170381868483
2024-02,random forest,3,2024-05,-0.8584823541420582,-0.462627913604086,182,0.3024883478362829,4,"sin_year, cos_year, year_fraction, flux_lag12",0.3958544405379722,1.308660129785304
2024-02,gradient boosting,3,2024-05,-0.8540186280013647,-0.462627913604086,182,0.3024883478362829,4,"sin_year, cos_year, year_fraction, flux_lag12",0.39139071439727874,1.2939034418909678
2024-02,ordinary least squares,6,2024-08,-1.2881888869251106,-1.110117807704205,182,0.3024883478362829,4,"sin_year, cos_year, year_fraction, flux_lag12",0.17807107922090548,0.5886874006706654
2024-02,ridge,6,2024-08,-1.2845110727442937,-1.110117807704205,182,0.3024883478362829,4,"sin_year, cos_year, year_fraction, flux_lag12",0.17439326504008856,0.5765288689218409
2024-02,random forest,6,2024-08,-1.5065940011871595,-1.110117807704205,182,0.3024883478362829,4,"sin_year, cos_year, year_fraction, flux_lag12",0.3964761934829544,1.3107155905970331
2024-02,gradient boosting,6,2024-08,-1.2549780905142485,-1.110117807704205,182,0.3024883478362829,4,"sin_year, cos_year, year_fraction, flux_lag12",0.14486028281004337,0.4788954148027108
2024-03,ordinary least squares,1,2024-04,-0.5850738401100692,-0.2914046391285222,183,0.30097293585871665,5,"sin_year, cos_year, year_fraction, flux_lag1, flux_lag12",0.29366920098154703,0.9757329181232489
2024-03,ridge,1,2024-04,-0.583330000014797,-0.2914046391285222,183,0.30097293585871665,5,"sin_year, cos_year, year_fraction, flux_lag1, flux_lag12",0.29192536088627474,0.9699389084715276
2024-03,random forest,1,2024-04,-0.5165269199053415,-0.2914046391285222,183,0.30097293585871665,5,"sin_year, cos_year, year_fraction, flux_lag1, flux_lag12",0.22512228077681928,0.7479818081799111
2024-03,gradient boosting,1,2024-04,-0.5319398699440857,-0.2914046391285222,183,0.30097293585871665,5,"sin_year, cos_year, year_fraction, flux_lag1, flux_lag12",0.2405352308155635,0.7991922268003394
2024-03,ordinary least squares,3,2024-06,-1.5653920719489507,-1.316400707779799,183,0.30097293585871665,4,"sin_year, cos_year, year_fraction, flux_lag12",0.24899136416915169,0.827288219316948
2024-03,ridge,3,2024-06,-1.5664211156009336,-1.316400707779799,183,0.30097293585871665,4,"sin_year, cos_year, year_fraction, flux_lag12",0.25002040782113455,0.8307072764127192
2024-03,random forest,3,2024-06,-1.6191967997529506,-1.316400707779799,183,0.30097293585871665,4,"sin_year, cos_year, year_fraction, flux_lag12",0.3027960919731516,1.0060575417162785
2024-03,gradient boosting,3,2024-06,-1.602010679885129,-1.316400707779799,183,0.30097293585871665,4,"sin_year, cos_year, year_fraction, flux_lag12",0.28560997210533,0.9489556637059275
2024-03,ordinary least squares,6,2024-09,-0.8152005200362064,-0.5806609640082306,183,0.30097293585871665,4,"sin_year, cos_year, year_fraction, flux_lag12",0.23453955602797572,0.779271250283028
2024-03,ridge,6,2024-09,-0.8094928369981025,-0.5806609640082306,183,0.30097293585871665,4,"sin_year, cos_year, year_fraction, flux_lag12",0.22883187298987184,0.7603071430226224
2024-03,random forest,6,2024-09,-0.7200344235588783,-0.5806609640082306,183,0.30097293585871665,4,"sin_year, cos_year, year_fraction, flux_lag12",0.13937345955064762,0.4630763864298835
2024-03,gradient boosting,6,2024-09,-0.722088875339652,-0.5806609640082306,183,0.30097293585871665,4,"sin_year, cos_year, year_fraction, flux_lag12",0.1414279113314214,0.4699024213851932
2024-04,ordinary least squares,1,2024-05,-0.7098498007395443,-0.462627913604086,184,0.29953703305708573,5,"sin_year, cos_year, year_fraction, flux_lag1, flux_lag12",0.24722188713545828,0.8253466511713187
2024-04,ridge,1,2024-05,-0.7176380954455115,-0.462627913604086,184,0.29953703305708573,5,"sin_year, cos_year, year_fraction, flux_lag1, flux_lag12",0.2550101818414255,0.8513477590359443
2024-04,random forest,1,2024-05,-0.7797103063722663,-0.462627913604086,184,0.29953703305708573,5,"sin_year, cos_year, year_fraction, flux_lag1, flux_lag12",0.31708239276818034,1.0585749265525737
2024-04,gradient boosting,1,2024-05,-0.6465373240206647,-0.462627913604086,184,0.29953703305708573,5,"sin_year, cos_year, year_fraction, flux_lag1, flux_lag12",0.18390941041657866,0.6139788744636768
2024-04,ordinary least squares,3,2024-07,-1.4686797518751016,-2.0345546008174256,184,0.29953703305708573,4,"sin_year, cos_year, year_fraction, flux_lag12",-0.565874848942324,1.889164899468306
2024-04,ridge,3,2024-07,-1.472324002038967,-2.0345546008174256,184,0.29953703305708573,4,"sin_year, cos_year, year_fraction, flux_lag12",-0.5622305987784586,1.8769986236436706
2024-04,random forest,3,2024-07,-1.2334849637897733,-2.0345546008174256,184,0.29953703305708573,4,"sin_year, cos_year, year_fraction, flux_lag12",-0.8010696370276522,2.674359256522997
2024-04,gradient boosting,3,2024-07,-1.4966100942473013,-2.0345546008174256,184,0.29953703305708573,4,"sin_year, cos_year, year_fraction, flux_lag12",-0.5379445065701243,1.7959198603252602
2024-04,ordinary least squares,6,2024-10,-0.37932450643943494,-0.1131641748771449,184,0.29953703305708573,4,"sin_year, cos_year, year_fraction, flux_lag12",0.26616033156229,0.8885723706542997
2024-04,ridge,6,2024-10,-0.3787745917218593,-0.1131641748771449,184,0.29953703305708573,4,"sin_year, cos_year, year_fraction, flux_lag12",0.26561041684471437,0.886736488419762
2024-04,random forest,6,2024-10,-0.41490739435119833,-0.1131641748771449,184,0.29953703305708573,4,"sin_year, cos_year, year_fraction, flux_lag12",0.3017432194740534,1.007365321057137
2024-04,gradient boosting,6,2024-10,-0.42561206595261303,-0.1131641748771449,184,0.29953703305708573,4,"sin_year, cos_year, year_fraction, flux_lag12",0.3124478910754681,1.043102710494972
2024-05,ordinary least squares,1,2024-06,-1.3719825368057876,-1.316400707779799,185,0.300889836955769,5,"sin_year, cos_year, year_fraction, flux_lag1, flux_lag12",0.05558182902598863,0.1847248467689495
2024-05,ridge,1,2024-06,-1.3835968987107583,-1.316400707779799,185,0.300889836955769,5,"sin_year, cos_year, year_fraction, flux_lag1, flux_lag12",0.0671961909309593,0.22332489395724317
2024-05,random forest,1,2024-06,-1.3029166615927341,-1.316400707779799,185,0.300889836955769,5,"sin_year, cos_year, year_fraction, flux_lag1, flux_lag12",-0.013484046187064891,0.04481389708435734
2024-05,gradient boosting,1,2024-06,-1.3323132856842648,-1.316400707779799,185,0.300889836955769,5,"sin_year, cos_year, year_fraction, flux_lag1, flux_lag12",0.015912577904465763,0.05288506273744607
2024-05,ordinary least squares,3,2024-08,-1.2882289089445995,-1.110117807704205,185,0.300889836955769,4,"sin_year, cos_year, year_fraction, flux_lag12",0.17811110124039442,0.5919478804682156
2024-05,ridge,3,2024-08,-1.2845750848258508,-1.110117807704205,185,0.300889836955769,4,"sin_year, cos_year, year_fraction, flux_lag12",0.17445727712164572,0.5798044855442926
2024-05,random forest,3,2024-08,-1.5010979870695036,-1.110117807704205,185,0.300889836955769,4,"sin_year, cos_year, year_fraction, flux_lag12",0.3909801793652985,1.29941304538901
2024-05,gradient boosting,3,2024-08,-1.2120483095856114,-1.110117807704205,185,0.300889836955769,4,"sin_year, cos_year, year_fraction, flux_lag12",0.10193050188140629,0.33876352525788417
2024-05,ordinary least squares,6,2024-11,-0.3145833305472295,-0.3129651032522975,185,0.300889836955769,4,"sin_year, cos_year, year_fraction, flux_lag12",0.0016182272949319954,0.005378138761030589
2024-05,ridge,6,2024-11,-0.3126365075886566,-0.3129651032522975,185,0.300889836955769,4,"sin_year, cos_year, year_fraction, flux_lag12",-0.0003285956636409071,0.0010920796360736201
2024-05,random forest,6,2024-11,-0.18309192184276926,-0.3129651032522975,185,0.300889836955769,4,"sin_year, cos_year, year_fraction, flux_lag12",-0.12987318140952822,0.43163033595122613
2024-05,gradient boosting,6,2024-11,-0.26110380216220197,-0.3129651032522975,185,0.300889836955769,4,"sin_year, cos_year, year_fraction, flux_lag12",-0.05186130109009551,0.17235976334328354
2024-06,ordinary least squares,1,2024-07,-1.3697418272031225,-2.0345546008174256,186,0.3014710530102421,5,"sin_year, cos_year, year_fraction, flux_lag1, flux_lag12",-0.664812773614303,2.2052292151303723
2024-06,ridge,1,2024-07,-1.3765074788119567,-2.0345546008174256,186,0.3014710530102421,5,"sin_year, cos_year, year_fraction, flux_lag1, flux_lag12",-0.6580471220054689,2.1827870882950497
2024-06,random forest,1,2024-07,-1.0811778866319057,-2.0345546008174256,186,0.3014710530102421,5,"sin_year, cos_year, year_fraction, flux_lag1, flux_lag12",-0.9533767141855198,3.1624154447529333
2024-06,gradient boosting,1,2024-07,-1.2292502102535667,-2.0345546008174256,186,0.3014710530102421,5,"sin_year, cos_year, year_fraction, flux_lag1, flux_lag12",-0.8053043905638588,2.6712494699665235
2024-06,ordinary least squares,3,2024-09,-0.8170065898046459,-0.5806609640082306,186,0.3014710530102421,4,"sin_year, cos_year, year_fraction, flux_lag12",0.23634562579641527,0.7839745257014302
2024-06,ridge,3,2024-09,-0.8112551871190264,-0.5806609640082306,186,0.3014710530102421,4,"sin_year, cos_year, year_fraction, flux_lag12",0.2305942231107958,0.7648967315709799
2024-06,random forest,3,2024-09,-0.7264715858056974,-0.5806609640082306,186,0.3014710530102421,4,"sin_year, cos_year, year_fraction, flux_lag12",0.14581062179746673,0.4836637559112948
2024-06,gradient boosting,3,2024-09,-0.7585972353532802,-0.5806609640082306,186,0.3014710530102421,4,"sin_year, cos_year, year_fraction, flux_lag12",0.17793627134504952,0.5902267218305844
2024-06,ordinary least squares,6,2024-12,-0.32598688990768676,-0.2834830014504014,186,0.3014710530102421,4,"sin_year, cos_year, year_fraction, flux_lag12",0.042503888457285366,0.14098829069284258
2024-06,ridge,6,2024-12,-0.3246912154952709,-0.2834830014504014,186,0.3014710530102421,4,"sin_year, cos_year, year_fraction, flux_lag12",0.04120821404486952,0.13669045048736245
2024-06,random forest,6,2024-12,-0.2601302107452835,-0.2834830014504014,186,0.3014710530102421,4,"sin_year, cos_year, year_fraction, flux_lag12",-0.02335279070511792,0.07746279608584689
2024-06,gradient boosting,6,2024-12,-0.23185249823867526,-0.2834830014504014,186,0.3014710530102421,4,"sin_year, cos_year, year_fraction, flux_lag12",-0.05163050321172613,0.17126189296181632
2024-07,ordinary least squares,1,2024-08,-1.5000567198651378,-1.110117807704205,187,0.30047478986155146,5,"sin_year, cos_year, year_fraction, flux_lag1, flux_lag12",0.3899389121609327,1.2977425238922815
2024-07,ridge,1,2024-08,-1.486455999734439,-1.110117807704205,187,0.30047478986155146,5,"sin_year, cos_year, year_fraction, flux_lag1, flux_lag12",0.376338192030234,1.2524784265716196
2024-07,random forest,1,2024-08,-1.7117832589957933,-1.110117807704205,187,0.30047478986155146,5,"sin_year, cos_year, year_fraction, flux_lag1, flux_lag12",0.6016654512915882,2.0023824679894613
2024-07,gradient boosting,1,2024-08,-1.4475464185622975,-1.110117807704205,187,0.30047478986155146,5,"sin_year, cos_year, year_fraction, flux_lag1, flux_lag12",0.3374286108580924,1.1229847635922068
2024-07,ordinary least squares,3,2024-10,-0.3780830077453982,-0.1131641748771449,187,0.30047478986155146,4,"sin_year, cos_year, year_fraction, flux_lag12",0.2649188328682533,0.8816674203859793
2024-07,ridge,3,2024-10,-0.3776507426181791,-0.1131641748771449,187,0.30047478986155146,4,"sin_year, cos_year, year_fraction, flux_lag12",0.2644865677410342,0.8802288134152638
2024-07,random forest,3,2024-10,-0.41987743155946233,-0.1131641748771449,187,0.30047478986155146,4,"sin_year, cos_year, year_fraction, flux_lag12",0.3067132566823174,1.0207620307302334
2024-07,gradient boosting,3,2024-10,-0.4060042716131817,-0.1131641748771449,187,0.30047478986155146,4,"sin_year, cos_year, year_fraction, flux_lag12",0.2928400967360368,0.9745912356606273
2024-08,ordinary least squares,1,2024-09,-0.6615661249554639,-0.5806609640082306,188,0.30132419444893926,5,"sin_year, cos_year, year_fraction, flux_lag1, flux_lag12",0.08090516094723321,0.2684987214358685
2024-08,ridge,1,2024-09,-0.6684295480315149,-0.5806609640082306,188,0.30132419444893926,5,"sin_year, cos_year, year_fraction, flux_lag1, flux_lag12",0.08776858402328425,0.2912762587278966
2024-08,random forest,1,2024-09,-0.64926347141018,-0.5806609640082306,188,0.30132419444893926,5,"sin_year, cos_year, year_fraction, flux_lag1, flux_lag12",0.0686025074019494,0.2276700930949453
2024-08,gradient boosting,1,2024-09,-0.6219229781194526,-0.5806609640082306,188,0.30132419444893926,5,"sin_year, cos_year, year_fraction, flux_lag1, flux_lag12",0.04126201411122199,0.13693561576322083
2024-08,ordinary least squares,3,2024-11,-0.3048890059798964,-0.3129651032522975,188,0.30132419444893926,4,"sin_year, cos_year, year_fraction, flux_lag12",-0.008076097272401106,0.026802020618260168
2024-08,ridge,3,2024-11,-0.30360042501482337,-0.3129651032522975,188,0.30132419444893926,4,"sin_year, cos_year, year_fraction, flux_lag12",-0.009364678237474111,0.03107841457802685
2024-08,random forest,3,2024-11,-0.2510128646512676,-0.3129651032522975,188,0.30132419444893926,4,"sin_year, cos_year, year_fraction, flux_lag12",-0.061952238601029885,0.20559994763888093
2024-08,gradient boosting,3,2024-11,-0.22400361345079522,-0.3129651032522975,188,0.30132419444893926,4,"sin_year, cos_year, year_fraction, flux_lag12",-0.08896148980150226,0.2952351369069276
2024-09,ordinary least squares,1,2024-10,-0.2988397885778369,-0.1131641748771449,189,0.30385270264759356,5,"sin_year, cos_year, year_fraction, flux_lag1, flux_lag12",0.18567561370069197,0.6110711278287932
2024-09,ridge,1,2024-10,-0.3030311874682064,-0.1131641748771449,189,0.30385270264759356,5,"sin_year, cos_year, year_fraction, flux_lag1, flux_lag12",0.18986701259106148,0.6248653078833004
2024-09,random forest,1,2024-10,-0.3889695092405069,-0.1131641748771449,189,0.30385270264759356,5,"sin_year, cos_year, year_fraction, flux_lag1, flux_lag12",0.27580533436336196,0.9076941951154512
2024-09,gradient boosting,1,2024-10,-0.349779444725144,-0.1131641748771449,189,0.30385270264759356,5,"sin_year, cos_year, year_fraction, flux_lag1, flux_lag12",0.23661526984799908,0.7787170157983553
2024-09,ordinary least squares,3,2024-12,-0.3139225098281144,-0.2834830014504014,189,0.30385270264759356,4,"sin_year, cos_year, year_fraction, flux_lag12",0.03043950837771303,0.10017850133463048
2024-09,ridge,3,2024-12,-0.3133839092364517,-0.2834830014504014,189,0.30385270264759356,4,"sin_year, cos_year, year_fraction, flux_lag12",0.029900907786050313,0.09840592999671027
2024-09,random forest,3,2024-12,-0.2996727346526044,-0.2834830014504014,189,0.30385270264759356,4,"sin_year, cos_year, year_fraction, flux_lag12",0.016189733202203016,0.053281517857617235
2024-09,gradient boosting,3,2024-12,-0.2760882140256777,-0.2834830014504014,189,0.30385270264759356,4,"sin_year, cos_year, year_fraction, flux_lag12",-0.007394787424723714,0.024336750538303233
2024-10,ordinary least squares,1,2024-11,-0.14139379829485493,-0.3129651032522975,190,0.30329965894021377,5,"sin_year, cos_year, year_fraction, flux_lag1, flux_lag12",-0.17157130495744255,0.5656824856214645
2024-10,ridge,1,2024-11,-0.15096642230891122,-0.3129651032522975,190,0.30329965894021377,5,"sin_year, cos_year, year_fraction, flux_lag1, flux_lag12",-0.16199868094338626,0.5341208806809747
2024-10,random forest,1,2024-11,-0.09051220448334688,-0.3129651032522975,190,0.30329965894021377,5,"sin_year, cos_year, year_fraction, flux_lag1, flux_lag12",-0.2224528987689506,0.7334426274867667
2024-10,gradient boosting,1,2024-11,-0.06699440994736769,-0.3129651032522975,190,0.30329965894021377,5,"sin_year, cos_year, year_fraction, flux_lag1, flux_lag12",-0.2459706933049298,0.8109824263053833
2024-11,ordinary least squares,1,2024-12,-0.30621908295796874,-0.2834830014504014,191,0.30364594693477165,5,"sin_year, cos_year, year_fraction, flux_lag1, flux_lag12",0.02273608150756734,0.07487694710593795
2024-11,ridge,1,2024-12,-0.3078765298132657,-0.2834830014504014,191,0.30364594693477165,5,"sin_year, cos_year, year_fraction, flux_lag1, flux_lag12",0.024393528362864292,0.08033543213440106
2024-11,random forest,1,2024-12,-0.22290407691535247,-0.2834830014504014,191,0.30364594693477165,5,"sin_year, cos_year, year_fraction, flux_lag1, flux_lag12",-0.06057892453504893,0.19950513137612313
2024-11,gradient boosting,1,2024-12,-0.23620178328535094,-0.2834830014504014,191,0.30364594693477165,5,"sin_year, cos_year, year_fraction, flux_lag1, flux_lag12",-0.04728121816505046,0.15571167223650534
