origin,method,horizon,target,forecast,actual,train_n,mase_scale,n_predictors,predictors,error,scaled
2013-06,ordinary least squares,1,2013-07,73.24636525939445,,48,18.92414548975922,9,"sin_year, cos_year, year_fraction, flux_lag1, flux_lag12, atm_temp_f_lag1, precip_in_lag2, wte_m_lag1, wte_m_lag2",,
2013-06,ridge,1,2013-07,71.81769949062277,,48,18.92414548975922,9,"sin_year, cos_year, year_fraction, flux_lag1, flux_lag12, atm_temp_f_lag1, precip_in_lag2, wte_m_lag1, wte_m_lag2",,
2013-06,random forest,1,2013-07,91.05795187859412,,48,18.92414548975922,9,"sin_year, cos_year, year_fraction, flux_lag1, flux_lag12, atm_temp_f_lag1, precip_in_lag2, wte_m_lag1, wte_m_lag2",,
2013-06,gradient boosting,1,2013-07,91.83503986943376,,48,18.92414548975922,9,"sin_year, cos_year, year_fraction, flux_lag1, flux_lag12, atm_temp_f_lag1, precip_in_lag2, wte_m_lag1, wte_m_lag2",,
2013-06,ordinary least squares,3,2013-09,89.83040083569013,,48,18.92414548975922,5,"sin_year, cos_year, year_fraction, flux_lag12, wte_m_lag4",,
2013-06,ridge,3,2013-09,87.64614256263503,,48,18.92414548975922,5,"sin_year, cos_year, year_fraction, flux_lag12, wte_m_lag4",,
2013-06,random forest,3,2013-09,94.06455348828514,,48,18.92414548975922,5,"sin_year, cos_year, year_fraction, flux_lag12, wte_m_lag4",,
2013-06,gradient boosting,3,2013-09,81.55650466209342,,48,18.92414548975922,5,"sin_year, cos_year, year_fraction, flux_lag12, wte_m_lag4",,
2013-06,ordinary least squares,6,2013-12,10.18796360166414,,48,18.92414548975922,6,"sin_year, cos_year, year_fraction, soil_temp_f_lag6, atm_temp_f_lag6, atm_temp_f_lag7",,
2013-06,ridge,6,2013-12,13.043198600762429,,48,18.92414548975922,6,"sin_year, cos_year, year_fraction, soil_temp_f_lag6, atm_temp_f_lag6, atm_temp_f_lag7",,
2013-06,random forest,6,2013-12,14.831164141321421,,48,18.92414548975922,6,"sin_year, cos_year, year_fraction, soil_temp_f_lag6, atm_temp_f_lag6, atm_temp_f_lag7",,
2013-06,gradient boosting,6,2013-12,15.585706768762174,,48,18.92414548975922,6,"sin_year, cos_year, year_fraction, soil_temp_f_lag6, atm_temp_f_lag6, atm_temp_f_lag7",,
2013-06,ordinary least squares,12,2014-06,39.56849735919265,53.59145897698119,48,18.92414548975922,8,"sin_year, cos_year, year_fraction, flux_lag12, soil_temp_f_lag12, atm_temp_f_lag12, precip_in_lag12, precip_in_lag13",14.022961617788539,0.7410089731859781
2013-06,ridge,12,2014-06,49.028550852386175,53.59145897698119,48,18.92414548975922,8,"sin_year, cos_year, year_fraction, flux_lag12, soil_temp_f_lag12, atm_temp_f_lag12, precip_in_lag12, precip_in_lag13",4.562908124595012,0.24111567558303884
2013-06,random forest,12,2014-06,33.191998676865815,53.59145897698119,48,18.92414548975922,8,"sin_year, cos_year, year_fraction, flux_lag12, soil_temp_f_lag12, atm_temp_f_lag12, precip_in_lag12, precip_in_lag13",20.399460300115372,1.077959388504729
2013-06,gradient boosting,12,2014-06,49.162107445190735,53.59145897698119,48,18.92414548975922,8,"sin_year, cos_year, year_fraction, flux_lag12, soil_temp_f_lag12, atm_temp_f_lag12, precip_in_lag12, precip_in_lag13",4.429351531790452,0.23405820538567465
2014-03,ordinary least squares,1,2014-04,4.674014400144424,,51,20.58736253119911,8,"sin_year, cos_year, year_fraction, flux_lag1, flux_lag12, atm_temp_f_lag1, wte_m_lag1, wte_m_lag2",,
2014-03,ridge,1,2014-04,10.563611639178143,,51,20.58736253119911,8,"sin_year, cos_year, year_fraction, flux_lag1, flux_lag12, atm_temp_f_lag1, wte_m_lag1, wte_m_lag2",,
2014-03,random forest,1,2014-04,13.012359851323922,,51,20.58736253119911,8,"sin_year, cos_year, year_fraction, flux_lag1, flux_lag12, atm_temp_f_lag1, wte_m_lag1, wte_m_lag2",,
2014-03,gradient boosting,1,2014-04,17.05421197918311,,51,20.58736253119911,8,"sin_year, cos_year, year_fraction, flux_lag1, flux_lag12, atm_temp_f_lag1, wte_m_lag1, wte_m_lag2",,
2014-03,ordinary least squares,3,2014-06,37.70482879666248,53.59145897698119,51,20.58736253119911,6,"sin_year, cos_year, year_fraction, flux_lag12, wte_m_lag3, wte_m_lag4",15.886630180318704,0.7716690351298433
2014-03,ridge,3,2014-06,49.740455180628274,53.59145897698119,51,20.58736253119911,6,"sin_year, cos_year, year_fraction, flux_lag12, wte_m_lag3, wte_m_lag4",3.851003796352913,0.1870566854067349
2014-03,random forest,3,2014-06,39.94765982242702,53.59145897698119,51,20.58736253119911,6,"sin_year, cos_year, year_fraction, flux_lag12, wte_m_lag3, wte_m_lag4",13.643799154554166,0.6627269099612774
2014-03,gradient boosting,3,2014-06,47.358820229811975,53.59145897698119,51,20.58736253119911,6,"sin_year, cos_year, year_fraction, flux_lag12, wte_m_lag3, wte_m_lag4",6.2326387471692115,0.3027410013168983
2014-03,ordinary least squares,12,2015-03,-0.44072926127859446,18.270999943338268,51,20.58736253119911,8,"sin_year, cos_year, year_fraction, flux_lag12, soil_temp_f_lag12, atm_temp_f_lag12, precip_in_lag12, precip_in_lag13",18.711729204616862,0.9088939477439221
2014-03,ridge,12,2015-03,8.735466817688415,18.270999943338268,51,20.58736253119911,8,"sin_year, cos_year, year_fraction, flux_lag12, soil_temp_f_lag12, atm_temp_f_lag12, precip_in_lag12, precip_in_lag13",9.535533125649852,0.4631741006745878
2014-03,random forest,12,2015-03,10.208559753271205,18.270999943338268,51,20.58736253119911,8,"sin_year, cos_year, year_fraction, flux_lag12, soil_temp_f_lag12, atm_temp_f_lag12, precip_in_lag12, precip_in_lag13",8.062440190067063,0.3916208391360886
2014-03,gradient boosting,12,2015-03,15.977210221013438,18.270999943338268,51,20.58736253119911,8,"sin_year, cos_year, year_fraction, flux_lag12, soil_temp_f_lag12, atm_temp_f_lag12, precip_in_lag12, precip_in_lag13",2.2937897223248296,0.11141736678745065
2014-07,ordinary least squares,6,2015-01,5.874667312271532,15.859275612745098,54,24.375874149763785,6,"sin_year, cos_year, year_fraction, soil_temp_f_lag6, atm_temp_f_lag6, atm_temp_f_lag7",9.984608300473566,0.4096102662464034
2014-07,ridge,6,2015-01,11.748514913835951,15.859275612745098,54,24.375874149763785,6,"sin_year, cos_year, year_fraction, soil_temp_f_lag6, atm_temp_f_lag6, atm_temp_f_lag7",4.1107606989091465,0.16864054489504254
2014-07,random forest,6,2015-01,11.249523076316347,15.859275612745098,54,24.375874149763785,6,"sin_year, cos_year, year_fraction, soil_temp_f_lag6, atm_temp_f_lag6, atm_temp_f_lag7",4.609752536428751,0.1891112707633265
2014-07,gradient boosting,6,2015-01,12.03966706124125,15.859275612745098,54,24.375874149763785,6,"sin_year, cos_year, year_fraction, soil_temp_f_lag6, atm_temp_f_lag6, atm_temp_f_lag7",3.8196085515038476,0.15669626976396503
2014-07,ordinary least squares,12,2015-07,123.48178713168498,40.27710009521364,54,24.375874149763785,6,"sin_year, cos_year, year_fraction, flux_lag12, precip_in_lag12, precip_in_lag13",-83.20468703647134,3.4134032086507813
2014-07,ridge,12,2015-07,109.42050533714635,40.27710009521364,54,24.375874149763785,6,"sin_year, cos_year, year_fraction, flux_lag12, precip_in_lag12, precip_in_lag13",-69.14340524193271,2.836550796788666
2014-07,random forest,12,2015-07,124.81966522483008,40.27710009521364,54,24.375874149763785,6,"sin_year, cos_year, year_fraction, flux_lag12, precip_in_lag12, precip_in_lag13",-84.54256512961643,3.468288546707799
2014-07,gradient boosting,12,2015-07,99.5787372447983,40.27710009521364,54,24.375874149763785,6,"sin_year, cos_year, year_fraction, flux_lag12, precip_in_lag12, precip_in_lag13",-59.301637149584664,2.432800431493831
2014-08,ordinary least squares,6,2015-02,6.94987372299874,14.337945119971938,55,25.347052624472564,6,"sin_year, cos_year, year_fraction, soil_temp_f_lag6, atm_temp_f_lag6, atm_temp_f_lag7",7.3880713969731975,0.29147654784288485
2014-08,ridge,6,2015-02,11.231766484186227,14.337945119971938,55,25.347052624472564,6,"sin_year, cos_year, year_fraction, soil_temp_f_lag6, atm_temp_f_lag6, atm_temp_f_lag7",3.10617863578571,0.12254594969305017
2014-08,random forest,6,2015-02,10.038340401631531,14.337945119971938,55,25.347052624472564,6,"sin_year, cos_year, year_fraction, soil_temp_f_lag6, atm_temp_f_lag6, atm_temp_f_lag7",4.299604718340406,0.1696293759294578
2014-08,gradient boosting,6,2015-02,10.533122084263827,14.337945119971938,55,25.347052624472564,6,"sin_year, cos_year, year_fraction, soil_temp_f_lag6, atm_temp_f_lag6, atm_temp_f_lag7",3.804823035708111,0.15010909126509472
2014-08,ordinary least squares,12,2015-08,100.30954028370778,51.52255735937947,55,25.347052624472564,6,"sin_year, cos_year, year_fraction, flux_lag12, precip_in_lag12, precip_in_lag13",-48.786982924328306,1.924759602117388
2014-08,ridge,12,2015-08,107.8316881269343,51.52255735937947,55,25.347052624472564,6,"sin_year, cos_year, year_fraction, flux_lag12, precip_in_lag12, precip_in_lag13",-56.30913076755483,2.2215257766572982
2014-08,random forest,12,2015-08,110.51688078341921,51.52255735937947,55,25.347052624472564,6,"sin_year, cos_year, year_fraction, flux_lag12, precip_in_lag12, precip_in_lag13",-58.99432342403974,2.3274628532976163
2014-08,gradient boosting,12,2015-08,108.36558486725411,51.52255735937947,55,25.347052624472564,6,"sin_year, cos_year, year_fraction, flux_lag12, precip_in_lag12, precip_in_lag13",-56.843027507874645,2.2425892410462245
2014-09,ordinary least squares,6,2015-03,11.859918448694398,18.270999943338268,56,25.971099296000467,6,"sin_year, cos_year, year_fraction, soil_temp_f_lag6, atm_temp_f_lag6, atm_temp_f_lag7",6.41108149464387,0.24685445238858922
2014-09,ridge,6,2015-03,12.48388504469731,18.270999943338268,56,25.971099296000467,6,"sin_year, cos_year, year_fraction, soil_temp_f_lag6, atm_temp_f_lag6, atm_temp_f_lag7",5.787114898640958,0.22282903132761
2014-09,random forest,6,2015-03,11.419962829945108,18.270999943338268,56,25.971099296000467,6,"sin_year, cos_year, year_fraction, soil_temp_f_lag6, atm_temp_f_lag6, atm_temp_f_lag7",6.85103711339316,0.2637946524831244
2014-09,gradient boosting,6,2015-03,11.138462313719584,18.270999943338268,56,25.971099296000467,6,"sin_year, cos_year, year_fraction, soil_temp_f_lag6, atm_temp_f_lag6, atm_temp_f_lag7",7.1325376296186835,0.2746336436639434
2014-09,ordinary least squares,12,2015-09,70.8729760981147,46.95690568596313,56,25.971099296000467,7,"sin_year, cos_year, year_fraction, flux_lag12, flux_lag13, precip_in_lag12, precip_in_lag13",-23.916070412151576,0.9208724721111299
2014-09,ridge,12,2015-09,78.25076314709611,46.95690568596313,56,25.971099296000467,7,"sin_year, cos_year, year_fraction, flux_lag12, flux_lag13, precip_in_lag12, precip_in_lag13",-31.29385746113298,1.2049492824492114
2014-09,random forest,12,2015-09,81.01396648133147,46.95690568596313,56,25.971099296000467,7,"sin_year, cos_year, year_fraction, flux_lag12, flux_lag13, precip_in_lag12, precip_in_lag13",-34.057060795368336,1.3113445991334338
2014-09,gradient boosting,12,2015-09,82.16139519933091,46.95690568596313,56,25.971099296000467,7,"sin_year, cos_year, year_fraction, flux_lag12, flux_lag13, precip_in_lag12, precip_in_lag13",-35.20448951336778,1.3555255829617212
2014-10,ordinary least squares,3,2015-01,23.781701018235587,15.859275612745098,57,26.20139480404853,6,"sin_year, cos_year, year_fraction, flux_lag12, wte_m_lag3, wte_m_lag4",-7.92242540549049,0.30236655203815144
2014-10,ridge,3,2015-01,15.800028451584117,15.859275612745098,57,26.20139480404853,6,"sin_year, cos_year, year_fraction, flux_lag12, wte_m_lag3, wte_m_lag4",0.05924716116098061,0.0022612216488500066
2014-10,random forest,3,2015-01,20.81303581396918,15.859275612745098,57,26.20139480404853,6,"sin_year, cos_year, year_fraction, flux_lag12, wte_m_lag3, wte_m_lag4",-4.953760201224082,0.18906475163904815
2014-10,gradient boosting,3,2015-01,15.116039643490746,15.859275612745098,57,26.20139480404853,6,"sin_year, cos_year, year_fraction, flux_lag12, wte_m_lag3, wte_m_lag4",0.7432359692543518,0.028366274956458045
2014-10,ordinary least squares,12,2015-10,36.526671667513746,39.94549525743978,57,26.20139480404853,7,"sin_year, cos_year, year_fraction, flux_lag12, flux_lag13, precip_in_lag12, precip_in_lag13",3.418823589926035,0.1304825035267883
2014-10,ridge,12,2015-10,46.84722930609107,39.94549525743978,57,26.20139480404853,7,"sin_year, cos_year, year_fraction, flux_lag12, flux_lag13, precip_in_lag12, precip_in_lag13",-6.901734048651292,0.2634109405345423
2014-10,random forest,12,2015-10,39.781075197753985,39.94549525743978,57,26.20139480404853,7,"sin_year, cos_year, year_fraction, flux_lag12, flux_lag13, precip_in_lag12, precip_in_lag13",0.16442005968579565,0.006275240723459125
2014-10,gradient boosting,12,2015-10,46.893524679145436,39.94549525743978,57,26.20139480404853,7,"sin_year, cos_year, year_fraction, flux_lag12, flux_lag13, precip_in_lag12, precip_in_lag13",-6.948029421705655,0.26517784544172723
2015-02,ordinary least squares,1,2015-03,17.963234615323184,18.270999943338268,60,25.342011978541137,9,"sin_year, cos_year, year_fraction, flux_lag1, flux_lag12, atm_temp_f_lag1, precip_in_lag2, wte_m_lag1, wte_m_lag2",0.3077653280150834,0.01214447093923284
2015-02,ridge,1,2015-03,12.076902589619007,18.270999943338268,60,25.342011978541137,9,"sin_year, cos_year, year_fraction, flux_lag1, flux_lag12, atm_temp_f_lag1, precip_in_lag2, wte_m_lag1, wte_m_lag2",6.194097353719261,0.2444201099330329
2015-02,random forest,1,2015-03,15.709224527648681,18.270999943338268,60,25.342011978541137,9,"sin_year, cos_year, year_fraction, flux_lag1, flux_lag12, atm_temp_f_lag1, precip_in_lag2, wte_m_lag1, wte_m_lag2",2.5617754156895867,0.10108808321370939
2015-02,gradient boosting,1,2015-03,12.580865051490148,18.270999943338268,60,25.342011978541137,9,"sin_year, cos_year, year_fraction, flux_lag1, flux_lag12, atm_temp_f_lag1, precip_in_lag2, wte_m_lag1, wte_m_lag2",5.690134891848119,0.22453366751883616
2015-02,ordinary least squares,3,2015-05,39.09875646827349,19.80782415097063,60,25.342011978541137,5,"sin_year, cos_year, year_fraction, wte_m_lag3, wte_m_lag4",-19.29093231730286,0.7612233919563234
2015-02,ridge,3,2015-05,31.966348778788234,19.80782415097063,60,25.342011978541137,5,"sin_year, cos_year, year_fraction, wte_m_lag3, wte_m_lag4",-12.158524627817602,0.4797774003939813
2015-02,random forest,3,2015-05,40.82382693044566,19.80782415097063,60,25.342011978541137,5,"sin_year, cos_year, year_fraction, wte_m_lag3, wte_m_lag4",-21.01600277947503,0.8292949587929623
2015-02,gradient boosting,3,2015-05,29.343366577110597,19.80782415097063,60,25.342011978541137,5,"sin_year, cos_year, year_fraction, wte_m_lag3, wte_m_lag4",-9.535542426139965,0.3762740872435219
2015-02,ordinary least squares,6,2015-08,87.07995529395056,51.52255735937947,60,25.342011978541137,6,"sin_year, cos_year, year_fraction, soil_temp_f_lag6, atm_temp_f_lag6, atm_temp_f_lag7",-35.55739793457109,1.403100825801836
2015-02,ridge,6,2015-08,93.72635309463726,51.52255735937947,60,25.342011978541137,6,"sin_year, cos_year, year_fraction, soil_temp_f_lag6, atm_temp_f_lag6, atm_temp_f_lag7",-42.20379573525779,1.6653687864639442
2015-02,random forest,6,2015-08,91.50451693760878,51.52255735937947,60,25.342011978541137,6,"sin_year, cos_year, year_fraction, soil_temp_f_lag6, atm_temp_f_lag6, atm_temp_f_lag7",-39.981959578229315,1.577694762834334
2015-02,gradient boosting,6,2015-08,105.20883575274699,51.52255735937947,60,25.342011978541137,6,"sin_year, cos_year, year_fraction, soil_temp_f_lag6, atm_temp_f_lag6, atm_temp_f_lag7",-53.68627839336752,2.1184694584955395
2015-02,ordinary least squares,12,2016-02,3.629987575034786,10.15844576393427,60,25.342011978541137,6,"sin_year, cos_year, year_fraction, flux_lag12, precip_in_lag12, precip_in_lag13",6.528458188899483,0.2576140440004364
2015-02,ridge,12,2016-02,6.803151444450075,10.15844576393427,60,25.342011978541137,6,"sin_year, cos_year, year_fraction, flux_lag12, precip_in_lag12, precip_in_lag13",3.3552943194841944,0.13240047089889145
2015-02,random forest,12,2016-02,6.868633118270409,10.15844576393427,60,25.342011978541137,6,"sin_year, cos_year, year_fraction, flux_lag12, precip_in_lag12, precip_in_lag13",3.2898126456638606,0.1298165531785549
2015-02,gradient boosting,12,2016-02,15.349343485772524,10.15844576393427,60,25.342011978541137,6,"sin_year, cos_year, year_fraction, flux_lag12, precip_in_lag12, precip_in_lag13",-5.190897721838255,0.20483368590598697
2015-03,ordinary least squares,3,2015-06,51.55708704112114,26.853943253830167,61,25.072589362368227,5,"sin_year, cos_year, year_fraction, wte_m_lag3, wte_m_lag4",-24.703143787290976,0.9852649612795176
2015-03,ridge,3,2015-06,54.470972058676146,26.853943253830167,61,25.072589362368227,5,"sin_year, cos_year, year_fraction, wte_m_lag3, wte_m_lag4",-27.61702880484598,1.101482914496926
2015-03,random forest,3,2015-06,68.19064064032966,26.853943253830167,61,25.072589362368227,5,"sin_year, cos_year, year_fraction, wte_m_lag3, wte_m_lag4",-41.336697386499495,1.6486808278582616
2015-03,gradient boosting,3,2015-06,50.45382069620504,26.853943253830167,61,25.072589362368227,5,"sin_year, cos_year, year_fraction, wte_m_lag3, wte_m_lag4",-23.599877442374876,0.9412620731465509
2015-03,ordinary least squares,6,2015-09,62.36692409227204,46.95690568596313,61,25.072589362368227,6,"sin_year, cos_year, year_fraction, soil_temp_f_lag6, atm_temp_f_lag6, atm_temp_f_lag7",-15.410018406308915,0.6146161524680019
2015-03,ridge,6,2015-09,72.52585653540363,46.95690568596313,61,25.072589362368227,6,"sin_year, cos_year, year_fraction, soil_temp_f_lag6, atm_temp_f_lag6, atm_temp_f_lag7",-25.568950849440505,1.019796977483996
2015-03,random forest,6,2015-09,78.61265874129809,46.95690568596313,61,25.072589362368227,6,"sin_year, cos_year, year_fraction, soil_temp_f_lag6, atm_temp_f_lag6, atm_temp_f_lag7",-31.655753055334962,1.2625641730824775
2015-03,gradient boosting,6,2015-09,78.83014788782792,46.95690568596313,61,25.072589362368227,6,"sin_year, cos_year, year_fraction, soil_temp_f_lag6, atm_temp_f_lag6, atm_temp_f_lag7",-31.87324220186479,1.2712385522375982
2015-03,ordinary least squares,12,2016-03,6.174080063980094,10.941891091547808,61,25.072589362368227,4,"sin_year, cos_year, year_fraction, precip_in_lag13",4.7678110275677135,0.19016029651583505
2015-03,ridge,12,2016-03,8.84374060696937,10.941891091547808,61,25.072589362368227,4,"sin_year, cos_year, year_fraction, precip_in_lag13",2.0981504845784382,0.08368303944416604
2015-03,random forest,12,2016-03,10.11817530532216,10.941891091547808,61,25.072589362368227,4,"sin_year, cos_year, year_fraction, precip_in_lag13",0.8237157862256481,0.03285323962039492
2015-03,gradient boosting,12,2016-03,16.810529729102328,10.941891091547808,61,25.072589362368227,4,"sin_year, cos_year, year_fraction, precip_in_lag13",-5.86863863755452,0.23406591767353857
2015-04,ordinary least squares,1,2015-05,19.099308347352054,19.80782415097063,62,24.87213185536911,8,"sin_year, cos_year, year_fraction, flux_lag1, soil_temp_f_lag1, atm_temp_f_lag1, wte_m_lag1, wte_m_lag2",0.7085158036185781,0.028486331921147
2015-04,ridge,1,2015-05,23.96785047553549,19.80782415097063,62,24.87213185536911,8,"sin_year, cos_year, year_fraction, flux_lag1, soil_temp_f_lag1, atm_temp_f_lag1, wte_m_lag1, wte_m_lag2",-4.160026324564857,0.16725652423987286
2015-04,random forest,1,2015-05,32.3908566799486,19.80782415097063,62,24.87213185536911,8,"sin_year, cos_year, year_fraction, flux_lag1, soil_temp_f_lag1, atm_temp_f_lag1, wte_m_lag1, wte_m_lag2",-12.583032528977967,0.5059088863852934
2015-04,gradient boosting,1,2015-05,26.784578294313818,19.80782415097063,62,24.87213185536911,8,"sin_year, cos_year, year_fraction, flux_lag1, soil_temp_f_lag1, atm_temp_f_lag1, wte_m_lag1, wte_m_lag2",-6.976754143343186,0.2805048712314994
2015-04,ordinary least squares,3,2015-07,105.70860043967113,40.27710009521364,62,24.87213185536911,5,"sin_year, cos_year, year_fraction, wte_m_lag3, wte_m_lag4",-65.43150034445749,2.630715401676873
2015-04,ridge,3,2015-07,104.68171157501055,40.27710009521364,62,24.87213185536911,5,"sin_year, cos_year, year_fraction, wte_m_lag3, wte_m_lag4",-64.40461147979691,2.5894286768142067
2015-04,random forest,3,2015-07,131.33412514748932,40.27710009521364,62,24.87213185536911,5,"sin_year, cos_year, year_fraction, wte_m_lag3, wte_m_lag4",-91.05702505227568,3.661006044104713
2015-04,gradient boosting,3,2015-07,99.75651982066525,40.27710009521364,62,24.87213185536911,5,"sin_year, cos_year, year_fraction, wte_m_lag3, wte_m_lag4",-59.479419725451606,2.3914081861306906
2015-04,ordinary least squares,6,2015-10,35.201211940688154,39.94549525743978,62,24.87213185536911,6,"sin_year, cos_year, year_fraction, soil_temp_f_lag6, atm_temp_f_lag6, atm_temp_f_lag7",4.744283316751627,0.19074695101889652
2015-04,ridge,6,2015-10,43.165395926277995,39.94549525743978,62,24.87213185536911,6,"sin_year, cos_year, year_fraction, soil_temp_f_lag6, atm_temp_f_lag6, atm_temp_f_lag7",-3.219900668838214,0.12945816979267658
2015-04,random forest,6,2015-10,42.359802495370815,39.94549525743978,62,24.87213185536911,6,"sin_year, cos_year, year_fraction, soil_temp_f_lag6, atm_temp_f_lag6, atm_temp_f_lag7",-2.414307237931034,0.09706876965634376
2015-04,gradient boosting,6,2015-10,43.59000061773449,39.94549525743978,62,24.87213185536911,6,"sin_year, cos_year, year_fraction, soil_temp_f_lag6, atm_temp_f_lag6, atm_temp_f_lag7",-3.6445053602947084,0.14652967351119822
2015-04,ordinary least squares,12,2016-04,-2.832057122124281,13.762156850690104,62,24.87213185536911,6,"sin_year, cos_year, year_fraction, flux_lag12, precip_in_lag12, precip_in_lag13",16.594213972814387,0.6671810068115339
2015-04,ridge,12,2016-04,9.280405088688028,13.762156850690104,62,24.87213185536911,6,"sin_year, cos_year, year_fraction, flux_lag12, precip_in_lag12, precip_in_lag13",4.481751762002077,0.18019170162265796
2015-04,random forest,12,2016-04,11.908184947653755,13.762156850690104,62,24.87213185536911,6,"sin_year, cos_year, year_fraction, flux_lag12, precip_in_lag12, precip_in_lag13",1.8539719030363493,0.07454012843841269
2015-04,gradient boosting,12,2016-04,20.11883769253052,13.762156850690104,62,24.87213185536911,6,"sin_year, cos_year, year_fraction, flux_lag12, precip_in_lag12, precip_in_lag13",-6.356680841840415,0.2555744267843373
2015-05,ordinary least squares,1,2015-06,31.054403453814324,26.853943253830167,63,24.637096540377627,10,"sin_year, cos_year, year_fraction, flux_lag1, flux_lag12, soil_temp_f_lag1, atm_temp_f_lag1, precip_in_lag2, wte_m_lag1, wte_m_lag2",-4.200460199984157,0.17049331251757047
2015-05,ridge,1,2015-06,33.97291746820158,26.853943253830167,63,24.637096540377627,10,"sin_year, cos_year, year_fraction, flux_lag1, flux_lag12, soil_temp_f_lag1, atm_temp_f_lag1, precip_in_lag2, wte_m_lag1, wte_m_lag2",-7.118974214371413,0.28895345694262947
2015-05,random forest,1,2015-06,41.784329436934485,26.853943253830167,63,24.637096540377627,10,"sin_year, cos_year, year_fraction, flux_lag1, flux_lag12, soil_temp_f_lag1, atm_temp_f_lag1, precip_in_lag2, wte_m_lag1, wte_m_lag2",-14.930386183104318,0.6060124072913776
2015-05,gradient boosting,1,2015-06,49.360372807025854,26.853943253830167,63,24.637096540377627,10,"sin_year, cos_year, year_fraction, flux_lag1, flux_lag12, soil_temp_f_lag1, atm_temp_f_lag1, precip_in_lag2, wte_m_lag1, wte_m_lag2",-22.506429553195687,0.9135179348877414
2015-05,ordinary least squares,3,2015-08,112.63055520056459,51.52255735937947,63,24.637096540377627,3,"sin_year, cos_year, year_fraction",-61.10799784118512,2.480324649498998
2015-05,ridge,3,2015-08,111.86931715279377,51.52255735937947,63,24.637096540377627,3,"sin_year, cos_year, year_fraction",-60.3467597934143,2.4494266073322506
2015-05,random forest,3,2015-08,112.41842692650154,51.52255735937947,63,24.637096540377627,3,"sin_year, cos_year, year_fraction",-60.89586956712207,2.4717145328923036
2015-05,gradient boosting,3,2015-08,109.65250644313069,51.52255735937947,63,24.637096540377627,3,"sin_year, cos_year, year_fraction",-58.12994908375122,2.359448037575463
2015-05,ordinary least squares,12,2016-05,11.758273248528967,25.077205412742018,63,24.637096540377627,5,"sin_year, cos_year, year_fraction, flux_lag12, precip_in_lag13",13.31893216421305,0.5406047803719368
2015-05,ridge,12,2016-05,20.737894072342492,25.077205412742018,63,24.637096540377627,5,"sin_year, cos_year, year_fraction, flux_lag12, precip_in_lag13",4.339311340399526,0.17612916900690176
2015-05,random forest,12,2016-05,25.458883320873866,25.077205412742018,63,24.637096540377627,5,"sin_year, cos_year, year_fraction, flux_lag12, precip_in_lag13",-0.38167790813184865,0.01549200034615761
2015-05,gradient boosting,12,2016-05,28.41620336081502,25.077205412742018,63,24.637096540377627,5,"sin_year, cos_year, year_fraction, flux_lag12, precip_in_lag13",-3.338997948073004,0.1355272502423626
2015-06,ordinary least squares,1,2015-07,90.14469410802266,40.27710009521364,64,24.21330924267132,10,"sin_year, cos_year, year_fraction, flux_lag1, flux_lag12, soil_temp_f_lag1, atm_temp_f_lag1, precip_in_lag2, wte_m_lag1, wte_m_lag2",-49.86759401280902,2.059511713703592
2015-06,ridge,1,2015-07,73.64647205896526,40.27710009521364,64,24.21330924267132,10,"sin_year, cos_year, year_fraction, flux_lag1, flux_lag12, soil_temp_f_lag1, atm_temp_f_lag1, precip_in_lag2, wte_m_lag1, wte_m_lag2",-33.36937196375162,1.3781417330987742
2015-06,random forest,1,2015-07,109.10853827734574,40.27710009521364,64,24.21330924267132,10,"sin_year, cos_year, year_fraction, flux_lag1, flux_lag12, soil_temp_f_lag1, atm_temp_f_lag1, precip_in_lag2, wte_m_lag1, wte_m_lag2",-68.8314381821321,2.8427109030115503
2015-06,gradient boosting,1,2015-07,99.73488468848417,40.27710009521364,64,24.21330924267132,10,"sin_year, cos_year, year_fraction, flux_lag1, flux_lag12, soil_temp_f_lag1, atm_temp_f_lag1, precip_in_lag2, wte_m_lag1, wte_m_lag2",-59.45778459327053,2.455582753987529
2015-06,ordinary least squares,3,2015-09,85.51203657985067,46.95690568596313,64,24.21330924267132,3,"sin_year, cos_year, year_fraction",-38.555130893887544,1.5923115055228185
2015-06,ridge,3,2015-09,84.72443989774408,46.95690568596313,64,24.21330924267132,3,"sin_year, cos_year, year_fraction",-37.76753421178095,1.5597840771480713
2015-06,random forest,3,2015-09,87.32354783089798,46.95690568596313,64,24.21330924267132,3,"sin_year, cos_year, year_fraction",-40.36664214493485,1.6671261966041544
2015-06,gradient boosting,3,2015-09,83.7954703570146,46.95690568596313,64,24.21330924267132,3,"sin_year, cos_year, year_fraction",-36.838564671051465,1.5214180061819287
2015-06,ordinary least squares,6,2015-12,6.367346763337128,17.42685557334822,64,24.21330924267132,6,"sin_year, cos_year, year_fraction, soil_temp_f_lag6, atm_temp_f_lag6, atm_temp_f_lag7",11.059508810011092,0.4567532962624054
2015-06,ridge,6,2015-12,15.495427171472405,17.42685557334822,64,24.21330924267132,6,"sin_year, cos_year, year_fraction, soil_temp_f_lag6, atm_temp_f_lag6, atm_temp_f_lag7",1.9314284018758148,0.07976722151105402
2015-06,random forest,6,2015-12,15.181315605574339,17.42685557334822,64,24.21330924267132,6,"sin_year, cos_year, year_fraction, soil_temp_f_lag6, atm_temp_f_lag6, atm_temp_f_lag7",2.2455399677738814,0.09273990371446408
2015-06,gradient boosting,6,2015-12,16.401996850101206,17.42685557334822,64,24.21330924267132,6,"sin_year, cos_year, year_fraction, soil_temp_f_lag6, atm_temp_f_lag6, atm_temp_f_lag7",1.0248587232470143,0.04232625590230753
2015-06,ordinary least squares,12,2016-06,58.78294648598164,37.77888036018321,64,24.21330924267132,6,"sin_year, cos_year, year_fraction, flux_lag12, precip_in_lag12, precip_in_lag13",-21.00406612579843,0.8674595411676644
2015-06,ridge,12,2016-06,50.16979267029708,37.77888036018321,64,24.21330924267132,6,"sin_year, cos_year, year_fraction, flux_lag12, precip_in_lag12, precip_in_lag13",-12.390912310113869,0.511739729003141
2015-06,random forest,12,2016-06,70.532382909048,37.77888036018321,64,24.21330924267132,6,"sin_year, cos_year, year_fraction, flux_lag12, precip_in_lag12, precip_in_lag13",-32.75350254886479,1.352706572265761
2015-06,gradient boosting,12,2016-06,48.01256945148294,37.77888036018321,64,24.21330924267132,6,"sin_year, cos_year, year_fraction, flux_lag12, precip_in_lag12, precip_in_lag13",-10.23368909129973,0.42264727174362493
2015-07,ordinary least squares,1,2015-08,83.72077529440931,51.52255735937947,65,24.007668669824074,9,"sin_year, cos_year, year_fraction, flux_lag1, flux_lag12, atm_temp_f_lag1, precip_in_lag2, wte_m_lag1, wte_m_lag2",-32.19821793502984,1.3411638746706256
2015-07,ridge,1,2015-08,62.5691553367612,51.52255735937947,65,24.007668669824074,9,"sin_year, cos_year, year_fraction, flux_lag1, flux_lag12, atm_temp_f_lag1, precip_in_lag2, wte_m_lag1, wte_m_lag2",-11.04659797738173,0.46012789202087395
2015-07,random forest,1,2015-08,92.48238222076657,51.52255735937947,65,24.007668669824074,9,"sin_year, cos_year, year_fraction, flux_lag1, flux_lag12, atm_temp_f_lag1, precip_in_lag2, wte_m_lag1, wte_m_lag2",-40.9598248613871,1.7061142181152589
2015-07,gradient boosting,1,2015-08,109.31137359096945,51.52255735937947,65,24.007668669824074,9,"sin_year, cos_year, year_fraction, flux_lag1, flux_lag12, atm_temp_f_lag1, precip_in_lag2, wte_m_lag1, wte_m_lag2",-57.78881623158998,2.40709820792497
2015-07,ordinary least squares,3,2015-10,47.65481417290407,39.94549525743978,65,24.007668669824074,3,"sin_year, cos_year, year_fraction",-7.709318915464287,0.32111901499017065
2015-07,ridge,3,2015-10,47.36656980705082,39.94549525743978,65,24.007668669824074,3,"sin_year, cos_year, year_fraction",-7.421074549611042,0.3091126694421105
2015-07,random forest,3,2015-10,45.17652809554383,39.94549525743978,65,24.007668669824074,3,"sin_year, cos_year, year_fraction",-5.231032838104049,0.21789007962606066
2015-07,gradient boosting,3,2015-10,47.183678626372505,39.94549525743978,65,24.007668669824074,3,"sin_year, cos_year, year_fraction",-7.238183368932724,0.3014946377542524
2015-07,ordinary least squares,6,2016-01,10.45809385732699,12.545716331639492,65,24.007668669824074,5,"sin_year, cos_year, year_fraction, soil_temp_f_lag6, atm_temp_f_lag6",2.087622474312502,0.08695648473924893
2015-07,ridge,6,2016-01,13.514461960344256,12.545716331639492,65,24.007668669824074,5,"sin_year, cos_year, year_fraction, soil_temp_f_lag6, atm_temp_f_lag6",-0.9687456287047649,0.04035150776311775
2015-07,random forest,6,2016-01,13.053347222304055,12.545716331639492,65,24.007668669824074,5,"sin_year, cos_year, year_fraction, soil_temp_f_lag6, atm_temp_f_lag6",-0.5076308906645632,0.02114453084328921
2015-07,gradient boosting,6,2016-01,14.685820409194857,12.545716331639492,65,24.007668669824074,5,"sin_year, cos_year, year_fraction, soil_temp_f_lag6, atm_temp_f_lag6",-2.1401040775553657,0.08914251970851812
2015-07,ordinary least squares,12,2016-07,88.36073685708072,59.479007540889526,65,24.007668669824074,5,"sin_year, cos_year, year_fraction, atm_temp_f_lag12, precip_in_lag13",-28.881729316191198,1.2030209893930046
2015-07,ridge,12,2016-07,89.89699157400585,59.479007540889526,65,24.007668669824074,5,"sin_year, cos_year, year_fraction, atm_temp_f_lag12, precip_in_lag13",-30.417984033116326,1.267011155954079
2015-07,random forest,12,2016-07,106.00746029711584,59.479007540889526,65,24.007668669824074,5,"sin_year, cos_year, year_fraction, atm_temp_f_lag12, precip_in_lag13",-46.528452756226315,1.9380662652475398
2015-07,gradient boosting,12,2016-07,91.88353476783125,59.479007540889526,65,24.007668669824074,5,"sin_year, cos_year, year_fraction, atm_temp_f_lag12, precip_in_lag13",-32.404527226941724,1.3497573493119681
2015-08,ordinary least squares,1,2015-09,53.565765951534885,46.95690568596313,66,24.77143701068218,8,"sin_year, cos_year, year_fraction, flux_lag1, flux_lag2, soil_temp_f_lag1, atm_temp_f_lag1, wte_m_lag1",-6.6088602655717565,0.26679357611436993
2015-08,ridge,1,2015-09,50.218433729138596,46.95690568596313,66,24.77143701068218,8,"sin_year, cos_year, year_fraction, flux_lag1, flux_lag2, soil_temp_f_lag1, atm_temp_f_lag1, wte_m_lag1",-3.261528043175467,0.13166487038152042
2015-08,random forest,1,2015-09,44.35138123856766,46.95690568596313,66,24.77143701068218,8,"sin_year, cos_year, year_fraction, flux_lag1, flux_lag2, soil_temp_f_lag1, atm_temp_f_lag1, wte_m_lag1",2.6055244473954673,0.10518261198459693
2015-08,gradient boosting,1,2015-09,81.53587147700523,46.95690568596313,66,24.77143701068218,8,"sin_year, cos_year, year_fraction, flux_lag1, flux_lag2, soil_temp_f_lag1, atm_temp_f_lag1, wte_m_lag1",-34.5789657910421,1.395920865476259
2015-08,ordinary least squares,6,2016-02,8.134510223438554,10.15844576393427,66,24.77143701068218,5,"sin_year, cos_year, year_fraction, soil_temp_f_lag6, atm_temp_f_lag6",2.0239355404957156,0.0817044057485617
2015-08,ridge,6,2016-02,13.111638827059412,10.15844576393427,66,24.77143701068218,5,"sin_year, cos_year, year_fraction, soil_temp_f_lag6, atm_temp_f_lag6",-2.953193063125143,0.11921767242859743
2015-08,random forest,6,2016-02,13.036757605118368,10.15844576393427,66,24.77143701068218,5,"sin_year, cos_year, year_fraction, soil_temp_f_lag6, atm_temp_f_lag6",-2.8783118411840984,0.11619478675956041
2015-08,gradient boosting,6,2016-02,11.670364486925696,10.15844576393427,66,24.77143701068218,5,"sin_year, cos_year, year_fraction, soil_temp_f_lag6, atm_temp_f_lag6",-1.5119187229914264,0.0610347604113335
2015-08,ordinary least squares,12,2016-08,107.32914122003831,82.24805659922927,66,24.77143701068218,7,"sin_year, cos_year, year_fraction, soil_temp_f_lag12, atm_temp_f_lag12, atm_temp_f_lag13, precip_in_lag12",-25.081084620809037,1.012500187615007
2015-08,ridge,12,2016-08,100.02446604549847,82.24805659922927,66,24.77143701068218,7,"sin_year, cos_year, year_fraction, soil_temp_f_lag12, atm_temp_f_lag12, atm_temp_f_lag13, precip_in_lag12",-17.7764094462692,0.7176172072134323
2015-08,random forest,12,2016-08,107.20982610470176,82.24805659922927,66,24.77143701068218,7,"sin_year, cos_year, year_fraction, soil_temp_f_lag12, atm_temp_f_lag12, atm_temp_f_lag13, precip_in_lag12",-24.96176950547249,1.0076835467683296
2015-08,gradient boosting,12,2016-08,97.71348834196938,82.24805659922927,66,24.77143701068218,7,"sin_year, cos_year, year_fraction, soil_temp_f_lag12, atm_temp_f_lag12, atm_temp_f_lag13, precip_in_lag12",-15.465431742740108,0.6243251748403192
2015-09,ordinary least squares,1,2015-10,35.60720208948473,39.94549525743978,67,25.31999747524793,10,"sin_year, cos_year, year_fraction, flux_lag1, flux_lag2, flux_lag3, soil_temp_f_lag1, atm_temp_f_lag1, precip_in_lag2, wte_m_lag1",4.338293167955051,0.1713386098160569
2015-09,ridge,1,2015-10,30.192456315175463,39.94549525743978,67,25.31999747524793,10,"sin_year, cos_year, year_fraction, flux_lag1, flux_lag2, flux_lag3, soil_temp_f_lag1, atm_temp_f_lag1, precip_in_lag2, wte_m_lag1",9.753038942264318,0.38519114987268843
2015-09,random forest,1,2015-10,17.925112005102367,39.94549525743978,67,25.31999747524793,10,"sin_year, cos_year, year_fraction, flux_lag1, flux_lag2, flux_lag3, soil_temp_f_lag1, atm_temp_f_lag1, precip_in_lag2, wte_m_lag1",22.020383252337414,0.869683469513134
2015-09,gradient boosting,1,2015-10,46.934217324756176,39.94549525743978,67,25.31999747524793,10,"sin_year, cos_year, year_fraction, flux_lag1, flux_lag2, flux_lag3, soil_temp_f_lag1, atm_temp_f_lag1, precip_in_lag2, wte_m_lag1",-6.988722067316395,0.27601590695845685
2015-09,ordinary least squares,3,2015-12,14.447693638383047,17.42685557334822,67,25.31999747524793,3,"sin_year, cos_year, year_fraction",2.9791619349651732,0.11766043570413119
2015-09,ridge,3,2015-12,15.374450148279326,17.42685557334822,67,25.31999747524793,3,"sin_year, cos_year, year_fraction",2.052405425068894,0.08105867415963465
2015-09,random forest,3,2015-12,14.952963603923846,17.42685557334822,67,25.31999747524793,3,"sin_year, cos_year, year_fraction",2.4738919694243737,0.0977050638272289
2015-09,gradient boosting,3,2015-12,19.651818472612838,17.42685557334822,67,25.31999747524793,3,"sin_year, cos_year, year_fraction",-2.224962899264618,0.08787374096066458
2015-09,ordinary least squares,6,2016-03,24.087834605073233,10.941891091547808,67,25.31999747524793,5,"sin_year, cos_year, year_fraction, soil_temp_f_lag6, atm_temp_f_lag6",-13.145943513525426,0.5191921336633822
2015-09,ridge,6,2016-03,18.665821433576873,10.941891091547808,67,25.31999747524793,5,"sin_year, cos_year, year_fraction, soil_temp_f_lag6, atm_temp_f_lag6",-7.723930342029066,0.30505257157232135
2015-09,random forest,6,2016-03,14.658388612655363,10.941891091547808,67,25.31999747524793,5,"sin_year, cos_year, year_fraction, soil_temp_f_lag6, atm_temp_f_lag6",-3.7164975211075557,0.1467811173654615
2015-09,gradient boosting,6,2016-03,12.30157921258389,10.941891091547808,67,25.31999747524793,5,"sin_year, cos_year, year_fraction, soil_temp_f_lag6, atm_temp_f_lag6",-1.3596881210360827,0.053700168112784094
2015-09,ordinary least squares,12,2016-09,114.99321315097747,70.99065504807947,67,25.31999747524793,8,"sin_year, cos_year, year_fraction, soil_temp_f_lag12, atm_temp_f_lag12, atm_temp_f_lag13, precip_in_lag12, precip_in_lag13",-44.00255810289799,1.737857918268498
2015-09,ridge,12,2016-09,85.6040405182531,70.99065504807947,67,25.31999747524793,8,"sin_year, cos_year, year_fraction, soil_temp_f_lag12, atm_temp_f_lag12, atm_temp_f_lag13, precip_in_lag12, precip_in_lag13",-14.613385470173625,0.5771479829118953
2015-09,random forest,12,2016-09,77.32669272641067,70.99065504807947,67,25.31999747524793,8,"sin_year, cos_year, year_fraction, soil_temp_f_lag12, atm_temp_f_lag12, atm_temp_f_lag13, precip_in_lag12, precip_in_lag13",-6.336037678331195,0.25023847986261116
2015-09,gradient boosting,12,2016-09,76.21711896430806,70.99065504807947,67,25.31999747524793,8,"sin_year, cos_year, year_fraction, soil_temp_f_lag12, atm_temp_f_lag12, atm_temp_f_lag13, precip_in_lag12, precip_in_lag13",-5.226463916228582,0.20641644697389153
2015-10,ordinary least squares,3,2016-01,14.534807133056262,12.545716331639492,68,25.461081079318785,3,"sin_year, cos_year, year_fraction",-1.9890908014167703,0.07812279436290098
2015-10,ridge,3,2016-01,13.660595548593088,12.545716331639492,68,25.461081079318785,3,"sin_year, cos_year, year_fraction",-1.1148792169535966,0.04378758362539355
2015-10,random forest,3,2016-01,14.320129198231484,12.545716331639492,68,25.461081079318785,3,"sin_year, cos_year, year_fraction",-1.7744128665919927,0.06969118322447396
2015-10,gradient boosting,3,2016-01,17.041317384010686,12.545716331639492,68,25.461081079318785,3,"sin_year, cos_year, year_fraction",-4.495601052371194,0.17656756358326145
2015-10,ordinary least squares,6,2016-04,25.38458059634508,13.762156850690104,68,25.461081079318785,6,"sin_year, cos_year, year_fraction, soil_temp_f_lag6, atm_temp_f_lag6, atm_temp_f_lag7",-11.622423745654977,0.4564780147962962
2015-10,ridge,6,2016-04,21.19574783072111,13.762156850690104,68,25.461081079318785,6,"sin_year, cos_year, year_fraction, soil_temp_f_lag6, atm_temp_f_lag6, atm_temp_f_lag7",-7.433590980031006,0.29195896894060297
2015-10,random forest,6,2016-04,14.764193951037994,13.762156850690104,68,25.461081079318785,6,"sin_year, cos_year, year_fraction, soil_temp_f_lag6, atm_temp_f_lag6, atm_temp_f_lag7",-1.0020371003478896,0.039355638404600664
2015-10,gradient boosting,6,2016-04,16.571164188131338,13.762156850690104,68,25.461081079318785,6,"sin_year, cos_year, year_fraction, soil_temp_f_lag6, atm_temp_f_lag6, atm_temp_f_lag7",-2.8090073374412334,0.11032553286682314
2015-10,ordinary least squares,12,2016-10,53.38640420950943,45.825641242881055,68,25.461081079318785,8,"sin_year, cos_year, year_fraction, soil_temp_f_lag12, atm_temp_f_lag12, atm_temp_f_lag13, precip_in_lag12, precip_in_lag13",-7.560762966628374,0.2969537288332088
2015-10,ridge,12,2016-10,43.9428995456848,45.825641242881055,68,25.461081079318785,8,"sin_year, cos_year, year_fraction, soil_temp_f_lag12, atm_temp_f_lag12, atm_temp_f_lag13, precip_in_lag12, precip_in_lag13",1.882741697196252,0.073945866294167
2015-10,random forest,12,2016-10,49.244970803933,45.825641242881055,68,25.461081079318785,8,"sin_year, cos_year, year_fraction, soil_temp_f_lag12, atm_temp_f_lag12, atm_temp_f_lag13, precip_in_lag12, precip_in_lag13",-3.4193295610519456,0.13429632270521918
2015-10,gradient boosting,12,2016-10,45.70038211447634,45.825641242881055,68,25.461081079318785,8,"sin_year, cos_year, year_fraction, soil_temp_f_lag12, atm_temp_f_lag12, atm_temp_f_lag13, precip_in_lag12, precip_in_lag13",0.1252591284047142,0.0049196311819790775
2015-11,ordinary least squares,1,2015-12,25.282186416623436,17.42685557334822,69,25.477778753102736,10,"sin_year, cos_year, year_fraction, flux_lag1, flux_lag2, flux_lag3, flux_lag12, soil_temp_f_lag1, atm_temp_f_lag1, wte_m_lag1",-7.855330843275215,0.3083208673487117
2015-11,ridge,1,2015-12,12.634431753850013,17.42685557334822,69,25.477778753102736,10,"sin_year, cos_year, year_fraction, flux_lag1, flux_lag2, flux_lag3, flux_lag12, soil_temp_f_lag1, atm_temp_f_lag1, wte_m_lag1",4.792423819498207,0.18810210520862522
2015-11,random forest,1,2015-12,12.219054688092431,17.42685557334822,69,25.477778753102736,10,"sin_year, cos_year, year_fraction, flux_lag1, flux_lag2, flux_lag3, flux_lag12, soil_temp_f_lag1, atm_temp_f_lag1, wte_m_lag1",5.207800885255789,0.20440560912797678
2015-11,gradient boosting,1,2015-12,18.76981145254487,17.42685557334822,69,25.477778753102736,10,"sin_year, cos_year, year_fraction, flux_lag1, flux_lag2, flux_lag3, flux_lag12, soil_temp_f_lag1, atm_temp_f_lag1, wte_m_lag1",-1.3429558791966514,0.05271086982153432
2015-11,ordinary least squares,3,2016-02,11.462894875471338,10.15844576393427,69,25.477778753102736,3,"sin_year, cos_year, year_fraction",-1.3044491115370693,0.05119948344704935
2015-11,ridge,3,2016-02,11.180106448259066,10.15844576393427,69,25.477778753102736,3,"sin_year, cos_year, year_fraction",-1.0216606843247966,0.04010006893557692
2015-11,random forest,3,2016-02,12.343398363182366,10.15844576393427,69,25.477778753102736,3,"sin_year, cos_year, year_fraction",-2.1849525992480974,0.08575914801764299
2015-11,gradient boosting,3,2016-02,15.522285888684262,10.15844576393427,69,25.477778753102736,3,"sin_year, cos_year, year_fraction",-5.363840124749993,0.2105301320311047
2015-11,ordinary least squares,6,2016-05,44.40258386313475,25.077205412742018,69,25.477778753102736,6,"sin_year, cos_year, year_fraction, soil_temp_f_lag6, atm_temp_f_lag6, atm_temp_f_lag7",-19.325378450392733,0.7585189681435337
2015-11,ridge,6,2016-05,28.20001436486493,25.077205412742018,69,25.477778753102736,6,"sin_year, cos_year, year_fraction, soil_temp_f_lag6, atm_temp_f_lag6, atm_temp_f_lag7",-3.122808952122913,0.12256990620670222
2015-11,random forest,6,2016-05,24.79695975516546,25.077205412742018,69,25.477778753102736,6,"sin_year, cos_year, year_fraction, soil_temp_f_lag6, atm_temp_f_lag6, atm_temp_f_lag7",0.2802456575765575,0.010999611084322986
2015-11,gradient boosting,6,2016-05,24.8142595066575,25.077205412742018,69,25.477778753102736,6,"sin_year, cos_year, year_fraction, soil_temp_f_lag6, atm_temp_f_lag6, atm_temp_f_lag7",0.26294590608451784,0.01032059775040223
2015-11,ordinary least squares,12,2016-11,68.4708880075581,30.68067779303859,69,25.477778753102736,8,"sin_year, cos_year, year_fraction, soil_temp_f_lag12, atm_temp_f_lag12, atm_temp_f_lag13, precip_in_lag12, precip_in_lag13",-37.79021021451951,1.4832615739673671
2015-11,ridge,12,2016-11,37.59239005776962,30.68067779303859,69,25.477778753102736,8,"sin_year, cos_year, year_fraction, soil_temp_f_lag12, atm_temp_f_lag12, atm_temp_f_lag13, precip_in_lag12, precip_in_lag13",-6.91171226473103,0.27128394243902865
2015-11,random forest,12,2016-11,29.46921299174263,30.68067779303859,69,25.477778753102736,8,"sin_year, cos_year, year_fraction, soil_temp_f_lag12, atm_temp_f_lag12, atm_temp_f_lag13, precip_in_lag12, precip_in_lag13",1.2114648012959606,0.0475498595476431
2015-11,gradient boosting,12,2016-11,27.855069830896213,30.68067779303859,69,25.477778753102736,8,"sin_year, cos_year, year_fraction, soil_temp_f_lag12, atm_temp_f_lag12, atm_temp_f_lag13, precip_in_lag12, precip_in_lag13",2.825607962142378,0.11090480019959627
2015-12,ordinary least squares,1,2016-01,14.153336635839342,12.545716331639492,70,25.06336422697163,8,"sin_year, cos_year, year_fraction, flux_lag1, flux_lag2, soil_temp_f_lag1, atm_temp_f_lag1, wte_m_lag1",-1.60762030419985,0.06414223923178794
2015-12,ridge,1,2016-01,14.088408345674825,12.545716331639492,70,25.06336422697163,8,"sin_year, cos_year, year_fraction, flux_lag1, flux_lag2, soil_temp_f_lag1, atm_temp_f_lag1, wte_m_lag1",-1.5426920140353335,0.0615516735927727
2015-12,random forest,1,2016-01,15.003984565062002,12.545716331639492,70,25.06336422697163,8,"sin_year, cos_year, year_fraction, flux_lag1, flux_lag2, soil_temp_f_lag1, atm_temp_f_lag1, wte_m_lag1",-2.45826823342251,0.0980821333944098
2015-12,gradient boosting,1,2016-01,15.75267038322649,12.545716331639492,70,25.06336422697163,8,"sin_year, cos_year, year_fraction, flux_lag1, flux_lag2, soil_temp_f_lag1, atm_temp_f_lag1, wte_m_lag1",-3.206954051586999,0.1279538541811508
2015-12,ordinary least squares,3,2016-03,11.864911598700022,10.941891091547808,70,25.06336422697163,3,"sin_year, cos_year, year_fraction",-0.9230205071522146,0.0368274784978354
2015-12,ridge,3,2016-03,11.972944880326516,10.941891091547808,70,25.06336422697163,3,"sin_year, cos_year, year_fraction",-1.0310537887787081,0.04113788474051509
2015-12,random forest,3,2016-03,11.967359175972641,10.941891091547808,70,25.06336422697163,3,"sin_year, cos_year, year_fraction",-1.0254680844248334,0.04091502142881875
2015-12,gradient boosting,3,2016-03,16.97698671682101,10.941891091547808,70,25.06336422697163,3,"sin_year, cos_year, year_fraction",-6.035095625273202,0.24079351720782197
2015-12,ordinary least squares,6,2016-06,57.27818449807746,37.77888036018321,70,25.06336422697163,6,"sin_year, cos_year, year_fraction, soil_temp_f_lag6, atm_temp_f_lag6, atm_temp_f_lag7",-19.49930413789425,0.7780002700878565
2015-12,ridge,6,2016-06,46.51800339847482,37.77888036018321,70,25.06336422697163,6,"sin_year, cos_year, year_fraction, soil_temp_f_lag6, atm_temp_f_lag6, atm_temp_f_lag7",-8.73912303829161,0.3486811650323906
2015-12,random forest,6,2016-06,40.71896881958724,37.77888036018321,70,25.06336422697163,6,"sin_year, cos_year, year_fraction, soil_temp_f_lag6, atm_temp_f_lag6, atm_temp_f_lag7",-2.9400884594040306,0.11730621766411115
2015-12,gradient boosting,6,2016-06,42.48555665310909,37.77888036018321,70,25.06336422697163,6,"sin_year, cos_year, year_fraction, soil_temp_f_lag6, atm_temp_f_lag6, atm_temp_f_lag7",-4.706676292925884,0.1877910822466863
2015-12,ordinary least squares,12,2016-12,43.93423875780248,20.010404444074908,70,25.06336422697163,8,"sin_year, cos_year, year_fraction, soil_temp_f_lag12, atm_temp_f_lag12, atm_temp_f_lag13, precip_in_lag12, precip_in_lag13",-23.923834313727575,0.9545340400863759
2015-12,ridge,12,2016-12,19.876390032035594,20.010404444074908,70,25.06336422697163,8,"sin_year, cos_year, year_fraction, soil_temp_f_lag12, atm_temp_f_lag12, atm_temp_f_lag13, precip_in_lag12, precip_in_lag13",0.1340144120393134,0.005347024079676242
2015-12,random forest,12,2016-12,19.852898127002014,20.010404444074908,70,25.06336422697163,8,"sin_year, cos_year, year_fraction, soil_temp_f_lag12, atm_temp_f_lag12, atm_temp_f_lag13, precip_in_lag12, precip_in_lag13",0.15750631707289386,0.006284324628031994
2015-12,gradient boosting,12,2016-12,18.967595243703517,20.010404444074908,70,25.06336422697163,8,"sin_year, cos_year, year_fraction, soil_temp_f_lag12, atm_temp_f_lag12, atm_temp_f_lag13, precip_in_lag12, precip_in_lag13",1.0428092003713907,0.04160691242116589
2016-01,ordinary least squares,1,2016-02,18.30073669252866,10.15844576393427,71,24.69472346517729,8,"sin_year, cos_year, year_fraction, flux_lag1, flux_lag2, soil_temp_f_lag1, atm_temp_f_lag1, wte_m_lag1",-8.14229092859439,0.3297178419542158
2016-01,ridge,1,2016-02,14.19912402602327,10.15844576393427,71,24.69472346517729,8,"sin_year, cos_year, year_fraction, flux_lag1, flux_lag2, soil_temp_f_lag1, atm_temp_f_lag1, wte_m_lag1",-4.040678262089001,0.16362516744870104
2016-01,random forest,1,2016-02,15.379898065158182,10.15844576393427,71,24.69472346517729,8,"sin_year, cos_year, year_fraction, flux_lag1, flux_lag2, soil_temp_f_lag1, atm_temp_f_lag1, wte_m_lag1",-5.221452301223913,0.21143999885590242
2016-01,gradient boosting,1,2016-02,14.204693030789262,10.15844576393427,71,24.69472346517729,8,"sin_year, cos_year, year_fraction, flux_lag1, flux_lag2, soil_temp_f_lag1, atm_temp_f_lag1, wte_m_lag1",-4.0462472668549925,0.16385068140409498
2016-01,ordinary least squares,3,2016-04,15.173454571085113,13.762156850690104,71,24.69472346517729,3,"sin_year, cos_year, year_fraction",-1.4112977203950088,0.05714976814318729
2016-01,ridge,3,2016-04,15.46183139285353,13.762156850690104,71,24.69472346517729,3,"sin_year, cos_year, year_fraction",-1.6996745421634252,0.06882743775447346
2016-01,random forest,3,2016-04,14.7161984895188,13.762156850690104,71,24.69472346517729,3,"sin_year, cos_year, year_fraction",-0.954041638828695,0.038633420624208055
2016-01,gradient boosting,3,2016-04,17.225990836550583,13.762156850690104,71,24.69472346517729,3,"sin_year, cos_year, year_fraction",-3.4638339858604787,0.1402661581023544
2016-01,ordinary least squares,6,2016-07,92.18292004504946,59.479007540889526,71,24.69472346517729,6,"sin_year, cos_year, year_fraction, soil_temp_f_lag6, atm_temp_f_lag6, atm_temp_f_lag7",-32.70391250415993,1.3243279500690348
2016-01,ridge,6,2016-07,83.14840852853445,59.479007540889526,71,24.69472346517729,6,"sin_year, cos_year, year_fraction, soil_temp_f_lag6, atm_temp_f_lag6, atm_temp_f_lag7",-23.66940098764492,0.958480098836571
2016-01,random forest,6,2016-07,94.40100029655015,59.479007540889526,71,24.69472346517729,6,"sin_year, cos_year, year_fraction, soil_temp_f_lag6, atm_temp_f_lag6, atm_temp_f_lag7",-34.921992755660625,1.4141479577572549
2016-01,gradient boosting,6,2016-07,85.4564844356264,59.479007540889526,71,24.69472346517729,6,"sin_year, cos_year, year_fraction, soil_temp_f_lag6, atm_temp_f_lag6, atm_temp_f_lag7",-25.977476894736867,1.0519444338531843
2016-01,ordinary least squares,12,2017-01,26.329192715458845,12.779323304793628,71,24.69472346517729,8,"sin_year, cos_year, year_fraction, soil_temp_f_lag12, atm_temp_f_lag12, atm_temp_f_lag13, precip_in_lag12, precip_in_lag13",-13.549869410665217,0.5486949238274428
2016-01,ridge,12,2017-01,16.799894396840656,12.779323304793628,71,24.69472346517729,8,"sin_year, cos_year, year_fraction, soil_temp_f_lag12, atm_temp_f_lag12, atm_temp_f_lag13, precip_in_lag12, precip_in_lag13",-4.020571092047028,0.1628109380417459
2016-01,random forest,12,2017-01,11.982929186442393,12.779323304793628,71,24.69472346517729,8,"sin_year, cos_year, year_fraction, soil_temp_f_lag12, atm_temp_f_lag12, atm_temp_f_lag13, precip_in_lag12, precip_in_lag13",0.7963941183512357,0.032249566166402024
2016-01,gradient boosting,12,2017-01,16.201334669260266,12.779323304793628,71,24.69472346517729,8,"sin_year, cos_year, year_fraction, soil_temp_f_lag12, atm_temp_f_lag12, atm_temp_f_lag13, precip_in_lag12, precip_in_lag13",-3.4220113644666377,0.13857257277215962
2016-02,ordinary least squares,1,2016-03,20.912636254805655,10.941891091547808,72,24.352803063358298,8,"sin_year, cos_year, year_fraction, flux_lag1, flux_lag2, soil_temp_f_lag1, atm_temp_f_lag1, wte_m_lag1",-9.970745163257847,0.4094290557566256
2016-02,ridge,1,2016-03,15.044301180478906,10.941891091547808,72,24.352803063358298,8,"sin_year, cos_year, year_fraction, flux_lag1, flux_lag2, soil_temp_f_lag1, atm_temp_f_lag1, wte_m_lag1",-4.102410088931098,0.16845740830153816
2016-02,random forest,1,2016-03,14.30827790209036,10.941891091547808,72,24.352803063358298,8,"sin_year, cos_year, year_fraction, flux_lag1, flux_lag2, soil_temp_f_lag1, atm_temp_f_lag1, wte_m_lag1",-3.3663868105425525,0.13823405879743197
2016-02,gradient boosting,1,2016-03,13.087135101705158,10.941891091547808,72,24.352803063358298,8,"sin_year, cos_year, year_fraction, flux_lag1, flux_lag2, soil_temp_f_lag1, atm_temp_f_lag1, wte_m_lag1",-2.1452440101573504,0.08809022947280867
2016-02,ordinary least squares,3,2016-05,24.27358678842645,25.077205412742018,72,24.352803063358298,4,"sin_year, cos_year, year_fraction, flux_lag12",0.8036186243155683,0.032999019547146444
2016-02,ridge,3,2016-05,24.535442131097366,25.077205412742018,72,24.352803063358298,4,"sin_year, cos_year, year_fraction, flux_lag12",0.541763281644652,0.022246444494917285
2016-02,random forest,3,2016-05,26.67009177820023,25.077205412742018,72,24.352803063358298,4,"sin_year, cos_year, year_fraction, flux_lag12",-1.592886365458213,0.06540874827895689
2016-02,gradient boosting,3,2016-05,25.389291225479067,25.077205412742018,72,24.352803063358298,4,"sin_year, cos_year, year_fraction, flux_lag12",-0.31208581273704894,0.01281519059325944
2016-02,ordinary least squares,6,2016-08,93.90037802196073,82.24805659922927,72,24.352803063358298,6,"sin_year, cos_year, year_fraction, soil_temp_f_lag6, atm_temp_f_lag6, atm_temp_f_lag7",-11.652321422731461,0.47847968024115345
2016-02,ridge,6,2016-08,89.86403425608954,82.24805659922927,72,24.352803063358298,6,"sin_year, cos_year, year_fraction, soil_temp_f_lag6, atm_temp_f_lag6, atm_temp_f_lag7",-7.615977656860267,0.31273515566343224
2016-02,random forest,6,2016-08,104.83704931496781,82.24805659922927,72,24.352803063358298,6,"sin_year, cos_year, year_fraction, soil_temp_f_lag6, atm_temp_f_lag6, atm_temp_f_lag7",-22.58899271573854,0.9275725942910605
2016-02,gradient boosting,6,2016-08,94.54635319238064,82.24805659922927,72,24.352803063358298,6,"sin_year, cos_year, year_fraction, soil_temp_f_lag6, atm_temp_f_lag6, atm_temp_f_lag7",-12.298296593151363,0.5050053811528423
2016-02,ordinary least squares,12,2017-02,22.91164480433435,9.717814057555968,72,24.352803063358298,9,"sin_year, cos_year, year_fraction, flux_lag13, soil_temp_f_lag12, atm_temp_f_lag12, atm_temp_f_lag13, precip_in_lag12, precip_in_lag13",-13.193830746778383,0.5417787312800175
2016-02,ridge,12,2017-02,12.720449964717922,9.717814057555968,72,24.352803063358298,9,"sin_year, cos_year, year_fraction, flux_lag13, soil_temp_f_lag12, atm_temp_f_lag12, atm_temp_f_lag13, precip_in_lag12, precip_in_lag13",-3.002635907161954,0.12329734278842745
2016-02,random forest,12,2017-02,9.178106167339243,9.717814057555968,72,24.352803063358298,9,"sin_year, cos_year, year_fraction, flux_lag13, soil_temp_f_lag12, atm_temp_f_lag12, atm_temp_f_lag13, precip_in_lag12, precip_in_lag13",0.5397078902167252,0.0221620438851567
2016-02,gradient boosting,12,2017-02,13.805834121756208,9.717814057555968,72,24.352803063358298,9,"sin_year, cos_year, year_fraction, flux_lag13, soil_temp_f_lag12, atm_temp_f_lag12, atm_temp_f_lag13, precip_in_lag12, precip_in_lag13",-4.08802006420024,0.16786651021504603
2016-03,ordinary least squares,1,2016-04,15.98599444171746,13.762156850690104,73,24.0737261090703,10,"sin_year, cos_year, year_fraction, flux_lag1, flux_lag2, flux_lag3, flux_lag12, soil_temp_f_lag1, atm_temp_f_lag1, wte_m_lag1",-2.2238375910273565,0.09237612744084005
2016-03,ridge,1,2016-04,11.267880440895036,13.762156850690104,73,24.0737261090703,10,"sin_year, cos_year, year_fraction, flux_lag1, flux_lag2, flux_lag3, flux_lag12, soil_temp_f_lag1, atm_temp_f_lag1, wte_m_lag1",2.4942764097950683,0.10360990228493525
2016-03,random forest,1,2016-04,14.50259570913635,13.762156850690104,73,24.0737261090703,10,"sin_year, cos_year, year_fraction, flux_lag1, flux_lag2, flux_lag3, flux_lag12, soil_temp_f_lag1, atm_temp_f_lag1, wte_m_lag1",-0.7404388584462467,0.030757135604665295
2016-03,gradient boosting,1,2016-04,16.42887773021935,13.762156850690104,73,24.0737261090703,10,"sin_year, cos_year, year_fraction, flux_lag1, flux_lag2, flux_lag3, flux_lag12, soil_temp_f_lag1, atm_temp_f_lag1, wte_m_lag1",-2.6667208795292474,0.1107730837946396
2016-03,ordinary least squares,3,2016-06,44.39612654442873,37.77888036018321,73,24.0737261090703,3,"sin_year, cos_year, year_fraction",-6.6172461842455235,0.2748741991275016
2016-03,ridge,3,2016-06,44.488614057479126,37.77888036018321,73,24.0737261090703,3,"sin_year, cos_year, year_fraction",-6.709733697295917,0.2787160436608888
2016-03,random forest,3,2016-06,47.33133153326173,37.77888036018321,73,24.0737261090703,3,"sin_year, cos_year, year_fraction",-9.552451173078524,0.39679986096873593
2016-03,gradient boosting,3,2016-06,44.45507126962556,37.77888036018321,73,24.0737261090703,3,"sin_year, cos_year, year_fraction",-6.676190909442354,0.2773227077185594
2016-03,ordinary least squares,6,2016-09,75.45793377580002,70.99065504807947,73,24.0737261090703,6,"sin_year, cos_year, year_fraction, soil_temp_f_lag6, atm_temp_f_lag6, atm_temp_f_lag7",-4.46727872772054,0.1855665677793599
2016-03,ridge,6,2016-09,71.65319730224537,70.99065504807947,73,24.0737261090703,6,"sin_year, cos_year, year_fraction, soil_temp_f_lag6, atm_temp_f_lag6, atm_temp_f_lag7",-0.6625422541658992,0.0275213837344553
2016-03,random forest,6,2016-09,77.60830587379382,70.99065504807947,73,24.0737261090703,6,"sin_year, cos_year, year_fraction, soil_temp_f_lag6, atm_temp_f_lag6, atm_temp_f_lag7",-6.61765082571435,0.2748910075545391
2016-03,gradient boosting,6,2016-09,71.88310820510432,70.99065504807947,73,24.0737261090703,6,"sin_year, cos_year, year_fraction, soil_temp_f_lag6, atm_temp_f_lag6, atm_temp_f_lag7",-0.8924531570248462,0.037071666969268835
2016-03,ordinary least squares,12,2017-03,28.463169990349122,12.137530418720104,73,24.0737261090703,8,"sin_year, cos_year, year_fraction, soil_temp_f_lag12, atm_temp_f_lag12, atm_temp_f_lag13, precip_in_lag12, precip_in_lag13",-16.32563957162902,0.6781517533954986
2016-03,ridge,12,2017-03,10.860304857298724,12.137530418720104,73,24.0737261090703,8,"sin_year, cos_year, year_fraction, soil_temp_f_lag12, atm_temp_f_lag12, atm_temp_f_lag13, precip_in_lag12, precip_in_lag13",1.27722556142138,0.05305475170875844
2016-03,random forest,12,2017-03,13.146088985564433,12.137530418720104,73,24.0737261090703,8,"sin_year, cos_year, year_fraction, soil_temp_f_lag12, atm_temp_f_lag12, atm_temp_f_lag13, precip_in_lag12, precip_in_lag13",-1.0085585668443287,0.04189457677946798
2016-03,gradient boosting,12,2017-03,17.57678468132819,12.137530418720104,73,24.0737261090703,8,"sin_year, cos_year, year_fraction, soil_temp_f_lag12, atm_temp_f_lag12, atm_temp_f_lag13, precip_in_lag12, precip_in_lag13",-5.439254262608085,0.22594151972837836
2016-04,ordinary least squares,1,2016-05,29.338535942085695,25.077205412742018,74,23.80165039728807,9,"sin_year, cos_year, year_fraction, flux_lag1, flux_lag2, flux_lag12, soil_temp_f_lag1, atm_temp_f_lag1, wte_m_lag1",-4.261330529343677,0.17903508614802643
2016-04,ridge,1,2016-05,22.7888974323899,25.077205412742018,74,23.80165039728807,9,"sin_year, cos_year, year_fraction, flux_lag1, flux_lag2, flux_lag12, soil_temp_f_lag1, atm_temp_f_lag1, wte_m_lag1",2.288307980352119,0.09614072730909642
2016-04,random forest,1,2016-05,27.25497770461291,25.077205412742018,74,23.80165039728807,9,"sin_year, cos_year, year_fraction, flux_lag1, flux_lag2, flux_lag12, soil_temp_f_lag1, atm_temp_f_lag1, wte_m_lag1",-2.177772291870891,0.09149669268812652
2016-04,gradient boosting,1,2016-05,24.522269686893427,25.077205412742018,74,23.80165039728807,9,"sin_year, cos_year, year_fraction, flux_lag1, flux_lag2, flux_lag12, soil_temp_f_lag1, atm_temp_f_lag1, wte_m_lag1",0.5549357258485905,0.023315010370533767
2016-04,ordinary least squares,3,2016-07,88.47686528441875,59.479007540889526,74,23.80165039728807,3,"sin_year, cos_year, year_fraction",-28.997857743529224,1.2183129009756903
2016-04,ridge,3,2016-07,88.36746526639725,59.479007540889526,74,23.80165039728807,3,"sin_year, cos_year, year_fraction",-28.88845772550772,1.2137165802922318
2016-04,random forest,3,2016-07,84.99813767590983,59.479007540889526,74,23.80165039728807,3,"sin_year, cos_year, year_fraction",-25.519130135020305,1.0721580104347688
2016-04,gradient boosting,3,2016-07,87.34270968400118,59.479007540889526,74,23.80165039728807,3,"sin_year, cos_year, year_fraction",-27.863702143111652,1.1706626086015617
2016-04,ordinary least squares,6,2016-10,40.8551683655128,45.825641242881055,74,23.80165039728807,7,"sin_year, cos_year, year_fraction, flux_lag12, soil_temp_f_lag6, atm_temp_f_lag6, atm_temp_f_lag7",4.970472877368252,0.20882891708780754
2016-04,ridge,6,2016-10,38.832323195793506,45.825641242881055,74,23.80165039728807,7,"sin_year, cos_year, year_fraction, flux_lag12, soil_temp_f_lag6, atm_temp_f_lag6, atm_temp_f_lag7",6.9933180470875485,0.29381651819759347
2016-04,random forest,6,2016-10,39.51276064788669,45.825641242881055,74,23.80165039728807,7,"sin_year, cos_year, year_fraction, flux_lag12, soil_temp_f_lag6, atm_temp_f_lag6, atm_temp_f_lag7",6.312880594994368,0.265228691692474
2016-04,gradient boosting,6,2016-10,42.18299831095209,45.825641242881055,74,23.80165039728807,7,"sin_year, cos_year, year_fraction, flux_lag12, soil_temp_f_lag6, atm_temp_f_lag6, atm_temp_f_lag7",3.642642931928968,0.15304161144825512
2016-04,ordinary least squares,12,2017-04,17.319005997320748,37.58497474692917,74,23.80165039728807,8,"sin_year, cos_year, year_fraction, soil_temp_f_lag12, atm_temp_f_lag12, atm_temp_f_lag13, precip_in_lag12, precip_in_lag13",20.265968749608422,0.8514522485347277
2016-04,ridge,12,2017-04,12.606770603327508,37.58497474692917,74,23.80165039728807,8,"sin_year, cos_year, year_fraction, soil_temp_f_lag12, atm_temp_f_lag12, atm_temp_f_lag13, precip_in_lag12, precip_in_lag13",24.978204143601662,1.0494316035516447
2016-04,random forest,12,2017-04,20.150483048198424,37.58497474692917,74,23.80165039728807,8,"sin_year, cos_year, year_fraction, soil_temp_f_lag12, atm_temp_f_lag12, atm_temp_f_lag13, precip_in_lag12, precip_in_lag13",17.434491698730746,0.7324908738562603
2016-04,gradient boosting,12,2017-04,17.257756952128307,37.58497474692917,74,23.80165039728807,8,"sin_year, cos_year, year_fraction, soil_temp_f_lag12, atm_temp_f_lag12, atm_temp_f_lag13, precip_in_lag12, precip_in_lag13",20.327217794800863,0.8540255593837695
2016-05,ordinary least squares,1,2016-06,56.622363420697475,37.77888036018321,75,23.507487395137012,8,"sin_year, cos_year, year_fraction, flux_lag1, flux_lag2, soil_temp_f_lag1, atm_temp_f_lag1, wte_m_lag1",-18.843483060514266,0.8015949447839505
2016-05,ridge,1,2016-06,47.36945735155161,37.77888036018321,75,23.507487395137012,8,"sin_year, cos_year, year_fraction, flux_lag1, flux_lag2, soil_temp_f_lag1, atm_temp_f_lag1, wte_m_lag1",-9.590576991368401,0.40797967175991773
2016-05,random forest,1,2016-06,41.5496788079178,37.77888036018321,75,23.507487395137012,8,"sin_year, cos_year, year_fraction, flux_lag1, flux_lag2, soil_temp_f_lag1, atm_temp_f_lag1, wte_m_lag1",-3.7707984477345917,0.16040840028333508
2016-05,gradient boosting,1,2016-06,43.72934622658411,37.77888036018321,75,23.507487395137012,8,"sin_year, cos_year, year_fraction, flux_lag1, flux_lag2, soil_temp_f_lag1, atm_temp_f_lag1, wte_m_lag1",-5.950465866400904,0.253130662855609
2016-05,ordinary least squares,3,2016-08,102.17902206439018,82.24805659922927,75,23.507487395137012,4,"sin_year, cos_year, year_fraction, flux_lag12",-19.93096546516091,0.8478560524203035
2016-05,ridge,3,2016-08,101.91925719799835,82.24805659922927,75,23.507487395137012,4,"sin_year, cos_year, year_fraction, flux_lag12",-19.671200598769076,0.8368057490839472
2016-05,random forest,3,2016-08,111.07634029580586,82.24805659922927,75,23.507487395137012,4,"sin_year, cos_year, year_fraction, flux_lag12",-28.82828369657659,1.2263447476117881
2016-05,gradient boosting,3,2016-08,97.29752631860283,82.24805659922927,75,23.507487395137012,4,"sin_year, cos_year, year_fraction, flux_lag12",-15.049469719373562,0.6401989913429388
2016-05,ordinary least squares,6,2016-11,24.140671753460712,30.68067779303859,75,23.507487395137012,7,"sin_year, cos_year, year_fraction, flux_lag12, soil_temp_f_lag6, atm_temp_f_lag6, atm_temp_f_lag7",6.540006039577879,0.278209488306726
2016-05,ridge,6,2016-11,22.909011584180934,30.68067779303859,75,23.507487395137012,7,"sin_year, cos_year, year_fraction, flux_lag12, soil_temp_f_lag6, atm_temp_f_lag6, atm_temp_f_lag7",7.771666208857656,0.33060386583320595
2016-05,random forest,6,2016-11,22.242779057244032,30.68067779303859,75,23.507487395137012,7,"sin_year, cos_year, year_fraction, flux_lag12, soil_temp_f_lag6, atm_temp_f_lag6, atm_temp_f_lag7",8.437898735794558,0.3589451562373316
2016-05,gradient boosting,6,2016-11,24.26222282644371,30.68067779303859,75,23.507487395137012,7,"sin_year, cos_year, year_fraction, flux_lag12, soil_temp_f_lag6, atm_temp_f_lag6, atm_temp_f_lag7",6.418454966594879,0.27303874968460745
2016-05,ordinary least squares,12,2017-05,16.782113227614488,44.37289578478105,75,23.507487395137012,8,"sin_year, cos_year, year_fraction, soil_temp_f_lag12, atm_temp_f_lag12, atm_temp_f_lag13, precip_in_lag12, precip_in_lag13",27.590782557166563,1.173701897331412
2016-05,ridge,12,2017-05,22.286876207337627,44.37289578478105,75,23.507487395137012,8,"sin_year, cos_year, year_fraction, soil_temp_f_lag12, atm_temp_f_lag12, atm_temp_f_lag13, precip_in_lag12, precip_in_lag13",22.086019577443423,0.939531273853298
2016-05,random forest,12,2017-05,23.471044609426972,44.37289578478105,75,23.507487395137012,8,"sin_year, cos_year, year_fraction, soil_temp_f_lag12, atm_temp_f_lag12, atm_temp_f_lag13, precip_in_lag12, precip_in_lag13",20.90185117535408,0.8891571789028392
2016-05,gradient boosting,12,2017-05,25.85349523406316,44.37289578478105,75,23.507487395137012,8,"sin_year, cos_year, year_fraction, soil_temp_f_lag12, atm_temp_f_lag12, atm_temp_f_lag13, precip_in_lag12, precip_in_lag13",18.51940055071789,0.7878085921913115
2016-06,ordinary least squares,1,2016-07,87.9056083715576,59.479007540889526,76,23.310885046874763,8,"sin_year, cos_year, year_fraction, flux_lag1, flux_lag2, soil_temp_f_lag1, atm_temp_f_lag1, wte_m_lag1",-28.42660083066808,1.2194560941597183
2016-06,ridge,1,2016-07,83.55134728105156,59.479007540889526,76,23.310885046874763,8,"sin_year, cos_year, year_fraction, flux_lag1, flux_lag2, soil_temp_f_lag1, atm_temp_f_lag1, wte_m_lag1",-24.072339740162036,1.032665198758267
2016-06,random forest,1,2016-07,71.95165343792401,59.479007540889526,76,23.310885046874763,8,"sin_year, cos_year, year_fraction, flux_lag1, flux_lag2, soil_temp_f_lag1, atm_temp_f_lag1, wte_m_lag1",-12.472645897034482,0.5350567287322564
2016-06,gradient boosting,1,2016-07,87.43547749938453,59.479007540889526,76,23.310885046874763,8,"sin_year, cos_year, year_fraction, flux_lag1, flux_lag2, soil_temp_f_lag1, atm_temp_f_lag1, wte_m_lag1",-27.956469958495006,1.1992882253195731
2016-06,ordinary least squares,3,2016-09,77.87501601509163,70.99065504807947,76,23.310885046874763,4,"sin_year, cos_year, year_fraction, flux_lag12",-6.884360967012157,0.2953281676422289
2016-06,ridge,3,2016-09,77.5992485756413,70.99065504807947,76,23.310885046874763,4,"sin_year, cos_year, year_fraction, flux_lag12",-6.608593527561823,0.28349818182676945
2016-06,random forest,3,2016-09,81.06929061121413,70.99065504807947,76,23.310885046874763,4,"sin_year, cos_year, year_fraction, flux_lag12",-10.078635563134654,0.43235748204617713
2016-06,gradient boosting,3,2016-09,74.48746653718061,70.99065504807947,76,23.310885046874763,4,"sin_year, cos_year, year_fraction, flux_lag12",-3.496811489101134,0.15000766732235005
2016-06,ordinary least squares,6,2016-12,16.312875468694564,20.010404444074908,76,23.310885046874763,7,"sin_year, cos_year, year_fraction, flux_lag12, soil_temp_f_lag6, atm_temp_f_lag6, atm_temp_f_lag7",3.6975289753803438,0.15861812916777535
2016-06,ridge,6,2016-12,15.973416656326199,20.010404444074908,76,23.310885046874763,7,"sin_year, cos_year, year_fraction, flux_lag12, soil_temp_f_lag6, atm_temp_f_lag6, atm_temp_f_lag7",4.036987787748709,0.17318037387387566
2016-06,random forest,6,2016-12,15.287786349211915,20.010404444074908,76,23.310885046874763,7,"sin_year, cos_year, year_fraction, flux_lag12, soil_temp_f_lag6, atm_temp_f_lag6, atm_temp_f_lag7",4.722618094862993,0.2025928267144942
2016-06,gradient boosting,6,2016-12,15.505065733656172,20.010404444074908,76,23.310885046874763,7,"sin_year, cos_year, year_fraction, flux_lag12, soil_temp_f_lag6, atm_temp_f_lag6, atm_temp_f_lag7",4.5053387104187355,0.19327188570314519
2016-06,ordinary least squares,12,2017-06,43.871502987059024,64.03962290501559,76,23.310885046874763,7,"sin_year, cos_year, year_fraction, soil_temp_f_lag12, atm_temp_f_lag12, atm_temp_f_lag13, precip_in_lag12",20.168119917956567,0.8651803600507421
2016-06,ridge,12,2017-06,45.44698676786491,64.03962290501559,76,23.310885046874763,7,"sin_year, cos_year, year_fraction, soil_temp_f_lag12, atm_temp_f_lag12, atm_temp_f_lag13, precip_in_lag12",18.592636137150684,0.797594604398916
2016-06,random forest,12,2017-06,33.61752106947819,64.03962290501559,76,23.310885046874763,7,"sin_year, cos_year, year_fraction, soil_temp_f_lag12, atm_temp_f_lag12, atm_temp_f_lag13, precip_in_lag12",30.422101835537404,1.3050599226225443
2016-06,gradient boosting,12,2017-06,44.20106842444576,64.03962290501559,76,23.310885046874763,7,"sin_year, cos_year, year_fraction, soil_temp_f_lag12, atm_temp_f_lag12, atm_temp_f_lag13, precip_in_lag12",19.838554480569833,0.8510425254415445
2016-07,ordinary least squares,1,2016-08,84.4796561435705,82.24805659922927,77,23.247670006856318,8,"sin_year, cos_year, year_fraction, flux_lag1, flux_lag2, flux_lag12, soil_temp_f_lag1, atm_temp_f_lag1",-2.231599544341222,0.09599239595551157
2016-07,ridge,1,2016-08,83.63854754210209,82.24805659922927,77,23.247670006856318,8,"sin_year, cos_year, year_fraction, flux_lag1, flux_lag2, flux_lag12, soil_temp_f_lag1, atm_temp_f_lag1",-1.390490942872816,0.0598120561098263
2016-07,random forest,1,2016-08,70.67067837968892,82.24805659922927,77,23.247670006856318,8,"sin_year, cos_year, year_fraction, flux_lag1, flux_lag2, flux_lag12, soil_temp_f_lag1, atm_temp_f_lag1",11.57737821954035,0.49800165849420147
2016-07,gradient boosting,1,2016-08,96.08539064719297,82.24805659922927,77,23.247670006856318,8,"sin_year, cos_year, year_fraction, flux_lag1, flux_lag2, flux_lag12, soil_temp_f_lag1, atm_temp_f_lag1",-13.837334047963694,0.5952138018082122
2016-07,ordinary least squares,3,2016-10,44.59265776204117,45.825641242881055,77,23.247670006856318,3,"sin_year, cos_year, year_fraction",1.2329834808398843,0.0530368626394063
2016-07,ridge,3,2016-10,44.492202348186446,45.825641242881055,77,23.247670006856318,3,"sin_year, cos_year, year_fraction",1.3334388946946092,0.05735795863849344
2016-07,random forest,3,2016-10,43.47296066216863,45.825641242881055,77,23.247670006856318,3,"sin_year, cos_year, year_fraction",2.3526805807124234,0.10120070441547731
2016-07,gradient boosting,3,2016-10,45.73430011261839,45.825641242881055,77,23.247670006856318,3,"sin_year, cos_year, year_fraction",0.09134113026266277,0.003929044512233871
2016-07,ordinary least squares,6,2017-01,11.631810761544429,12.779323304793628,77,23.247670006856318,6,"sin_year, cos_year, year_fraction, soil_temp_f_lag6, atm_temp_f_lag6, atm_temp_f_lag7",1.1475125432491993,0.04936032483731786
2016-07,ridge,6,2017-01,12.167658424303468,12.779323304793628,77,23.247670006856318,6,"sin_year, cos_year, year_fraction, soil_temp_f_lag6, atm_temp_f_lag6, atm_temp_f_lag7",0.6116648804901601,0.026310803633644356
2016-07,random forest,6,2017-01,12.519421858833217,12.779323304793628,77,23.247670006856318,6,"sin_year, cos_year, year_fraction, soil_temp_f_lag6, atm_temp_f_lag6, atm_temp_f_lag7",0.259901445960411,0.01117967718415478
2016-07,gradient boosting,6,2017-01,12.33916609826009,12.779323304793628,77,23.247670006856318,6,"sin_year, cos_year, year_fraction, soil_temp_f_lag6, atm_temp_f_lag6, atm_temp_f_lag7",0.44015720653353796,0.01893339015926003
2016-07,ordinary least squares,12,2017-07,96.52615733016837,87.66503940194706,77,23.247670006856318,8,"sin_year, cos_year, year_fraction, flux_lag13, soil_temp_f_lag12, atm_temp_f_lag12, atm_temp_f_lag13, precip_in_lag12",-8.861117928221319,0.381161549764254
2016-07,ridge,12,2017-07,91.2870438481298,87.66503940194706,77,23.247670006856318,8,"sin_year, cos_year, year_fraction, flux_lag13, soil_temp_f_lag12, atm_temp_f_lag12, atm_temp_f_lag13, precip_in_lag12",-3.6220044461827428,0.1558007510049189
2016-07,random forest,12,2017-07,90.8413496890697,87.66503940194706,77,23.247670006856318,8,"sin_year, cos_year, year_fraction, flux_lag13, soil_temp_f_lag12, atm_temp_f_lag12, atm_temp_f_lag13, precip_in_lag12",-3.1763102871226465,0.1366291884815069
2016-07,gradient boosting,12,2017-07,83.44837811551916,87.66503940194706,77,23.247670006856318,8,"sin_year, cos_year, year_fraction, flux_lag13, soil_temp_f_lag12, atm_temp_f_lag12, atm_temp_f_lag13, precip_in_lag12",4.216661286427893,0.1813799527085637
2016-08,ordinary least squares,1,2016-09,74.45026945202434,70.99065504807947,78,23.360970449780464,7,"sin_year, cos_year, year_fraction, flux_lag1, flux_lag2, soil_temp_f_lag1, atm_temp_f_lag1",-3.459614403944869,0.14809377938224227
2016-08,ridge,1,2016-09,73.8742390998982,70.99065504807947,78,23.360970449780464,7,"sin_year, cos_year, year_fraction, flux_lag1, flux_lag2, soil_temp_f_lag1, atm_temp_f_lag1",-2.8835840518187297,0.12343597018016127
2016-08,random forest,1,2016-09,54.35928531515867,70.99065504807947,78,23.360970449780464,7,"sin_year, cos_year, year_fraction, flux_lag1, flux_lag2, soil_temp_f_lag1, atm_temp_f_lag1",16.631369732920803,0.7119297448996643
2016-08,gradient boosting,1,2016-09,76.14754754009915,70.99065504807947,78,23.360970449780464,7,"sin_year, cos_year, year_fraction, flux_lag1, flux_lag2, soil_temp_f_lag1, atm_temp_f_lag1",-5.156892492019679,0.22074821348306364
2016-08,ordinary least squares,3,2016-11,25.620937835836273,30.68067779303859,78,23.360970449780464,3,"sin_year, cos_year, year_fraction",5.059739957202318,0.21658945924696665
2016-08,ridge,3,2016-11,25.788681945098993,30.68067779303859,78,23.360970449780464,3,"sin_year, cos_year, year_fraction",4.891995847939597,0.2094089309541321
2016-08,random forest,3,2016-11,24.697460910282228,30.68067779303859,78,23.360970449780464,3,"sin_year, cos_year, year_fraction",5.983216882756363,0.2561202196466367
2016-08,gradient boosting,3,2016-11,26.95562320328472,30.68067779303859,78,23.360970449780464,3,"sin_year, cos_year, year_fraction",3.7250545897538707,0.15945632899804799
2016-08,ordinary least squares,6,2017-02,14.133065411727479,9.717814057555968,78,23.360970449780464,5,"sin_year, cos_year, year_fraction, soil_temp_f_lag6, atm_temp_f_lag6",-4.415251354171511,0.1890011959761288
2016-08,ridge,6,2017-02,12.989116681862047,9.717814057555968,78,23.360970449780464,5,"sin_year, cos_year, year_fraction, soil_temp_f_lag6, atm_temp_f_lag6",-3.271302624306079,0.1400328223238184
2016-08,random forest,6,2017-02,11.05921033517139,9.717814057555968,78,23.360970449780464,5,"sin_year, cos_year, year_fraction, soil_temp_f_lag6, atm_temp_f_lag6",-1.3413962776154218,0.0574204004281007
2016-08,gradient boosting,6,2017-02,10.26537996348313,9.717814057555968,78,23.360970449780464,5,"sin_year, cos_year, year_fraction, soil_temp_f_lag6, atm_temp_f_lag6",-0.5475659059271631,0.0234393475692406
2016-08,ordinary least squares,12,2017-08,115.60506915055404,64.92411901892125,78,23.360970449780464,8,"sin_year, cos_year, year_fraction, flux_lag13, soil_temp_f_lag12, atm_temp_f_lag12, atm_temp_f_lag13, precip_in_lag12",-50.6809501316328,2.1694710945584488
2016-08,ridge,12,2017-08,107.65429728302476,64.92411901892125,78,23.360970449780464,8,"sin_year, cos_year, year_fraction, flux_lag13, soil_temp_f_lag12, atm_temp_f_lag12, atm_temp_f_lag13, precip_in_lag12",-42.730178264103515,1.8291268488165513
2016-08,random forest,12,2017-08,117.89027550637749,64.92411901892125,78,23.360970449780464,8,"sin_year, cos_year, year_fraction, flux_lag13, soil_temp_f_lag12, atm_temp_f_lag12, atm_temp_f_lag13, precip_in_lag12",-52.966156487456246,2.2672926452828075
2016-08,gradient boosting,12,2017-08,94.43793404915623,64.92411901892125,78,23.360970449780464,8,"sin_year, cos_year, year_fraction, flux_lag13, soil_temp_f_lag12, atm_temp_f_lag12, atm_temp_f_lag13, precip_in_lag12",-29.51381503023498,1.263381377656438
2016-09,ordinary least squares,1,2016-10,45.50472958345657,45.825641242881055,79,23.371011926083984,7,"sin_year, cos_year, year_fraction, flux_lag1, flux_lag2, soil_temp_f_lag1, atm_temp_f_lag1",0.32091165942448185,0.013731183760439481
2016-09,ridge,1,2016-10,45.981136825343526,45.825641242881055,79,23.371011926083984,7,"sin_year, cos_year, year_fraction, flux_lag1, flux_lag2, soil_temp_f_lag1, atm_temp_f_lag1",-0.1554955824624713,0.0066533525785815615
2016-09,random forest,1,2016-10,38.22197682574734,45.825641242881055,79,23.371011926083984,7,"sin_year, cos_year, year_fraction, flux_lag1, flux_lag2, soil_temp_f_lag1, atm_temp_f_lag1",7.603664417133714,0.3253459645299909
2016-09,gradient boosting,1,2016-10,44.182752092613455,45.825641242881055,79,23.371011926083984,7,"sin_year, cos_year, year_fraction, flux_lag1, flux_lag2, soil_temp_f_lag1, atm_temp_f_lag1",1.6428891502675995,0.07029602121908976
2016-09,ordinary least squares,3,2016-12,15.46640027462371,20.010404444074908,79,23.371011926083984,3,"sin_year, cos_year, year_fraction",4.544004169451197,0.19442907238345603
2016-09,ridge,3,2016-12,15.948798902203515,20.010404444074908,79,23.371011926083984,3,"sin_year, cos_year, year_fraction",4.061605541871392,0.17378817634072166
2016-09,random forest,3,2016-12,15.5565678536108,20.010404444074908,79,23.371011926083984,3,"sin_year, cos_year, year_fraction",4.453836590464109,0.19057097760894376
2016-09,gradient boosting,3,2016-12,18.836466882668763,20.010404444074908,79,23.371011926083984,3,"sin_year, cos_year, year_fraction",1.1739375614061451,0.05023049772594287
2016-09,ordinary least squares,6,2017-03,16.17552070684338,12.137530418720104,79,23.371011926083984,5,"sin_year, cos_year, year_fraction, soil_temp_f_lag6, atm_temp_f_lag6",-4.037990288123275,0.17277772570970895
2016-09,ridge,6,2017-03,15.121597380421873,12.137530418720104,79,23.371011926083984,5,"sin_year, cos_year, year_fraction, soil_temp_f_lag6, atm_temp_f_lag6",-2.984066961701769,0.12768240293315256
2016-09,random forest,6,2017-03,13.505897653938488,12.137530418720104,79,23.371011926083984,5,"sin_year, cos_year, year_fraction, soil_temp_f_lag6, atm_temp_f_lag6",-1.3683672352183844,0.05854976410718328
2016-09,gradient boosting,6,2017-03,12.652050412935496,12.137530418720104,79,23.371011926083984,5,"sin_year, cos_year, year_fraction, soil_temp_f_lag6, atm_temp_f_lag6",-0.5145199942153926,0.02201530664751173
2016-09,ordinary least squares,12,2017-09,93.4150360588667,57.26309737930811,79,23.371011926083984,9,"sin_year, cos_year, year_fraction, soil_temp_f_lag12, soil_temp_f_lag13, atm_temp_f_lag12, atm_temp_f_lag13, precip_in_lag12, precip_in_lag13",-36.1519386795586,1.5468709182938734
2016-09,ridge,12,2017-09,82.48692332277997,57.26309737930811,79,23.371011926083984,9,"sin_year, cos_year, year_fraction, soil_temp_f_lag12, soil_temp_f_lag13, atm_temp_f_lag12, atm_temp_f_lag13, precip_in_lag12, precip_in_lag13",-25.223825943471866,1.0792782966885566
2016-09,random forest,12,2017-09,82.84821753594677,57.26309737930811,79,23.371011926083984,9,"sin_year, cos_year, year_fraction, soil_temp_f_lag12, soil_temp_f_lag13, atm_temp_f_lag12, atm_temp_f_lag13, precip_in_lag12, precip_in_lag13",-25.585120156638666,1.094737371131267
2016-09,gradient boosting,12,2017-09,73.2941176327623,57.26309737930811,79,23.371011926083984,9,"sin_year, cos_year, year_fraction, soil_temp_f_lag12, soil_temp_f_lag13, atm_temp_f_lag12, atm_temp_f_lag13, precip_in_lag12, precip_in_lag13",-16.031020253454187,0.6859360777426262
2016-10,ordinary least squares,1,2016-11,29.136166681719953,30.68067779303859,80,23.113793309309827,8,"sin_year, cos_year, year_fraction, flux_lag1, flux_lag2, flux_lag12, soil_temp_f_lag1, atm_temp_f_lag1",1.5445111113186378,0.06682205255753222
2016-10,ridge,1,2016-11,28.51550215443498,30.68067779303859,80,23.113793309309827,8,"sin_year, cos_year, year_fraction, flux_lag1, flux_lag2, flux_lag12, soil_temp_f_lag1, atm_temp_f_lag1",2.1651756386036105,0.09367461280063953
2016-10,random forest,1,2016-11,24.754682169192733,30.68067779303859,80,23.113793309309827,8,"sin_year, cos_year, year_fraction, flux_lag1, flux_lag2, flux_lag12, soil_temp_f_lag1, atm_temp_f_lag1",5.925995623845857,0.25638351717279445
2016-10,gradient boosting,1,2016-11,27.392232358116637,30.68067779303859,80,23.113793309309827,8,"sin_year, cos_year, year_fraction, flux_lag1, flux_lag2, flux_lag12, soil_temp_f_lag1, atm_temp_f_lag1",3.288445434921954,0.1422719927843876
2016-10,ordinary least squares,3,2017-01,14.084204889308948,12.779323304793628,80,23.113793309309827,4,"sin_year, cos_year, year_fraction, flux_lag12",-1.3048815845153197,0.05645467046682193
2016-10,ridge,3,2017-01,13.59951494103359,12.779323304793628,80,23.113793309309827,4,"sin_year, cos_year, year_fraction, flux_lag12",-0.8201916362399615,0.035484942919758775
2016-10,random forest,3,2017-01,11.682936774164281,12.779323304793628,80,23.113793309309827,4,"sin_year, cos_year, year_fraction, flux_lag12",1.0963865306293474,0.047434296740368545
2016-10,gradient boosting,3,2017-01,15.260106585487247,12.779323304793628,80,23.113793309309827,4,"sin_year, cos_year, year_fraction, flux_lag12",-2.4807832806936183,0.10732912800143465
2016-10,ordinary least squares,6,2017-04,19.889886567234317,37.58497474692917,80,23.113793309309827,6,"sin_year, cos_year, year_fraction, flux_lag12, soil_temp_f_lag6, atm_temp_f_lag6",17.695088179694853,0.765564005133142
2016-10,ridge,6,2017-04,18.097427864280235,37.58497474692917,80,23.113793309309827,6,"sin_year, cos_year, year_fraction, flux_lag12, soil_temp_f_lag6, atm_temp_f_lag6",19.487546882648935,0.8431133142823293
2016-10,random forest,6,2017-04,15.056096443565425,37.58497474692917,80,23.113793309309827,6,"sin_year, cos_year, year_fraction, flux_lag12, soil_temp_f_lag6, atm_temp_f_lag6",22.528878303363747,0.974694114543696
2016-10,gradient boosting,6,2017-04,16.07782558768443,37.58497474692917,80,23.113793309309827,6,"sin_year, cos_year, year_fraction, flux_lag12, soil_temp_f_lag6, atm_temp_f_lag6",21.50714915924474,0.9304898106267153
2016-10,ordinary least squares,12,2017-10,47.52656702523399,44.335099592081605,80,23.113793309309827,6,"sin_year, cos_year, year_fraction, soil_temp_f_lag12, soil_temp_f_lag13, atm_temp_f_lag12",-3.1914674331523827,0.1380763161824639
2016-10,ridge,12,2017-10,44.74336959699578,44.335099592081605,80,23.113793309309827,6,"sin_year, cos_year, year_fraction, soil_temp_f_lag12, soil_temp_f_lag13, atm_temp_f_lag12",-0.4082700049141721,0.017663479094525265
2016-10,random forest,12,2017-10,46.08056607338797,44.335099592081605,80,23.113793309309827,6,"sin_year, cos_year, year_fraction, soil_temp_f_lag12, soil_temp_f_lag13, atm_temp_f_lag12",-1.7454664813063658,0.07551622781896743
2016-10,gradient boosting,12,2017-10,46.189369683460036,44.335099592081605,80,23.113793309309827,6,"sin_year, cos_year, year_fraction, soil_temp_f_lag12, soil_temp_f_lag13, atm_temp_f_lag12",-1.8542700913784316,0.08022353001796396
2016-11,ordinary least squares,1,2016-12,26.67044262525571,20.010404444074908,81,22.886613197139848,6,"sin_year, cos_year, year_fraction, flux_lag1, soil_temp_f_lag1, atm_temp_f_lag1",-6.660038181180802,0.2910014742597699
2016-11,ridge,1,2016-12,20.142391741692954,20.010404444074908,81,22.886613197139848,6,"sin_year, cos_year, year_fraction, flux_lag1, soil_temp_f_lag1, atm_temp_f_lag1",-0.13198729761804628,0.005767008708590435
2016-11,random forest,1,2016-12,18.646680224645188,20.010404444074908,81,22.886613197139848,6,"sin_year, cos_year, year_fraction, flux_lag1, soil_temp_f_lag1, atm_temp_f_lag1",1.36372421942972,0.05958610859907159
2016-11,gradient boosting,1,2016-12,25.44840972183369,20.010404444074908,81,22.886613197139848,6,"sin_year, cos_year, year_fraction, flux_lag1, soil_temp_f_lag1, atm_temp_f_lag1",-5.4380052777587835,0.2376063784937115
2016-11,ordinary least squares,3,2017-02,11.235307296459093,9.717814057555968,81,22.886613197139848,3,"sin_year, cos_year, year_fraction",-1.5174932389031248,0.06630484055599659
2016-11,ridge,3,2017-02,11.084156704319245,9.717814057555968,81,22.886613197139848,3,"sin_year, cos_year, year_fraction",-1.366342646763277,0.05970051728466445
2016-11,random forest,3,2017-02,11.528414140313096,9.717814057555968,81,22.886613197139848,3,"sin_year, cos_year, year_fraction",-1.8106000827571282,0.07911175267223024
2016-11,gradient boosting,3,2017-02,14.099574124534152,9.717814057555968,81,22.886613197139848,3,"sin_year, cos_year, year_fraction",-4.381760066978185,0.1914551545584637
2016-11,ordinary least squares,6,2017-05,33.20525014395673,44.37289578478105,81,22.886613197139848,6,"sin_year, cos_year, year_fraction, flux_lag12, soil_temp_f_lag6, atm_temp_f_lag6",11.167645640824318,0.48795536257937655
2016-11,ridge,6,2017-05,28.437433589984835,44.37289578478105,81,22.886613197139848,6,"sin_year, cos_year, year_fraction, flux_lag12, soil_temp_f_lag6, atm_temp_f_lag6",15.935462194796216,0.6962787397825939
2016-11,random forest,6,2017-05,22.850113052867755,44.37289578478105,81,22.886613197139848,6,"sin_year, cos_year, year_fraction, flux_lag12, soil_temp_f_lag6, atm_temp_f_lag6",21.522782731913296,0.9404092491327205
2016-11,gradient boosting,6,2017-05,26.12913665071526,44.37289578478105,81,22.886613197139848,6,"sin_year, cos_year, year_fraction, flux_lag12, soil_temp_f_lag6, atm_temp_f_lag6",18.24375913406579,0.7971366919569263
2016-11,ordinary least squares,12,2017-11,47.345331778314176,24.726785832255885,81,22.886613197139848,8,"sin_year, cos_year, year_fraction, soil_temp_f_lag12, soil_temp_f_lag13, atm_temp_f_lag12, atm_temp_f_lag13, precip_in_lag12",-22.61854594605829,0.988287159451139
2016-11,ridge,12,2017-11,30.338829471537533,24.726785832255885,81,22.886613197139848,8,"sin_year, cos_year, year_fraction, soil_temp_f_lag12, soil_temp_f_lag13, atm_temp_f_lag12, atm_temp_f_lag13, precip_in_lag12",-5.612043639281648,0.2452107522830415
2016-11,random forest,12,2017-11,30.232407910090075,24.726785832255885,81,22.886613197139848,8,"sin_year, cos_year, year_fraction, soil_temp_f_lag12, soil_temp_f_lag13, atm_temp_f_lag12, atm_temp_f_lag13, precip_in_lag12",-5.5056220778341896,0.24056080427497373
2016-11,gradient boosting,12,2017-11,27.830837060973842,24.726785832255885,81,22.886613197139848,8,"sin_year, cos_year, year_fraction, soil_temp_f_lag12, soil_temp_f_lag13, atm_temp_f_lag12, atm_temp_f_lag13, precip_in_lag12",-3.1040512287179567,0.13562737317139922
2016-12,ordinary least squares,1,2017-01,14.408772839986398,12.779323304793628,82,22.59656942104823,7,"sin_year, cos_year, year_fraction, flux_lag1, flux_lag12, soil_temp_f_lag1, atm_temp_f_lag1",-1.6294495351927694,0.07211048300433479
2016-12,ridge,1,2017-01,16.753936860124334,12.779323304793628,82,22.59656942104823,7,"sin_year, cos_year, year_fraction, flux_lag1, flux_lag12, soil_temp_f_lag1, atm_temp_f_lag1",-3.9746135553307056,0.17589455643777663
2016-12,random forest,1,2017-01,17.015405402846596,12.779323304793628,82,22.59656942104823,7,"sin_year, cos_year, year_fraction, flux_lag1, flux_lag12, soil_temp_f_lag1, atm_temp_f_lag1",-4.236082098052968,0.18746571743351212
2016-12,gradient boosting,1,2017-01,20.52826557485323,12.779323304793628,82,22.59656942104823,7,"sin_year, cos_year, year_fraction, flux_lag1, flux_lag12, soil_temp_f_lag1, atm_temp_f_lag1",-7.748942270059601,0.34292560634631664
2016-12,ordinary least squares,3,2017-03,11.663624011048753,12.137530418720104,82,22.59656942104823,3,"sin_year, cos_year, year_fraction",0.4739064076713504,0.020972493604711366
2016-12,ridge,3,2017-03,11.729037591174858,12.137530418720104,82,22.59656942104823,3,"sin_year, cos_year, year_fraction",0.4084928275452455,0.0180776479798187
2016-12,random forest,3,2017-03,11.459340073695477,12.137530418720104,82,22.59656942104823,3,"sin_year, cos_year, year_fraction",0.6781903450246265,0.030012978182117612
2016-12,gradient boosting,3,2017-03,14.2263326041612,12.137530418720104,82,22.59656942104823,3,"sin_year, cos_year, year_fraction",-2.0888021854410965,0.09243890727481054
2016-12,ordinary least squares,6,2017-06,36.60675324189437,64.03962290501559,82,22.59656942104823,5,"sin_year, cos_year, year_fraction, soil_temp_f_lag6, atm_temp_f_lag6",27.432869663121224,1.214028074437179
2016-12,ridge,6,2017-06,36.94709928735759,64.03962290501559,82,22.59656942104823,5,"sin_year, cos_year, year_fraction, soil_temp_f_lag6, atm_temp_f_lag6",27.092523617658003,1.1989662285825513
2016-12,random forest,6,2017-06,31.794344010671786,64.03962290501559,82,22.59656942104823,5,"sin_year, cos_year, year_fraction, soil_temp_f_lag6, atm_temp_f_lag6",32.245278894343805,1.4269988640093307
2016-12,gradient boosting,6,2017-06,43.59908675466187,64.03962290501559,82,22.59656942104823,5,"sin_year, cos_year, year_fraction, soil_temp_f_lag6, atm_temp_f_lag6",20.440536150353722,0.9045858143101047
2016-12,ordinary least squares,12,2017-12,33.70680966396688,15.912696746808685,82,22.59656942104823,8,"sin_year, cos_year, year_fraction, soil_temp_f_lag12, soil_temp_f_lag13, atm_temp_f_lag12, atm_temp_f_lag13, precip_in_lag12",-17.794112917158195,0.7874696634518049
2016-12,ridge,12,2017-12,22.815639517298035,15.912696746808685,82,22.59656942104823,8,"sin_year, cos_year, year_fraction, soil_temp_f_lag12, soil_temp_f_lag13, atm_temp_f_lag12, atm_temp_f_lag13, precip_in_lag12",-6.90294277048935,0.3054863170539243
2016-12,random forest,12,2017-12,19.153028288951717,15.912696746808685,82,22.59656942104823,8,"sin_year, cos_year, year_fraction, soil_temp_f_lag12, soil_temp_f_lag13, atm_temp_f_lag12, atm_temp_f_lag13, precip_in_lag12",-3.240331542143032,0.1433992692326443
2016-12,gradient boosting,12,2017-12,18.433815901958326,15.912696746808685,82,22.59656942104823,8,"sin_year, cos_year, year_fraction, soil_temp_f_lag12, soil_temp_f_lag13, atm_temp_f_lag12, atm_temp_f_lag13, precip_in_lag12",-2.5211191551496412,0.11157088087899182
2017-01,ordinary least squares,1,2017-02,17.841282028493758,9.717814057555968,83,22.281598118965213,6,"sin_year, cos_year, year_fraction, flux_lag1, soil_temp_f_lag1, atm_temp_f_lag1",-8.12346797093779,0.36458192664481354
2017-01,ridge,1,2017-02,15.324360430141098,9.717814057555968,83,22.281598118965213,6,"sin_year, cos_year, year_fraction, flux_lag1, soil_temp_f_lag1, atm_temp_f_lag1",-5.6065463725851306,0.2516222733508985
2017-01,random forest,1,2017-02,10.457802436843812,9.717814057555968,83,22.281598118965213,6,"sin_year, cos_year, year_fraction, flux_lag1, soil_temp_f_lag1, atm_temp_f_lag1",-0.7399883792878441,0.033210740779764596
2017-01,gradient boosting,1,2017-02,20.35878516136865,9.717814057555968,83,22.281598118965213,6,"sin_year, cos_year, year_fraction, flux_lag1, soil_temp_f_lag1, atm_temp_f_lag1",-10.640971103812683,0.4775676792570597
2017-01,ordinary least squares,3,2017-04,14.767011614173372,37.58497474692917,83,22.281598118965213,3,"sin_year, cos_year, year_fraction",22.8179631327558,1.0240721069883247
2017-01,ridge,3,2017-04,14.927725829024414,37.58497474692917,83,22.281598118965213,3,"sin_year, cos_year, year_fraction",22.657248917904756,1.016859239491435
2017-01,random forest,3,2017-04,14.650962015999044,37.58497474692917,83,22.281598118965213,3,"sin_year, cos_year, year_fraction",22.934012730930128,1.0292804227273809
2017-01,gradient boosting,3,2017-04,17.875377585396166,37.58497474692917,83,22.281598118965213,3,"sin_year, cos_year, year_fraction",19.709597161533004,0.8845683804321458
2017-01,ordinary least squares,6,2017-07,75.03837293968571,87.66503940194706,83,22.281598118965213,8,"sin_year, cos_year, year_fraction, flux_lag12, soil_temp_f_lag6, atm_temp_f_lag6, atm_temp_f_lag7, precip_in_lag6",12.62666646226134,0.5666858541674361
2017-01,ridge,6,2017-07,74.18457074509791,87.66503940194706,83,22.281598118965213,8,"sin_year, cos_year, year_fraction, flux_lag12, soil_temp_f_lag6, atm_temp_f_lag6, atm_temp_f_lag7, precip_in_lag6",13.48046865684914,0.6050045685625709
2017-01,random forest,6,2017-07,79.63830124598296,87.66503940194706,83,22.281598118965213,8,"sin_year, cos_year, year_fraction, flux_lag12, soil_temp_f_lag6, atm_temp_f_lag6, atm_temp_f_lag7, precip_in_lag6",8.026738155964097,0.3602406844027967
2017-01,gradient boosting,6,2017-07,84.22442149130721,87.66503940194706,83,22.281598118965213,8,"sin_year, cos_year, year_fraction, flux_lag12, soil_temp_f_lag6, atm_temp_f_lag6, atm_temp_f_lag7, precip_in_lag6",3.440617910639844,0.15441522157745616
2017-01,ordinary least squares,12,2018-01,20.27792696814833,14.127256433427142,83,22.281598118965213,7,"sin_year, cos_year, year_fraction, soil_temp_f_lag12, soil_temp_f_lag13, atm_temp_f_lag12, precip_in_lag12",-6.150670534721186,0.2760426115703963
2017-01,ridge,12,2018-01,17.037167079455095,14.127256433427142,83,22.281598118965213,7,"sin_year, cos_year, year_fraction, soil_temp_f_lag12, soil_temp_f_lag13, atm_temp_f_lag12, precip_in_lag12",-2.909910646027953,0.13059703484873253
2017-01,random forest,12,2018-01,14.943035916952315,14.127256433427142,83,22.281598118965213,7,"sin_year, cos_year, year_fraction, soil_temp_f_lag12, soil_temp_f_lag13, atm_temp_f_lag12, precip_in_lag12",-0.8157794835251728,0.0366122519206023
2017-01,gradient boosting,12,2018-01,13.521193116906572,14.127256433427142,83,22.281598118965213,7,"sin_year, cos_year, year_fraction, soil_temp_f_lag12, soil_temp_f_lag13, atm_temp_f_lag12, precip_in_lag12",0.6060633165205704,0.02720017268441411
2017-02,ordinary least squares,1,2017-03,20.91113039086759,12.137530418720104,84,21.97825136323484,6,"sin_year, cos_year, year_fraction, flux_lag1, soil_temp_f_lag1, atm_temp_f_lag1",-8.773599972147487,0.39919463232748087
2017-02,ridge,1,2017-03,16.079413808918567,12.137530418720104,84,21.97825136323484,6,"sin_year, cos_year, year_fraction, flux_lag1, soil_temp_f_lag1, atm_temp_f_lag1",-3.9418833901984627,0.1793538223333106
2017-02,random forest,1,2017-03,11.628867234024908,12.137530418720104,84,21.97825136323484,6,"sin_year, cos_year, year_fraction, flux_lag1, soil_temp_f_lag1, atm_temp_f_lag1",0.5086631846951963,0.02314393334976989
2017-02,gradient boosting,1,2017-03,10.447514473685999,12.137530418720104,84,21.97825136323484,6,"sin_year, cos_year, year_fraction, flux_lag1, soil_temp_f_lag1, atm_temp_f_lag1",1.690015945034105,0.0768949229446506
2017-02,ordinary least squares,3,2017-05,23.734541290268297,44.37289578478105,84,21.97825136323484,3,"sin_year, cos_year, year_fraction",20.638354494512754,0.9390353287630762
2017-02,ridge,3,2017-05,23.880202488601583,44.37289578478105,84,21.97825136323484,3,"sin_year, cos_year, year_fraction",20.492693296179468,0.9324078134104695
2017-02,random forest,3,2017-05,23.755305724566497,44.37289578478105,84,21.97825136323484,3,"sin_year, cos_year, year_fraction",20.617590060214553,0.938090556863118
2017-02,gradient boosting,3,2017-05,26.733428011759298,44.37289578478105,84,21.97825136323484,3,"sin_year, cos_year, year_fraction",17.639467773021753,0.8025874070459039
2017-02,ordinary least squares,6,2017-08,92.16467322554139,64.92411901892125,84,21.97825136323484,7,"sin_year, cos_year, year_fraction, flux_lag12, soil_temp_f_lag6, atm_temp_f_lag6, precip_in_lag6",-27.240554206620146,1.2394322804128117
2017-02,ridge,6,2017-08,89.06967758603777,64.92411901892125,84,21.97825136323484,7,"sin_year, cos_year, year_fraction, flux_lag12, soil_temp_f_lag6, atm_temp_f_lag6, precip_in_lag6",-24.145558567116524,1.0986114485662473
2017-02,random forest,6,2017-08,100.14846442012478,64.92411901892125,84,21.97825136323484,7,"sin_year, cos_year, year_fraction, flux_lag12, soil_temp_f_lag6, atm_temp_f_lag6, precip_in_lag6",-35.224345401203536,1.6026909884253453
2017-02,gradient boosting,6,2017-08,95.21412308420967,64.92411901892125,84,21.97825136323484,7,"sin_year, cos_year, year_fraction, flux_lag12, soil_temp_f_lag6, atm_temp_f_lag6, precip_in_lag6",-30.29000406528843,1.3781808008601388
2017-02,ordinary least squares,12,2018-02,24.988625162974785,15.193683556828182,84,21.97825136323484,6,"sin_year, cos_year, year_fraction, soil_temp_f_lag12, atm_temp_f_lag12, precip_in_lag12",-9.794941606146603,0.44566519165994956
2017-02,ridge,12,2018-02,17.04953963051014,15.193683556828182,84,21.97825136323484,6,"sin_year, cos_year, year_fraction, soil_temp_f_lag12, atm_temp_f_lag12, precip_in_lag12",-1.8558560736819576,0.08444057004400399
2017-02,random forest,12,2018-02,13.209978204513872,15.193683556828182,84,21.97825136323484,6,"sin_year, cos_year, year_fraction, soil_temp_f_lag12, atm_temp_f_lag12, precip_in_lag12",1.9837053523143098,0.09025765150873863
2017-02,gradient boosting,12,2018-02,11.950629313044121,15.193683556828182,84,21.97825136323484,6,"sin_year, cos_year, year_fraction, soil_temp_f_lag12, atm_temp_f_lag12, precip_in_lag12",3.2430542437840604,0.147557428031287
2017-03,ordinary least squares,1,2017-04,14.707534973187823,37.58497474692917,85,21.69355804767234,7,"sin_year, cos_year, year_fraction, flux_lag1, flux_lag12, soil_temp_f_lag1, atm_temp_f_lag1",22.877439773741347,1.0545729623267601
2017-03,ridge,1,2017-04,14.21639645706524,37.58497474692917,85,21.69355804767234,7,"sin_year, cos_year, year_fraction, flux_lag1, flux_lag12, soil_temp_f_lag1, atm_temp_f_lag1",23.36857828986393,1.07721279462367
2017-03,random forest,1,2017-04,15.896672947566492,37.58497474692917,85,21.69355804767234,7,"sin_year, cos_year, year_fraction, flux_lag1, flux_lag12, soil_temp_f_lag1, atm_temp_f_lag1",21.688301799362677,0.9997577046467844
2017-03,gradient boosting,1,2017-04,14.763991987439042,37.58497474692917,85,21.69355804767234,7,"sin_year, cos_year, year_fraction, flux_lag1, flux_lag12, soil_temp_f_lag1, atm_temp_f_lag1",22.82098275949013,1.051970484018354
2017-03,ordinary least squares,3,2017-06,42.8510973378862,64.03962290501559,85,21.69355804767234,3,"sin_year, cos_year, year_fraction",21.18852556712939,0.976719702713906
2017-03,ridge,3,2017-06,42.91189487749397,64.03962290501559,85,21.69355804767234,3,"sin_year, cos_year, year_fraction",21.12772802752162,0.9739171407978677
2017-03,random forest,3,2017-06,45.406247959700025,64.03962290501559,85,21.69355804767234,3,"sin_year, cos_year, year_fraction",18.633374945315566,0.858935860330891
2017-03,gradient boosting,3,2017-06,45.069325542422916,64.03962290501559,85,21.69355804767234,3,"sin_year, cos_year, year_fraction",18.970297362592675,0.8744668496013791
2017-03,ordinary least squares,6,2017-09,67.9789969577577,57.26309737930811,85,21.69355804767234,6,"sin_year, cos_year, year_fraction, flux_lag12, soil_temp_f_lag6, atm_temp_f_lag6",-10.715899578449594,0.4939668981409613
2017-03,ridge,6,2017-09,68.4607159342684,57.26309737930811,85,21.69355804767234,6,"sin_year, cos_year, year_fraction, flux_lag12, soil_temp_f_lag6, atm_temp_f_lag6",-11.1976185549603,0.5161725213703141
2017-03,random forest,6,2017-09,66.84123275502154,57.26309737930811,85,21.69355804767234,6,"sin_year, cos_year, year_fraction, flux_lag12, soil_temp_f_lag6, atm_temp_f_lag6",-9.57813537571343,0.44151979839660915
2017-03,gradient boosting,6,2017-09,74.02204765169638,57.26309737930811,85,21.69355804767234,6,"sin_year, cos_year, year_fraction, flux_lag12, soil_temp_f_lag6, atm_temp_f_lag6",-16.758950272388276,0.7725311926960025
2017-03,ordinary least squares,12,2018-03,20.17489504765051,11.878382965146416,85,21.69355804767234,8,"sin_year, cos_year, year_fraction, soil_temp_f_lag12, soil_temp_f_lag13, atm_temp_f_lag12, atm_temp_f_lag13, precip_in_lag12",-8.296512082504092,0.38244127884749113
2017-03,ridge,12,2018-03,15.06405684435522,11.878382965146416,85,21.69355804767234,8,"sin_year, cos_year, year_fraction, soil_temp_f_lag12, soil_temp_f_lag13, atm_temp_f_lag12, atm_temp_f_lag13, precip_in_lag12",-3.185673879208803,0.1468488420483249
2017-03,random forest,12,2018-03,10.649712533448074,11.878382965146416,85,21.69355804767234,8,"sin_year, cos_year, year_fraction, soil_temp_f_lag12, soil_temp_f_lag13, atm_temp_f_lag12, atm_temp_f_lag13, precip_in_lag12",1.2286704316983421,0.05663757088617259
2017-03,gradient boosting,12,2018-03,11.911807870272437,11.878382965146416,85,21.69355804767234,8,"sin_year, cos_year, year_fraction, soil_temp_f_lag12, soil_temp_f_lag13, atm_temp_f_lag12, atm_temp_f_lag13, precip_in_lag12",-0.03342490512602048,0.0015407756096334265
2017-04,ordinary least squares,1,2017-05,42.40776173697099,44.37289578478105,86,21.72233182940973,8,"sin_year, cos_year, year_fraction, flux_lag1, flux_lag2, flux_lag12, soil_temp_f_lag1, atm_temp_f_lag1",1.9651340478100607,0.09046607257649375
2017-04,ridge,1,2017-05,42.442831973442715,44.37289578478105,86,21.72233182940973,8,"sin_year, cos_year, year_fraction, flux_lag1, flux_lag2, flux_lag12, soil_temp_f_lag1, atm_temp_f_lag1",1.9300638113383357,0.08885159413342698
2017-04,random forest,1,2017-05,48.82267100247101,44.37289578478105,86,21.72233182940973,8,"sin_year, cos_year, year_fraction, flux_lag1, flux_lag2, flux_lag12, soil_temp_f_lag1, atm_temp_f_lag1",-4.449775217689961,0.20484795337052342
2017-04,gradient boosting,1,2017-05,33.06530377086697,44.37289578478105,86,21.72233182940973,8,"sin_year, cos_year, year_fraction, flux_lag1, flux_lag2, flux_lag12, soil_temp_f_lag1, atm_temp_f_lag1",11.307592013914082,0.520551481430037
2017-04,ordinary least squares,3,2017-07,83.65676249875828,87.66503940194706,86,21.72233182940973,3,"sin_year, cos_year, year_fraction",4.008276903188772,0.1845233253348055
2017-04,ridge,3,2017-07,83.61791849973518,87.66503940194706,86,21.72233182940973,3,"sin_year, cos_year, year_fraction",4.047120902211873,0.18631153110056542
2017-04,random forest,3,2017-07,80.03434231132132,87.66503940194706,86,21.72233182940973,3,"sin_year, cos_year, year_fraction",7.6306970906257305,0.35128351553375026
2017-04,gradient boosting,3,2017-07,87.11810929502725,87.66503940194706,86,21.72233182940973,3,"sin_year, cos_year, year_fraction",0.5469301069198025,0.025178241047736746
2017-04,ordinary least squares,6,2017-10,41.70183133845295,44.335099592081605,86,21.72233182940973,5,"sin_year, cos_year, year_fraction, soil_temp_f_lag6, atm_temp_f_lag6",2.633268253628657,0.1212240138079233
2017-04,ridge,6,2017-10,41.55259679706369,44.335099592081605,86,21.72233182940973,5,"sin_year, cos_year, year_fraction, soil_temp_f_lag6, atm_temp_f_lag6",2.782502795017912,0.12809411148257568
2017-04,random forest,6,2017-10,43.02214528620534,44.335099592081605,86,21.72233182940973,5,"sin_year, cos_year, year_fraction, soil_temp_f_lag6, atm_temp_f_lag6",1.3129543058762678,0.06044260423729773
2017-04,gradient boosting,6,2017-10,42.83817841253548,44.335099592081605,86,21.72233182940973,5,"sin_year, cos_year, year_fraction, soil_temp_f_lag6, atm_temp_f_lag6",1.4969211795461277,0.06891162474184542
2017-04,ordinary least squares,12,2018-04,19.851090179074045,14.762731692428028,86,21.72233182940973,5,"sin_year, cos_year, year_fraction, soil_temp_f_lag12, atm_temp_f_lag12",-5.088358486646017,0.23424550028081795
2017-04,ridge,12,2018-04,16.699930016828187,14.762731692428028,86,21.72233182940973,5,"sin_year, cos_year, year_fraction, soil_temp_f_lag12, atm_temp_f_lag12",-1.9371983244001587,0.08918003553271375
2017-04,random forest,12,2018-04,22.21642713977227,14.762731692428028,86,21.72233182940973,5,"sin_year, cos_year, year_fraction, soil_temp_f_lag12, atm_temp_f_lag12",-7.453695447344243,0.34313514340356094
2017-04,gradient boosting,12,2018-04,19.95476306027079,14.762731692428028,86,21.72233182940973,5,"sin_year, cos_year, year_fraction, soil_temp_f_lag12, atm_temp_f_lag12",-5.192031367842761,0.23901814080628775
2017-05,ordinary least squares,1,2017-06,53.00385960528203,64.03962290501559,87,21.689976609978117,9,"sin_year, cos_year, year_fraction, flux_lag1, flux_lag2, flux_lag12, soil_temp_f_lag1, atm_temp_f_lag1, precip_in_lag1",11.03576329973356,0.5087955371356527
2017-05,ridge,1,2017-06,55.05417950996846,64.03962290501559,87,21.689976609978117,9,"sin_year, cos_year, year_fraction, flux_lag1, flux_lag2, flux_lag12, soil_temp_f_lag1, atm_temp_f_lag1, precip_in_lag1",8.985443395047128,0.4142670855123708
2017-05,random forest,1,2017-06,55.457388506969,64.03962290501559,87,21.689976609978117,9,"sin_year, cos_year, year_fraction, flux_lag1, flux_lag2, flux_lag12, soil_temp_f_lag1, atm_temp_f_lag1, precip_in_lag1",8.582234398046594,0.3956774390479738
2017-05,gradient boosting,1,2017-06,55.56226449274364,64.03962290501559,87,21.689976609978117,9,"sin_year, cos_year, year_fraction, flux_lag1, flux_lag2, flux_lag12, soil_temp_f_lag1, atm_temp_f_lag1, precip_in_lag1",8.477358412271954,0.3908422108842701
2017-05,ordinary least squares,3,2017-08,95.34075115582645,64.92411901892125,87,21.689976609978117,3,"sin_year, cos_year, year_fraction",-30.416632136905207,1.4023358661858831
2017-05,ridge,3,2017-08,95.26385583866717,64.92411901892125,87,21.689976609978117,3,"sin_year, cos_year, year_fraction",-30.339736819745923,1.3987906656288704
2017-05,random forest,3,2017-08,94.04711895664103,64.92411901892125,87,21.689976609978117,3,"sin_year, cos_year, year_fraction",-29.122999937719783,1.3426939300765417
2017-05,gradient boosting,3,2017-08,97.55166177803422,64.92411901892125,87,21.689976609978117,3,"sin_year, cos_year, year_fraction",-32.62754275911297,1.5042682316265479
2017-05,ordinary least squares,6,2017-11,25.35161147174261,24.726785832255885,87,21.689976609978117,6,"sin_year, cos_year, year_fraction, soil_temp_f_lag6, atm_temp_f_lag6, atm_temp_f_lag7",-0.6248256394867262,0.028807114489892323
2017-05,ridge,6,2017-11,23.75229534928154,24.726785832255885,87,21.689976609978117,6,"sin_year, cos_year, year_fraction, soil_temp_f_lag6, atm_temp_f_lag6, atm_temp_f_lag7",0.9744904829743462,0.04492814817172499
2017-05,random forest,6,2017-11,30.045042189761862,24.726785832255885,87,21.689976609978117,6,"sin_year, cos_year, year_fraction, soil_temp_f_lag6, atm_temp_f_lag6, atm_temp_f_lag7",-5.318256357505977,0.24519419514078222
2017-05,gradient boosting,6,2017-11,25.86778393334167,24.726785832255885,87,21.689976609978117,6,"sin_year, cos_year, year_fraction, soil_temp_f_lag6, atm_temp_f_lag6, atm_temp_f_lag7",-1.1409981010857848,0.052604856224735964
2017-05,ordinary least squares,12,2018-05,36.43658047171304,22.28945321441668,87,21.689976609978117,7,"sin_year, cos_year, year_fraction, soil_temp_f_lag12, soil_temp_f_lag13, atm_temp_f_lag12, atm_temp_f_lag13",-14.147127257296361,0.6522426239403231
2017-05,ridge,12,2018-05,30.444982865194447,22.28945321441668,87,21.689976609978117,7,"sin_year, cos_year, year_fraction, soil_temp_f_lag12, soil_temp_f_lag13, atm_temp_f_lag12, atm_temp_f_lag13",-8.155529650777765,0.37600453875205875
2017-05,random forest,12,2018-05,36.30972916661592,22.28945321441668,87,21.689976609978117,7,"sin_year, cos_year, year_fraction, soil_temp_f_lag12, soil_temp_f_lag13, atm_temp_f_lag12, atm_temp_f_lag13",-14.020275952199235,0.646394240266236
2017-05,gradient boosting,12,2018-05,27.528536960852723,22.28945321441668,87,21.689976609978117,7,"sin_year, cos_year, year_fraction, soil_temp_f_lag12, soil_temp_f_lag13, atm_temp_f_lag12, atm_temp_f_lag13",-5.239083746436041,0.24154400166692142
2017-06,ordinary least squares,1,2017-07,104.3120680479008,87.66503940194706,88,21.750118267015672,9,"sin_year, cos_year, year_fraction, flux_lag1, flux_lag2, flux_lag12, soil_temp_f_lag1, atm_temp_f_lag1, precip_in_lag1",-16.64702864595374,0.7653764656167027
2017-06,ridge,1,2017-07,102.7421121994631,87.66503940194706,88,21.750118267015672,9,"sin_year, cos_year, year_fraction, flux_lag1, flux_lag2, flux_lag12, soil_temp_f_lag1, atm_temp_f_lag1, precip_in_lag1",-15.077072797516038,0.6931949800190562
2017-06,random forest,1,2017-07,116.2979162194126,87.66503940194706,88,21.750118267015672,9,"sin_year, cos_year, year_fraction, flux_lag1, flux_lag2, flux_lag12, soil_temp_f_lag1, atm_temp_f_lag1, precip_in_lag1",-28.632876817465544,1.3164469482856864
2017-06,gradient boosting,1,2017-07,97.80970131055525,87.66503940194706,88,21.750118267015672,9,"sin_year, cos_year, year_fraction, flux_lag1, flux_lag2, flux_lag12, soil_temp_f_lag1, atm_temp_f_lag1, precip_in_lag1",-10.1446619086082,0.4664187009958795
2017-06,ordinary least squares,3,2017-09,74.42711394082745,57.26309737930811,88,21.750118267015672,3,"sin_year, cos_year, year_fraction",-17.164016561519347,0.7891458957052566
2017-06,ridge,3,2017-09,74.35361970086666,57.26309737930811,88,21.750118267015672,3,"sin_year, cos_year, year_fraction",-17.090522321558552,0.785766868563494
2017-06,random forest,3,2017-09,76.29836276122752,57.26309737930811,88,21.750118267015672,3,"sin_year, cos_year, year_fraction",-19.035265381919416,0.8751798564142355
2017-06,gradient boosting,3,2017-09,76.22921391008606,57.26309737930811,88,21.750118267015672,3,"sin_year, cos_year, year_fraction",-18.966116530777953,0.8720006161778121
2017-06,ordinary least squares,6,2017-12,19.066158266852494,15.912696746808685,88,21.750118267015672,5,"sin_year, cos_year, year_fraction, soil_temp_f_lag6, atm_temp_f_lag6",-3.153461520043809,0.14498594818337485
2017-06,ridge,6,2017-12,16.85799855758244,15.912696746808685,88,21.750118267015672,5,"sin_year, cos_year, year_fraction, soil_temp_f_lag6, atm_temp_f_lag6",-0.9453018107737563,0.04346191589253647
2017-06,random forest,6,2017-12,15.325752736128171,15.912696746808685,88,21.750118267015672,5,"sin_year, cos_year, year_fraction, soil_temp_f_lag6, atm_temp_f_lag6",0.5869440106805133,0.02698578478861061
2017-06,gradient boosting,6,2017-12,16.43823777682865,15.912696746808685,88,21.750118267015672,5,"sin_year, cos_year, year_fraction, soil_temp_f_lag6, atm_temp_f_lag6",-0.5255410300199657,0.024162674591841425
2017-06,ordinary least squares,12,2018-06,57.374301338125555,49.00751314913543,88,21.750118267015672,5,"sin_year, cos_year, year_fraction, soil_temp_f_lag12, atm_temp_f_lag12",-8.366788188990128,0.3846778250249088
2017-06,ridge,12,2018-06,53.67222569734947,49.00751314913543,88,21.750118267015672,5,"sin_year, cos_year, year_fraction, soil_temp_f_lag12, atm_temp_f_lag12",-4.664712548214041,0.21446837626111376
2017-06,random forest,12,2018-06,37.39418990872949,49.00751314913543,88,21.750118267015672,5,"sin_year, cos_year, year_fraction, soil_temp_f_lag12, atm_temp_f_lag12",11.61332324040594,0.5339429927614551
2017-06,gradient boosting,12,2018-06,45.567757827561145,49.00751314913543,88,21.750118267015672,5,"sin_year, cos_year, year_fraction, soil_temp_f_lag12, atm_temp_f_lag12",3.4397553215742818,0.15814881001317194
2017-07,ordinary least squares,1,2017-08,95.03821834794542,64.92411901892125,89,21.833701560444787,7,"sin_year, cos_year, year_fraction, flux_lag1, flux_lag2, soil_temp_f_lag1, atm_temp_f_lag1",-30.11409932902417,1.3792484634662516
2017-07,ridge,1,2017-08,94.02715687167688,64.92411901892125,89,21.833701560444787,7,"sin_year, cos_year, year_fraction, flux_lag1, flux_lag2, soil_temp_f_lag1, atm_temp_f_lag1",-29.103037852755634,1.3329410852386296
2017-07,random forest,1,2017-08,92.43503672495923,64.92411901892125,89,21.833701560444787,7,"sin_year, cos_year, year_fraction, flux_lag1, flux_lag2, soil_temp_f_lag1, atm_temp_f_lag1",-27.510917706037986,1.2600207816286348
2017-07,gradient boosting,1,2017-08,111.77811291560292,64.92411901892125,89,21.833701560444787,7,"sin_year, cos_year, year_fraction, flux_lag1, flux_lag2, soil_temp_f_lag1, atm_temp_f_lag1",-46.85399389668167,2.1459482610848317
2017-07,ordinary least squares,3,2017-10,44.38783019389236,44.335099592081605,89,21.833701560444787,3,"sin_year, cos_year, year_fraction",-0.05273060181075806,0.0024151013361054592
2017-07,ridge,3,2017-10,44.36001366112817,44.335099592081605,89,21.833701560444787,3,"sin_year, cos_year, year_fraction",-0.024914069046566567,0.0011410831542967663
2017-07,random forest,3,2017-10,44.11187017319289,44.335099592081605,89,21.833701560444787,3,"sin_year, cos_year, year_fraction",0.22322941888871384,0.010224075760618132
2017-07,gradient boosting,3,2017-10,44.74454560857625,44.335099592081605,89,21.833701560444787,3,"sin_year, cos_year, year_fraction",-0.4094460164946483,0.018752936388780943
2017-07,ordinary least squares,6,2018-01,13.81636152529281,14.127256433427142,89,21.833701560444787,7,"sin_year, cos_year, year_fraction, flux_lag12, soil_temp_f_lag6, atm_temp_f_lag6, atm_temp_f_lag7",0.3108949081343315,0.014239221291618594
2017-07,ridge,6,2018-01,13.492377625325664,14.127256433427142,89,21.833701560444787,7,"sin_year, cos_year, year_fraction, flux_lag12, soil_temp_f_lag6, atm_temp_f_lag6, atm_temp_f_lag7",0.6348788081014778,0.029077928281829292
2017-07,random forest,6,2018-01,12.379575608980753,14.127256433427142,89,21.833701560444787,7,"sin_year, cos_year, year_fraction, flux_lag12, soil_temp_f_lag6, atm_temp_f_lag6, atm_temp_f_lag7",1.7476808244463893,0.08004509998490546
2017-07,gradient boosting,6,2018-01,12.950008440425762,14.127256433427142,89,21.833701560444787,7,"sin_year, cos_year, year_fraction, flux_lag12, soil_temp_f_lag6, atm_temp_f_lag6, atm_temp_f_lag7",1.1772479930013802,0.053918846043684666
2017-07,ordinary least squares,12,2018-07,95.4067080301402,104.34712761304148,89,21.833701560444787,4,"sin_year, cos_year, year_fraction, soil_temp_f_lag12",8.940419582901285,0.4094779603976209
2017-07,ridge,12,2018-07,91.44524762269931,104.34712761304148,89,21.833701560444787,4,"sin_year, cos_year, year_fraction, soil_temp_f_lag12",12.901879990342167,0.5909158350737911
2017-07,random forest,12,2018-07,118.2998533712391,104.34712761304148,89,21.833701560444787,4,"sin_year, cos_year, year_fraction, soil_temp_f_lag12",-13.952725758197616,0.6390453638642378
2017-07,gradient boosting,12,2018-07,86.87130484518944,104.34712761304148,89,21.833701560444787,4,"sin_year, cos_year, year_fraction, soil_temp_f_lag12",17.475822767852037,0.800405864276915
2017-08,ordinary least squares,1,2017-09,45.395235276118136,57.26309737930811,90,21.775884073519958,7,"sin_year, cos_year, year_fraction, flux_lag1, flux_lag2, soil_temp_f_lag1, atm_temp_f_lag1",11.867862103189971,0.5450002426134147
2017-08,ridge,1,2017-09,45.720159938900075,57.26309737930811,90,21.775884073519958,7,"sin_year, cos_year, year_fraction, flux_lag1, flux_lag2, soil_temp_f_lag1, atm_temp_f_lag1",11.542937440408032,0.5300789350933652
2017-08,random forest,1,2017-09,60.61420023088871,57.26309737930811,90,21.775884073519958,7,"sin_year, cos_year, year_fraction, flux_lag1, flux_lag2, soil_temp_f_lag1, atm_temp_f_lag1",-3.351102851580606,0.1538905534336323
2017-08,gradient boosting,1,2017-09,67.77653899600715,57.26309737930811,90,21.775884073519958,7,"sin_year, cos_year, year_fraction, flux_lag1, flux_lag2, soil_temp_f_lag1, atm_temp_f_lag1",-10.51344161669904,0.4828020566790057
2017-08,ordinary least squares,3,2017-11,26.452668310649383,24.726785832255885,90,21.775884073519958,3,"sin_year, cos_year, year_fraction",-1.7258824783934976,0.07925659746197013
2017-08,ridge,3,2017-11,26.47971218696625,24.726785832255885,90,21.775884073519958,3,"sin_year, cos_year, year_fraction",-1.7529263547103646,0.08049851610121164
2017-08,random forest,3,2017-11,26.26234355452975,24.726785832255885,90,21.775884073519958,3,"sin_year, cos_year, year_fraction",-1.5355577222738646,0.07051643538739916
2017-08,gradient boosting,3,2017-11,27.59311064178275,24.726785832255885,90,21.775884073519958,3,"sin_year, cos_year, year_fraction",-2.8663248095268656,0.13162840139346588
2017-08,ordinary least squares,6,2018-02,8.950793850694524,15.193683556828182,90,21.775884073519958,5,"sin_year, cos_year, year_fraction, soil_temp_f_lag6, atm_temp_f_lag6",6.242889706133658,0.2866882320394594
2017-08,ridge,6,2018-02,10.744609923240816,15.193683556828182,90,21.775884073519958,5,"sin_year, cos_year, year_fraction, soil_temp_f_lag6, atm_temp_f_lag6",4.449073633587366,0.20431196357247122
2017-08,random forest,6,2018-02,12.242458587841131,15.193683556828182,90,21.775884073519958,5,"sin_year, cos_year, year_fraction, soil_temp_f_lag6, atm_temp_f_lag6",2.9512249689870504,0.1355272171280438
2017-08,gradient boosting,6,2018-02,13.113323961882484,15.193683556828182,90,21.775884073519958,5,"sin_year, cos_year, year_fraction, soil_temp_f_lag6, atm_temp_f_lag6",2.0803595949456977,0.09553502341957584
2017-08,ordinary least squares,12,2018-08,90.3996504604876,84.43051869211212,90,21.775884073519958,5,"sin_year, cos_year, year_fraction, soil_temp_f_lag12, atm_temp_f_lag13",-5.96913176837549,0.2741166213147741
2017-08,ridge,12,2018-08,91.87977200191051,84.43051869211212,90,21.775884073519958,5,"sin_year, cos_year, year_fraction, soil_temp_f_lag12, atm_temp_f_lag13",-7.449253309798394,0.3420872964169055
2017-08,random forest,12,2018-08,74.18977013226335,84.43051869211212,90,21.775884073519958,5,"sin_year, cos_year, year_fraction, soil_temp_f_lag12, atm_temp_f_lag13",10.240748559848768,0.47027934779932934
2017-08,gradient boosting,12,2018-08,94.12803543640882,84.43051869211212,90,21.775884073519958,5,"sin_year, cos_year, year_fraction, soil_temp_f_lag12, atm_temp_f_lag13",-9.697516744296706,0.4453328604963111
2017-09,ordinary least squares,1,2017-10,38.74424367718041,44.335099592081605,91,21.67400652409276,9,"sin_year, cos_year, year_fraction, flux_lag1, flux_lag2, flux_lag12, soil_temp_f_lag1, atm_temp_f_lag1, precip_in_lag1",5.590855914901198,0.25795211922107797
2017-09,ridge,1,2017-10,38.60186847377636,44.335099592081605,91,21.67400652409276,9,"sin_year, cos_year, year_fraction, flux_lag1, flux_lag2, flux_lag12, soil_temp_f_lag1, atm_temp_f_lag1, precip_in_lag1",5.733231118305241,0.26452105714428936
2017-09,random forest,1,2017-10,35.975963985258616,44.335099592081605,91,21.67400652409276,9,"sin_year, cos_year, year_fraction, flux_lag1, flux_lag2, flux_lag12, soil_temp_f_lag1, atm_temp_f_lag1, precip_in_lag1",8.359135606822989,0.38567560628585207
2017-09,gradient boosting,1,2017-10,37.08705194106762,44.335099592081605,91,21.67400652409276,9,"sin_year, cos_year, year_fraction, flux_lag1, flux_lag2, flux_lag12, soil_temp_f_lag1, atm_temp_f_lag1, precip_in_lag1",7.248047651013984,0.3344119899086067
2017-09,ordinary least squares,3,2017-12,16.781476173853,15.912696746808685,91,21.67400652409276,3,"sin_year, cos_year, year_fraction",-0.8687794270443163,0.04008393307802061
2017-09,ridge,3,2017-12,16.820721555116904,15.912696746808685,91,21.67400652409276,3,"sin_year, cos_year, year_fraction",-0.9080248083082196,0.04189464496556564
2017-09,random forest,3,2017-12,16.494063258655114,15.912696746808685,91,21.67400652409276,3,"sin_year, cos_year, year_fraction",-0.5813665118464293,0.02682321384374338
2017-09,gradient boosting,3,2017-12,18.459527487522667,15.912696746808685,91,21.67400652409276,3,"sin_year, cos_year, year_fraction",-2.5468307407139825,0.11750622746574027
2017-09,ordinary least squares,6,2018-03,17.5692811478811,11.878382965146416,91,21.67400652409276,6,"sin_year, cos_year, year_fraction, flux_lag12, soil_temp_f_lag6, atm_temp_f_lag6",-5.690898182734683,0.26256789100846206
2017-09,ridge,6,2018-03,16.273929965143722,11.878382965146416,91,21.67400652409276,6,"sin_year, cos_year, year_fraction, flux_lag12, soil_temp_f_lag6, atm_temp_f_lag6",-4.395546999997306,0.20280269802037887
2017-09,random forest,6,2018-03,11.642568310789462,11.878382965146416,91,21.67400652409276,6,"sin_year, cos_year, year_fraction, flux_lag12, soil_temp_f_lag6, atm_temp_f_lag6",0.23581465435695392,0.010880067517504116
2017-09,gradient boosting,6,2018-03,12.851357025620352,11.878382965146416,91,21.67400652409276,6,"sin_year, cos_year, year_fraction, flux_lag12, soil_temp_f_lag6, atm_temp_f_lag6",-0.9729740604739359,0.04489128760722577
2017-09,ordinary least squares,12,2018-09,72.43243595066724,60.839375624821194,91,21.67400652409276,6,"sin_year, cos_year, year_fraction, soil_temp_f_lag12, atm_temp_f_lag12, atm_temp_f_lag13",-11.593060325846047,0.5348831243064929
2017-09,ridge,12,2018-09,72.75663846109543,60.839375624821194,91,21.67400652409276,6,"sin_year, cos_year, year_fraction, soil_temp_f_lag12, atm_temp_f_lag12, atm_temp_f_lag13",-11.91726283627424,0.5498412498412347
2017-09,random forest,12,2018-09,58.11318845125597,60.839375624821194,91,21.67400652409276,6,"sin_year, cos_year, year_fraction, soil_temp_f_lag12, atm_temp_f_lag12, atm_temp_f_lag13",2.726187173565222,0.1257814133503559
2017-09,gradient boosting,12,2018-09,74.47138165063885,60.839375624821194,91,21.67400652409276,6,"sin_year, cos_year, year_fraction, soil_temp_f_lag12, atm_temp_f_lag12, atm_temp_f_lag13",-13.632006025817653,0.6289564419326144
2017-10,ordinary least squares,1,2017-11,25.943859768586105,24.726785832255885,92,21.421713213176595,7,"sin_year, cos_year, year_fraction, flux_lag1, flux_lag12, soil_temp_f_lag1, atm_temp_f_lag1",-1.2170739363302197,0.05681496732864446
2017-10,ridge,1,2017-11,25.54409602512415,24.726785832255885,92,21.421713213176595,7,"sin_year, cos_year, year_fraction, flux_lag1, flux_lag12, soil_temp_f_lag1, atm_temp_f_lag1",-0.8173101928682662,0.038153353316556164
2017-10,random forest,1,2017-11,25.663734011520265,24.726785832255885,92,21.421713213176595,7,"sin_year, cos_year, year_fraction, flux_lag1, flux_lag12, soil_temp_f_lag1, atm_temp_f_lag1",-0.9369481792643803,0.04373824679382129
2017-10,gradient boosting,1,2017-11,33.03363353855991,24.726785832255885,92,21.421713213176595,7,"sin_year, cos_year, year_fraction, flux_lag1, flux_lag12, soil_temp_f_lag1, atm_temp_f_lag1",-8.306847706304026,0.38777700101009877
2017-10,ordinary least squares,3,2018-01,13.330969568327927,14.127256433427142,92,21.421713213176595,4,"sin_year, cos_year, year_fraction, flux_lag12",0.7962868650992156,0.03717195058934016
2017-10,ridge,3,2018-01,13.311837138468345,14.127256433427142,92,21.421713213176595,4,"sin_year, cos_year, year_fraction, flux_lag12",0.8154192949587973,0.038065083163247145
2017-10,random forest,3,2018-01,13.436722089937447,14.127256433427142,92,21.421713213176595,4,"sin_year, cos_year, year_fraction, flux_lag12",0.6905343434896949,0.03223525292388585
2017-10,gradient boosting,3,2018-01,12.941068096127154,14.127256433427142,92,21.421713213176595,4,"sin_year, cos_year, year_fraction, flux_lag12",1.1861883372999884,0.055373177929128395
2017-10,ordinary least squares,6,2018-04,26.93785845598043,14.762731692428028,92,21.421713213176595,6,"sin_year, cos_year, year_fraction, flux_lag12, soil_temp_f_lag6, atm_temp_f_lag6",-12.1751267635524,0.5683544841811916
2017-10,ridge,6,2018-04,25.89078027797133,14.762731692428028,92,21.421713213176595,6,"sin_year, cos_year, year_fraction, flux_lag12, soil_temp_f_lag6, atm_temp_f_lag6",-11.128048585543302,0.5194751920541252
2017-10,random forest,6,2018-04,18.835430883945033,14.762731692428028,92,21.421713213176595,6,"sin_year, cos_year, year_fraction, flux_lag12, soil_temp_f_lag6, atm_temp_f_lag6",-4.072699191517005,0.19012014356591558
2017-10,gradient boosting,6,2018-04,18.90828241287769,14.762731692428028,92,21.421713213176595,6,"sin_year, cos_year, year_fraction, flux_lag12, soil_temp_f_lag6, atm_temp_f_lag6",-4.145550720449661,0.1935209700174547
2017-10,ordinary least squares,12,2018-10,45.567481779408006,42.393686961695,92,21.421713213176595,6,"sin_year, cos_year, year_fraction, soil_temp_f_lag12, atm_temp_f_lag12, atm_temp_f_lag13",-3.173794817713002,0.14815784275184798
2017-10,ridge,12,2018-10,44.279331677863446,42.393686961695,92,21.421713213176595,6,"sin_year, cos_year, year_fraction, soil_temp_f_lag12, atm_temp_f_lag12, atm_temp_f_lag13",-1.8856447161684429,0.0880249258032534
2017-10,random forest,12,2018-10,44.74352570933618,42.393686961695,92,21.421713213176595,6,"sin_year, cos_year, year_fraction, soil_temp_f_lag12, atm_temp_f_lag12, atm_temp_f_lag13",-2.3498387476411793,0.10969424920672463
2017-10,gradient boosting,12,2018-10,44.29591955464958,42.393686961695,92,21.421713213176595,6,"sin_year, cos_year, year_fraction, soil_temp_f_lag12, atm_temp_f_lag12, atm_temp_f_lag13",-1.9022325929545758,0.08879927455029618
2017-11,ordinary least squares,1,2017-12,8.001898875394996,15.912696746808685,93,21.230752456974205,8,"sin_year, cos_year, year_fraction, flux_lag1, flux_lag12, soil_temp_f_lag1, atm_temp_f_lag1, precip_in_lag1",7.910797871413688,0.3726103390563073
2017-11,ridge,1,2017-12,11.395672563377165,15.912696746808685,93,21.230752456974205,8,"sin_year, cos_year, year_fraction, flux_lag1, flux_lag12, soil_temp_f_lag1, atm_temp_f_lag1, precip_in_lag1",4.51702418343152,0.21275855354564685
2017-11,random forest,1,2017-12,14.838533368136433,15.912696746808685,93,21.230752456974205,8,"sin_year, cos_year, year_fraction, flux_lag1, flux_lag12, soil_temp_f_lag1, atm_temp_f_lag1, precip_in_lag1",1.0741633786722513,0.05059469186733387
2017-11,gradient boosting,1,2017-12,13.086090145171667,15.912696746808685,93,21.230752456974205,8,"sin_year, cos_year, year_fraction, flux_lag1, flux_lag12, soil_temp_f_lag1, atm_temp_f_lag1, precip_in_lag1",2.8266066016370175,0.13313737265626166
2017-11,ordinary least squares,3,2018-02,11.368329641629966,15.193683556828182,93,21.230752456974205,3,"sin_year, cos_year, year_fraction",3.8253539151982157,0.18017985575172604
2017-11,ridge,3,2018-02,11.362900809151283,15.193683556828182,93,21.230752456974205,3,"sin_year, cos_year, year_fraction",3.830782747676899,0.1804355618313709
2017-11,random forest,3,2018-02,11.004263547819106,15.193683556828182,93,21.230752456974205,3,"sin_year, cos_year, year_fraction",4.189420009009076,0.19732790995040173
2017-11,gradient boosting,3,2018-02,12.795857326431484,15.193683556828182,93,21.230752456974205,3,"sin_year, cos_year, year_fraction",2.3978262303966975,0.11294117979360749
2017-11,ordinary least squares,6,2018-05,26.35319892739753,22.28945321441668,93,21.230752456974205,6,"sin_year, cos_year, year_fraction, flux_lag12, soil_temp_f_lag6, atm_temp_f_lag6",-4.063745712980847,0.19140846379403406
2017-11,ridge,6,2018-05,29.104528726995774,22.28945321441668,93,21.230752456974205,6,"sin_year, cos_year, year_fraction, flux_lag12, soil_temp_f_lag6, atm_temp_f_lag6",-6.815075512579092,0.3210001871761437
2017-11,random forest,6,2018-05,23.436877595685257,22.28945321441668,93,21.230752456974205,6,"sin_year, cos_year, year_fraction, flux_lag12, soil_temp_f_lag6, atm_temp_f_lag6",-1.147424381268575,0.05404539399128321
2017-11,gradient boosting,6,2018-05,27.825956202217345,22.28945321441668,93,21.230752456974205,6,"sin_year, cos_year, year_fraction, flux_lag12, soil_temp_f_lag6, atm_temp_f_lag6",-5.536502987800663,0.2607775206752951
2017-11,ordinary least squares,12,2018-11,17.300602679485063,22.555424762260788,93,21.230752456974205,6,"sin_year, cos_year, year_fraction, soil_temp_f_lag12, atm_temp_f_lag12, atm_temp_f_lag13",5.254822082775725,0.2475099313330998
2017-11,ridge,12,2018-11,21.624839387578984,22.555424762260788,93,21.230752456974205,6,"sin_year, cos_year, year_fraction, soil_temp_f_lag12, atm_temp_f_lag12, atm_temp_f_lag13",0.9305853746818045,0.04383195445228374
2017-11,random forest,12,2018-11,26.04773762362866,22.555424762260788,93,21.230752456974205,6,"sin_year, cos_year, year_fraction, soil_temp_f_lag12, atm_temp_f_lag12, atm_temp_f_lag13",-3.4923128613678713,0.16449312705450825
2017-11,gradient boosting,12,2018-11,26.885995975989964,22.555424762260788,93,21.230752456974205,6,"sin_year, cos_year, year_fraction, soil_temp_f_lag12, atm_temp_f_lag12, atm_temp_f_lag13",-4.330571213729176,0.20397634151240848
2017-12,ordinary least squares,1,2018-01,6.792968051810368,14.127256433427142,94,21.021812886733862,7,"sin_year, cos_year, year_fraction, flux_lag1, flux_lag12, soil_temp_f_lag1, atm_temp_f_lag1",7.3342883816167745,0.3488894331394791
2017-12,ridge,1,2018-01,11.417718632037248,14.127256433427142,94,21.021812886733862,7,"sin_year, cos_year, year_fraction, flux_lag1, flux_lag12, soil_temp_f_lag1, atm_temp_f_lag1",2.709537801389894,0.12889172860537587
2017-12,random forest,1,2018-01,14.77660122144102,14.127256433427142,94,21.021812886733862,7,"sin_year, cos_year, year_fraction, flux_lag1, flux_lag12, soil_temp_f_lag1, atm_temp_f_lag1",-0.6493447880138774,0.03088909560334144
2017-12,gradient boosting,1,2018-01,11.747184427706435,14.127256433427142,94,21.021812886733862,7,"sin_year, cos_year, year_fraction, flux_lag1, flux_lag12, soil_temp_f_lag1, atm_temp_f_lag1",2.3800720057207077,0.11321916042848468
2017-12,ordinary least squares,3,2018-03,12.72713649469339,11.878382965146416,94,21.021812886733862,3,"sin_year, cos_year, year_fraction",-0.8487535295469737,0.04037489697582613
2017-12,ridge,3,2018-03,12.740702075589057,11.878382965146416,94,21.021812886733862,3,"sin_year, cos_year, year_fraction",-0.8623191104426411,0.04102020672949767
2017-12,random forest,3,2018-03,11.840176864413328,11.878382965146416,94,21.021812886733862,3,"sin_year, cos_year, year_fraction",0.03820610073308828,0.0018174503283300949
2017-12,gradient boosting,3,2018-03,13.721905000973774,11.878382965146416,94,21.021812886733862,3,"sin_year, cos_year, year_fraction",-1.8435220358273572,0.08769567333513563
2017-12,ordinary least squares,6,2018-06,35.47522520122459,49.00751314913543,94,21.021812886733862,5,"sin_year, cos_year, year_fraction, soil_temp_f_lag6, atm_temp_f_lag6",13.532287947910838,0.6437260202449331
2017-12,ridge,6,2018-06,38.37299529934472,49.00751314913543,94,21.021812886733862,5,"sin_year, cos_year, year_fraction, soil_temp_f_lag6, atm_temp_f_lag6",10.634517849790704,0.5058801496849865
2017-12,random forest,6,2018-06,33.56312769430775,49.00751314913543,94,21.021812886733862,5,"sin_year, cos_year, year_fraction, soil_temp_f_lag6, atm_temp_f_lag6",15.444385454827675,0.7346838038204636
2017-12,gradient boosting,6,2018-06,46.340759349557885,49.00751314913543,94,21.021812886733862,5,"sin_year, cos_year, year_fraction, soil_temp_f_lag6, atm_temp_f_lag6",2.666753799577542,0.12685650918624805
2017-12,ordinary least squares,12,2018-12,13.188719456964694,15.655540193235684,94,21.021812886733862,6,"sin_year, cos_year, year_fraction, soil_temp_f_lag12, atm_temp_f_lag12, atm_temp_f_lag13",2.4668207362709893,0.11734576601753098
2017-12,ridge,12,2018-12,17.538135191396837,15.655540193235684,94,21.021812886733862,6,"sin_year, cos_year, year_fraction, soil_temp_f_lag12, atm_temp_f_lag12, atm_temp_f_lag13",-1.882594998161153,0.08955435995480644
2017-12,random forest,12,2018-12,15.80224012303484,15.655540193235684,94,21.021812886733862,6,"sin_year, cos_year, year_fraction, soil_temp_f_lag12, atm_temp_f_lag12, atm_temp_f_lag13",-0.1466999297991567,0.006978462351918941
2017-12,gradient boosting,12,2018-12,16.95247815578675,15.655540193235684,94,21.021812886733862,6,"sin_year, cos_year, year_fraction, soil_temp_f_lag12, atm_temp_f_lag12, atm_temp_f_lag13",-1.2969379625510662,0.06169486759010774
2018-01,ordinary least squares,1,2018-02,14.278686531709951,15.193683556828182,95,20.784778190853135,7,"sin_year, cos_year, year_fraction, flux_lag1, flux_lag12, soil_temp_f_lag1, atm_temp_f_lag1",0.9149970251182307,0.04402245800827926
2018-01,ridge,1,2018-02,14.132026997736581,15.193683556828182,95,20.784778190853135,7,"sin_year, cos_year, year_fraction, flux_lag1, flux_lag12, soil_temp_f_lag1, atm_temp_f_lag1",1.0616565590916007,0.05107856092295512
2018-01,random forest,1,2018-02,14.145488913217624,15.193683556828182,95,20.784778190853135,7,"sin_year, cos_year, year_fraction, flux_lag1, flux_lag12, soil_temp_f_lag1, atm_temp_f_lag1",1.0481946436105574,0.05043087946311796
2018-01,gradient boosting,1,2018-02,20.859304178967044,15.193683556828182,95,20.784778190853135,7,"sin_year, cos_year, year_fraction, flux_lag1, flux_lag12, soil_temp_f_lag1, atm_temp_f_lag1",-5.665620622138862,0.27258508943974014
2018-01,ordinary least squares,3,2018-04,19.543887875139312,14.762731692428028,95,20.784778190853135,4,"sin_year, cos_year, year_fraction, flux_lag12",-4.781156182711284,0.23003161923639637
2018-01,ridge,3,2018-04,19.562762873692154,14.762731692428028,95,20.784778190853135,4,"sin_year, cos_year, year_fraction, flux_lag12",-4.800031181264126,0.23093973566561804
2018-01,random forest,3,2018-04,13.05163685073236,14.762731692428028,95,20.784778190853135,4,"sin_year, cos_year, year_fraction, flux_lag12",1.7110948416956688,0.08232442155426413
2018-01,gradient boosting,3,2018-04,20.201524929010596,14.762731692428028,95,20.784778190853135,4,"sin_year, cos_year, year_fraction, flux_lag12",-5.438793236582567,0.261671940236343
2018-01,ordinary least squares,6,2018-07,81.14958731234763,104.34712761304148,95,20.784778190853135,6,"sin_year, cos_year, year_fraction, flux_lag12, soil_temp_f_lag6, atm_temp_f_lag6",23.197540300693845,1.1160831300524778
2018-01,ridge,6,2018-07,81.12078544221961,104.34712761304148,95,20.784778190853135,6,"sin_year, cos_year, year_fraction, flux_lag12, soil_temp_f_lag6, atm_temp_f_lag6",23.226342170821866,1.1174688494411358
2018-01,random forest,6,2018-07,55.60920044066534,104.34712761304148,95,20.784778190853135,6,"sin_year, cos_year, year_fraction, flux_lag12, soil_temp_f_lag6, atm_temp_f_lag6",48.73792717237614,2.344885604496106
2018-01,gradient boosting,6,2018-07,85.70365730820347,104.34712761304148,95,20.784778190853135,6,"sin_year, cos_year, year_fraction, flux_lag12, soil_temp_f_lag6, atm_temp_f_lag6",18.643470304838004,0.8969771115018458
2018-01,ordinary least squares,12,2019-01,11.006929828234297,10.309633955284076,95,20.784778190853135,6,"sin_year, cos_year, year_fraction, soil_temp_f_lag12, atm_temp_f_lag12, atm_temp_f_lag13",-0.697295872950221,0.03354839135387471
2018-01,ridge,12,2019-01,14.756155090427901,10.309633955284076,95,20.784778190853135,6,"sin_year, cos_year, year_fraction, soil_temp_f_lag12, atm_temp_f_lag12, atm_temp_f_lag13",-4.446521135143826,0.21393161352574017
2018-01,random forest,12,2019-01,11.623237514920168,10.309633955284076,95,20.784778190853135,6,"sin_year, cos_year, year_fraction, soil_temp_f_lag12, atm_temp_f_lag12, atm_temp_f_lag13",-1.3136035596360927,0.06320026836823195
2018-01,gradient boosting,12,2019-01,13.874271859894941,10.309633955284076,95,20.784778190853135,6,"sin_year, cos_year, year_fraction, soil_temp_f_lag12, atm_temp_f_lag12, atm_temp_f_lag13",-3.5646379046108656,0.17150233078645863
2018-02,ordinary least squares,1,2018-03,21.280980340244113,11.878382965146416,96,20.602529277858125,8,"sin_year, cos_year, year_fraction, flux_lag1, flux_lag12, soil_temp_f_lag1, atm_temp_f_lag1, precip_in_lag1",-9.402597375097697,0.4563807311368717
2018-02,ridge,1,2018-03,18.75551556376164,11.878382965146416,96,20.602529277858125,8,"sin_year, cos_year, year_fraction, flux_lag1, flux_lag12, soil_temp_f_lag1, atm_temp_f_lag1, precip_in_lag1",-6.8771325986152245,0.33380040410893586
2018-02,random forest,1,2018-03,14.529118015098092,11.878382965146416,96,20.602529277858125,8,"sin_year, cos_year, year_fraction, flux_lag1, flux_lag12, soil_temp_f_lag1, atm_temp_f_lag1, precip_in_lag1",-2.6507350499516757,0.128660661717902
2018-02,gradient boosting,1,2018-03,20.818194602529815,11.878382965146416,96,20.602529277858125,8,"sin_year, cos_year, year_fraction, flux_lag1, flux_lag12, soil_temp_f_lag1, atm_temp_f_lag1, precip_in_lag1",-8.939811637383398,0.4339181620283467
2018-02,ordinary least squares,3,2018-05,27.289670833074574,22.28945321441668,96,20.602529277858125,3,"sin_year, cos_year, year_fraction",-5.000217618657892,0.2426992118890814
2018-02,ridge,3,2018-05,27.30550065214149,22.28945321441668,96,20.602529277858125,3,"sin_year, cos_year, year_fraction",-5.016047437724808,0.2434675553702834
2018-02,random forest,3,2018-05,27.692935159798104,22.28945321441668,96,20.602529277858125,3,"sin_year, cos_year, year_fraction",-5.403481945381422,0.2622727468315569
2018-02,gradient boosting,3,2018-05,29.83841408785783,22.28945321441668,96,20.602529277858125,3,"sin_year, cos_year, year_fraction",-7.54896087344115,0.3664094234077435
2018-02,ordinary least squares,6,2018-08,75.69909554928307,84.43051869211212,96,20.602529277858125,6,"sin_year, cos_year, year_fraction, flux_lag12, soil_temp_f_lag6, atm_temp_f_lag6",8.731423142829044,0.42380345757900934
2018-02,ridge,6,2018-08,77.93022234670462,84.43051869211212,96,20.602529277858125,6,"sin_year, cos_year, year_fraction, flux_lag12, soil_temp_f_lag6, atm_temp_f_lag6",6.500296345407492,0.31550962785882153
2018-02,random forest,6,2018-08,61.47397882483145,84.43051869211212,96,20.602529277858125,6,"sin_year, cos_year, year_fraction, flux_lag12, soil_temp_f_lag6, atm_temp_f_lag6",22.956539867280668,1.1142583300173943
2018-02,gradient boosting,6,2018-08,88.78561127042128,84.43051869211212,96,20.602529277858125,6,"sin_year, cos_year, year_fraction, flux_lag12, soil_temp_f_lag6, atm_temp_f_lag6",-4.3550925783091685,0.21138630697104058
2018-02,ordinary least squares,12,2019-02,10.633259531843784,12.942285563526768,96,20.602529277858125,5,"sin_year, cos_year, year_fraction, soil_temp_f_lag12, atm_temp_f_lag13",2.3090260316829845,0.11207488170709858
2018-02,ridge,12,2019-02,11.661663141747816,12.942285563526768,96,20.602529277858125,5,"sin_year, cos_year, year_fraction, soil_temp_f_lag12, atm_temp_f_lag13",1.2806224217789524,0.062158505128555176
2018-02,random forest,12,2019-02,9.383713851173203,12.942285563526768,96,20.602529277858125,5,"sin_year, cos_year, year_fraction, soil_temp_f_lag12, atm_temp_f_lag13",3.558571712353565,0.17272499237159297
2018-02,gradient boosting,12,2019-02,12.676734354778704,12.942285563526768,96,20.602529277858125,5,"sin_year, cos_year, year_fraction, soil_temp_f_lag12, atm_temp_f_lag13",0.2655512087480645,0.012889252827489327
2018-03,ordinary least squares,1,2018-04,9.574793298744002,14.762731692428028,97,20.363195374043013,8,"sin_year, cos_year, year_fraction, flux_lag1, flux_lag12, soil_temp_f_lag1, atm_temp_f_lag1, precip_in_lag1",5.187938393684027,0.2547703490728718
2018-03,ridge,1,2018-04,10.873316965172673,14.762731692428028,97,20.363195374043013,8,"sin_year, cos_year, year_fraction, flux_lag1, flux_lag12, soil_temp_f_lag1, atm_temp_f_lag1, precip_in_lag1",3.889414727255355,0.19100218093537502
2018-03,random forest,1,2018-04,15.012141172157882,14.762731692428028,97,20.363195374043013,8,"sin_year, cos_year, year_fraction, flux_lag1, flux_lag12, soil_temp_f_lag1, atm_temp_f_lag1, precip_in_lag1",-0.24940947972985406,0.01224805219164064
2018-03,gradient boosting,1,2018-04,17.65730710384435,14.762731692428028,97,20.363195374043013,8,"sin_year, cos_year, year_fraction, flux_lag1, flux_lag12, soil_temp_f_lag1, atm_temp_f_lag1, precip_in_lag1",-2.894575411416321,0.14214740654632424
2018-03,ordinary least squares,3,2018-06,46.01212353092234,49.00751314913543,97,20.363195374043013,3,"sin_year, cos_year, year_fraction",2.995389618213089,0.14709821141486054
2018-03,ridge,3,2018-06,46.01294520759901,49.00751314913543,97,20.363195374043013,3,"sin_year, cos_year, year_fraction",2.994567941536417,0.14705786034708462
2018-03,random forest,3,2018-06,49.57298728742586,49.00751314913543,97,20.363195374043013,3,"sin_year, cos_year, year_fraction",-0.5654741382904334,0.027769420658372894
2018-03,gradient boosting,3,2018-06,47.33909963436049,49.00751314913543,97,20.363195374043013,3,"sin_year, cos_year, year_fraction",1.6684135147749402,0.08193279513006435
2018-03,ordinary least squares,6,2018-09,66.21416115182353,60.839375624821194,97,20.363195374043013,5,"sin_year, cos_year, year_fraction, soil_temp_f_lag6, atm_temp_f_lag6",-5.374785527002338,0.26394607664834285
2018-03,ridge,6,2018-09,66.87637108036924,60.839375624821194,97,20.363195374043013,5,"sin_year, cos_year, year_fraction, soil_temp_f_lag6, atm_temp_f_lag6",-6.036995455548045,0.296466018454226
2018-03,random forest,6,2018-09,71.22273239342937,60.839375624821194,97,20.363195374043013,5,"sin_year, cos_year, year_fraction, soil_temp_f_lag6, atm_temp_f_lag6",-10.383356768608174,0.5099080266078402
2018-03,gradient boosting,6,2018-09,69.13047552320245,60.839375624821194,97,20.363195374043013,5,"sin_year, cos_year, year_fraction, soil_temp_f_lag6, atm_temp_f_lag6",-8.291099898381255,0.40716104452594554
2018-03,ordinary least squares,12,2019-03,6.364758105110127,11.14198549810619,97,20.363195374043013,6,"sin_year, cos_year, year_fraction, soil_temp_f_lag12, atm_temp_f_lag12, atm_temp_f_lag13",4.777227392996062,0.23460106850841295
2018-03,ridge,12,2019-03,9.260982487955687,11.14198549810619,97,20.363195374043013,6,"sin_year, cos_year, year_fraction, soil_temp_f_lag12, atm_temp_f_lag12, atm_temp_f_lag13",1.8810030101505024,0.09237268393290667
2018-03,random forest,12,2019-03,13.131655777960567,11.14198549810619,97,20.363195374043013,6,"sin_year, cos_year, year_fraction, soil_temp_f_lag12, atm_temp_f_lag12, atm_temp_f_lag13",-1.9896702798543782,0.09770913863502056
2018-03,gradient boosting,12,2019-03,13.812989944874953,11.14198549810619,97,20.363195374043013,6,"sin_year, cos_year, year_fraction, soil_temp_f_lag12, atm_temp_f_lag12, atm_temp_f_lag13",-2.671004446768764,0.13116823748464823
2018-04,ordinary least squares,1,2018-05,9.65404983417973,22.28945321441668,98,20.39178895172276,7,"sin_year, cos_year, year_fraction, flux_lag1, flux_lag12, soil_temp_f_lag1, atm_temp_f_lag1",12.635403380236951,0.6196319219540312
2018-04,ridge,1,2018-05,13.792400049330023,22.28945321441668,98,20.39178895172276,7,"sin_year, cos_year, year_fraction, flux_lag1, flux_lag12, soil_temp_f_lag1, atm_temp_f_lag1",8.497053165086658,0.4166899326588412
2018-04,random forest,1,2018-05,22.411948667392167,22.28945321441668,98,20.39178895172276,7,"sin_year, cos_year, year_fraction, flux_lag1, flux_lag12, soil_temp_f_lag1, atm_temp_f_lag1",-0.12249545297548536,0.006007096938159346
2018-04,gradient boosting,1,2018-05,14.102855209471869,22.28945321441668,98,20.39178895172276,7,"sin_year, cos_year, year_fraction, flux_lag1, flux_lag12, soil_temp_f_lag1, atm_temp_f_lag1",8.186598004944813,0.4014654145512419
2018-04,ordinary least squares,3,2018-07,84.46597326305172,104.34712761304148,98,20.39178895172276,4,"sin_year, cos_year, year_fraction, flux_lag12",19.881154349989757,0.9749588129348572
2018-04,ridge,3,2018-07,84.44356022138723,104.34712761304148,98,20.39178895172276,4,"sin_year, cos_year, year_fraction, flux_lag12",19.90356739165425,0.9760579338465906
2018-04,random forest,3,2018-07,74.45842164394482,104.34712761304148,98,20.39178895172276,4,"sin_year, cos_year, year_fraction, flux_lag12",29.888705969096662,1.4657226023600824
2018-04,gradient boosting,3,2018-07,82.66281604719548,104.34712761304148,98,20.39178895172276,4,"sin_year, cos_year, year_fraction, flux_lag12",21.684311565846002,1.0633844640694974
2018-04,ordinary least squares,6,2018-10,30.52987122974895,42.393686961695,98,20.39178895172276,5,"sin_year, cos_year, year_fraction, soil_temp_f_lag6, atm_temp_f_lag6",11.863815731946055,0.5817937680717201
2018-04,ridge,6,2018-10,36.141613127972676,42.393686961695,98,20.39178895172276,5,"sin_year, cos_year, year_fraction, soil_temp_f_lag6, atm_temp_f_lag6",6.252073833722328,0.30659761380053585
2018-04,random forest,6,2018-10,40.82205874861277,42.393686961695,98,20.39178895172276,5,"sin_year, cos_year, year_fraction, soil_temp_f_lag6, atm_temp_f_lag6",1.571628213082235,0.0770716201900206
2018-04,gradient boosting,6,2018-10,41.27433306910924,42.393686961695,98,20.39178895172276,5,"sin_year, cos_year, year_fraction, soil_temp_f_lag6, atm_temp_f_lag6",1.1193538925857638,0.054892383166372336
2018-04,ordinary least squares,12,2019-04,2.873261567215586,13.01437402590086,98,20.39178895172276,7,"sin_year, cos_year, year_fraction, flux_lag13, soil_temp_f_lag12, atm_temp_f_lag12, atm_temp_f_lag13",10.141112458685274,0.49731352568890347
2018-04,ridge,12,2019-04,9.697548851039606,13.01437402590086,98,20.39178895172276,7,"sin_year, cos_year, year_fraction, flux_lag13, soil_temp_f_lag12, atm_temp_f_lag12, atm_temp_f_lag13",3.316825174861254,0.16265493835355915
2018-04,random forest,12,2019-04,18.42501937586305,13.01437402590086,98,20.39178895172276,7,"sin_year, cos_year, year_fraction, flux_lag13, soil_temp_f_lag12, atm_temp_f_lag12, atm_temp_f_lag13",-5.410645349962191,0.26533451100204153
2018-04,gradient boosting,12,2019-04,18.76688416618188,13.01437402590086,98,20.39178895172276,7,"sin_year, cos_year, year_fraction, flux_lag13, soil_temp_f_lag12, atm_temp_f_lag12, atm_temp_f_lag13",-5.7525101402810215,0.2820993368409216
2018-05,ordinary least squares,1,2018-06,32.23545908851957,49.00751314913543,99,20.411233246189905,7,"sin_year, cos_year, year_fraction, flux_lag1, flux_lag12, soil_temp_f_lag1, atm_temp_f_lag1",16.772054060615858,0.8217070403497858
2018-05,ridge,1,2018-06,32.927346707549944,49.00751314913543,99,20.411233246189905,7,"sin_year, cos_year, year_fraction, flux_lag1, flux_lag12, soil_temp_f_lag1, atm_temp_f_lag1",16.080166441585483,0.7878096461705523
2018-05,random forest,1,2018-06,30.3106623386683,49.00751314913543,99,20.411233246189905,7,"sin_year, cos_year, year_fraction, flux_lag1, flux_lag12, soil_temp_f_lag1, atm_temp_f_lag1",18.696850810467126,0.9160078955031883
2018-05,gradient boosting,1,2018-06,42.23007544165475,49.00751314913543,99,20.411233246189905,7,"sin_year, cos_year, year_fraction, flux_lag1, flux_lag12, soil_temp_f_lag1, atm_temp_f_lag1",6.777437707480679,0.3320444985236647
2018-05,ordinary least squares,3,2018-08,91.19633659411846,84.43051869211212,99,20.411233246189905,3,"sin_year, cos_year, year_fraction",-6.765817902006347,0.33147521369240635
2018-05,ridge,3,2018-08,91.15784841634805,84.43051869211212,99,20.411233246189905,3,"sin_year, cos_year, year_fraction",-6.727329724235929,0.3295895766362719
2018-05,random forest,3,2018-08,90.60849201262471,84.43051869211212,99,20.411233246189905,3,"sin_year, cos_year, year_fraction",-6.177973320512592,0.30267516156407714
2018-05,gradient boosting,3,2018-08,92.36100735489843,84.43051869211212,99,20.411233246189905,3,"sin_year, cos_year, year_fraction",-7.930488662786317,0.3885354974455879
2018-05,ordinary least squares,6,2018-11,23.745593939222136,22.555424762260788,99,20.411233246189905,6,"sin_year, cos_year, year_fraction, flux_lag12, soil_temp_f_lag6, atm_temp_f_lag6",-1.1901691769613478,0.05830951822489769
2018-05,ridge,6,2018-11,24.70517157228224,22.555424762260788,99,20.411233246189905,6,"sin_year, cos_year, year_fraction, flux_lag12, soil_temp_f_lag6, atm_temp_f_lag6",-2.149746810021451,0.105321750238817
2018-05,random forest,6,2018-11,27.04649597988999,22.555424762260788,99,20.411233246189905,6,"sin_year, cos_year, year_fraction, flux_lag12, soil_temp_f_lag6, atm_temp_f_lag6",-4.491071217629202,0.22002939084866588
2018-05,gradient boosting,6,2018-11,24.541473245771883,22.555424762260788,99,20.411233246189905,6,"sin_year, cos_year, year_fraction, flux_lag12, soil_temp_f_lag6, atm_temp_f_lag6",-1.9860484835110945,0.09730173868263563
2018-05,ordinary least squares,12,2019-05,13.512104812865608,27.190253274241584,99,20.411233246189905,8,"sin_year, cos_year, year_fraction, flux_lag13, soil_temp_f_lag12, atm_temp_f_lag12, atm_temp_f_lag13, precip_in_lag12",13.678148461375976,0.6701284678097159
2018-05,ridge,12,2019-05,17.234712930622443,27.190253274241584,99,20.411233246189905,8,"sin_year, cos_year, year_fraction, flux_lag13, soil_temp_f_lag12, atm_temp_f_lag12, atm_temp_f_lag13, precip_in_lag12",9.955540343619141,0.48774810534672164
2018-05,random forest,12,2019-05,17.23051248408374,27.190253274241584,99,20.411233246189905,8,"sin_year, cos_year, year_fraction, flux_lag13, soil_temp_f_lag12, atm_temp_f_lag12, atm_temp_f_lag13, precip_in_lag12",9.959740790157845,0.48795389627018226
2018-05,gradient boosting,12,2019-05,26.695497988385704,27.190253274241584,99,20.411233246189905,8,"sin_year, cos_year, year_fraction, flux_lag13, soil_temp_f_lag12, atm_temp_f_lag12, atm_temp_f_lag13, precip_in_lag12",0.4947552858558808,0.024239362702311733
2018-06,ordinary least squares,1,2018-07,88.55319482870817,104.34712761304148,100,20.35010684289093,7,"sin_year, cos_year, year_fraction, flux_lag1, flux_lag12, soil_temp_f_lag1, atm_temp_f_lag1",15.793932784333307,0.7761105583507406
2018-06,ridge,1,2018-07,87.27565805060772,104.34712761304148,100,20.35010684289093,7,"sin_year, cos_year, year_fraction, flux_lag1, flux_lag12, soil_temp_f_lag1, atm_temp_f_lag1",17.071469562433762,0.8388884488042616
2018-06,random forest,1,2018-07,66.3849014920246,104.34712761304148,100,20.35010684289093,7,"sin_year, cos_year, year_fraction, flux_lag1, flux_lag12, soil_temp_f_lag1, atm_temp_f_lag1",37.96222612101688,1.8654558629149673
2018-06,gradient boosting,1,2018-07,96.46438564387874,104.34712761304148,100,20.35010684289093,7,"sin_year, cos_year, year_fraction, flux_lag1, flux_lag12, soil_temp_f_lag1, atm_temp_f_lag1",7.882741969162737,0.38735629399982635
2018-06,ordinary least squares,3,2018-09,71.8069809395073,60.839375624821194,100,20.35010684289093,3,"sin_year, cos_year, year_fraction",-10.967605314686104,0.5389458345039356
2018-06,ridge,3,2018-09,71.7686128999869,60.839375624821194,100,20.35010684289093,3,"sin_year, cos_year, year_fraction",-10.929237275165711,0.5370604370553322
2018-06,random forest,3,2018-09,72.82495912131661,60.839375624821194,100,20.35010684289093,3,"sin_year, cos_year, year_fraction",-11.985583496495416,0.5889690697463064
2018-06,gradient boosting,3,2018-09,73.11260645017988,60.839375624821194,100,20.35010684289093,3,"sin_year, cos_year, year_fraction",-12.273230825358688,0.6031039994095263
2018-06,ordinary least squares,6,2018-12,20.196814285414792,15.655540193235684,100,20.35010684289093,6,"sin_year, cos_year, year_fraction, flux_lag12, soil_temp_f_lag6, atm_temp_f_lag6",-4.541274092179108,0.22315726041337955
2018-06,ridge,6,2018-12,17.95822687471998,15.655540193235684,100,20.35010684289093,6,"sin_year, cos_year, year_fraction, flux_lag12, soil_temp_f_lag6, atm_temp_f_lag6",-2.302686681484296,0.11315354259620079
2018-06,random forest,6,2018-12,16.341960687330783,15.655540193235684,100,20.35010684289093,6,"sin_year, cos_year, year_fraction, flux_lag12, soil_temp_f_lag6, atm_temp_f_lag6",-0.6864204940950991,0.03373055971619589
2018-06,gradient boosting,6,2018-12,14.869611520817855,15.655540193235684,100,20.35010684289093,6,"sin_year, cos_year, year_fraction, flux_lag12, soil_temp_f_lag6, atm_temp_f_lag6",0.7859286724178283,0.038620370816007936
2018-06,ordinary least squares,12,2019-06,59.43694064115514,53.765561552545165,100,20.35010684289093,7,"sin_year, cos_year, year_fraction, flux_lag13, soil_temp_f_lag12, atm_temp_f_lag12, atm_temp_f_lag13",-5.671379088609974,0.2786903839077977
2018-06,ridge,12,2019-06,53.185928440651274,53.765561552545165,100,20.35010684289093,7,"sin_year, cos_year, year_fraction, flux_lag13, soil_temp_f_lag12, atm_temp_f_lag12, atm_temp_f_lag13",0.5796331118938909,0.028483050058107133
2018-06,random forest,12,2019-06,41.804428451576676,53.765561552545165,100,20.35010684289093,7,"sin_year, cos_year, year_fraction, flux_lag13, soil_temp_f_lag12, atm_temp_f_lag12, atm_temp_f_lag13",11.961133100968489,0.5877675824167463
2018-06,gradient boosting,12,2019-06,48.8955788271706,53.765561552545165,100,20.35010684289093,7,"sin_year, cos_year, year_fraction, flux_lag13, soil_temp_f_lag12, atm_temp_f_lag12, atm_temp_f_lag13",4.8699827253745624,0.23930993399554723
2018-07,ordinary least squares,1,2018-08,108.85447231552743,84.43051869211212,101,20.308893150398834,6,"sin_year, cos_year, year_fraction, flux_lag1, soil_temp_f_lag1, atm_temp_f_lag1",-24.423953623415315,1.2026235719761846
2018-07,ridge,1,2018-08,108.14485243510879,84.43051869211212,101,20.308893150398834,6,"sin_year, cos_year, year_fraction, flux_lag1, soil_temp_f_lag1, atm_temp_f_lag1",-23.714333742996672,1.1676822349390794
2018-07,random forest,1,2018-08,106.25816475492226,84.43051869211212,101,20.308893150398834,6,"sin_year, cos_year, year_fraction, flux_lag1, soil_temp_f_lag1, atm_temp_f_lag1",-21.827646062810146,1.0747826531541669
2018-07,gradient boosting,1,2018-08,104.85219179132754,84.43051869211212,101,20.308893150398834,6,"sin_year, cos_year, year_fraction, flux_lag1, soil_temp_f_lag1, atm_temp_f_lag1",-20.421673099215425,1.0055532297098317
2018-07,ordinary least squares,3,2018-10,44.07118234379396,42.393686961695,101,20.308893150398834,3,"sin_year, cos_year, year_fraction",-1.6774953820989538,0.08259905498916914
2018-07,ridge,3,2018-10,44.05658761564555,42.393686961695,101,20.308893150398834,3,"sin_year, cos_year, year_fraction",-1.662900653950544,0.08188041768873491
2018-07,random forest,3,2018-10,43.72155608056866,42.393686961695,101,20.308893150398834,3,"sin_year, cos_year, year_fraction",-1.3278691188736573,0.06538362819874209
2018-07,gradient boosting,3,2018-10,45.736468547795305,42.393686961695,101,20.308893150398834,3,"sin_year, cos_year, year_fraction",-3.342781586100301,0.1645969359996684
2018-07,ordinary least squares,6,2019-01,14.375225551574458,10.309633955284076,101,20.308893150398834,6,"sin_year, cos_year, year_fraction, flux_lag12, soil_temp_f_lag6, atm_temp_f_lag6",-4.065591596290382,0.20018774859773883
2018-07,ridge,6,2019-01,14.160495759219648,10.309633955284076,101,20.308893150398834,6,"sin_year, cos_year, year_fraction, flux_lag12, soil_temp_f_lag6, atm_temp_f_lag6",-3.8508618039355724,0.18961455828329807
2018-07,random forest,6,2019-01,11.986764399028152,10.309633955284076,101,20.308893150398834,6,"sin_year, cos_year, year_fraction, flux_lag12, soil_temp_f_lag6, atm_temp_f_lag6",-1.6771304437440762,0.08258108560244899
2018-07,gradient boosting,6,2019-01,13.985172011378431,10.309633955284076,101,20.308893150398834,6,"sin_year, cos_year, year_fraction, flux_lag12, soil_temp_f_lag6, atm_temp_f_lag6",-3.6755380560943554,0.18098170239386846
2018-07,ordinary least squares,12,2019-07,97.91772704283743,82.64673275728832,101,20.308893150398834,5,"sin_year, cos_year, year_fraction, soil_temp_f_lag12, atm_temp_f_lag13",-15.270994285549108,0.7519363154091542
2018-07,ridge,12,2019-07,93.44276349945501,82.64673275728832,101,20.308893150398834,5,"sin_year, cos_year, year_fraction, soil_temp_f_lag12, atm_temp_f_lag13",-10.796030742166693,0.5315912916679398
2018-07,random forest,12,2019-07,104.22595466130008,82.64673275728832,101,20.308893150398834,5,"sin_year, cos_year, year_fraction, soil_temp_f_lag12, atm_temp_f_lag13",-21.57922190401176,1.0625503686589626
2018-07,gradient boosting,12,2019-07,85.63655835468201,82.64673275728832,101,20.308893150398834,5,"sin_year, cos_year, year_fraction, soil_temp_f_lag12, atm_temp_f_lag13",-2.98982559739369,0.14721755514947768
2018-08,ordinary least squares,1,2018-09,70.10534413754425,60.839375624821194,102,20.299976556207636,6,"sin_year, cos_year, year_fraction, flux_lag1, soil_temp_f_lag1, atm_temp_f_lag1",-9.265968512723056,0.4564521780144405
2018-08,ridge,1,2018-09,69.72234510856222,60.839375624821194,102,20.299976556207636,6,"sin_year, cos_year, year_fraction, flux_lag1, soil_temp_f_lag1, atm_temp_f_lag1",-8.882969483741029,0.43758520898511377
2018-08,random forest,1,2018-09,63.72217072334889,60.839375624821194,102,20.299976556207636,6,"sin_year, cos_year, year_fraction, flux_lag1, soil_temp_f_lag1, atm_temp_f_lag1",-2.882795098527694,0.14200977476725948
2018-08,gradient boosting,1,2018-09,67.1438993738036,60.839375624821194,102,20.299976556207636,6,"sin_year, cos_year, year_fraction, flux_lag1, soil_temp_f_lag1, atm_temp_f_lag1",-6.304523748982412,0.31056803102831754
2018-08,ordinary least squares,3,2018-11,26.088342480820423,22.555424762260788,102,20.299976556207636,3,"sin_year, cos_year, year_fraction",-3.5329177185596343,0.17403555658192546
2018-08,ridge,3,2018-11,26.118381713353006,22.555424762260788,102,20.299976556207636,3,"sin_year, cos_year, year_fraction",-3.562956951092218,0.17551532344024717
2018-08,random forest,3,2018-11,25.637656633951497,22.555424762260788,102,20.299976556207636,3,"sin_year, cos_year, year_fraction",-3.082231871690709,0.15183425769761183
2018-08,gradient boosting,3,2018-11,27.866459691223742,22.555424762260788,102,20.299976556207636,3,"sin_year, cos_year, year_fraction",-5.311034928962954,0.2616276385471423
2018-08,ordinary least squares,6,2019-02,15.272764407296627,12.942285563526768,102,20.299976556207636,5,"sin_year, cos_year, year_fraction, flux_lag12, soil_temp_f_lag6",-2.3304788437698587,0.11480204606725072
2018-08,ridge,6,2019-02,14.888377945611293,12.942285563526768,102,20.299976556207636,5,"sin_year, cos_year, year_fraction, flux_lag12, soil_temp_f_lag6",-1.9460923820845242,0.09586673052040637
2018-08,random forest,6,2019-02,10.302891255757967,12.942285563526768,102,20.299976556207636,5,"sin_year, cos_year, year_fraction, flux_lag12, soil_temp_f_lag6",2.639394307768802,0.13001957418328583
2018-08,gradient boosting,6,2019-02,12.822706870633906,12.942285563526768,102,20.299976556207636,5,"sin_year, cos_year, year_fraction, flux_lag12, soil_temp_f_lag6",0.11957869289286194,0.00589058280741193
2018-08,ordinary least squares,12,2019-08,96.9013957332552,74.7848994470258,102,20.299976556207636,5,"sin_year, cos_year, year_fraction, soil_temp_f_lag12, atm_temp_f_lag13",-22.116496286229406,1.0894838338848372
2018-08,ridge,12,2019-08,94.76042167080197,74.7848994470258,102,20.299976556207636,5,"sin_year, cos_year, year_fraction, soil_temp_f_lag12, atm_temp_f_lag13",-19.97552222377618,0.9840170095008195
2018-08,random forest,12,2019-08,107.61463572103663,74.7848994470258,102,20.299976556207636,5,"sin_year, cos_year, year_fraction, soil_temp_f_lag12, atm_temp_f_lag13",-32.82973627401084,1.6172302555675448
2018-08,gradient boosting,12,2019-08,91.35925897207761,74.7848994470258,102,20.299976556207636,5,"sin_year, cos_year, year_fraction, soil_temp_f_lag12, atm_temp_f_lag13",-16.57435952505182,0.8164718554802202
2018-09,ordinary least squares,1,2018-10,38.295814330531336,42.393686961695,103,20.116199651694508,6,"sin_year, cos_year, year_fraction, flux_lag1, soil_temp_f_lag1, atm_temp_f_lag1",4.097872631163668,0.20371007954370146
2018-09,ridge,1,2018-10,38.20972914418195,42.393686961695,103,20.116199651694508,6,"sin_year, cos_year, year_fraction, flux_lag1, soil_temp_f_lag1, atm_temp_f_lag1",4.183957817513054,0.20798947564435286
2018-09,random forest,1,2018-10,42.20762502031094,42.393686961695,103,20.116199651694508,6,"sin_year, cos_year, year_fraction, flux_lag1, soil_temp_f_lag1, atm_temp_f_lag1",0.18606194138406096,0.009249358457644252
2018-09,gradient boosting,1,2018-10,39.424079246091296,42.393686961695,103,20.116199651694508,6,"sin_year, cos_year, year_fraction, flux_lag1, soil_temp_f_lag1, atm_temp_f_lag1",2.9696077156037077,0.14762270046139456
2018-09,ordinary least squares,3,2018-12,16.514001961588523,15.655540193235684,103,20.116199651694508,3,"sin_year, cos_year, year_fraction",-0.8584617683528393,0.04267514655933164
2018-09,ridge,3,2018-12,16.576185616650918,15.655540193235684,103,20.116199651694508,3,"sin_year, cos_year, year_fraction",-0.9206454234152339,0.045766369361803505
2018-09,random forest,3,2018-12,16.439806323828638,15.655540193235684,103,20.116199651694508,3,"sin_year, cos_year, year_fraction",-0.7842661305929539,0.03898679393584615
2018-09,gradient boosting,3,2018-12,17.9085041409262,15.655540193235684,103,20.116199651694508,3,"sin_year, cos_year, year_fraction",-2.2529639476905174,0.11199749389546036
2018-09,ordinary least squares,6,2019-03,15.175047738325688,11.14198549810619,103,20.116199651694508,6,"sin_year, cos_year, year_fraction, flux_lag12, soil_temp_f_lag6, atm_temp_f_lag6",-4.033062240219499,0.20048827860384502
2018-09,ridge,6,2019-03,14.626199246653247,11.14198549810619,103,20.116199651694508,6,"sin_year, cos_year, year_fraction, flux_lag12, soil_temp_f_lag6, atm_temp_f_lag6",-3.4842137485470577,0.17320437303641303
2018-09,random forest,6,2019-03,12.002381597776267,11.14198549810619,103,20.116199651694508,6,"sin_year, cos_year, year_fraction, flux_lag12, soil_temp_f_lag6, atm_temp_f_lag6",-0.8603960996700781,0.04277130444952617
2018-09,gradient boosting,6,2019-03,14.31941483758592,11.14198549810619,103,20.116199651694508,6,"sin_year, cos_year, year_fraction, flux_lag12, soil_temp_f_lag6, atm_temp_f_lag6",-3.1774293394797315,0.15795375838855713
2018-09,ordinary least squares,12,2019-09,73.23698062671667,60.25148092532468,103,20.116199651694508,6,"sin_year, cos_year, year_fraction, soil_temp_f_lag12, atm_temp_f_lag12, atm_temp_f_lag13",-12.985499701391994,0.6455244989725556
2018-09,ridge,12,2019-09,72.78289758236079,60.25148092532468,103,20.116199651694508,6,"sin_year, cos_year, year_fraction, soil_temp_f_lag12, atm_temp_f_lag12, atm_temp_f_lag13",-12.531416657036111,0.6229514955117537
2018-09,random forest,12,2019-09,63.613921037539875,60.25148092532468,103,20.116199651694508,6,"sin_year, cos_year, year_fraction, soil_temp_f_lag12, atm_temp_f_lag12, atm_temp_f_lag13",-3.3624401122151966,0.1671508620134399
2018-09,gradient boosting,12,2019-09,71.28188287720593,60.25148092532468,103,20.116199651694508,6,"sin_year, cos_year, year_fraction, soil_temp_f_lag12, atm_temp_f_lag12, atm_temp_f_lag13",-11.030401951881252,0.5483342849479074
2018-10,ordinary least squares,1,2018-11,13.5990583596658,22.555424762260788,104,19.918647618854205,6,"sin_year, cos_year, year_fraction, flux_lag1, soil_temp_f_lag1, atm_temp_f_lag1",8.956366402594988,0.4496473141136974
2018-10,ridge,1,2018-11,17.96903938168685,22.555424762260788,104,19.918647618854205,6,"sin_year, cos_year, year_fraction, flux_lag1, soil_temp_f_lag1, atm_temp_f_lag1",4.586385380573937,0.23025586216167837
2018-10,random forest,1,2018-11,25.05777722813617,22.555424762260788,104,19.918647618854205,6,"sin_year, cos_year, year_fraction, flux_lag1, soil_temp_f_lag1, atm_temp_f_lag1",-2.502352465875383,0.12562863271433924
2018-10,gradient boosting,1,2018-11,22.277639469311474,22.555424762260788,104,19.918647618854205,6,"sin_year, cos_year, year_fraction, flux_lag1, soil_temp_f_lag1, atm_temp_f_lag1",0.2777852929493143,0.013945991628787777
2018-10,ordinary least squares,3,2019-01,13.567449049842818,10.309633955284076,104,19.918647618854205,4,"sin_year, cos_year, year_fraction, flux_lag12",-3.257815094558742,0.1635560383866133
2018-10,ridge,3,2019-01,13.495355831632802,10.309633955284076,104,19.918647618854205,4,"sin_year, cos_year, year_fraction, flux_lag12",-3.185721876348726,0.1599366552041037
2018-10,random forest,3,2019-01,12.448813563320527,10.309633955284076,104,19.918647618854205,4,"sin_year, cos_year, year_fraction, flux_lag12",-2.139179608036452,0.1073958257091505
2018-10,gradient boosting,3,2019-01,14.108553992684433,10.309633955284076,104,19.918647618854205,4,"sin_year, cos_year, year_fraction, flux_lag12",-3.7989200374003573,0.1907217854391103
2018-10,ordinary least squares,6,2019-04,12.340342443049146,13.01437402590086,104,19.918647618854205,6,"sin_year, cos_year, year_fraction, flux_lag12, soil_temp_f_lag6, atm_temp_f_lag6",0.6740315828517147,0.03383922421589019
2018-10,ridge,6,2019-04,15.644963141437202,13.01437402590086,104,19.918647618854205,6,"sin_year, cos_year, year_fraction, flux_lag12, soil_temp_f_lag6, atm_temp_f_lag6",-2.630589115536342,0.1320666526098052
2018-10,random forest,6,2019-04,19.58496457511309,13.01437402590086,104,19.918647618854205,6,"sin_year, cos_year, year_fraction, flux_lag12, soil_temp_f_lag6, atm_temp_f_lag6",-6.5705905492122305,0.3298713183214692
2018-10,gradient boosting,6,2019-04,19.032977696635953,13.01437402590086,104,19.918647618854205,6,"sin_year, cos_year, year_fraction, flux_lag12, soil_temp_f_lag6, atm_temp_f_lag6",-6.018603670735093,0.302159252269623
2018-10,ordinary least squares,12,2019-10,23.250946768275483,42.639917593372886,104,19.918647618854205,6,"sin_year, cos_year, year_fraction, soil_temp_f_lag12, atm_temp_f_lag12, atm_temp_f_lag13",19.388970825097402,0.9734079941624435
2018-10,ridge,12,2019-10,32.426198127381944,42.639917593372886,104,19.918647618854205,6,"sin_year, cos_year, year_fraction, soil_temp_f_lag12, atm_temp_f_lag12, atm_temp_f_lag13",10.213719465990941,0.5127717333742597
2018-10,random forest,12,2019-10,41.8174541487381,42.639917593372886,104,19.918647618854205,6,"sin_year, cos_year, year_fraction, soil_temp_f_lag12, atm_temp_f_lag12, atm_temp_f_lag13",0.8224634446347849,0.0412911288142009
2018-10,gradient boosting,12,2019-10,45.12981290171568,42.639917593372886,104,19.918647618854205,6,"sin_year, cos_year, year_fraction, soil_temp_f_lag12, atm_temp_f_lag12, atm_temp_f_lag13",-2.4898953083427955,0.12500323094154037
2018-11,ordinary least squares,1,2018-12,9.767904035688073,15.655540193235684,105,19.72781658069443,6,"sin_year, cos_year, year_fraction, flux_lag1, soil_temp_f_lag1, atm_temp_f_lag1",5.887636157547611,0.2984433747883296
2018-11,ridge,1,2018-12,11.477174503348149,15.655540193235684,105,19.72781658069443,6,"sin_year, cos_year, year_fraction, flux_lag1, soil_temp_f_lag1, atm_temp_f_lag1",4.178365689887535,0.2118007166579432
2018-11,random forest,1,2018-12,14.340036989332363,15.655540193235684,105,19.72781658069443,6,"sin_year, cos_year, year_fraction, flux_lag1, soil_temp_f_lag1, atm_temp_f_lag1",1.3155032039033205,0.06668265585917234
2018-11,gradient boosting,1,2018-12,11.736874199739502,15.655540193235684,105,19.72781658069443,6,"sin_year, cos_year, year_fraction, flux_lag1, soil_temp_f_lag1, atm_temp_f_lag1",3.918665993496182,0.19863657883614827
2018-11,ordinary least squares,3,2019-02,11.857450302023457,12.942285563526768,105,19.72781658069443,3,"sin_year, cos_year, year_fraction",1.0848352615033114,0.05499013319927799
2018-11,ridge,3,2019-02,11.841385878723266,12.942285563526768,105,19.72781658069443,3,"sin_year, cos_year, year_fraction",1.1008996848035029,0.055804436355153426
2018-11,random forest,3,2019-02,11.788445389135441,12.942285563526768,105,19.72781658069443,3,"sin_year, cos_year, year_fraction",1.153840174391327,0.05848798166141055
2018-11,gradient boosting,3,2019-02,13.67378743549271,12.942285563526768,105,19.72781658069443,3,"sin_year, cos_year, year_fraction",-0.731501871965941,0.03707971781741858
2018-11,ordinary least squares,6,2019-05,22.54545860023844,27.190253274241584,105,19.72781658069443,5,"sin_year, cos_year, year_fraction, flux_lag12, soil_temp_f_lag6",4.644794674003144,0.2354439304017315
2018-11,ridge,6,2019-05,23.66925189168252,27.190253274241584,105,19.72781658069443,5,"sin_year, cos_year, year_fraction, flux_lag12, soil_temp_f_lag6",3.5210013825590636,0.17847902063346954
2018-11,random forest,6,2019-05,26.841601535274847,27.190253274241584,105,19.72781658069443,5,"sin_year, cos_year, year_fraction, flux_lag12, soil_temp_f_lag6",0.34865173896673696,0.017673103231704124
2018-11,gradient boosting,6,2019-05,25.736066073828642,27.190253274241584,105,19.72781658069443,5,"sin_year, cos_year, year_fraction, flux_lag12, soil_temp_f_lag6",1.4541872004129424,0.0737125263946343
2018-11,ordinary least squares,12,2019-11,11.766705432315035,21.47391234510809,105,19.72781658069443,6,"sin_year, cos_year, year_fraction, soil_temp_f_lag12, atm_temp_f_lag12, atm_temp_f_lag13",9.707206912793055,0.49205683117981197
2018-11,ridge,12,2019-11,19.570054904675118,21.47391234510809,105,19.72781658069443,6,"sin_year, cos_year, year_fraction, soil_temp_f_lag12, atm_temp_f_lag12, atm_temp_f_lag13",1.9038574404329722,0.09650624196780501
2018-11,random forest,12,2019-11,24.39389241958072,21.47391234510809,105,19.72781658069443,6,"sin_year, cos_year, year_fraction, soil_temp_f_lag12, atm_temp_f_lag12, atm_temp_f_lag13",-2.9199800744726296,0.1480133426083306
2018-11,gradient boosting,12,2019-11,26.256477825826458,21.47391234510809,105,19.72781658069443,6,"sin_year, cos_year, year_fraction, soil_temp_f_lag12, atm_temp_f_lag12, atm_temp_f_lag13",-4.782565480718368,0.24242751148642416
2018-12,ordinary least squares,1,2019-01,9.316075419052792,10.309633955284076,106,19.520681899554837,7,"sin_year, cos_year, year_fraction, flux_lag1, flux_lag12, soil_temp_f_lag1, atm_temp_f_lag1",0.9935585362312835,0.05089773714584946
2018-12,ridge,1,2019-01,10.9928238588711,10.309633955284076,106,19.520681899554837,7,"sin_year, cos_year, year_fraction, flux_lag1, flux_lag12, soil_temp_f_lag1, atm_temp_f_lag1",-0.6831899035870244,0.03499826015824807
2018-12,random forest,1,2019-01,12.061142486899612,10.309633955284076,106,19.520681899554837,7,"sin_year, cos_year, year_fraction, flux_lag1, flux_lag12, soil_temp_f_lag1, atm_temp_f_lag1",-1.7515085316155368,0.08972578625214314
2018-12,gradient boosting,1,2019-01,11.69087812748981,10.309633955284076,106,19.520681899554837,7,"sin_year, cos_year, year_fraction, flux_lag1, flux_lag12, soil_temp_f_lag1, atm_temp_f_lag1",-1.3812441722057347,0.07075798782609298
2018-12,ordinary least squares,3,2019-03,12.62897230309532,11.14198549810619,106,19.520681899554837,3,"sin_year, cos_year, year_fraction",-1.4869868049891313,0.07617494166651224
2018-12,ridge,3,2019-03,12.640548118126608,11.14198549810619,106,19.520681899554837,3,"sin_year, cos_year, year_fraction",-1.4985626200204187,0.076767944261957
2018-12,random forest,3,2019-03,11.60499436722704,11.14198549810619,106,19.520681899554837,3,"sin_year, cos_year, year_fraction",-0.46300886912085026,0.023718888074878625
2018-12,gradient boosting,3,2019-03,13.990640810558098,11.14198549810619,106,19.520681899554837,3,"sin_year, cos_year, year_fraction",-2.8486553124519087,0.1459301128469734
2018-12,ordinary least squares,6,2019-06,45.97886051556202,53.765561552545165,106,19.520681899554837,6,"sin_year, cos_year, year_fraction, flux_lag12, soil_temp_f_lag6, atm_temp_f_lag6",7.786701036983146,0.398894929851847
2018-12,ridge,6,2019-06,45.80399753175985,53.765561552545165,106,19.520681899554837,6,"sin_year, cos_year, year_fraction, flux_lag12, soil_temp_f_lag6, atm_temp_f_lag6",7.9615640207853176,0.40785276158651396
2018-12,random forest,6,2019-06,40.724793017182755,53.765561552545165,106,19.520681899554837,6,"sin_year, cos_year, year_fraction, flux_lag12, soil_temp_f_lag6, atm_temp_f_lag6",13.04076853536241,0.6680488213713375
2018-12,gradient boosting,6,2019-06,46.057740094638795,53.765561552545165,106,19.520681899554837,6,"sin_year, cos_year, year_fraction, flux_lag12, soil_temp_f_lag6, atm_temp_f_lag6",7.70782145790637,0.3948541089685061
2018-12,ordinary least squares,12,2019-12,14.421348752800725,16.705329993543785,106,19.520681899554837,5,"sin_year, cos_year, year_fraction, soil_temp_f_lag12, atm_temp_f_lag13",2.28398124074306,0.11700314837849723
2018-12,ridge,12,2019-12,16.422149076485866,16.705329993543785,106,19.520681899554837,5,"sin_year, cos_year, year_fraction, soil_temp_f_lag12, atm_temp_f_lag13",0.28318091705791915,0.014506712343095812
2018-12,random forest,12,2019-12,16.755444787436733,16.705329993543785,106,19.520681899554837,5,"sin_year, cos_year, year_fraction, soil_temp_f_lag12, atm_temp_f_lag13",-0.050114793892948484,0.002567266561220453
2018-12,gradient boosting,12,2019-12,17.006070430738276,16.705329993543785,106,19.520681899554837,5,"sin_year, cos_year, year_fraction, soil_temp_f_lag12, atm_temp_f_lag13",-0.3007404371944915,0.015406246500095358
2019-01,ordinary least squares,1,2019-02,13.465536166018161,12.942285563526768,107,19.355386537224188,8,"sin_year, cos_year, year_fraction, flux_lag1, flux_lag12, soil_temp_f_lag1, atm_temp_f_lag1, wte_m_lag2",-0.5232506024913928,0.027033849284543075
2019-01,ridge,1,2019-02,13.346962171248244,12.942285563526768,107,19.355386537224188,8,"sin_year, cos_year, year_fraction, flux_lag1, flux_lag12, soil_temp_f_lag1, atm_temp_f_lag1, wte_m_lag2",-0.4046766077214752,0.020907699618563702
2019-01,random forest,1,2019-02,9.016056802944203,12.942285563526768,107,19.355386537224188,8,"sin_year, cos_year, year_fraction, flux_lag1, flux_lag12, soil_temp_f_lag1, atm_temp_f_lag1, wte_m_lag2",3.926228760582566,0.20284941109451166
2019-01,gradient boosting,1,2019-02,7.56340806574536,12.942285563526768,107,19.355386537224188,8,"sin_year, cos_year, year_fraction, flux_lag1, flux_lag12, soil_temp_f_lag1, atm_temp_f_lag1, wte_m_lag2",5.378877497781408,0.2779008048967029
2019-01,ordinary least squares,3,2019-04,18.479151058500804,13.01437402590086,107,19.355386537224188,3,"sin_year, cos_year, year_fraction",-5.464777032599944,0.2823388219134818
2019-01,ridge,3,2019-04,18.496983842222136,13.01437402590086,107,19.355386537224188,3,"sin_year, cos_year, year_fraction",-5.4826098163212755,0.2832601563279114
2019-01,random forest,3,2019-04,18.495473792251175,13.01437402590086,107,19.355386537224188,3,"sin_year, cos_year, year_fraction",-5.481099766350315,0.28318213928763913
2019-01,gradient boosting,3,2019-04,19.447827833612916,13.01437402590086,107,19.355386537224188,3,"sin_year, cos_year, year_fraction",-6.4334538077120555,0.3323857054127681
2019-01,ordinary least squares,6,2019-07,86.68372497657535,82.64673275728832,107,19.355386537224188,6,"sin_year, cos_year, year_fraction, flux_lag12, soil_temp_f_lag6, atm_temp_f_lag6",-4.036992219287029,0.2085720278188764
2019-01,ridge,6,2019-07,86.69155580029496,82.64673275728832,107,19.355386537224188,6,"sin_year, cos_year, year_fraction, flux_lag12, soil_temp_f_lag6, atm_temp_f_lag6",-4.0448230430066445,0.2089766089262883
2019-01,random forest,6,2019-07,84.69950529951826,82.64673275728832,107,19.355386537224188,6,"sin_year, cos_year, year_fraction, flux_lag12, soil_temp_f_lag6, atm_temp_f_lag6",-2.0527725422299454,0.106056912802132
2019-01,gradient boosting,6,2019-07,87.10802420586845,82.64673275728832,107,19.355386537224188,6,"sin_year, cos_year, year_fraction, flux_lag12, soil_temp_f_lag6, atm_temp_f_lag6",-4.461291448580127,0.23049353419009186
2019-01,ordinary least squares,12,2020-01,20.662793210103327,11.279819926687372,107,19.355386537224188,6,"sin_year, cos_year, year_fraction, soil_temp_f_lag12, atm_temp_f_lag12, atm_temp_f_lag13",-9.382973283415955,0.48477323174975945
2019-01,ridge,12,2020-01,20.344873871740884,11.279819926687372,107,19.355386537224188,6,"sin_year, cos_year, year_fraction, soil_temp_f_lag12, atm_temp_f_lag12, atm_temp_f_lag13",-9.065053945053512,0.46834786417825564
2019-01,random forest,12,2020-01,14.418003079791122,11.279819926687372,107,19.355386537224188,6,"sin_year, cos_year, year_fraction, soil_temp_f_lag12, atm_temp_f_lag12, atm_temp_f_lag13",-3.13818315310375,0.1621348737762695
2019-01,gradient boosting,12,2020-01,14.03763963010499,11.279819926687372,107,19.355386537224188,6,"sin_year, cos_year, year_fraction, soil_temp_f_lag12, atm_temp_f_lag12, atm_temp_f_lag13",-2.757819703417619,0.14248331843509263
2019-02,ordinary least squares,1,2019-03,17.86034040817688,11.14198549810619,108,19.177219989891658,7,"sin_year, cos_year, year_fraction, flux_lag1, flux_lag12, soil_temp_f_lag1, atm_temp_f_lag1",-6.718354910070692,0.3503299703300034
2019-02,ridge,1,2019-03,16.637350769852517,11.14198549810619,108,19.177219989891658,7,"sin_year, cos_year, year_fraction, flux_lag1, flux_lag12, soil_temp_f_lag1, atm_temp_f_lag1",-5.495365271746328,0.2865569292443297
2019-02,random forest,1,2019-03,13.692631911255255,11.14198549810619,108,19.177219989891658,7,"sin_year, cos_year, year_fraction, flux_lag1, flux_lag12, soil_temp_f_lag1, atm_temp_f_lag1",-2.5506464131490656,0.13300397109140508
2019-02,gradient boosting,1,2019-03,10.145519834287827,11.14198549810619,108,19.177219989891658,7,"sin_year, cos_year, year_fraction, flux_lag1, flux_lag12, soil_temp_f_lag1, atm_temp_f_lag1",0.9964656638183627,0.05196090279736068
2019-02,ordinary least squares,3,2019-05,26.785483240552946,27.190253274241584,108,19.177219989891658,3,"sin_year, cos_year, year_fraction",0.4047700336886386,0.02110681495555631
2019-02,ridge,3,2019-05,26.797447307550787,27.190253274241584,108,19.177219989891658,3,"sin_year, cos_year, year_fraction",0.3928059666907977,0.020482946271557938
2019-02,random forest,3,2019-05,26.91889793063241,27.190253274241584,108,19.177219989891658,3,"sin_year, cos_year, year_fraction",0.2713553436091729,0.014149879062356522
2019-02,gradient boosting,3,2019-05,27.484556854982262,27.190253274241584,108,19.177219989891658,3,"sin_year, cos_year, year_fraction",-0.294303580740678,0.015346519510951319
2019-02,ordinary least squares,6,2019-08,88.63044639103686,74.7848994470258,108,19.177219989891658,5,"sin_year, cos_year, year_fraction, flux_lag12, soil_temp_f_lag6",-13.845546944011062,0.7219788348524484
2019-02,ridge,6,2019-08,87.75015039742311,74.7848994470258,108,19.177219989891658,5,"sin_year, cos_year, year_fraction, flux_lag12, soil_temp_f_lag6",-12.96525095039732,0.6760756229125662
2019-02,random forest,6,2019-08,83.71414882327016,74.7848994470258,108,19.177219989891658,5,"sin_year, cos_year, year_fraction, flux_lag12, soil_temp_f_lag6",-8.929249376244371,0.4656175076966835
2019-02,gradient boosting,6,2019-08,89.10397194292298,74.7848994470258,108,19.177219989891658,5,"sin_year, cos_year, year_fraction, flux_lag12, soil_temp_f_lag6",-14.319072495897188,0.7466709201565604
2019-02,ordinary least squares,12,2020-02,15.80696577029334,10.515282795633206,108,19.177219989891658,6,"sin_year, cos_year, year_fraction, soil_temp_f_lag12, atm_temp_f_lag12, atm_temp_f_lag13",-5.291682974660134,0.2759358748269764
2019-02,ridge,12,2020-02,16.897996604223614,10.515282795633206,108,19.177219989891658,6,"sin_year, cos_year, year_fraction, soil_temp_f_lag12, atm_temp_f_lag12, atm_temp_f_lag13",-6.382713808590408,0.33282789747183095
2019-02,random forest,12,2020-02,12.937105747333245,10.515282795633206,108,19.177219989891658,6,"sin_year, cos_year, year_fraction, soil_temp_f_lag12, atm_temp_f_lag12, atm_temp_f_lag13",-2.4218229517000385,0.12628644574013256
2019-02,gradient boosting,12,2020-02,12.727275592188562,10.515282795633206,108,19.177219989891658,6,"sin_year, cos_year, year_fraction, soil_temp_f_lag12, atm_temp_f_lag12, atm_temp_f_lag13",-2.2119927965553554,0.11534481002571281
2019-03,ordinary least squares,1,2019-04,18.54517823899304,13.01437402590086,109,18.98710841749113,7,"sin_year, cos_year, year_fraction, flux_lag1, flux_lag12, soil_temp_f_lag1, atm_temp_f_lag1",-5.530804213092178,0.291292601879133
2019-03,ridge,1,2019-04,17.974046828910396,13.01437402590086,109,18.98710841749113,7,"sin_year, cos_year, year_fraction, flux_lag1, flux_lag12, soil_temp_f_lag1, atm_temp_f_lag1",-4.959672803009536,0.2612126445984072
2019-03,random forest,1,2019-04,15.75938238149473,13.01437402590086,109,18.98710841749113,7,"sin_year, cos_year, year_fraction, flux_lag1, flux_lag12, soil_temp_f_lag1, atm_temp_f_lag1",-2.7450083555938694,0.1445722168555765
2019-03,gradient boosting,1,2019-04,16.516969987394546,13.01437402590086,109,18.98710841749113,7,"sin_year, cos_year, year_fraction, flux_lag1, flux_lag12, soil_temp_f_lag1, atm_temp_f_lag1",-3.502595961493686,0.18447232113906595
2019-03,ordinary least squares,3,2019-06,46.32539592993432,53.765561552545165,109,18.98710841749113,3,"sin_year, cos_year, year_fraction",7.440165622610849,0.39185353867558304
2019-03,ridge,3,2019-06,46.324542103772515,53.765561552545165,109,18.98710841749113,3,"sin_year, cos_year, year_fraction",7.44101944877265,0.39189850740610416
2019-03,random forest,3,2019-06,49.22970158638111,53.765561552545165,109,18.98710841749113,3,"sin_year, cos_year, year_fraction",4.535859966164054,0.23889156086482188
2019-03,gradient boosting,3,2019-06,47.274639016250276,53.765561552545165,109,18.98710841749113,3,"sin_year, cos_year, year_fraction",6.490922536294889,0.34185945503504794
2019-03,ordinary least squares,6,2019-09,64.1168415281645,60.25148092532468,109,18.98710841749113,6,"sin_year, cos_year, year_fraction, flux_lag12, soil_temp_f_lag6, atm_temp_f_lag6",-3.8653606028398215,0.20357816039429205
2019-03,ridge,6,2019-09,64.4623845190969,60.25148092532468,109,18.98710841749113,6,"sin_year, cos_year, year_fraction, flux_lag12, soil_temp_f_lag6, atm_temp_f_lag6",-4.210903593772223,0.22177698158046502
2019-03,random forest,6,2019-09,60.79047329321321,60.25148092532468,109,18.98710841749113,6,"sin_year, cos_year, year_fraction, flux_lag12, soil_temp_f_lag6, atm_temp_f_lag6",-0.5389923678885324,0.028387280255481498
2019-03,gradient boosting,6,2019-09,68.53957232591189,60.25148092532468,109,18.98710841749113,6,"sin_year, cos_year, year_fraction, flux_lag12, soil_temp_f_lag6, atm_temp_f_lag6",-8.288091400587213,0.43651151182937015
2019-03,ordinary least squares,12,2020-03,14.77932608525508,6.176867992983066,109,18.98710841749113,9,"sin_year, cos_year, year_fraction, flux_lag12, soil_temp_f_lag12, atm_temp_f_lag12, atm_temp_f_lag13, precip_in_lag12, precip_in_lag13",-8.602458092272014,0.4530683610753145
2019-03,ridge,12,2020-03,14.111294600861571,6.176867992983066,109,18.98710841749113,9,"sin_year, cos_year, year_fraction, flux_lag12, soil_temp_f_lag12, atm_temp_f_lag12, atm_temp_f_lag13, precip_in_lag12, precip_in_lag13",-7.934426607878505,0.4178849371592162
2019-03,random forest,12,2020-03,17.646660492105863,6.176867992983066,109,18.98710841749113,9,"sin_year, cos_year, year_fraction, flux_lag12, soil_temp_f_lag12, atm_temp_f_lag12, atm_temp_f_lag13, precip_in_lag12, precip_in_lag13",-11.469792499122796,0.6040831624765306
2019-03,gradient boosting,12,2020-03,12.863310682116769,6.176867992983066,109,18.98710841749113,9,"sin_year, cos_year, year_fraction, flux_lag12, soil_temp_f_lag12, atm_temp_f_lag12, atm_temp_f_lag13, precip_in_lag12, precip_in_lag13",-6.6864426891337025,0.35215697630788684
2019-04,ordinary least squares,1,2019-05,18.557308790350824,27.190253274241584,110,18.811202797583334,8,"sin_year, cos_year, year_fraction, flux_lag1, flux_lag12, soil_temp_f_lag1, atm_temp_f_lag1, wte_m_lag2",8.63294448389076,0.4589257038364304
2019-04,ridge,1,2019-05,19.762946622418447,27.190253274241584,110,18.811202797583334,8,"sin_year, cos_year, year_fraction, flux_lag1, flux_lag12, soil_temp_f_lag1, atm_temp_f_lag1, wte_m_lag2",7.427306651823137,0.3948342236136713
2019-04,random forest,1,2019-05,23.11073000076868,27.190253274241584,110,18.811202797583334,8,"sin_year, cos_year, year_fraction, flux_lag1, flux_lag12, soil_temp_f_lag1, atm_temp_f_lag1, wte_m_lag2",4.079523273472905,0.2168666893536972
2019-04,gradient boosting,1,2019-05,24.66523933905858,27.190253274241584,110,18.811202797583334,8,"sin_year, cos_year, year_fraction, flux_lag1, flux_lag12, soil_temp_f_lag1, atm_temp_f_lag1, wte_m_lag2",2.5250139351830043,0.13422926552614656
2019-04,ordinary least squares,3,2019-07,86.5233077723735,82.64673275728832,110,18.811202797583334,3,"sin_year, cos_year, year_fraction",-3.87657501508518,0.20607799813753547
2019-04,ridge,3,2019-07,86.50629182765648,82.64673275728832,110,18.811202797583334,3,"sin_year, cos_year, year_fraction",-3.8595590703681637,0.20517343371918775
2019-04,random forest,3,2019-07,85.94297885859109,82.64673275728832,110,18.811202797583334,3,"sin_year, cos_year, year_fraction",-3.2962461013027706,0.1752278223126826
2019-04,gradient boosting,3,2019-07,87.34018512722525,82.64673275728832,110,18.811202797583334,3,"sin_year, cos_year, year_fraction",-4.693452369936935,0.24950304456554476
2019-04,ordinary least squares,6,2019-10,37.735423505703785,42.639917593372886,110,18.811202797583334,5,"sin_year, cos_year, year_fraction, flux_lag12, soil_temp_f_lag6",4.9044940876691,0.2607219825570738
2019-04,ridge,6,2019-10,38.70454377084647,42.639917593372886,110,18.811202797583334,5,"sin_year, cos_year, year_fraction, flux_lag12, soil_temp_f_lag6",3.935373822526415,0.20920373167376574
2019-04,random forest,6,2019-10,43.38237727448413,42.639917593372886,110,18.811202797583334,5,"sin_year, cos_year, year_fraction, flux_lag12, soil_temp_f_lag6",-0.7424596811112423,0.03946901689915467
2019-04,gradient boosting,6,2019-10,42.531085107098676,42.639917593372886,110,18.811202797583334,5,"sin_year, cos_year, year_fraction, flux_lag12, soil_temp_f_lag6",0.10883248627420983,0.005785514485452865
2019-04,ordinary least squares,12,2020-04,9.072913972425894,20.838584510761713,110,18.811202797583334,6,"sin_year, cos_year, year_fraction, soil_temp_f_lag12, atm_temp_f_lag12, atm_temp_f_lag13",11.765670538335819,0.6254608312365517
2019-04,ridge,12,2020-04,11.60251228183499,20.838584510761713,110,18.811202797583334,6,"sin_year, cos_year, year_fraction, soil_temp_f_lag12, atm_temp_f_lag12, atm_temp_f_lag13",9.236072228926723,0.4909878612394353
2019-04,random forest,12,2020-04,17.658971338710387,20.838584510761713,110,18.811202797583334,6,"sin_year, cos_year, year_fraction, soil_temp_f_lag12, atm_temp_f_lag12, atm_temp_f_lag13",3.179613172051326,0.1690276377467904
2019-04,gradient boosting,12,2020-04,17.44241492286603,20.838584510761713,110,18.811202797583334,6,"sin_year, cos_year, year_fraction, soil_temp_f_lag12, atm_temp_f_lag12, atm_temp_f_lag13",3.3961695878956846,0.18053973605196522
2019-05,ordinary least squares,1,2019-06,41.86097663972298,53.765561552545165,111,18.670693679020115,7,"sin_year, cos_year, year_fraction, flux_lag1, flux_lag12, soil_temp_f_lag1, atm_temp_f_lag1",11.904584912822187,0.6376080673531231
2019-05,ridge,1,2019-06,43.388589203883896,53.765561552545165,111,18.670693679020115,7,"sin_year, cos_year, year_fraction, flux_lag1, flux_lag12, soil_temp_f_lag1, atm_temp_f_lag1",10.376972348661269,0.5557893309728318
2019-05,random forest,1,2019-06,40.724823145567996,53.765561552545165,111,18.670693679020115,7,"sin_year, cos_year, year_fraction, flux_lag1, flux_lag12, soil_temp_f_lag1, atm_temp_f_lag1",13.04073840697717,0.6984603052874669
2019-05,gradient boosting,1,2019-06,39.41838387906545,53.765561552545165,111,18.670693679020115,7,"sin_year, cos_year, year_fraction, flux_lag1, flux_lag12, soil_temp_f_lag1, atm_temp_f_lag1",14.347177673479713,0.7684330277241573
2019-05,ordinary least squares,3,2019-08,90.46284377296362,74.7848994470258,111,18.670693679020115,4,"sin_year, cos_year, year_fraction, flux_lag12",-15.67794432593783,0.8397087218861515
2019-05,ridge,3,2019-08,90.42407615103893,74.7848994470258,111,18.670693679020115,4,"sin_year, cos_year, year_fraction, flux_lag12",-15.639176704013138,0.8376323329425391
2019-05,random forest,3,2019-08,87.04434308946915,74.7848994470258,111,18.670693679020115,4,"sin_year, cos_year, year_fraction, flux_lag12",-12.259443642443358,0.6566142561815499
2019-05,gradient boosting,3,2019-08,92.33440727472839,74.7848994470258,111,18.670693679020115,4,"sin_year, cos_year, year_fraction, flux_lag12",-17.549507827702598,0.9399494271293535
2019-05,ordinary least squares,6,2019-11,19.553789050671057,21.47391234510809,111,18.670693679020115,6,"sin_year, cos_year, year_fraction, flux_lag12, soil_temp_f_lag6, atm_temp_f_lag6",1.9201232944370332,0.10284156161774735
2019-05,ridge,6,2019-11,21.224072583173097,21.47391234510809,111,18.670693679020115,6,"sin_year, cos_year, year_fraction, flux_lag12, soil_temp_f_lag6, atm_temp_f_lag6",0.24983976193499302,0.013381386156837491
2019-05,random forest,6,2019-11,23.610629140120867,21.47391234510809,111,18.670693679020115,6,"sin_year, cos_year, year_fraction, flux_lag12, soil_temp_f_lag6, atm_temp_f_lag6",-2.1367167950127772,0.11444228220688786
2019-05,gradient boosting,6,2019-11,26.18771322408866,21.47391234510809,111,18.670693679020115,6,"sin_year, cos_year, year_fraction, flux_lag12, soil_temp_f_lag6, atm_temp_f_lag6",-4.713800878980571,0.2524705809017356
2019-05,ordinary least squares,12,2020-05,21.129644428459233,33.51816927694313,111,18.670693679020115,6,"sin_year, cos_year, year_fraction, soil_temp_f_lag12, atm_temp_f_lag13, precip_in_lag12",12.388524848483893,0.6635278293063439
2019-05,ridge,12,2020-05,23.189295684362026,33.51816927694313,111,18.670693679020115,6,"sin_year, cos_year, year_fraction, soil_temp_f_lag12, atm_temp_f_lag13, precip_in_lag12",10.3288735925811,0.5532131676600451
2019-05,random forest,12,2020-05,30.82534094557556,33.51816927694313,111,18.670693679020115,6,"sin_year, cos_year, year_fraction, soil_temp_f_lag12, atm_temp_f_lag13, precip_in_lag12",2.692828331367565,0.14422754599597135
2019-05,gradient boosting,12,2020-05,25.155839885558283,33.51816927694313,111,18.670693679020115,6,"sin_year, cos_year, year_fraction, soil_temp_f_lag12, atm_temp_f_lag13, precip_in_lag12",8.362329391384844,0.44788530812764743
2019-06,ordinary least squares,1,2019-07,86.76535074634516,82.64673275728832,112,18.531567226264013,9,"sin_year, cos_year, year_fraction, flux_lag1, flux_lag12, soil_temp_f_lag1, atm_temp_f_lag1, precip_in_lag1, wte_m_lag2",-4.118617989056844,0.22224876821101777
2019-06,ridge,1,2019-07,87.59376044043533,82.64673275728832,112,18.531567226264013,9,"sin_year, cos_year, year_fraction, flux_lag1, flux_lag12, soil_temp_f_lag1, atm_temp_f_lag1, precip_in_lag1, wte_m_lag2",-4.947027683147013,0.2669513928717156
2019-06,random forest,1,2019-07,84.05555374361592,82.64673275728832,112,18.531567226264013,9,"sin_year, cos_year, year_fraction, flux_lag1, flux_lag12, soil_temp_f_lag1, atm_temp_f_lag1, precip_in_lag1, wte_m_lag2",-1.4088209863275978,0.07602276532396758
2019-06,gradient boosting,1,2019-07,98.35675468653328,82.64673275728832,112,18.531567226264013,9,"sin_year, cos_year, year_fraction, flux_lag1, flux_lag12, soil_temp_f_lag1, atm_temp_f_lag1, precip_in_lag1, wte_m_lag2",-15.71002192924496,0.8477438382534536
2019-06,ordinary least squares,3,2019-09,70.34060128599975,60.25148092532468,112,18.531567226264013,4,"sin_year, cos_year, year_fraction, flux_lag12",-10.089120360675075,0.5444288784370157
2019-06,ridge,3,2019-09,70.30558939693093,60.25148092532468,112,18.531567226264013,4,"sin_year, cos_year, year_fraction, flux_lag12",-10.054108471606249,0.5425395676927411
2019-06,random forest,3,2019-09,74.90456587877165,60.25148092532468,112,18.531567226264013,4,"sin_year, cos_year, year_fraction, flux_lag12",-14.653084953446971,0.7907094297280896
2019-06,gradient boosting,3,2019-09,72.54676991207695,60.25148092532468,112,18.531567226264013,4,"sin_year, cos_year, year_fraction, flux_lag12",-12.295288986752276,0.663478098567221
2019-06,ordinary least squares,6,2019-12,15.801649978369852,16.705329993543785,112,18.531567226264013,6,"sin_year, cos_year, year_fraction, flux_lag12, soil_temp_f_lag6, atm_temp_f_lag6",0.9036800151739328,0.04876435997777808
2019-06,ridge,6,2019-12,15.817207478106596,16.705329993543785,112,18.531567226264013,6,"sin_year, cos_year, year_fraction, flux_lag12, soil_temp_f_lag6, atm_temp_f_lag6",0.888122515437189,0.047924846538531844
2019-06,random forest,6,2019-12,17.392423270926543,16.705329993543785,112,18.531567226264013,6,"sin_year, cos_year, year_fraction, flux_lag12, soil_temp_f_lag6, atm_temp_f_lag6",-0.6870932773827576,0.03707691146645002
2019-06,gradient boosting,6,2019-12,16.247152935816274,16.705329993543785,112,18.531567226264013,6,"sin_year, cos_year, year_fraction, flux_lag12, soil_temp_f_lag6, atm_temp_f_lag6",0.45817705772751083,0.024724139741303462
2019-06,ordinary least squares,12,2020-06,46.97093915682143,53.90333150915241,112,18.531567226264013,6,"sin_year, cos_year, year_fraction, soil_temp_f_lag12, atm_temp_f_lag12, atm_temp_f_lag13",6.932392352330979,0.37408559501141325
2019-06,ridge,12,2020-06,48.24126914709771,53.90333150915241,112,18.531567226264013,6,"sin_year, cos_year, year_fraction, soil_temp_f_lag12, atm_temp_f_lag12, atm_temp_f_lag13",5.662062362054698,0.30553607759791057
2019-06,random forest,12,2020-06,47.79978690936366,53.90333150915241,112,18.531567226264013,6,"sin_year, cos_year, year_fraction, soil_temp_f_lag12, atm_temp_f_lag12, atm_temp_f_lag13",6.103544599788748,0.32935933185070554
2019-06,gradient boosting,12,2020-06,45.13853285433902,53.90333150915241,112,18.531567226264013,6,"sin_year, cos_year, year_fraction, soil_temp_f_lag12, atm_temp_f_lag12, atm_temp_f_lag13",8.76479865481339,0.4729658613218319
2019-07,ordinary least squares,1,2019-08,69.6545637860027,74.7848994470258,113,18.562941757249053,9,"sin_year, cos_year, year_fraction, flux_lag1, flux_lag12, soil_temp_f_lag1, atm_temp_f_lag1, precip_in_lag1, wte_m_lag2",5.130335661023096,0.27637514183438294
2019-07,ridge,1,2019-08,84.7269896077742,74.7848994470258,113,18.562941757249053,9,"sin_year, cos_year, year_fraction, flux_lag1, flux_lag12, soil_temp_f_lag1, atm_temp_f_lag1, precip_in_lag1, wte_m_lag2",-9.942090160748407,0.5355880706174118
2019-07,random forest,1,2019-08,74.15844366287753,74.7848994470258,113,18.562941757249053,9,"sin_year, cos_year, year_fraction, flux_lag1, flux_lag12, soil_temp_f_lag1, atm_temp_f_lag1, precip_in_lag1, wte_m_lag2",0.6264557841482628,0.03374765661286548
2019-07,gradient boosting,1,2019-08,81.73734076033153,74.7848994470258,113,18.562941757249053,9,"sin_year, cos_year, year_fraction, flux_lag1, flux_lag12, soil_temp_f_lag1, atm_temp_f_lag1, precip_in_lag1, wte_m_lag2",-6.952441313305741,0.37453337968863304
2019-07,ordinary least squares,3,2019-10,43.71469679791063,42.639917593372886,113,18.562941757249053,3,"sin_year, cos_year, year_fraction",-1.074779204537741,0.057899185301167395
2019-07,ridge,3,2019-10,43.70686294024806,42.639917593372886,113,18.562941757249053,3,"sin_year, cos_year, year_fraction",-1.0669453468751726,0.05747716934243558
2019-07,random forest,3,2019-10,43.705647648765186,42.639917593372886,113,18.562941757249053,3,"sin_year, cos_year, year_fraction",-1.0657300553923008,0.0574117006522482
2019-07,gradient boosting,3,2019-10,45.186938546558764,42.639917593372886,113,18.562941757249053,3,"sin_year, cos_year, year_fraction",-2.5470209531858785,0.13720998462925393
2019-07,ordinary least squares,6,2020-01,12.22629175585799,11.279819926687372,113,18.562941757249053,5,"sin_year, cos_year, year_fraction, flux_lag12, soil_temp_f_lag6",-0.9464718291706173,0.05098716795795627
2019-07,ridge,6,2020-01,12.60489313574184,11.279819926687372,113,18.562941757249053,5,"sin_year, cos_year, year_fraction, flux_lag12, soil_temp_f_lag6",-1.3250732090544677,0.07138271651027567
2019-07,random forest,6,2020-01,11.934327951485924,11.279819926687372,113,18.562941757249053,5,"sin_year, cos_year, year_fraction, flux_lag12, soil_temp_f_lag6",-0.6545080247985524,0.03525885246841111
2019-07,gradient boosting,6,2020-01,13.323519281851075,11.279819926687372,113,18.562941757249053,5,"sin_year, cos_year, year_fraction, flux_lag12, soil_temp_f_lag6",-2.043699355163703,0.11009566166233398
2019-07,ordinary least squares,12,2020-07,85.2484600713247,72.22878590801174,113,18.562941757249053,7,"sin_year, cos_year, year_fraction, soil_temp_f_lag12, atm_temp_f_lag13, precip_in_lag12, precip_in_lag13",-13.019674163312956,0.7013798962240786
2019-07,ridge,12,2020-07,87.26560112492893,72.22878590801174,113,18.562941757249053,7,"sin_year, cos_year, year_fraction, soil_temp_f_lag12, atm_temp_f_lag13, precip_in_lag12, precip_in_lag13",-15.03681521691719,0.8100448416827647
2019-07,random forest,12,2020-07,82.54412655736579,72.22878590801174,113,18.562941757249053,7,"sin_year, cos_year, year_fraction, soil_temp_f_lag12, atm_temp_f_lag13, precip_in_lag12, precip_in_lag13",-10.315340649354042,0.5556953625265659
2019-07,gradient boosting,12,2020-07,83.12995224726643,72.22878590801174,113,18.562941757249053,7,"sin_year, cos_year, year_fraction, soil_temp_f_lag12, atm_temp_f_lag13, precip_in_lag12, precip_in_lag13",-10.901166339254686,0.5872542446025641
2019-08,ordinary least squares,1,2019-09,56.025643948817844,60.25148092532468,114,18.475517026737652,9,"sin_year, cos_year, year_fraction, flux_lag1, flux_lag12, soil_temp_f_lag1, atm_temp_f_lag1, precip_in_lag1, wte_m_lag2",4.225836976506834,0.22872631766630558
2019-08,ridge,1,2019-09,59.479263898944566,60.25148092532468,114,18.475517026737652,9,"sin_year, cos_year, year_fraction, flux_lag1, flux_lag12, soil_temp_f_lag1, atm_temp_f_lag1, precip_in_lag1, wte_m_lag2",0.7722170263801118,0.041796774902838396
2019-08,random forest,1,2019-09,60.11108805098555,60.25148092532468,114,18.475517026737652,9,"sin_year, cos_year, year_fraction, flux_lag1, flux_lag12, soil_temp_f_lag1, atm_temp_f_lag1, precip_in_lag1, wte_m_lag2",0.14039287433912762,0.007598860380250898
2019-08,gradient boosting,1,2019-09,60.52474954306338,60.25148092532468,114,18.475517026737652,9,"sin_year, cos_year, year_fraction, flux_lag1, flux_lag12, soil_temp_f_lag1, atm_temp_f_lag1, precip_in_lag1, wte_m_lag2",-0.2732686177387009,0.014790850905185945
2019-08,ordinary least squares,3,2019-11,25.519890575198215,21.47391234510809,114,18.475517026737652,3,"sin_year, cos_year, year_fraction",-4.045978230090125,0.2189913399573506
2019-08,ridge,3,2019-11,25.535927994871162,21.47391234510809,114,18.475517026737652,3,"sin_year, cos_year, year_fraction",-4.062015649763072,0.21985937626993327
2019-08,random forest,3,2019-11,25.25324522526549,21.47391234510809,114,18.475517026737652,3,"sin_year, cos_year, year_fraction",-3.7793328801574013,0.20455897795379552
2019-08,gradient boosting,3,2019-11,27.34590954470268,21.47391234510809,114,18.475517026737652,3,"sin_year, cos_year, year_fraction",-5.871997199594588,0.3178258660418905
2019-08,ordinary least squares,6,2020-02,12.646073645294786,10.515282795633206,114,18.475517026737652,5,"sin_year, cos_year, year_fraction, flux_lag12, soil_temp_f_lag6",-2.1307908496615795,0.11533051262261902
2019-08,ridge,6,2020-02,12.955038571619275,10.515282795633206,114,18.475517026737652,5,"sin_year, cos_year, year_fraction, flux_lag12, soil_temp_f_lag6",-2.439755775986068,0.13205345065338464
2019-08,random forest,6,2020-02,11.674671652102935,10.515282795633206,114,18.475517026737652,5,"sin_year, cos_year, year_fraction, flux_lag12, soil_temp_f_lag6",-1.1593888564697288,0.06275271510896656
2019-08,gradient boosting,6,2020-02,11.386887799204715,10.515282795633206,114,18.475517026737652,5,"sin_year, cos_year, year_fraction, flux_lag12, soil_temp_f_lag6",-0.8716050035715082,0.04717621716946416
2019-08,ordinary least squares,12,2020-08,83.4720400413841,77.38043270178966,114,18.475517026737652,7,"sin_year, cos_year, year_fraction, soil_temp_f_lag12, atm_temp_f_lag13, precip_in_lag12, precip_in_lag13",-6.091607339594447,0.3297124151263919
2019-08,ridge,12,2020-08,86.44748213810058,77.38043270178966,114,18.475517026737652,7,"sin_year, cos_year, year_fraction, soil_temp_f_lag12, atm_temp_f_lag13, precip_in_lag12, precip_in_lag13",-9.067049436310924,0.49076025440528387
2019-08,random forest,12,2020-08,80.36121409976576,77.38043270178966,114,18.475517026737652,7,"sin_year, cos_year, year_fraction, soil_temp_f_lag12, atm_temp_f_lag13, precip_in_lag12, precip_in_lag13",-2.980781397976102,0.16133683261271303
2019-08,gradient boosting,12,2020-08,87.27148348546181,77.38043270178966,114,18.475517026737652,7,"sin_year, cos_year, year_fraction, soil_temp_f_lag12, atm_temp_f_lag13, precip_in_lag12, precip_in_lag13",-9.891050783672156,0.5353598911119992
2019-09,ordinary least squares,1,2019-10,43.50286856122705,42.639917593372886,115,18.301850790550844,9,"sin_year, cos_year, year_fraction, flux_lag1, flux_lag12, soil_temp_f_lag1, atm_temp_f_lag1, precip_in_lag1, wte_m_lag2",-0.8629509678541609,0.04715102192285921
2019-09,ridge,1,2019-10,40.02859810774419,42.639917593372886,115,18.301850790550844,9,"sin_year, cos_year, year_fraction, flux_lag1, flux_lag12, soil_temp_f_lag1, atm_temp_f_lag1, precip_in_lag1, wte_m_lag2",2.611319485628698,0.14268062369828244
2019-09,random forest,1,2019-10,42.862268118874525,42.639917593372886,115,18.301850790550844,9,"sin_year, cos_year, year_fraction, flux_lag1, flux_lag12, soil_temp_f_lag1, atm_temp_f_lag1, precip_in_lag1, wte_m_lag2",-0.22235052550163914,0.01214907323014772
2019-09,gradient boosting,1,2019-10,36.811235364801895,42.639917593372886,115,18.301850790550844,9,"sin_year, cos_year, year_fraction, flux_lag1, flux_lag12, soil_temp_f_lag1, atm_temp_f_lag1, precip_in_lag1, wte_m_lag2",5.82868222857099,0.31847501628525515
2019-09,ordinary least squares,3,2019-12,16.36556268792248,16.705329993543785,115,18.301850790550844,3,"sin_year, cos_year, year_fraction",0.3397673056213044,0.018564641877461083
2019-09,ridge,3,2019-12,16.39361643388552,16.705329993543785,115,18.301850790550844,3,"sin_year, cos_year, year_fraction",0.31171355965826564,0.017031805319886108
2019-09,random forest,3,2019-12,16.356561235795866,16.705329993543785,115,18.301850790550844,3,"sin_year, cos_year, year_fraction",0.34876875774791927,0.01905647476527275
2019-09,gradient boosting,3,2019-12,17.002814751481687,16.705329993543785,115,18.301850790550844,3,"sin_year, cos_year, year_fraction",-0.29748475793790163,0.01625435379964367
2019-09,ordinary least squares,6,2020-03,13.470158736053593,6.176867992983066,115,18.301850790550844,6,"sin_year, cos_year, year_fraction, flux_lag12, soil_temp_f_lag6, atm_temp_f_lag6",-7.293290743070527,0.39850017501159046
2019-09,ridge,6,2020-03,13.508308422177707,6.176867992983066,115,18.301850790550844,6,"sin_year, cos_year, year_fraction, flux_lag12, soil_temp_f_lag6, atm_temp_f_lag6",-7.331440429194641,0.40058464649814696
2019-09,random forest,6,2020-03,12.308074326728478,6.176867992983066,115,18.301850790550844,6,"sin_year, cos_year, year_fraction, flux_lag12, soil_temp_f_lag6, atm_temp_f_lag6",-6.131206333745412,0.3350047164033773
2019-09,gradient boosting,6,2020-03,13.16351601398103,6.176867992983066,115,18.301850790550844,6,"sin_year, cos_year, year_fraction, flux_lag12, soil_temp_f_lag6, atm_temp_f_lag6",-6.986648020997963,0.3817454366202753
2019-09,ordinary least squares,12,2020-09,67.47395661687088,83.16468280787637,115,18.301850790550844,5,"sin_year, cos_year, year_fraction, soil_temp_f_lag12, atm_temp_f_lag13",15.690726191005496,0.8573300247375276
2019-09,ridge,12,2020-09,69.45205583802843,83.16468280787637,115,18.301850790550844,5,"sin_year, cos_year, year_fraction, soil_temp_f_lag12, atm_temp_f_lag13",13.712626969847946,0.749248102106029
2019-09,random forest,12,2020-09,57.00722500666983,83.16468280787637,115,18.301850790550844,5,"sin_year, cos_year, year_fraction, soil_temp_f_lag12, atm_temp_f_lag13",26.157457801206547,1.429224732545165
2019-09,gradient boosting,12,2020-09,72.18170285629503,83.16468280787637,115,18.301850790550844,5,"sin_year, cos_year, year_fraction, soil_temp_f_lag12, atm_temp_f_lag13",10.982979951581342,0.6001021468960833
2019-10,ordinary least squares,1,2019-11,17.44579402493636,21.47391234510809,116,18.128239058253993,9,"sin_year, cos_year, year_fraction, flux_lag1, flux_lag12, soil_temp_f_lag1, atm_temp_f_lag1, precip_in_lag1, wte_m_lag2",4.028118320171728,0.22220130191507378
2019-10,ridge,1,2019-11,21.11679567804876,21.47391234510809,116,18.128239058253993,9,"sin_year, cos_year, year_fraction, flux_lag1, flux_lag12, soil_temp_f_lag1, atm_temp_f_lag1, precip_in_lag1, wte_m_lag2",0.35711666705933,0.019699468101218066
2019-10,random forest,1,2019-11,16.354182611670115,21.47391234510809,116,18.128239058253993,9,"sin_year, cos_year, year_fraction, flux_lag1, flux_lag12, soil_temp_f_lag1, atm_temp_f_lag1, precip_in_lag1, wte_m_lag2",5.119729733437975,0.2824173774951905
2019-10,gradient boosting,1,2019-11,21.252753661260407,21.47391234510809,116,18.128239058253993,9,"sin_year, cos_year, year_fraction, flux_lag1, flux_lag12, soil_temp_f_lag1, atm_temp_f_lag1, precip_in_lag1, wte_m_lag2",0.22115868384768333,0.012199678255400503
2019-10,ordinary least squares,3,2020-01,12.985348154532131,11.279819926687372,116,18.128239058253993,3,"sin_year, cos_year, year_fraction",-1.7055282278447592,0.09408129616804743
2019-10,ridge,3,2020-01,12.970926463784856,11.279819926687372,116,18.128239058253993,3,"sin_year, cos_year, year_fraction",-1.6911065370974843,0.0932857588463621
2019-10,random forest,3,2020-01,13.343965697322844,11.279819926687372,116,18.128239058253993,3,"sin_year, cos_year, year_fraction",-2.0641457706354718,0.11386355641066212
2019-10,gradient boosting,3,2020-01,13.571920460361751,11.279819926687372,116,18.128239058253993,3,"sin_year, cos_year, year_fraction",-2.292100533674379,0.12643812376419206
2019-10,ordinary least squares,6,2020-04,17.550504215857103,20.838584510761713,116,18.128239058253993,6,"sin_year, cos_year, year_fraction, flux_lag12, soil_temp_f_lag6, atm_temp_f_lag6",3.28808029490461,0.18137891299527573
2019-10,ridge,6,2020-04,17.840855688584607,20.838584510761713,116,18.128239058253993,6,"sin_year, cos_year, year_fraction, flux_lag12, soil_temp_f_lag6, atm_temp_f_lag6",2.9977288221771055,0.16536238365701636
2019-10,random forest,6,2020-04,20.023179084168554,20.838584510761713,116,18.128239058253993,6,"sin_year, cos_year, year_fraction, flux_lag12, soil_temp_f_lag6, atm_temp_f_lag6",0.8154054265931592,0.04497984740673948
2019-10,gradient boosting,6,2020-04,17.491881563837506,20.838584510761713,116,18.128239058253993,6,"sin_year, cos_year, year_fraction, flux_lag12, soil_temp_f_lag6, atm_temp_f_lag6",3.346702946924207,0.18461268831295644
2019-10,ordinary least squares,12,2020-10,45.835128113282806,44.3611068967849,116,18.128239058253993,7,"sin_year, cos_year, year_fraction, soil_temp_f_lag12, atm_temp_f_lag13, precip_in_lag12, precip_in_lag13",-1.4740212164979098,0.08131077771874215
2019-10,ridge,12,2020-10,44.2834973766898,44.3611068967849,116,18.128239058253993,7,"sin_year, cos_year, year_fraction, soil_temp_f_lag12, atm_temp_f_lag13, precip_in_lag12, precip_in_lag13",0.07760952009509481,0.004281139488821906
2019-10,random forest,12,2020-10,43.38982953463095,44.3611068967849,116,18.128239058253993,7,"sin_year, cos_year, year_fraction, soil_temp_f_lag12, atm_temp_f_lag13, precip_in_lag12, precip_in_lag13",0.9712773621539483,0.05357814176174573
2019-10,gradient boosting,12,2020-10,46.56765726336146,44.3611068967849,116,18.128239058253993,7,"sin_year, cos_year, year_fraction, soil_temp_f_lag12, atm_temp_f_lag13, precip_in_lag12, precip_in_lag13",-2.2065503665765647,0.12171895789138423
2019-11,ordinary least squares,1,2019-12,8.905894658166481,16.705329993543785,117,17.965889280719693,7,"sin_year, cos_year, year_fraction, flux_lag1, flux_lag12, soil_temp_f_lag1, atm_temp_f_lag1",7.799435335377304,0.43412464662950806
2019-11,ridge,1,2019-12,10.304623019089767,16.705329993543785,117,17.965889280719693,7,"sin_year, cos_year, year_fraction, flux_lag1, flux_lag12, soil_temp_f_lag1, atm_temp_f_lag1",6.4007069744540175,0.3562699777585189
2019-11,random forest,1,2019-12,14.974162023691736,16.705329993543785,117,17.965889280719693,7,"sin_year, cos_year, year_fraction, flux_lag1, flux_lag12, soil_temp_f_lag1, atm_temp_f_lag1",1.7311679698520486,0.09635860172587571
2019-11,gradient boosting,1,2019-12,15.370161137225418,16.705329993543785,117,17.965889280719693,7,"sin_year, cos_year, year_fraction, flux_lag1, flux_lag12, soil_temp_f_lag1, atm_temp_f_lag1",1.3351688563183668,0.07431688103250303
2019-11,ordinary least squares,3,2020-02,11.98630738444794,10.515282795633206,117,17.965889280719693,4,"sin_year, cos_year, year_fraction, flux_lag12",-1.4710245888147337,0.0818787517739732
2019-11,ridge,3,2020-02,11.97585727627794,10.515282795633206,117,17.965889280719693,4,"sin_year, cos_year, year_fraction, flux_lag12",-1.460574480644734,0.08129708793275081
2019-11,random forest,3,2020-02,10.97184712321145,10.515282795633206,117,17.965889280719693,4,"sin_year, cos_year, year_fraction, flux_lag12",-0.45656432757824383,0.02541284321885537
2019-11,gradient boosting,3,2020-02,10.92612706725983,10.515282795633206,117,17.965889280719693,4,"sin_year, cos_year, year_fraction, flux_lag12",-0.4108442716266243,0.02286801756412507
2019-11,ordinary least squares,6,2020-05,22.612754587592423,33.51816927694313,117,17.965889280719693,6,"sin_year, cos_year, year_fraction, flux_lag12, soil_temp_f_lag6, atm_temp_f_lag6",10.905414689350703,0.6070066735329366
2019-11,ridge,6,2020-05,24.66583866607721,33.51816927694313,117,17.965889280719693,6,"sin_year, cos_year, year_fraction, flux_lag12, soil_temp_f_lag6, atm_temp_f_lag6",8.852330610865916,0.4927298878751245
2019-11,random forest,6,2020-05,24.863635962684338,33.51816927694313,117,17.965889280719693,6,"sin_year, cos_year, year_fraction, flux_lag12, soil_temp_f_lag6, atm_temp_f_lag6",8.654533314258789,0.4817202855383565
2019-11,gradient boosting,6,2020-05,25.6529534609058,33.51816927694313,117,17.965889280719693,6,"sin_year, cos_year, year_fraction, flux_lag12, soil_temp_f_lag6, atm_temp_f_lag6",7.865215816037328,0.4377860562949131
2019-11,ordinary least squares,12,2020-11,19.239047281748622,25.364511503111405,117,17.965889280719693,8,"sin_year, cos_year, year_fraction, soil_temp_f_lag12, atm_temp_f_lag12, atm_temp_f_lag13, precip_in_lag12, precip_in_lag13",6.125464221362783,0.3409496811235722
2019-11,ridge,12,2020-11,20.295580081880363,25.364511503111405,117,17.965889280719693,8,"sin_year, cos_year, year_fraction, soil_temp_f_lag12, atm_temp_f_lag12, atm_temp_f_lag13, precip_in_lag12, precip_in_lag13",5.068931421231042,0.28214197148987363
2019-11,random forest,12,2020-11,28.36014553219426,25.364511503111405,117,17.965889280719693,8,"sin_year, cos_year, year_fraction, soil_temp_f_lag12, atm_temp_f_lag12, atm_temp_f_lag13, precip_in_lag12, precip_in_lag13",-2.9956340290828543,0.16674009186384414
2019-11,gradient boosting,12,2020-11,26.521193944412815,25.364511503111405,117,17.965889280719693,8,"sin_year, cos_year, year_fraction, soil_temp_f_lag12, atm_temp_f_lag12, atm_temp_f_lag13, precip_in_lag12, precip_in_lag13",-1.1566824413014096,0.06438214236034044
2019-12,ordinary least squares,1,2020-01,15.838183216192586,11.279819926687372,118,17.806303436564868,9,"sin_year, cos_year, year_fraction, flux_lag1, flux_lag12, soil_temp_f_lag1, atm_temp_f_lag1, precip_in_lag1, wte_m_lag2",-4.558363289505214,0.25599717008891987
2019-12,ridge,1,2020-01,14.984031959043872,11.279819926687372,118,17.806303436564868,9,"sin_year, cos_year, year_fraction, flux_lag1, flux_lag12, soil_temp_f_lag1, atm_temp_f_lag1, precip_in_lag1, wte_m_lag2",-3.7042120323564998,0.20802813147337357
2019-12,random forest,1,2020-01,14.57233532804068,11.279819926687372,118,17.806303436564868,9,"sin_year, cos_year, year_fraction, flux_lag1, flux_lag12, soil_temp_f_lag1, atm_temp_f_lag1, precip_in_lag1, wte_m_lag2",-3.292515401353308,0.18490729494097
2019-12,gradient boosting,1,2020-01,12.540302162208782,11.279819926687372,118,17.806303436564868,9,"sin_year, cos_year, year_fraction, flux_lag1, flux_lag12, soil_temp_f_lag1, atm_temp_f_lag1, precip_in_lag1, wte_m_lag2",-1.26048223552141,0.07078854069919062
2019-12,ordinary least squares,3,2020-03,12.444109235870268,6.176867992983066,118,17.806303436564868,4,"sin_year, cos_year, year_fraction, flux_lag12",-6.267241242887202,0.3519675639143358
2019-12,ridge,3,2020-03,12.45210958181484,6.176867992983066,118,17.806303436564868,4,"sin_year, cos_year, year_fraction, flux_lag12",-6.275241588831774,0.3524168624435377
2019-12,random forest,3,2020-03,13.122729299187325,6.176867992983066,118,17.806303436564868,4,"sin_year, cos_year, year_fraction, flux_lag12",-6.945861306204259,0.3900787904097534
2019-12,gradient boosting,3,2020-03,12.063273533353666,6.176867992983066,118,17.806303436564868,4,"sin_year, cos_year, year_fraction, flux_lag12",-5.8864055403706,0.3305798736577178
2019-12,ordinary least squares,6,2020-06,48.58553039156165,53.90333150915241,118,17.806303436564868,5,"sin_year, cos_year, year_fraction, flux_lag12, soil_temp_f_lag6",5.317801117590761,0.2986471131717754
2019-12,ridge,6,2020-06,48.17425389148302,53.90333150915241,118,17.806303436564868,5,"sin_year, cos_year, year_fraction, flux_lag12, soil_temp_f_lag6",5.72907761766939,0.321744355198668
2019-12,random forest,6,2020-06,44.08257818969163,53.90333150915241,118,17.806303436564868,5,"sin_year, cos_year, year_fraction, flux_lag12, soil_temp_f_lag6",9.820753319460778,0.5515324028059675
2019-12,gradient boosting,6,2020-06,47.66717591661098,53.90333150915241,118,17.806303436564868,5,"sin_year, cos_year, year_fraction, flux_lag12, soil_temp_f_lag6",6.236155592541429,0.35022179728419184
2019-12,ordinary least squares,12,2020-12,20.975045343741915,22.88940983508864,118,17.806303436564868,5,"sin_year, cos_year, year_fraction, soil_temp_f_lag12, atm_temp_f_lag13",1.9143644913467242,0.10751049470580273
2019-12,ridge,12,2020-12,19.214484893811008,22.88940983508864,118,17.806303436564868,5,"sin_year, cos_year, year_fraction, soil_temp_f_lag12, atm_temp_f_lag13",3.674924941277631,0.20638337172954438
2019-12,random forest,12,2020-12,17.60945981243941,22.88940983508864,118,17.806303436564868,5,"sin_year, cos_year, year_fraction, soil_temp_f_lag12, atm_temp_f_lag13",5.279950022649228,0.2965213999334057
2019-12,gradient boosting,12,2020-12,16.0411122851153,22.88940983508864,118,17.806303436564868,5,"sin_year, cos_year, year_fraction, soil_temp_f_lag12, atm_temp_f_lag13",6.8482975499733385,0.3845996208236295
