origin,method,horizon,target,forecast,actual,train_n,mase_scale,n_predictors,predictors,error,scaled
2013-06,ordinary least squares,1,2013-07,77.97619020547515,,48,18.92414548975922,7,"sin_year, cos_year, year_fraction, flux_lag1, flux_lag2, flux_lag3, flux_lag12",,
2013-06,ridge,1,2013-07,77.96269121287203,,48,18.92414548975922,7,"sin_year, cos_year, year_fraction, flux_lag1, flux_lag2, flux_lag3, flux_lag12",,
2013-06,random forest,1,2013-07,80.08208890030869,,48,18.92414548975922,7,"sin_year, cos_year, year_fraction, flux_lag1, flux_lag2, flux_lag3, flux_lag12",,
2013-06,gradient boosting,1,2013-07,90.51835790233628,,48,18.92414548975922,7,"sin_year, cos_year, year_fraction, flux_lag1, flux_lag2, flux_lag3, flux_lag12",,
2013-06,ordinary least squares,3,2013-09,87.49305753550105,,48,18.92414548975922,4,"sin_year, cos_year, year_fraction, flux_lag12",,
2013-06,ridge,3,2013-09,86.70410661783139,,48,18.92414548975922,4,"sin_year, cos_year, year_fraction, flux_lag12",,
2013-06,random forest,3,2013-09,83.48226070027034,,48,18.92414548975922,4,"sin_year, cos_year, year_fraction, flux_lag12",,
2013-06,gradient boosting,3,2013-09,79.50999335843177,,48,18.92414548975922,4,"sin_year, cos_year, year_fraction, flux_lag12",,
2013-06,ordinary least squares,6,2013-12,12.700135999498922,,48,18.92414548975922,4,"sin_year, cos_year, year_fraction, flux_lag12",,
2013-06,ridge,6,2013-12,14.65032378238205,,48,18.92414548975922,4,"sin_year, cos_year, year_fraction, flux_lag12",,
2013-06,random forest,6,2013-12,15.842720662639348,,48,18.92414548975922,4,"sin_year, cos_year, year_fraction, flux_lag12",,
2013-06,gradient boosting,6,2013-12,19.32515427153929,,48,18.92414548975922,4,"sin_year, cos_year, year_fraction, flux_lag12",,
2013-06,ordinary least squares,12,2014-06,51.949595584980635,53.59145897698119,48,18.92414548975922,5,"sin_year, cos_year, year_fraction, flux_lag12, flux_lag13",1.6418633920005519,0.08676023934021457
2013-06,ridge,12,2014-06,52.03656084008662,53.59145897698119,48,18.92414548975922,5,"sin_year, cos_year, year_fraction, flux_lag12, flux_lag13",1.5548981368945647,0.08216477397809038
2013-06,random forest,12,2014-06,38.619928190298275,53.59145897698119,48,18.92414548975922,5,"sin_year, cos_year, year_fraction, flux_lag12, flux_lag13",14.971530786682912,0.7911337816962325
2013-06,gradient boosting,12,2014-06,49.40497126663059,53.59145897698119,48,18.92414548975922,5,"sin_year, cos_year, year_fraction, flux_lag12, flux_lag13",4.1864877103505975,0.22122466309594327
2014-03,ordinary least squares,1,2014-04,11.454533724922241,,51,20.58736253119911,7,"sin_year, cos_year, year_fraction, flux_lag1, flux_lag2, flux_lag3, flux_lag12",,
2014-03,ridge,1,2014-04,11.511343692843448,,51,20.58736253119911,7,"sin_year, cos_year, year_fraction, flux_lag1, flux_lag2, flux_lag3, flux_lag12",,
2014-03,random forest,1,2014-04,11.87120122745685,,51,20.58736253119911,7,"sin_year, cos_year, year_fraction, flux_lag1, flux_lag2, flux_lag3, flux_lag12",,
2014-03,gradient boosting,1,2014-04,15.755701779423115,,51,20.58736253119911,7,"sin_year, cos_year, year_fraction, flux_lag1, flux_lag2, flux_lag3, flux_lag12",,
2014-03,ordinary least squares,3,2014-06,49.554938958154736,53.59145897698119,51,20.58736253119911,4,"sin_year, cos_year, year_fraction, flux_lag12",4.036520018826451,0.19606785535103433
2014-03,ridge,3,2014-06,49.71851017533136,53.59145897698119,51,20.58736253119911,4,"sin_year, cos_year, year_fraction, flux_lag12",3.8729488016498266,0.18812263085087116
2014-03,random forest,3,2014-06,34.79365653744786,53.59145897698119,51,20.58736253119911,4,"sin_year, cos_year, year_fraction, flux_lag12",18.797802439533328,0.9130748249585738
2014-03,gradient boosting,3,2014-06,45.288053845020144,53.59145897698119,51,20.58736253119911,4,"sin_year, cos_year, year_fraction, flux_lag12",8.303405131961043,0.4033253467692936
2014-03,ordinary least squares,12,2015-03,11.144813649594148,18.270999943338268,51,20.58736253119911,5,"sin_year, cos_year, year_fraction, flux_lag12, flux_lag13",7.126186293744119,0.34614372205010446
2014-03,ridge,12,2015-03,11.303067804252516,18.270999943338268,51,20.58736253119911,5,"sin_year, cos_year, year_fraction, flux_lag12, flux_lag13",6.967932139085752,0.3384567658205952
2014-03,random forest,12,2015-03,13.04925096843965,18.270999943338268,51,20.58736253119911,5,"sin_year, cos_year, year_fraction, flux_lag12, flux_lag13",5.221748974898619,0.2536385594310744
2014-03,gradient boosting,12,2015-03,16.182479053328365,18.270999943338268,51,20.58736253119911,5,"sin_year, cos_year, year_fraction, flux_lag12, flux_lag13",2.088520890009903,0.1014467436926345
2014-07,ordinary least squares,6,2015-01,16.163531147423047,15.859275612745098,54,24.375874149763785,4,"sin_year, cos_year, year_fraction, flux_lag12",-0.3042555346779494,0.012481830715428837
2014-07,ridge,6,2015-01,13.52615958148264,15.859275612745098,54,24.375874149763785,4,"sin_year, cos_year, year_fraction, flux_lag12",2.333116031262458,0.0957141482158935
2014-07,random forest,6,2015-01,16.32517347765838,15.859275612745098,54,24.375874149763785,4,"sin_year, cos_year, year_fraction, flux_lag12",-0.4658978649132841,0.01911307311692036
2014-07,gradient boosting,6,2015-01,15.904948398864633,15.859275612745098,54,24.375874149763785,4,"sin_year, cos_year, year_fraction, flux_lag12",-0.0456727861195354,0.0018736881327383287
2014-07,ordinary least squares,12,2015-07,102.2499333933404,40.27710009521364,54,24.375874149763785,5,"sin_year, cos_year, year_fraction, flux_lag12, flux_lag13",-61.97283329812676,2.5423840358450205
2014-07,ridge,12,2015-07,102.06928053004494,40.27710009521364,54,24.375874149763785,5,"sin_year, cos_year, year_fraction, flux_lag12, flux_lag13",-61.792180434831295,2.5349729021073935
2014-07,random forest,12,2015-07,98.20001032574692,40.27710009521364,54,24.375874149763785,5,"sin_year, cos_year, year_fraction, flux_lag12, flux_lag13",-57.922910230533276,2.3762393042669436
2014-07,gradient boosting,12,2015-07,99.1832371849337,40.27710009521364,54,24.375874149763785,5,"sin_year, cos_year, year_fraction, flux_lag12, flux_lag13",-58.90613708972006,2.4165753698843613
2014-08,ordinary least squares,6,2015-02,10.575741280970943,14.337945119971938,55,25.347052624472564,4,"sin_year, cos_year, year_fraction, flux_lag12",3.7622038390009944,0.14842766513091896
2014-08,ridge,6,2015-02,9.517810393714477,14.337945119971938,55,25.347052624472564,4,"sin_year, cos_year, year_fraction, flux_lag12",4.820134726257461,0.19016549173072783
2014-08,random forest,6,2015-02,14.434472688312653,14.337945119971938,55,25.347052624472564,4,"sin_year, cos_year, year_fraction, flux_lag12",-0.09652756834071496,0.003808236396192181
2014-08,gradient boosting,6,2015-02,14.409344206229216,14.337945119971938,55,25.347052624472564,4,"sin_year, cos_year, year_fraction, flux_lag12",-0.0713990862572782,0.0028168595108506787
2014-08,ordinary least squares,12,2015-08,95.93260587686706,51.52255735937947,55,25.347052624472564,5,"sin_year, cos_year, year_fraction, flux_lag12, flux_lag13",-44.41004851748759,1.752079390666894
2014-08,ridge,12,2015-08,95.41416563248136,51.52255735937947,55,25.347052624472564,5,"sin_year, cos_year, year_fraction, flux_lag12, flux_lag13",-43.89160827310189,1.7316257208826151
2014-08,random forest,12,2015-08,108.12362139288034,51.52255735937947,55,25.347052624472564,5,"sin_year, cos_year, year_fraction, flux_lag12, flux_lag13",-56.60106403350087,2.233043220924731
2014-08,gradient boosting,12,2015-08,107.96735802729197,51.52255735937947,55,25.347052624472564,5,"sin_year, cos_year, year_fraction, flux_lag12, flux_lag13",-56.444800667912496,2.226878268813593
2014-09,ordinary least squares,6,2015-03,8.537572099208624,18.270999943338268,56,25.971099296000467,4,"sin_year, cos_year, year_fraction, flux_lag12",9.733427844129643,0.3747792010339965
2014-09,ridge,6,2015-03,8.66385260340175,18.270999943338268,56,25.971099296000467,4,"sin_year, cos_year, year_fraction, flux_lag12",9.607147339936517,0.3699168537473503
2014-09,random forest,6,2015-03,13.86306545902044,18.270999943338268,56,25.971099296000467,4,"sin_year, cos_year, year_fraction, flux_lag12",4.407934484317828,0.169724601722833
2014-09,gradient boosting,6,2015-03,15.080925992313938,18.270999943338268,56,25.971099296000467,4,"sin_year, cos_year, year_fraction, flux_lag12",3.1900739510243294,0.12283168743325389
2014-09,ordinary least squares,12,2015-09,81.14711583076786,46.95690568596313,56,25.971099296000467,5,"sin_year, cos_year, year_fraction, flux_lag12, flux_lag13",-34.19021014480473,1.3164714267628248
2014-09,ridge,12,2015-09,80.66219569401774,46.95690568596313,56,25.971099296000467,5,"sin_year, cos_year, year_fraction, flux_lag12, flux_lag13",-33.70529000805461,1.2977998976441172
2014-09,random forest,12,2015-09,82.98651645569838,46.95690568596313,56,25.971099296000467,5,"sin_year, cos_year, year_fraction, flux_lag12, flux_lag13",-36.02961076973525,1.387296331167768
2014-09,gradient boosting,12,2015-09,81.72423101476103,46.95690568596313,56,25.971099296000467,5,"sin_year, cos_year, year_fraction, flux_lag12, flux_lag13",-34.7673253287979,1.3386928651938907
2014-10,ordinary least squares,3,2015-01,14.959335534734656,15.859275612745098,57,26.20139480404853,4,"sin_year, cos_year, year_fraction, flux_lag12",0.8999400780104416,0.03434702941354048
2014-10,ridge,3,2015-01,12.785761240625025,15.859275612745098,57,26.20139480404853,4,"sin_year, cos_year, year_fraction, flux_lag12",3.073514372120073,0.11730346399899162
2014-10,random forest,3,2015-01,18.86456508054873,15.859275612745098,57,26.20139480404853,4,"sin_year, cos_year, year_fraction, flux_lag12",-3.0052894678036317,0.1146995986388964
2014-10,gradient boosting,3,2015-01,13.437856009659845,15.859275612745098,57,26.20139480404853,4,"sin_year, cos_year, year_fraction, flux_lag12",2.421419603085253,0.09241567562315825
2014-10,ordinary least squares,12,2015-10,50.82680842169873,39.94549525743978,57,26.20139480404853,5,"sin_year, cos_year, year_fraction, flux_lag12, flux_lag13",-10.881313164258948,0.4152951873606978
2014-10,ridge,12,2015-10,50.6157403248169,39.94549525743978,57,26.20139480404853,5,"sin_year, cos_year, year_fraction, flux_lag12, flux_lag13",-10.670245067377117,0.40723958198318494
2014-10,random forest,12,2015-10,42.44065301676778,39.94549525743978,57,26.20139480404853,5,"sin_year, cos_year, year_fraction, flux_lag12, flux_lag13",-2.495157759328002,0.09522995924409569
2014-10,gradient boosting,12,2015-10,46.397229279886375,39.94549525743978,57,26.20139480404853,5,"sin_year, cos_year, year_fraction, flux_lag12, flux_lag13",-6.451734022446594,0.24623628133910258
2015-02,ordinary least squares,1,2015-03,12.442712546902177,18.270999943338268,60,25.342011978541137,7,"sin_year, cos_year, year_fraction, flux_lag1, flux_lag2, flux_lag3, flux_lag12",5.828287396436091,0.22998518828620676
2015-02,ridge,1,2015-03,12.466201335741665,18.270999943338268,60,25.342011978541137,7,"sin_year, cos_year, year_fraction, flux_lag1, flux_lag2, flux_lag3, flux_lag12",5.804798607596602,0.22905831677894925
2015-02,random forest,1,2015-03,15.681525102442665,18.270999943338268,60,25.342011978541137,7,"sin_year, cos_year, year_fraction, flux_lag1, flux_lag2, flux_lag3, flux_lag12",2.589474840895603,0.10218110713104758
2015-02,gradient boosting,1,2015-03,11.25138075478764,18.270999943338268,60,25.342011978541137,7,"sin_year, cos_year, year_fraction, flux_lag1, flux_lag2, flux_lag3, flux_lag12",7.019619188550628,0.2769953385901101
2015-02,ordinary least squares,3,2015-05,26.77676167898742,19.80782415097063,60,25.342011978541137,4,"sin_year, cos_year, year_fraction, flux_lag12",-6.968937528016788,0.27499543185118364
2015-02,ridge,3,2015-05,27.328020769074083,19.80782415097063,60,25.342011978541137,4,"sin_year, cos_year, year_fraction, flux_lag12",-7.520196618103451,0.29674820706703675
2015-02,random forest,3,2015-05,25.71061198918706,19.80782415097063,60,25.342011978541137,4,"sin_year, cos_year, year_fraction, flux_lag12",-5.90278783821643,0.23292498808755732
2015-02,gradient boosting,3,2015-05,28.187215008859987,19.80782415097063,60,25.342011978541137,4,"sin_year, cos_year, year_fraction, flux_lag12",-8.379390857889355,0.33065215441397366
2015-02,ordinary least squares,6,2015-08,110.8227082955195,51.52255735937947,60,25.342011978541137,4,"sin_year, cos_year, year_fraction, flux_lag12",-59.300150936140035,2.3399938010586387
2015-02,ridge,6,2015-08,109.90759524228622,51.52255735937947,60,25.342011978541137,4,"sin_year, cos_year, year_fraction, flux_lag12",-58.38503788290675,2.3038832880493256
2015-02,random forest,6,2015-08,114.31209489380188,51.52255735937947,60,25.342011978541137,4,"sin_year, cos_year, year_fraction, flux_lag12",-62.789537534422415,2.47768557554115
2015-02,gradient boosting,6,2015-08,107.51199580272755,51.52255735937947,60,25.342011978541137,4,"sin_year, cos_year, year_fraction, flux_lag12",-55.989438443348085,2.2093525364425792
2015-02,ordinary least squares,12,2016-02,11.000903262444371,10.15844576393427,60,25.342011978541137,5,"sin_year, cos_year, year_fraction, flux_lag12, flux_lag13",-0.8424574985101021,0.033243512757529674
2015-02,ridge,12,2016-02,10.632041064565964,10.15844576393427,60,25.342011978541137,5,"sin_year, cos_year, year_fraction, flux_lag12, flux_lag13",-0.4735953006316951,0.018688149190076997
2015-02,random forest,12,2016-02,8.83740061587656,10.15844576393427,60,25.342011978541137,5,"sin_year, cos_year, year_fraction, flux_lag12, flux_lag13",1.32104514805771,0.0521286608646674
2015-02,gradient boosting,12,2016-02,14.84106787013927,10.15844576393427,60,25.342011978541137,5,"sin_year, cos_year, year_fraction, flux_lag12, flux_lag13",-4.682622106205001,0.1847770457282597
2015-03,ordinary least squares,3,2015-06,50.9820804561206,26.853943253830167,61,25.072589362368227,4,"sin_year, cos_year, year_fraction, flux_lag12",-24.128137202290432,0.9623312875097243
2015-03,ridge,3,2015-06,51.065494734673614,26.853943253830167,61,25.072589362368227,4,"sin_year, cos_year, year_fraction, flux_lag12",-24.211551480843447,0.9656581987173163
2015-03,random forest,3,2015-06,44.7105245687926,26.853943253830167,61,25.072589362368227,4,"sin_year, cos_year, year_fraction, flux_lag12",-17.856581314962433,0.7121953403729256
2015-03,gradient boosting,3,2015-06,49.30678316476048,26.853943253830167,61,25.072589362368227,4,"sin_year, cos_year, year_fraction, flux_lag12",-22.452839910930315,0.8955134065502653
2015-03,ordinary least squares,6,2015-09,84.71826009790504,46.95690568596313,61,25.072589362368227,4,"sin_year, cos_year, year_fraction, flux_lag12",-37.761354411941916,1.506081157641357
2015-03,ridge,6,2015-09,83.83394397368912,46.95690568596313,61,25.072589362368227,4,"sin_year, cos_year, year_fraction, flux_lag12",-36.87703828772599,1.4708109224281083
2015-03,random forest,6,2015-09,91.43349950256496,46.95690568596313,61,25.072589362368227,4,"sin_year, cos_year, year_fraction, flux_lag12",-44.47659381660183,1.7739130639357625
2015-03,gradient boosting,6,2015-09,81.1190893880077,46.95690568596313,61,25.072589362368227,4,"sin_year, cos_year, year_fraction, flux_lag12",-34.162183702044565,1.3625311374228872
2015-03,ordinary least squares,12,2016-03,12.568876658855393,10.941891091547808,61,25.072589362368227,5,"sin_year, cos_year, year_fraction, flux_lag12, flux_lag13",-1.6269855673075853,0.06489100681996367
2015-03,ridge,12,2016-03,12.648480800690631,10.941891091547808,61,25.072589362368227,5,"sin_year, cos_year, year_fraction, flux_lag12, flux_lag13",-1.7065897091428237,0.06806595379830478
2015-03,random forest,12,2016-03,9.784451588077859,10.941891091547808,61,25.072589362368227,5,"sin_year, cos_year, year_fraction, flux_lag12, flux_lag13",1.1574395034699485,0.046163540858973444
2015-03,gradient boosting,12,2016-03,19.055288246874504,10.941891091547808,61,25.072589362368227,5,"sin_year, cos_year, year_fraction, flux_lag12, flux_lag13",-8.113397155326696,0.32359630024907593
2015-04,ordinary least squares,1,2015-05,25.510917710064057,19.80782415097063,62,24.87213185536911,6,"sin_year, cos_year, year_fraction, flux_lag1, flux_lag2, flux_lag12",-5.703093559093425,0.22929653124455862
2015-04,ridge,1,2015-05,25.616596849127678,19.80782415097063,62,24.87213185536911,6,"sin_year, cos_year, year_fraction, flux_lag1, flux_lag2, flux_lag12",-5.808772698157046,0.23354542875274745
2015-04,random forest,1,2015-05,30.14175499875969,19.80782415097063,62,24.87213185536911,6,"sin_year, cos_year, year_fraction, flux_lag1, flux_lag2, flux_lag12",-10.333930847789059,0.41548231200608926
2015-04,gradient boosting,1,2015-05,25.88357585961381,19.80782415097063,62,24.87213185536911,6,"sin_year, cos_year, year_fraction, flux_lag1, flux_lag2, flux_lag12",-6.075751708643178,0.24427949095692877
2015-04,ordinary least squares,3,2015-07,104.56300445648587,40.27710009521364,62,24.87213185536911,4,"sin_year, cos_year, year_fraction, flux_lag12",-64.28590436127223,2.584655981043094
2015-04,ridge,3,2015-07,104.03286630100396,40.27710009521364,62,24.87213185536911,4,"sin_year, cos_year, year_fraction, flux_lag12",-63.75576620579032,2.5633414367746474
2015-04,random forest,3,2015-07,111.85236962758096,40.27710009521364,62,24.87213185536911,4,"sin_year, cos_year, year_fraction, flux_lag12",-71.57526953236732,2.8777295789752126
2015-04,gradient boosting,3,2015-07,98.57361156619115,40.27710009521364,62,24.87213185536911,4,"sin_year, cos_year, year_fraction, flux_lag12",-58.29651147097751,2.343848601719001
2015-04,ordinary least squares,6,2015-10,49.1908948250245,39.94549525743978,62,24.87213185536911,4,"sin_year, cos_year, year_fraction, flux_lag12",-9.24539956758472,0.3717172143243093
2015-04,ridge,6,2015-10,48.78854358817807,39.94549525743978,62,24.87213185536911,4,"sin_year, cos_year, year_fraction, flux_lag12",-8.843048330738291,0.35554042500901895
2015-04,random forest,6,2015-10,43.71332959316247,39.94549525743978,62,24.87213185536911,4,"sin_year, cos_year, year_fraction, flux_lag12",-3.7678343357226893,0.15148819400092287
2015-04,gradient boosting,6,2015-10,45.886864219147604,39.94549525743978,62,24.87213185536911,4,"sin_year, cos_year, year_fraction, flux_lag12",-5.941368961707823,0.23887654650018547
2015-04,ordinary least squares,12,2016-04,13.885506069653394,13.762156850690104,62,24.87213185536911,5,"sin_year, cos_year, year_fraction, flux_lag12, flux_lag13",-0.12334921896328943,0.00495933439403435
2015-04,ridge,12,2016-04,14.216753303728474,13.762156850690104,62,24.87213185536911,5,"sin_year, cos_year, year_fraction, flux_lag12, flux_lag13",-0.45459645303836993,0.018277341712477167
2015-04,random forest,12,2016-04,13.247097698808462,13.762156850690104,62,24.87213185536911,5,"sin_year, cos_year, year_fraction, flux_lag12, flux_lag13",0.5150591518816423,0.02070828326565249
2015-04,gradient boosting,12,2016-04,22.32434373560708,13.762156850690104,62,24.87213185536911,5,"sin_year, cos_year, year_fraction, flux_lag12, flux_lag13",-8.562186884916976,0.3442482105959353
2015-05,ordinary least squares,1,2015-06,36.41467322465941,26.853943253830167,63,24.637096540377627,6,"sin_year, cos_year, year_fraction, flux_lag1, flux_lag2, flux_lag12",-9.560729970829243,0.3880623658376386
2015-05,ridge,1,2015-06,36.48148426344714,26.853943253830167,63,24.637096540377627,6,"sin_year, cos_year, year_fraction, flux_lag1, flux_lag2, flux_lag12",-9.627541009616976,0.3907741723477214
2015-05,random forest,1,2015-06,41.26861402813508,26.853943253830167,63,24.637096540377627,6,"sin_year, cos_year, year_fraction, flux_lag1, flux_lag2, flux_lag12",-14.414670774304916,0.5850799322347411
2015-05,gradient boosting,1,2015-06,49.174330444609126,26.853943253830167,63,24.637096540377627,6,"sin_year, cos_year, year_fraction, flux_lag1, flux_lag2, flux_lag12",-22.32038719077896,0.9059666245248573
2015-05,ordinary least squares,3,2015-08,111.94126883843875,51.52255735937947,63,24.637096540377627,4,"sin_year, cos_year, year_fraction, flux_lag12",-60.418711479059276,2.4523470685776356
2015-05,ridge,3,2015-08,111.05088984377667,51.52255735937947,63,24.637096540377627,4,"sin_year, cos_year, year_fraction, flux_lag12",-59.528332484397204,2.416207298893215
2015-05,random forest,3,2015-08,112.29296136879994,51.52255735937947,63,24.637096540377627,4,"sin_year, cos_year, year_fraction, flux_lag12",-60.77040400942047,2.4666219864757246
2015-05,gradient boosting,3,2015-08,108.36494756772191,51.52255735937947,63,24.637096540377627,4,"sin_year, cos_year, year_fraction, flux_lag12",-56.842390208342444,2.3071870549025006
2015-05,ordinary least squares,12,2016-05,19.64834056537117,25.077205412742018,63,24.637096540377627,5,"sin_year, cos_year, year_fraction, flux_lag12, flux_lag13",5.428864847370846,0.2203532724918906
2015-05,ridge,12,2016-05,19.939117157232854,25.077205412742018,63,24.637096540377627,5,"sin_year, cos_year, year_fraction, flux_lag12, flux_lag13",5.138088255509164,0.2085508837085723
2015-05,random forest,12,2016-05,23.77845785852971,25.077205412742018,63,24.637096540377627,5,"sin_year, cos_year, year_fraction, flux_lag12, flux_lag13",1.2987475542123086,0.052715122176990176
2015-05,gradient boosting,12,2016-05,30.578259165398478,25.077205412742018,63,24.637096540377627,5,"sin_year, cos_year, year_fraction, flux_lag12, flux_lag13",-5.5010537526564605,0.22328336229233864
2015-06,ordinary least squares,1,2015-07,72.15699632429778,40.27710009521364,64,24.21330924267132,7,"sin_year, cos_year, year_fraction, flux_lag1, flux_lag2, flux_lag3, flux_lag12",-31.87989622908414,1.316626980210616
2015-06,ridge,1,2015-07,72.08113899267714,40.27710009521364,64,24.21330924267132,7,"sin_year, cos_year, year_fraction, flux_lag1, flux_lag2, flux_lag3, flux_lag12",-31.8040388974635,1.3134941027150049
2015-06,random forest,1,2015-07,88.5824896016158,40.27710009521364,64,24.21330924267132,7,"sin_year, cos_year, year_fraction, flux_lag1, flux_lag2, flux_lag3, flux_lag12",-48.305389506402165,1.994993291593252
2015-06,gradient boosting,1,2015-07,99.19669659138063,40.27710009521364,64,24.21330924267132,7,"sin_year, cos_year, year_fraction, flux_lag1, flux_lag2, flux_lag3, flux_lag12",-58.91959649616699,2.433355800550075
2015-06,ordinary least squares,3,2015-09,85.0117399555563,46.95690568596313,64,24.21330924267132,4,"sin_year, cos_year, year_fraction, flux_lag12",-38.054834269593165,1.571649454777078
2015-06,ridge,3,2015-09,84.1332301113902,46.95690568596313,64,24.21330924267132,4,"sin_year, cos_year, year_fraction, flux_lag12",-37.176324425427076,1.53536734912347
2015-06,random forest,3,2015-09,86.95734622187256,46.95690568596313,64,24.21330924267132,4,"sin_year, cos_year, year_fraction, flux_lag12",-40.000440535909426,1.652002216426341
2015-06,gradient boosting,3,2015-09,81.88892675262329,46.95690568596313,64,24.21330924267132,4,"sin_year, cos_year, year_fraction, flux_lag12",-34.93202106666016,1.4426785168670446
2015-06,ordinary least squares,6,2015-12,13.178884705789246,17.42685557334822,64,24.21330924267132,4,"sin_year, cos_year, year_fraction, flux_lag12",4.2479708675589745,0.17543950002805647
2015-06,ridge,6,2015-12,15.38794299525613,17.42685557334822,64,24.21330924267132,4,"sin_year, cos_year, year_fraction, flux_lag12",2.0389125780920896,0.0842062750554929
2015-06,random forest,6,2015-12,12.209205675174092,17.42685557334822,64,24.21330924267132,4,"sin_year, cos_year, year_fraction, flux_lag12",5.217649898174129,0.21548685666554906
2015-06,gradient boosting,6,2015-12,18.711588419941208,17.42685557334822,64,24.21330924267132,4,"sin_year, cos_year, year_fraction, flux_lag12",-1.2847328465929877,0.0530589533928263
2015-06,ordinary least squares,12,2016-06,40.98683494346174,37.77888036018321,64,24.21330924267132,5,"sin_year, cos_year, year_fraction, flux_lag12, flux_lag13",-3.2079545832785286,0.13248724290957814
2015-06,ridge,12,2016-06,41.05797551603402,37.77888036018321,64,24.21330924267132,5,"sin_year, cos_year, year_fraction, flux_lag12, flux_lag13",-3.2790951558508112,0.13542532014054626
2015-06,random forest,12,2016-06,42.94109694563075,37.77888036018321,64,24.21330924267132,5,"sin_year, cos_year, year_fraction, flux_lag12, flux_lag13",-5.162216585447538,0.21319748299212735
2015-06,gradient boosting,12,2016-06,50.067859527122785,37.77888036018321,64,24.21330924267132,5,"sin_year, cos_year, year_fraction, flux_lag12, flux_lag13",-12.288979166939576,0.5075299309060409
2015-07,ordinary least squares,1,2015-08,57.639171908834044,51.52255735937947,65,24.007668669824074,6,"sin_year, cos_year, year_fraction, flux_lag1, flux_lag2, flux_lag12",-6.1166145494545745,0.25477753102877176
2015-07,ridge,1,2015-08,57.774007247794515,51.52255735937947,65,24.007668669824074,6,"sin_year, cos_year, year_fraction, flux_lag1, flux_lag2, flux_lag12",-6.251449888415046,0.2603938755732943
2015-07,random forest,1,2015-08,80.81784463343573,51.52255735937947,65,24.007668669824074,6,"sin_year, cos_year, year_fraction, flux_lag1, flux_lag2, flux_lag12",-29.295287274056257,1.2202470667582288
2015-07,gradient boosting,1,2015-08,107.19611215121405,51.52255735937947,65,24.007668669824074,6,"sin_year, cos_year, year_fraction, flux_lag1, flux_lag2, flux_lag12",-55.67355479183458,2.318990467483928
2015-07,ordinary least squares,3,2015-10,47.154639513033516,39.94549525743978,65,24.007668669824074,4,"sin_year, cos_year, year_fraction, flux_lag12",-7.209144255593735,0.3002850611919313
2015-07,ridge,3,2015-10,46.83002008645395,39.94549525743978,65,24.007668669824074,4,"sin_year, cos_year, year_fraction, flux_lag12",-6.884524829014168,0.2867635722442106
2015-07,random forest,3,2015-10,41.64868387645964,39.94549525743978,65,24.007668669824074,4,"sin_year, cos_year, year_fraction, flux_lag12",-1.703188619019862,0.07094352402324881
2015-07,gradient boosting,3,2015-10,45.52383762824753,39.94549525743978,65,24.007668669824074,4,"sin_year, cos_year, year_fraction, flux_lag12",-5.578342370807746,0.23235668767035778
2015-07,ordinary least squares,6,2016-01,16.88478716394389,12.545716331639492,65,24.007668669824074,4,"sin_year, cos_year, year_fraction, flux_lag12",-4.339070832304399,0.18073686753925847
2015-07,ridge,6,2016-01,14.649159967804502,12.545716331639492,65,24.007668669824074,4,"sin_year, cos_year, year_fraction, flux_lag12",-2.103443636165011,0.08761548924610449
2015-07,random forest,6,2016-01,10.078980834689924,12.545716331639492,65,24.007668669824074,4,"sin_year, cos_year, year_fraction, flux_lag12",2.4667354969495676,0.10274781491174435
2015-07,gradient boosting,6,2016-01,16.95522155061405,12.545716331639492,65,24.007668669824074,4,"sin_year, cos_year, year_fraction, flux_lag12",-4.409505218974557,0.1836706962103734
2015-07,ordinary least squares,12,2016-07,91.85794485921215,59.479007540889526,65,24.007668669824074,4,"sin_year, cos_year, year_fraction, flux_lag12",-32.37893731832263,1.3486914437060955
2015-07,ridge,12,2016-07,91.6899924275549,59.479007540889526,65,24.007668669824074,4,"sin_year, cos_year, year_fraction, flux_lag12",-32.21098488666537,1.341695661068177
2015-07,random forest,12,2016-07,96.78748193246194,59.479007540889526,65,24.007668669824074,4,"sin_year, cos_year, year_fraction, flux_lag12",-37.30847439157242,1.5540232125273583
2015-07,gradient boosting,12,2016-07,91.53110250781724,59.479007540889526,65,24.007668669824074,4,"sin_year, cos_year, year_fraction, flux_lag12",-32.05209496692771,1.3350773624768866
2015-08,ordinary least squares,1,2015-09,45.89307431283569,46.95690568596313,66,24.77143701068218,7,"sin_year, cos_year, year_fraction, flux_lag1, flux_lag2, flux_lag3, flux_lag12",1.0638313731274422,0.0429458885517496
2015-08,ridge,1,2015-09,45.72865538607757,46.95690568596313,66,24.77143701068218,7,"sin_year, cos_year, year_fraction, flux_lag1, flux_lag2, flux_lag3, flux_lag12",1.2282502998855591,0.04958332854714488
2015-08,random forest,1,2015-09,56.490579681287414,46.95690568596313,66,24.77143701068218,7,"sin_year, cos_year, year_fraction, flux_lag1, flux_lag2, flux_lag3, flux_lag12",-9.533673995324285,0.3848656011039279
2015-08,gradient boosting,1,2015-09,80.19165378012502,46.95690568596313,66,24.77143701068218,7,"sin_year, cos_year, year_fraction, flux_lag1, flux_lag2, flux_lag3, flux_lag12",-33.234748094161894,1.3416560403754567
2015-08,ordinary least squares,6,2016-02,11.730371864762827,10.15844576393427,66,24.77143701068218,4,"sin_year, cos_year, year_fraction, flux_lag12",-1.5719261008285574,0.0634572027513259
2015-08,ridge,6,2016-02,11.156188208563016,10.15844576393427,66,24.77143701068218,4,"sin_year, cos_year, year_fraction, flux_lag12",-0.9977424446287468,0.04027793963662627
2015-08,random forest,6,2016-02,8.061017599139365,10.15844576393427,66,24.77143701068218,4,"sin_year, cos_year, year_fraction, flux_lag12",2.097428164794904,0.08467123501516809
2015-08,gradient boosting,6,2016-02,14.208968505073585,10.15844576393427,66,24.77143701068218,4,"sin_year, cos_year, year_fraction, flux_lag12",-4.050522741139316,0.16351585656466397
2015-08,ordinary least squares,12,2016-08,110.25872166994739,82.24805659922927,66,24.77143701068218,5,"sin_year, cos_year, year_fraction, flux_lag12, flux_lag13",-28.01066507071812,1.1307646406883496
2015-08,ridge,12,2016-08,110.03779966944464,82.24805659922927,66,24.77143701068218,5,"sin_year, cos_year, year_fraction, flux_lag12, flux_lag13",-27.789743070215366,1.1218462238679008
2015-08,random forest,12,2016-08,122.89630335549398,82.24805659922927,66,24.77143701068218,5,"sin_year, cos_year, year_fraction, flux_lag12, flux_lag13",-40.64824675626471,1.640932124314628
2015-08,gradient boosting,12,2016-08,99.53550184555668,82.24805659922927,66,24.77143701068218,5,"sin_year, cos_year, year_fraction, flux_lag12, flux_lag13",-17.287445246327408,0.6978781747248877
2015-09,ordinary least squares,1,2015-10,21.792757945440933,39.94549525743978,67,25.31999747524793,7,"sin_year, cos_year, year_fraction, flux_lag1, flux_lag2, flux_lag3, flux_lag12",18.152737311998848,0.7169328247265593
2015-09,ridge,1,2015-10,21.86205676418565,39.94549525743978,67,25.31999747524793,7,"sin_year, cos_year, year_fraction, flux_lag1, flux_lag2, flux_lag3, flux_lag12",18.083438493254132,0.7141959042820584
2015-09,random forest,1,2015-10,19.991008730423406,39.94549525743978,67,25.31999747524793,7,"sin_year, cos_year, year_fraction, flux_lag1, flux_lag2, flux_lag3, flux_lag12",19.954486527016375,0.7880919635368558
2015-09,gradient boosting,1,2015-10,45.60009048592194,39.94549525743978,67,25.31999747524793,7,"sin_year, cos_year, year_fraction, flux_lag1, flux_lag2, flux_lag3, flux_lag12",-5.654595228482158,0.22332526825920582
2015-09,ordinary least squares,3,2015-12,14.725377774228221,17.42685557334822,67,25.31999747524793,4,"sin_year, cos_year, year_fraction, flux_lag12",2.701477799119999,0.1066934466230055
2015-09,ridge,3,2015-12,15.717274046060439,17.42685557334822,67,25.31999747524793,4,"sin_year, cos_year, year_fraction, flux_lag12",1.7095815272877815,0.06751902439796911
2015-09,random forest,3,2015-12,12.82443201611223,17.42685557334822,67,25.31999747524793,4,"sin_year, cos_year, year_fraction, flux_lag12",4.602423557235991,0.1817703007962454
2015-09,gradient boosting,3,2015-12,17.83576085224644,17.42685557334822,67,25.31999747524793,4,"sin_year, cos_year, year_fraction, flux_lag12",-0.4089052788982208,0.016149499197144642
2015-09,ordinary least squares,6,2016-03,12.001619721859614,10.941891091547808,67,25.31999747524793,4,"sin_year, cos_year, year_fraction, flux_lag12",-1.059728630311806,0.041853425591679656
2015-09,ridge,6,2016-03,12.182750601669845,10.941891091547808,67,25.31999747524793,4,"sin_year, cos_year, year_fraction, flux_lag12",-1.2408595101220374,0.04900709454394948
2015-09,random forest,6,2016-03,8.232597320374223,10.941891091547808,67,25.31999747524793,4,"sin_year, cos_year, year_fraction, flux_lag12",2.7092937711735843,0.10700213433362735
2015-09,gradient boosting,6,2016-03,12.426223671154375,10.941891091547808,67,25.31999747524793,4,"sin_year, cos_year, year_fraction, flux_lag12",-1.4843325796065674,0.05862293552981616
2015-09,ordinary least squares,12,2016-09,92.01680209744376,70.99065504807947,67,25.31999747524793,4,"sin_year, cos_year, year_fraction, flux_lag13",-21.026147049364283,0.8304166329368244
2015-09,ridge,12,2016-09,91.7858968114065,70.99065504807947,67,25.31999747524793,4,"sin_year, cos_year, year_fraction, flux_lag13",-20.795241763327027,0.8212971499565049
2015-09,random forest,12,2016-09,105.28167703104833,70.99065504807947,67,25.31999747524793,4,"sin_year, cos_year, year_fraction, flux_lag13",-34.29102198296886,1.3543059005630127
2015-09,gradient boosting,12,2016-09,77.90539225849574,70.99065504807947,67,25.31999747524793,4,"sin_year, cos_year, year_fraction, flux_lag13",-6.914737210416263,0.27309391389852633
2015-10,ordinary least squares,3,2016-01,14.933944801369536,12.545716331639492,68,25.461081079318785,4,"sin_year, cos_year, year_fraction, flux_lag12",-2.388228469730045,0.09379917774465303
2015-10,ridge,3,2016-01,13.891181278156822,12.545716331639492,68,25.461081079318785,4,"sin_year, cos_year, year_fraction, flux_lag12",-1.34546494651733,0.05284398342418413
2015-10,random forest,3,2016-01,9.36443103594769,12.545716331639492,68,25.461081079318785,4,"sin_year, cos_year, year_fraction, flux_lag12",3.1812852956918007,0.12494698421410928
2015-10,gradient boosting,3,2016-01,11.040731574074469,12.545716331639492,68,25.461081079318785,4,"sin_year, cos_year, year_fraction, flux_lag12",1.5049847575650226,0.05910922450136939
2015-10,ordinary least squares,6,2016-04,15.584850232910672,13.762156850690104,68,25.461081079318785,4,"sin_year, cos_year, year_fraction, flux_lag12",-1.8226933822205673,0.07158743089275507
2015-10,ridge,6,2016-04,16.052402562428277,13.762156850690104,68,25.461081079318785,4,"sin_year, cos_year, year_fraction, flux_lag12",-2.290245711738173,0.08995084319488954
2015-10,random forest,6,2016-04,12.96437478009801,13.762156850690104,68,25.461081079318785,4,"sin_year, cos_year, year_fraction, flux_lag12",0.7977820705920937,0.03133339342924077
2015-10,gradient boosting,6,2016-04,15.769982512788712,13.762156850690104,68,25.461081079318785,4,"sin_year, cos_year, year_fraction, flux_lag12",-2.0078256620986075,0.07885861781923705
2015-10,ordinary least squares,12,2016-10,54.41818548883759,45.825641242881055,68,25.461081079318785,4,"sin_year, cos_year, year_fraction, flux_lag13",-8.592544245956532,0.3374775886062426
2015-10,ridge,12,2016-10,54.30593706780091,45.825641242881055,68,25.461081079318785,4,"sin_year, cos_year, year_fraction, flux_lag13",-8.480295824919857,0.33306896115295465
2015-10,random forest,12,2016-10,47.563741802779106,45.825641242881055,68,25.461081079318785,4,"sin_year, cos_year, year_fraction, flux_lag13",-1.7381005598980508,0.06826499450213266
2015-10,gradient boosting,12,2016-10,46.48735037583597,45.825641242881055,68,25.461081079318785,4,"sin_year, cos_year, year_fraction, flux_lag13",-0.6617091329549183,0.02598904307690231
2015-11,ordinary least squares,1,2015-12,8.832274524551654,17.42685557334822,69,25.477778753102736,7,"sin_year, cos_year, year_fraction, flux_lag1, flux_lag2, flux_lag3, flux_lag12",8.594581048796567,0.33733635620608804
2015-11,ridge,1,2015-12,9.722046957998133,17.42685557334822,69,25.477778753102736,7,"sin_year, cos_year, year_fraction, flux_lag1, flux_lag2, flux_lag3, flux_lag12",7.704808615350087,0.30241288653987464
2015-11,random forest,1,2015-12,9.967343997971057,17.42685557334822,69,25.477778753102736,7,"sin_year, cos_year, year_fraction, flux_lag1, flux_lag2, flux_lag3, flux_lag12",7.459511575377164,0.2927850048336231
2015-11,gradient boosting,1,2015-12,17.868181943914962,17.42685557334822,69,25.477778753102736,7,"sin_year, cos_year, year_fraction, flux_lag1, flux_lag2, flux_lag3, flux_lag12",-0.44132637056674184,0.017322011264934004
2015-11,ordinary least squares,3,2016-02,11.289476721187366,10.15844576393427,69,25.477778753102736,4,"sin_year, cos_year, year_fraction, flux_lag12",-1.1310309572530972,0.044392840059314743
2015-11,ridge,3,2016-02,10.920245389722268,10.15844576393427,69,25.477778753102736,4,"sin_year, cos_year, year_fraction, flux_lag12",-0.7617996257879991,0.02990055111045446
2015-11,random forest,3,2016-02,7.909081436643547,10.15844576393427,69,25.477778753102736,4,"sin_year, cos_year, year_fraction, flux_lag12",2.2493643272907224,0.08828730122388673
2015-11,gradient boosting,3,2016-02,9.521385189049576,10.15844576393427,69,25.477778753102736,4,"sin_year, cos_year, year_fraction, flux_lag12",0.6370605748846927,0.025004557149908926
2015-11,ordinary least squares,6,2016-05,24.5876042777291,25.077205412742018,69,25.477778753102736,4,"sin_year, cos_year, year_fraction, flux_lag12",0.4896011350129186,0.019216790433635975
2015-11,ridge,6,2016-05,25.004675550174273,25.077205412742018,69,25.477778753102736,4,"sin_year, cos_year, year_fraction, flux_lag12",0.07252986256774463,0.0028467890890571373
2015-11,random forest,6,2016-05,27.255011912310046,25.077205412742018,69,25.477778753102736,4,"sin_year, cos_year, year_fraction, flux_lag12",-2.177806499568028,0.08547866439505879
2015-11,gradient boosting,6,2016-05,24.01278202584055,25.077205412742018,69,25.477778753102736,4,"sin_year, cos_year, year_fraction, flux_lag12",1.064423386901467,0.041778500285149046
2015-11,ordinary least squares,12,2016-11,26.99201813260691,30.68067779303859,69,25.477778753102736,4,"sin_year, cos_year, year_fraction, flux_lag13",3.688659660431682,0.1447794839643338
2015-11,ridge,12,2016-11,27.112615924695664,30.68067779303859,69,25.477778753102736,4,"sin_year, cos_year, year_fraction, flux_lag13",3.5680618683429266,0.140046033954526
2015-11,random forest,12,2016-11,24.646254310197254,30.68067779303859,69,25.477778753102736,4,"sin_year, cos_year, year_fraction, flux_lag13",6.034423482841337,0.23685045471660093
2015-11,gradient boosting,12,2016-11,28.641387320212345,30.68067779303859,69,25.477778753102736,4,"sin_year, cos_year, year_fraction, flux_lag13",2.039290472826245,0.08004192565562239
2015-12,ordinary least squares,1,2016-01,14.459163212925162,12.545716331639492,70,25.06336422697163,7,"sin_year, cos_year, year_fraction, flux_lag1, flux_lag2, flux_lag3, flux_lag12",-1.9134468812856706,0.07634437515880405
2015-12,ridge,1,2016-01,13.827164969377517,12.545716331639492,70,25.06336422697163,7,"sin_year, cos_year, year_fraction, flux_lag1, flux_lag2, flux_lag3, flux_lag12",-1.2814486377380252,0.051128357156419175
2015-12,random forest,1,2016-01,12.72373114195863,12.545716331639492,70,25.06336422697163,7,"sin_year, cos_year, year_fraction, flux_lag1, flux_lag2, flux_lag3, flux_lag12",-0.17801481031913902,0.007102590406740791
2015-12,gradient boosting,1,2016-01,10.820425713206392,12.545716331639492,70,25.06336422697163,7,"sin_year, cos_year, year_fraction, flux_lag1, flux_lag2, flux_lag3, flux_lag12",1.7252906184330996,0.06883715221983047
2015-12,ordinary least squares,3,2016-03,10.886095682007024,10.941891091547808,70,25.06336422697163,4,"sin_year, cos_year, year_fraction, flux_lag12",0.055795409540783325,0.0022261739898724285
2015-12,ridge,3,2016-03,10.97689144316854,10.941891091547808,70,25.06336422697163,4,"sin_year, cos_year, year_fraction, flux_lag12",-0.03500035162073267,0.0013964746034799062
2015-12,random forest,3,2016-03,7.30582671243248,10.941891091547808,70,25.06336422697163,4,"sin_year, cos_year, year_fraction, flux_lag12",3.6360643791153278,0.145074872877697
2015-12,gradient boosting,3,2016-03,10.822662338358617,10.941891091547808,70,25.06336422697163,4,"sin_year, cos_year, year_fraction, flux_lag12",0.11922875318919068,0.00475709294687918
2015-12,ordinary least squares,6,2016-06,44.96563695512219,37.77888036018321,70,25.06336422697163,4,"sin_year, cos_year, year_fraction, flux_lag12",-7.186756594938984,0.28674349260763027
2015-12,ridge,6,2016-06,45.10227035284484,37.77888036018321,70,25.06336422697163,4,"sin_year, cos_year, year_fraction, flux_lag12",-7.323389992661632,0.292195011265912
2015-12,random forest,6,2016-06,45.945364195518685,37.77888036018321,70,25.06336422697163,4,"sin_year, cos_year, year_fraction, flux_lag12",-8.166483835335477,0.32583350588454585
2015-12,gradient boosting,6,2016-06,43.93592994381991,37.77888036018321,70,25.06336422697163,4,"sin_year, cos_year, year_fraction, flux_lag12",-6.157049583636699,0.24565934277134535
2015-12,ordinary least squares,12,2016-12,17.02176007974517,20.010404444074908,70,25.06336422697163,5,"sin_year, cos_year, year_fraction, flux_lag13, flux_lag14",2.988644364329737,0.1192435435747905
2015-12,ridge,12,2016-12,17.2200108854669,20.010404444074908,70,25.06336422697163,5,"sin_year, cos_year, year_fraction, flux_lag13, flux_lag14",2.7903935586080095,0.1113335597463473
2015-12,random forest,12,2016-12,16.1295608270276,20.010404444074908,70,25.06336422697163,5,"sin_year, cos_year, year_fraction, flux_lag13, flux_lag14",3.880843617047308,0.154841288739322
2015-12,gradient boosting,12,2016-12,19.738524763810467,20.010404444074908,70,25.06336422697163,5,"sin_year, cos_year, year_fraction, flux_lag13, flux_lag14",0.27187968026444054,0.010847692983364961
2016-01,ordinary least squares,1,2016-02,7.654970692105277,10.15844576393427,71,24.69472346517729,7,"sin_year, cos_year, year_fraction, flux_lag1, flux_lag2, flux_lag3, flux_lag12",2.5034750718289924,0.10137692270007444
2016-01,ridge,1,2016-02,7.538896045280497,10.15844576393427,71,24.69472346517729,7,"sin_year, cos_year, year_fraction, flux_lag1, flux_lag2, flux_lag3, flux_lag12",2.619549718653772,0.10607730523274218
2016-01,random forest,1,2016-02,12.29468096041858,10.15844576393427,71,24.69472346517729,7,"sin_year, cos_year, year_fraction, flux_lag1, flux_lag2, flux_lag3, flux_lag12",-2.1362351964843107,0.08650573469659115
2016-01,gradient boosting,1,2016-02,9.33415210059995,10.15844576393427,71,24.69472346517729,7,"sin_year, cos_year, year_fraction, flux_lag1, flux_lag2, flux_lag3, flux_lag12",0.8242936633343199,0.033379343749148645
2016-01,ordinary least squares,3,2016-04,13.622883542663274,13.762156850690104,71,24.69472346517729,4,"sin_year, cos_year, year_fraction, flux_lag12",0.13927330802683002,0.005639800268394305
2016-01,ridge,3,2016-04,13.95055794615605,13.762156850690104,71,24.69472346517729,4,"sin_year, cos_year, year_fraction, flux_lag12",-0.1884010954659452,0.007629204503205503
2016-01,random forest,3,2016-04,12.09735152293945,13.762156850690104,71,24.69472346517729,4,"sin_year, cos_year, year_fraction, flux_lag12",1.6648053277506545,0.06741542702829786
2016-01,gradient boosting,3,2016-04,14.952388842141055,13.762156850690104,71,24.69472346517729,4,"sin_year, cos_year, year_fraction, flux_lag12",-1.1902319914509505,0.048197826273670544
2016-01,ordinary least squares,6,2016-07,88.22861064198094,59.479007540889526,71,24.69472346517729,4,"sin_year, cos_year, year_fraction, flux_lag12",-28.74960310109141,1.164200244705393
2016-01,ridge,6,2016-07,88.01385401648758,59.479007540889526,71,24.69472346517729,4,"sin_year, cos_year, year_fraction, flux_lag12",-28.53484647559806,1.155503786703092
2016-01,random forest,6,2016-07,106.10571063959574,59.479007540889526,71,24.69472346517729,4,"sin_year, cos_year, year_fraction, flux_lag12",-46.626703098706216,1.888124123538205
2016-01,gradient boosting,6,2016-07,86.86507483307487,59.479007540889526,71,24.69472346517729,4,"sin_year, cos_year, year_fraction, flux_lag12",-27.386067292185345,1.1089845703598662
2016-01,ordinary least squares,12,2017-01,12.905966688213622,12.779323304793628,71,24.69472346517729,6,"sin_year, cos_year, year_fraction, flux_lag12, flux_lag13, flux_lag14",-0.12664338341999404,0.005128358031568054
2016-01,ridge,12,2017-01,12.66474445874788,12.779323304793628,71,24.69472346517729,6,"sin_year, cos_year, year_fraction, flux_lag12, flux_lag13, flux_lag14",0.11457884604574886,0.0046398108570569595
2016-01,random forest,12,2017-01,5.171679263615059,12.779323304793628,71,24.69472346517729,6,"sin_year, cos_year, year_fraction, flux_lag12, flux_lag13, flux_lag14",7.6076440411785695,0.3080675939500322
2016-01,gradient boosting,12,2017-01,16.96923321885384,12.779323304793628,71,24.69472346517729,6,"sin_year, cos_year, year_fraction, flux_lag12, flux_lag13, flux_lag14",-4.1899099140602125,0.1696682256826451
2016-02,ordinary least squares,1,2016-03,8.054260157010956,10.941891091547808,72,24.352803063358298,7,"sin_year, cos_year, year_fraction, flux_lag1, flux_lag2, flux_lag3, flux_lag12",2.887630934536851,0.11857488959378303
2016-02,ridge,1,2016-03,8.14705816157691,10.941891091547808,72,24.352803063358298,7,"sin_year, cos_year, year_fraction, flux_lag1, flux_lag2, flux_lag3, flux_lag12",2.794832929970898,0.11476432190165649
2016-02,random forest,1,2016-03,10.74248367333669,10.941891091547808,72,24.352803063358298,7,"sin_year, cos_year, year_fraction, flux_lag1, flux_lag2, flux_lag3, flux_lag12",0.19940741821111807,0.008188273756097932
2016-02,gradient boosting,1,2016-03,11.30819243818761,10.941891091547808,72,24.352803063358298,7,"sin_year, cos_year, year_fraction, flux_lag1, flux_lag2, flux_lag3, flux_lag12",-0.36630134663980307,0.015041444949347421
2016-02,ordinary least squares,3,2016-05,22.65928397359862,25.077205412742018,72,24.352803063358298,4,"sin_year, cos_year, year_fraction, flux_lag12",2.4179214391433987,0.09928719223215214
2016-02,ridge,3,2016-05,22.963679924915585,25.077205412742018,72,24.352803063358298,4,"sin_year, cos_year, year_fraction, flux_lag12",2.1135254878264327,0.0867877706860975
2016-02,random forest,3,2016-05,27.16196938959833,25.077205412742018,72,24.352803063358298,4,"sin_year, cos_year, year_fraction, flux_lag12",-2.084763976856312,0.08560673575983901
2016-02,gradient boosting,3,2016-05,23.184651193706674,25.077205412742018,72,24.352803063358298,4,"sin_year, cos_year, year_fraction, flux_lag12",1.8925542190353433,0.07771401978291843
2016-02,ordinary least squares,6,2016-08,98.4291140508028,82.24805659922927,72,24.352803063358298,4,"sin_year, cos_year, year_fraction, flux_lag12",-16.181057451573523,0.6644433254552063
2016-02,ridge,6,2016-08,97.99562321991716,82.24805659922927,72,24.352803063358298,4,"sin_year, cos_year, year_fraction, flux_lag12",-15.747566620687891,0.646642876375163
2016-02,random forest,6,2016-08,116.15284926652605,82.24805659922927,72,24.352803063358298,4,"sin_year, cos_year, year_fraction, flux_lag12",-33.904792667296775,1.3922336816458958
2016-02,gradient boosting,6,2016-08,98.32317969688339,82.24805659922927,72,24.352803063358298,4,"sin_year, cos_year, year_fraction, flux_lag12",-16.075123097654114,0.6600933393922549
2016-02,ordinary least squares,12,2017-02,11.012165510093,9.717814057555968,72,24.352803063358298,4,"sin_year, cos_year, year_fraction, flux_lag13",-1.2943514525370325,0.053149998756592376
2016-02,ridge,12,2017-02,10.787096343854929,9.717814057555968,72,24.352803063358298,4,"sin_year, cos_year, year_fraction, flux_lag13",-1.0692822862989608,0.043907975747885214
2016-02,random forest,12,2017-02,8.08789832861952,9.717814057555968,72,24.352803063358298,4,"sin_year, cos_year, year_fraction, flux_lag13",1.6299157289364476,0.06692928632058995
2016-02,gradient boosting,12,2017-02,13.193030210276607,9.717814057555968,72,24.352803063358298,4,"sin_year, cos_year, year_fraction, flux_lag13",-3.4752161527206393,0.1427029218640345
2016-03,ordinary least squares,1,2016-04,11.259272517318323,13.762156850690104,73,24.0737261090703,7,"sin_year, cos_year, year_fraction, flux_lag1, flux_lag2, flux_lag3, flux_lag12",2.5028843333717816,0.10396746735557341
2016-03,ridge,1,2016-04,11.449943936746592,13.762156850690104,73,24.0737261090703,7,"sin_year, cos_year, year_fraction, flux_lag1, flux_lag2, flux_lag3, flux_lag12",2.3122129139435117,0.0960471554535272
2016-03,random forest,1,2016-04,14.041087304049356,13.762156850690104,73,24.0737261090703,7,"sin_year, cos_year, year_fraction, flux_lag1, flux_lag2, flux_lag3, flux_lag12",-0.2789304533592514,0.011586509379375146
2016-03,gradient boosting,1,2016-04,14.70387576441557,13.762156850690104,73,24.0737261090703,7,"sin_year, cos_year, year_fraction, flux_lag1, flux_lag2, flux_lag3, flux_lag12",-0.9417189137254667,0.039118120288435684
2016-03,ordinary least squares,3,2016-06,43.543476353921946,37.77888036018321,73,24.0737261090703,4,"sin_year, cos_year, year_fraction, flux_lag12",-5.764595993738737,0.23945591004986969
2016-03,ridge,3,2016-06,43.664474443367205,37.77888036018321,73,24.0737261090703,4,"sin_year, cos_year, year_fraction, flux_lag12",-5.885594083183996,0.24448205718210236
2016-03,random forest,3,2016-06,46.82312552414781,37.77888036018321,73,24.0737261090703,4,"sin_year, cos_year, year_fraction, flux_lag12",-9.044245163964604,0.37568946007726606
2016-03,gradient boosting,3,2016-06,44.069105198139255,37.77888036018321,73,24.0737261090703,4,"sin_year, cos_year, year_fraction, flux_lag12",-6.290224837956046,0.26129003916789045
2016-03,ordinary least squares,6,2016-09,76.46095674889419,70.99065504807947,73,24.0737261090703,4,"sin_year, cos_year, year_fraction, flux_lag12",-5.470301700814716,0.227231201187159
2016-03,ridge,6,2016-09,76.0364793579405,70.99065504807947,73,24.0737261090703,4,"sin_year, cos_year, year_fraction, flux_lag12",-5.045824309861018,0.20959880855169713
2016-03,random forest,6,2016-09,75.06600196540371,70.99065504807947,73,24.0737261090703,4,"sin_year, cos_year, year_fraction, flux_lag12",-4.075346917324239,0.16928608803058384
2016-03,gradient boosting,6,2016-09,75.13653040486014,70.99065504807947,73,24.0737261090703,4,"sin_year, cos_year, year_fraction, flux_lag12",-4.145875356780664,0.17221577324577997
2016-03,ordinary least squares,12,2017-03,11.54417221728371,12.137530418720104,73,24.0737261090703,5,"sin_year, cos_year, year_fraction, flux_lag12, flux_lag13",0.5933582014363932,0.024647543082781546
2016-03,ridge,12,2017-03,11.59265675688862,12.137530418720104,73,24.0737261090703,5,"sin_year, cos_year, year_fraction, flux_lag12, flux_lag13",0.5448736618314847,0.022633540788943
2016-03,random forest,12,2017-03,8.898864436671039,12.137530418720104,73,24.0737261090703,5,"sin_year, cos_year, year_fraction, flux_lag12, flux_lag13",3.2386659820490653,0.13453114683517262
2016-03,gradient boosting,12,2017-03,14.266300718475323,12.137530418720104,73,24.0737261090703,5,"sin_year, cos_year, year_fraction, flux_lag12, flux_lag13",-2.128770299755219,0.08842712134010525
2016-04,ordinary least squares,1,2016-05,22.403002533238784,25.077205412742018,74,23.80165039728807,7,"sin_year, cos_year, year_fraction, flux_lag1, flux_lag2, flux_lag3, flux_lag12",2.674202879503234,0.11235367442452349
2016-04,ridge,1,2016-05,22.555392999785386,25.077205412742018,74,23.80165039728807,7,"sin_year, cos_year, year_fraction, flux_lag1, flux_lag2, flux_lag3, flux_lag12",2.5218124129566313,0.1059511576240933
2016-04,random forest,1,2016-05,24.97357157656411,25.077205412742018,74,23.80165039728807,7,"sin_year, cos_year, year_fraction, flux_lag1, flux_lag2, flux_lag3, flux_lag12",0.10363383617790589,0.004354060934770885
2016-04,gradient boosting,1,2016-05,24.493738545624065,25.077205412742018,74,23.80165039728807,7,"sin_year, cos_year, year_fraction, flux_lag1, flux_lag2, flux_lag3, flux_lag12",0.5834668671179521,0.024513714695365476
2016-04,ordinary least squares,3,2016-07,89.33029632479087,59.479007540889526,74,23.80165039728807,4,"sin_year, cos_year, year_fraction, flux_lag12",-29.85128878390134,1.2541688616392146
2016-04,ridge,3,2016-07,89.2177959371175,59.479007540889526,74,23.80165039728807,4,"sin_year, cos_year, year_fraction, flux_lag12",-29.738788396227974,1.2494422823560325
2016-04,random forest,3,2016-07,104.65315689252256,59.479007540889526,74,23.80165039728807,4,"sin_year, cos_year, year_fraction, flux_lag12",-45.174149351633034,1.8979418904825238
2016-04,gradient boosting,3,2016-07,86.49518606544811,59.479007540889526,74,23.80165039728807,4,"sin_year, cos_year, year_fraction, flux_lag12",-27.016178524558583,1.1350548417279824
2016-04,ordinary least squares,6,2016-10,45.77761213012367,45.825641242881055,74,23.80165039728807,4,"sin_year, cos_year, year_fraction, flux_lag12",0.04802911275738353,0.00201789001836847
2016-04,ridge,6,2016-10,45.63885224676761,45.825641242881055,74,23.80165039728807,4,"sin_year, cos_year, year_fraction, flux_lag12",0.18678899611344235,0.00784773295110346
2016-04,random forest,6,2016-10,36.203433912754335,45.825641242881055,74,23.80165039728807,4,"sin_year, cos_year, year_fraction, flux_lag12",9.62220733012672,0.40426639201553277
2016-04,gradient boosting,6,2016-10,45.635966642075594,45.825641242881055,74,23.80165039728807,4,"sin_year, cos_year, year_fraction, flux_lag12",0.1896746008054606,0.007968968438721035
2016-04,ordinary least squares,12,2017-04,14.968372652568329,37.58497474692917,74,23.80165039728807,4,"sin_year, cos_year, year_fraction, flux_lag13",22.616602094360843,0.9502115070532147
2016-04,ridge,12,2017-04,15.166280319706692,37.58497474692917,74,23.80165039728807,4,"sin_year, cos_year, year_fraction, flux_lag13",22.418694427222476,0.9418966354441048
2016-04,random forest,12,2017-04,12.557768310529683,37.58497474692917,74,23.80165039728807,4,"sin_year, cos_year, year_fraction, flux_lag13",25.02720643639949,1.0514903806523876
2016-04,gradient boosting,12,2017-04,17.427823628820875,37.58497474692917,74,23.80165039728807,4,"sin_year, cos_year, year_fraction, flux_lag13",20.157151118108295,0.8468803961764338
2016-05,ordinary least squares,1,2016-06,49.13336095817891,37.77888036018321,75,23.507487395137012,6,"sin_year, cos_year, year_fraction, flux_lag1, flux_lag2, flux_lag12",-11.354480597995703,0.48301549234668956
2016-05,ridge,1,2016-06,49.18450079639712,37.77888036018321,75,23.507487395137012,6,"sin_year, cos_year, year_fraction, flux_lag1, flux_lag2, flux_lag12",-11.405620436213908,0.48519096254299754
2016-05,random forest,1,2016-06,33.992842183708866,37.77888036018321,75,23.507487395137012,6,"sin_year, cos_year, year_fraction, flux_lag1, flux_lag2, flux_lag12",3.7860381764743423,0.16105669282449808
2016-05,gradient boosting,1,2016-06,43.21714948781731,37.77888036018321,75,23.507487395137012,6,"sin_year, cos_year, year_fraction, flux_lag1, flux_lag2, flux_lag12",-5.438269127634101,0.23134199909255782
2016-05,ordinary least squares,3,2016-08,99.61242383313056,82.24805659922927,75,23.507487395137012,4,"sin_year, cos_year, year_fraction, flux_lag12",-17.36436723390129,0.7386738932163993
2016-05,ridge,3,2016-08,99.33611136121345,82.24805659922927,75,23.507487395137012,4,"sin_year, cos_year, year_fraction, flux_lag12",-17.088054761984182,0.7269196607341023
2016-05,random forest,3,2016-08,116.55326286548885,82.24805659922927,75,23.507487395137012,4,"sin_year, cos_year, year_fraction, flux_lag12",-34.305206266259574,1.4593310501298529
2016-05,gradient boosting,3,2016-08,97.39889343060166,82.24805659922927,75,23.507487395137012,4,"sin_year, cos_year, year_fraction, flux_lag12",-15.150836831372388,0.6445111115748865
2016-05,ordinary least squares,6,2016-11,25.63879010496969,30.68067779303859,75,23.507487395137012,4,"sin_year, cos_year, year_fraction, flux_lag12",5.0418876880689005,0.21448007621230988
2016-05,ridge,6,2016-11,26.060233165677705,30.68067779303859,75,23.507487395137012,4,"sin_year, cos_year, year_fraction, flux_lag12",4.620444627360886,0.19655204104530186
2016-05,random forest,6,2016-11,20.631167605300554,30.68067779303859,75,23.507487395137012,4,"sin_year, cos_year, year_fraction, flux_lag12",10.049510187738036,0.4275025237200372
2016-05,gradient boosting,6,2016-11,24.967478738881635,30.68067779303859,75,23.507487395137012,4,"sin_year, cos_year, year_fraction, flux_lag12",5.713199054156956,0.24303741859450465
2016-05,ordinary least squares,12,2017-05,24.825252113611192,44.37289578478105,75,23.507487395137012,5,"sin_year, cos_year, year_fraction, flux_lag12, flux_lag13",19.54764367116986,0.8315496821329222
2016-05,ridge,12,2017-05,24.94278943234997,44.37289578478105,75,23.507487395137012,5,"sin_year, cos_year, year_fraction, flux_lag12, flux_lag13",19.430106352431082,0.8265496871626775
2016-05,random forest,12,2017-05,26.36726587045277,44.37289578478105,75,23.507487395137012,5,"sin_year, cos_year, year_fraction, flux_lag12, flux_lag13",18.00562991432828,0.7659529753934102
2016-05,gradient boosting,12,2017-05,26.02777246149814,44.37289578478105,75,23.507487395137012,5,"sin_year, cos_year, year_fraction, flux_lag12, flux_lag13",18.34512332328291,0.7803949020548219
2016-06,ordinary least squares,1,2016-07,93.8768896969663,59.479007540889526,76,23.310885046874763,7,"sin_year, cos_year, year_fraction, flux_lag1, flux_lag2, flux_lag3, flux_lag12",-34.397882156076776,1.4756145932214797
2016-06,ridge,1,2016-07,93.80176180709923,59.479007540889526,76,23.310885046874763,7,"sin_year, cos_year, year_fraction, flux_lag1, flux_lag2, flux_lag3, flux_lag12",-34.3227542662097,1.4723917258907882
2016-06,random forest,1,2016-07,91.60152336245883,59.479007540889526,76,23.310885046874763,7,"sin_year, cos_year, year_fraction, flux_lag1, flux_lag2, flux_lag3, flux_lag12",-32.12251582156931,1.3780049859529422
2016-06,gradient boosting,1,2016-07,88.95150603298471,59.479007540889526,76,23.310885046874763,7,"sin_year, cos_year, year_fraction, flux_lag1, flux_lag2, flux_lag3, flux_lag12",-29.472498492095184,1.2643234451557854
2016-06,ordinary least squares,3,2016-09,76.55892063895635,70.99065504807947,76,23.310885046874763,4,"sin_year, cos_year, year_fraction, flux_lag12",-5.568265590876877,0.23886976318916733
2016-06,ridge,3,2016-09,76.26117800255992,70.99065504807947,76,23.310885046874763,4,"sin_year, cos_year, year_fraction, flux_lag12",-5.270522954480441,0.22609707627497602
2016-06,random forest,3,2016-09,73.67751053886508,70.99065504807947,76,23.310885046874763,4,"sin_year, cos_year, year_fraction, flux_lag12",-2.6868554907856037,0.11526183949612949
2016-06,gradient boosting,3,2016-09,71.35803250916496,70.99065504807947,76,23.310885046874763,4,"sin_year, cos_year, year_fraction, flux_lag12",-0.3673774610854821,0.015759910460145122
2016-06,ordinary least squares,6,2016-12,14.139662430889345,20.010404444074908,76,23.310885046874763,4,"sin_year, cos_year, year_fraction, flux_lag12",5.870742013185563,0.25184552201172816
2016-06,ridge,6,2016-12,15.305976378274936,20.010404444074908,76,23.310885046874763,4,"sin_year, cos_year, year_fraction, flux_lag12",4.704428065799972,0.2018125033150847
2016-06,random forest,6,2016-12,14.046972281841635,20.010404444074908,76,23.310885046874763,4,"sin_year, cos_year, year_fraction, flux_lag12",5.963432162233273,0.255821782409449
2016-06,gradient boosting,6,2016-12,17.15053002688434,20.010404444074908,76,23.310885046874763,4,"sin_year, cos_year, year_fraction, flux_lag12",2.859874417190568,0.12268407704983234
2016-06,ordinary least squares,12,2017-06,39.96987675441152,64.03962290501559,76,23.310885046874763,5,"sin_year, cos_year, year_fraction, flux_lag12, flux_lag13",24.069746150604068,1.0325539378793789
2016-06,ridge,12,2017-06,40.03027657741005,64.03962290501559,76,23.310885046874763,5,"sin_year, cos_year, year_fraction, flux_lag12, flux_lag13",24.00934632760554,1.029962881260247
2016-06,random forest,12,2017-06,37.565850089983854,64.03962290501559,76,23.310885046874763,5,"sin_year, cos_year, year_fraction, flux_lag12, flux_lag13",26.473772815031737,1.1356828692602994
2016-06,gradient boosting,12,2017-06,45.130374366376756,64.03962290501559,76,23.310885046874763,5,"sin_year, cos_year, year_fraction, flux_lag12, flux_lag13",18.909248538638835,0.8111767743101609
2016-07,ordinary least squares,1,2016-08,81.46247018814593,82.24805659922927,77,23.247670006856318,7,"sin_year, cos_year, year_fraction, flux_lag1, flux_lag2, flux_lag3, flux_lag12",0.7855864110833437,0.03379204930436705
2016-07,ridge,1,2016-08,81.41233717746721,82.24805659922927,77,23.247670006856318,7,"sin_year, cos_year, year_fraction, flux_lag1, flux_lag2, flux_lag3, flux_lag12",0.8357194217620645,0.03594852393876849
2016-07,random forest,1,2016-08,78.14462615285379,82.24805659922927,77,23.247670006856318,7,"sin_year, cos_year, year_fraction, flux_lag1, flux_lag2, flux_lag3, flux_lag12",4.103430446375484,0.17650932094120741
2016-07,gradient boosting,1,2016-08,93.58277750875884,82.24805659922927,77,23.247670006856318,7,"sin_year, cos_year, year_fraction, flux_lag1, flux_lag2, flux_lag3, flux_lag12",-11.334720909529565,0.4875637389117565
2016-07,ordinary least squares,3,2016-10,44.51937926015413,45.825641242881055,77,23.247670006856318,4,"sin_year, cos_year, year_fraction, flux_lag12",1.306261982726923,0.05618894204630717
2016-07,ridge,3,2016-10,44.40402283783461,45.825641242881055,77,23.247670006856318,4,"sin_year, cos_year, year_fraction, flux_lag12",1.4216184050464449,0.061151005869714004
2016-07,random forest,3,2016-10,38.059705598230956,45.825641242881055,77,23.247670006856318,4,"sin_year, cos_year, year_fraction, flux_lag12",7.765935644650099,0.3340522143664174
2016-07,gradient boosting,3,2016-10,42.39047989994712,45.825641242881055,77,23.247670006856318,4,"sin_year, cos_year, year_fraction, flux_lag12",3.435161342933938,0.14776368306676854
2016-07,ordinary least squares,6,2017-01,15.016600380257048,12.779323304793628,77,23.247670006856318,4,"sin_year, cos_year, year_fraction, flux_lag12",-2.2372770754634193,0.0962366153168722
2016-07,ridge,6,2017-01,14.046640192084606,12.779323304793628,77,23.247670006856318,4,"sin_year, cos_year, year_fraction, flux_lag12",-1.2673168872909777,0.054513716295749824
2016-07,random forest,6,2017-01,11.24240637025719,12.779323304793628,77,23.247670006856318,4,"sin_year, cos_year, year_fraction, flux_lag12",1.536916934536439,0.06611057942938643
2016-07,gradient boosting,6,2017-01,12.24777265763672,12.779323304793628,77,23.247670006856318,4,"sin_year, cos_year, year_fraction, flux_lag12",0.5315506471569087,0.022864684804977924
2016-07,ordinary least squares,12,2017-07,76.58823141384595,87.66503940194706,77,23.247670006856318,5,"sin_year, cos_year, year_fraction, flux_lag12, flux_lag13",11.076807988101109,0.47646959823648055
2016-07,ridge,12,2017-07,76.56071690176704,87.66503940194706,77,23.247670006856318,5,"sin_year, cos_year, year_fraction, flux_lag12, flux_lag13",11.104322500180018,0.4776531367188659
2016-07,random forest,12,2017-07,63.85934142114821,87.66503940194706,77,23.247670006856318,5,"sin_year, cos_year, year_fraction, flux_lag12, flux_lag13",23.805697980798847,1.0240036086961812
2016-07,gradient boosting,12,2017-07,84.45869083411881,87.66503940194706,77,23.247670006856318,5,"sin_year, cos_year, year_fraction, flux_lag12, flux_lag13",3.2063485678282433,0.1379212870314578
2016-08,ordinary least squares,1,2016-09,75.31460342663833,70.99065504807947,78,23.360970449780464,6,"sin_year, cos_year, year_fraction, flux_lag1, flux_lag2, flux_lag12",-4.323948378558853,0.18509284055018732
2016-08,ridge,1,2016-09,75.24677950956136,70.99065504807947,78,23.360970449780464,6,"sin_year, cos_year, year_fraction, flux_lag1, flux_lag2, flux_lag12",-4.256124461481889,0.1821895400549118
2016-08,random forest,1,2016-09,54.45498229137274,70.99065504807947,78,23.360970449780464,6,"sin_year, cos_year, year_fraction, flux_lag1, flux_lag2, flux_lag12",16.535672756706738,0.7078332979468382
2016-08,gradient boosting,1,2016-09,73.33264576140768,70.99065504807947,78,23.360970449780464,6,"sin_year, cos_year, year_fraction, flux_lag1, flux_lag2, flux_lag12",-2.341990713328201,0.10025228696568168
2016-08,ordinary least squares,3,2016-11,25.786076348184476,30.68067779303859,78,23.360970449780464,4,"sin_year, cos_year, year_fraction, flux_lag12",4.894601444854114,0.20952046728435939
2016-08,ridge,3,2016-11,25.965248812892845,30.68067779303859,78,23.360970449780464,4,"sin_year, cos_year, year_fraction, flux_lag12",4.715428980145745,0.2018507317700091
2016-08,random forest,3,2016-11,20.96317957931209,30.68067779303859,78,23.360970449780464,4,"sin_year, cos_year, year_fraction, flux_lag12",9.7174982137265,0.4159715125968931
2016-08,gradient boosting,3,2016-11,24.28036005476221,30.68067779303859,78,23.360970449780464,4,"sin_year, cos_year, year_fraction, flux_lag12",6.400317738276382,0.27397482275127527
2016-08,ordinary least squares,6,2017-02,11.315899934780767,9.717814057555968,78,23.360970449780464,4,"sin_year, cos_year, year_fraction, flux_lag12",-1.5980858772247988,0.06840836859325837
2016-08,ridge,6,2017-02,11.011076897432941,9.717814057555968,78,23.360970449780464,4,"sin_year, cos_year, year_fraction, flux_lag12",-1.2932628398769737,0.05535997927214223
2016-08,random forest,6,2017-02,9.585953742123987,9.717814057555968,78,23.360970449780464,4,"sin_year, cos_year, year_fraction, flux_lag12",0.13186031543198062,0.00564447079437232
2016-08,gradient boosting,6,2017-02,10.775278042386066,9.717814057555968,78,23.360970449780464,4,"sin_year, cos_year, year_fraction, flux_lag12",-1.0574639848300986,0.045266269528628944
2016-08,ordinary least squares,12,2017-08,101.00525204221582,64.92411901892125,78,23.360970449780464,6,"sin_year, cos_year, year_fraction, flux_lag12, flux_lag13, flux_lag14",-36.08113302329457,1.5445048869377618
2016-08,ridge,12,2017-08,101.0002391694895,64.92411901892125,78,23.360970449780464,6,"sin_year, cos_year, year_fraction, flux_lag12, flux_lag13, flux_lag14",-36.07612015056826,1.5442903036978624
2016-08,random forest,12,2017-08,91.50544332226782,64.92411901892125,78,23.360970449780464,6,"sin_year, cos_year, year_fraction, flux_lag12, flux_lag13, flux_lag14",-26.581324303346577,1.137851886782228
2016-08,gradient boosting,12,2017-08,96.8435920159213,64.92411901892125,78,23.360970449780464,6,"sin_year, cos_year, year_fraction, flux_lag12, flux_lag13, flux_lag14",-31.919472997000057,1.366359033141109
2016-09,ordinary least squares,1,2016-10,46.04084886286497,45.825641242881055,79,23.371011926083984,6,"sin_year, cos_year, year_fraction, flux_lag1, flux_lag2, flux_lag12",-0.21520761998391436,0.009208314157065866
2016-09,ridge,1,2016-10,45.991391747603885,45.825641242881055,79,23.371011926083984,6,"sin_year, cos_year, year_fraction, flux_lag1, flux_lag2, flux_lag12",-0.16575050472282982,0.00709214069322512
2016-09,random forest,1,2016-10,40.39756059786251,45.825641242881055,79,23.371011926083984,6,"sin_year, cos_year, year_fraction, flux_lag1, flux_lag2, flux_lag12",5.428080645018547,0.23225697980840784
2016-09,gradient boosting,1,2016-10,40.98035890845955,45.825641242881055,79,23.371011926083984,6,"sin_year, cos_year, year_fraction, flux_lag1, flux_lag2, flux_lag12",4.845282334421505,0.20732017722406657
2016-09,ordinary least squares,3,2016-12,15.75625736755966,20.010404444074908,79,23.371011926083984,3,"sin_year, cos_year, year_fraction",4.254147076515247,0.182026652930987
2016-09,ridge,3,2016-12,16.277588304952715,20.010404444074908,79,23.371011926083984,3,"sin_year, cos_year, year_fraction",3.7328161391221926,0.15971991931406535
2016-09,random forest,3,2016-12,15.665603729401349,20.010404444074908,79,23.371011926083984,3,"sin_year, cos_year, year_fraction",4.344800714673559,0.18590554522906222
2016-09,gradient boosting,3,2016-12,16.951853665006826,20.010404444074908,79,23.371011926083984,3,"sin_year, cos_year, year_fraction",3.0585507790680815,0.1308694201492613
2016-09,ordinary least squares,6,2017-03,11.458516687370572,12.137530418720104,79,23.371011926083984,4,"sin_year, cos_year, year_fraction, flux_lag12",0.6790137313495315,0.02905367270775708
2016-09,ridge,6,2017-03,11.586341042317166,12.137530418720104,79,23.371011926083984,4,"sin_year, cos_year, year_fraction, flux_lag12",0.5511893764029381,0.023584317963903183
2016-09,random forest,6,2017-03,9.39532027080032,12.137530418720104,79,23.371011926083984,4,"sin_year, cos_year, year_fraction, flux_lag12",2.742210147919783,0.1173338217700043
2016-09,gradient boosting,6,2017-03,12.432115935427447,12.137530418720104,79,23.371011926083984,4,"sin_year, cos_year, year_fraction, flux_lag12",-0.29458551670734323,0.01260473947978955
2016-09,ordinary least squares,12,2017-09,76.0172098527857,57.26309737930811,79,23.371011926083984,4,"sin_year, cos_year, year_fraction, flux_lag13",-18.75411247347759,0.8024518806798626
2016-09,ridge,12,2017-09,75.96676947412674,57.26309737930811,79,23.371011926083984,4,"sin_year, cos_year, year_fraction, flux_lag13",-18.70367209481863,0.8002936352937197
2016-09,random forest,12,2017-09,66.19462353455924,57.26309737930811,79,23.371011926083984,4,"sin_year, cos_year, year_fraction, flux_lag13",-8.931526155251134,0.38216257744846777
2016-09,gradient boosting,12,2017-09,73.51859333485984,57.26309737930811,79,23.371011926083984,4,"sin_year, cos_year, year_fraction, flux_lag13",-16.255495955551737,0.6955409550499291
2016-10,ordinary least squares,1,2016-11,29.243512251395067,30.68067779303859,80,23.113793309309827,6,"sin_year, cos_year, year_fraction, flux_lag1, flux_lag2, flux_lag12",1.4371655416435232,0.06217783132397651
2016-10,ridge,1,2016-11,29.222583433652368,30.68067779303859,80,23.113793309309827,6,"sin_year, cos_year, year_fraction, flux_lag1, flux_lag2, flux_lag12",1.458094359386223,0.06308330008293915
2016-10,random forest,1,2016-11,25.220338570720862,30.68067779303859,80,23.113793309309827,6,"sin_year, cos_year, year_fraction, flux_lag1, flux_lag2, flux_lag12",5.460339222317728,0.23623726098296466
2016-10,gradient boosting,1,2016-11,21.537247781582156,30.68067779303859,80,23.113793309309827,6,"sin_year, cos_year, year_fraction, flux_lag1, flux_lag2, flux_lag12",9.143430011456434,0.39558327311742564
2016-10,ordinary least squares,3,2017-01,14.559982359665392,12.779323304793628,80,23.113793309309827,3,"sin_year, cos_year, year_fraction",-1.780659054871764,0.0770388067005231
2016-10,ridge,3,2017-01,13.992898519088833,12.779323304793628,80,23.113793309309827,3,"sin_year, cos_year, year_fraction",-1.2135752142952043,0.052504372521424154
2016-10,random forest,3,2017-01,13.885537765662821,12.779323304793628,80,23.113793309309827,3,"sin_year, cos_year, year_fraction",-1.106214460869193,0.047859494374886076
2016-10,gradient boosting,3,2017-01,13.480825139137687,12.779323304793628,80,23.113793309309827,3,"sin_year, cos_year, year_fraction",-0.7015018343440591,0.030349922444859217
2016-10,ordinary least squares,6,2017-04,14.787142905528437,37.58497474692917,80,23.113793309309827,4,"sin_year, cos_year, year_fraction, flux_lag12",22.797831841400733,0.9863301768047813
2016-10,ridge,6,2017-04,15.101889492419325,37.58497474692917,80,23.113793309309827,4,"sin_year, cos_year, year_fraction, flux_lag12",22.483085254509845,0.9727129144766582
2016-10,random forest,6,2017-04,12.954347599980702,37.58497474692917,80,23.113793309309827,4,"sin_year, cos_year, year_fraction, flux_lag12",24.63062714694847,1.0656246171859505
2016-10,gradient boosting,6,2017-04,15.214318662776034,37.58497474692917,80,23.113793309309827,4,"sin_year, cos_year, year_fraction, flux_lag12",22.370656084153136,0.9678487552773362
2016-10,ordinary least squares,12,2017-10,44.999770291661704,44.335099592081605,80,23.113793309309827,5,"sin_year, cos_year, year_fraction, flux_lag12, flux_lag13",-0.6646706995800997,0.02875645250805207
2016-10,ridge,12,2017-10,44.99073948467497,44.335099592081605,80,23.113793309309827,5,"sin_year, cos_year, year_fraction, flux_lag12, flux_lag13",-0.6556398925933635,0.028365741781089797
2016-10,random forest,12,2017-10,41.7789165495649,44.335099592081605,80,23.113793309309827,5,"sin_year, cos_year, year_fraction, flux_lag12, flux_lag13",2.5561830425167074,0.11059123910600697
2016-10,gradient boosting,12,2017-10,45.28391790762741,44.335099592081605,80,23.113793309309827,5,"sin_year, cos_year, year_fraction, flux_lag12, flux_lag13",-0.9488183155458074,0.04104987454238592
2016-11,ordinary least squares,1,2016-12,20.72286175462438,20.010404444074908,81,22.886613197139848,6,"sin_year, cos_year, year_fraction, flux_lag1, flux_lag2, flux_lag12",-0.7124573105494711,0.031129870742015568
2016-11,ridge,1,2016-12,20.54382055342116,20.010404444074908,81,22.886613197139848,6,"sin_year, cos_year, year_fraction, flux_lag1, flux_lag2, flux_lag12",-0.5334161093462519,0.023306904553833822
2016-11,random forest,1,2016-12,18.63034932332091,20.010404444074908,81,22.886613197139848,6,"sin_year, cos_year, year_fraction, flux_lag1, flux_lag2, flux_lag12",1.3800551207539975,0.0602996655235325
2016-11,gradient boosting,1,2016-12,26.13121448163855,20.010404444074908,81,22.886613197139848,6,"sin_year, cos_year, year_fraction, flux_lag1, flux_lag2, flux_lag12",-6.120810037563643,0.26744062063007923
2016-11,ordinary least squares,3,2017-02,11.369900238460712,9.717814057555968,81,22.886613197139848,4,"sin_year, cos_year, year_fraction, flux_lag12",-1.6520861809047442,0.07218569941625116
2016-11,ridge,3,2017-02,11.162691762003872,9.717814057555968,81,22.886613197139848,4,"sin_year, cos_year, year_fraction, flux_lag12",-1.4448777044479044,0.06313200175150736
2016-11,random forest,3,2017-02,9.438922078438708,9.717814057555968,81,22.886613197139848,4,"sin_year, cos_year, year_fraction, flux_lag12",0.27889197911725994,0.012185812584629743
2016-11,gradient boosting,3,2017-02,9.48343995818075,9.717814057555968,81,22.886613197139848,4,"sin_year, cos_year, year_fraction, flux_lag12",0.23437409937521814,0.010240663280161872
2016-11,ordinary least squares,6,2017-05,24.663465498120587,44.37289578478105,81,22.886613197139848,4,"sin_year, cos_year, year_fraction, flux_lag12",19.709430286660464,0.8611772356568494
2016-11,ridge,6,2017-05,24.935872789091526,44.37289578478105,81,22.886613197139848,4,"sin_year, cos_year, year_fraction, flux_lag12",19.437022995689524,0.8492747628608753
2016-11,random forest,6,2017-05,18.84473740212947,44.37289578478105,81,22.886613197139848,4,"sin_year, cos_year, year_fraction, flux_lag12",25.52815838265158,1.1154187892615692
2016-11,gradient boosting,6,2017-05,25.191945900495366,44.37289578478105,81,22.886613197139848,4,"sin_year, cos_year, year_fraction, flux_lag12",19.180949884285685,0.8380859902278044
2016-11,ordinary least squares,12,2017-11,26.31596096212919,24.726785832255885,81,22.886613197139848,5,"sin_year, cos_year, year_fraction, flux_lag12, flux_lag13",-1.5891751298733041,0.06943688505522976
2016-11,ridge,12,2017-11,26.322120205878466,24.726785832255885,81,22.886613197139848,5,"sin_year, cos_year, year_fraction, flux_lag12, flux_lag13",-1.5953343736225811,0.06970600498556732
2016-11,random forest,12,2017-11,20.29189152379059,24.726785832255885,81,22.886613197139848,5,"sin_year, cos_year, year_fraction, flux_lag12, flux_lag13",4.434894308465296,0.19377678428276696
2016-11,gradient boosting,12,2017-11,25.374715545818813,24.726785832255885,81,22.886613197139848,5,"sin_year, cos_year, year_fraction, flux_lag12, flux_lag13",-0.6479297135629274,0.028310423564282525
2016-12,ordinary least squares,1,2017-01,15.607709155873291,12.779323304793628,82,22.59656942104823,6,"sin_year, cos_year, year_fraction, flux_lag1, flux_lag2, flux_lag12",-2.8283858510796627,0.1251688164861468
2016-12,ridge,1,2017-01,15.400010063286382,12.779323304793628,82,22.59656942104823,6,"sin_year, cos_year, year_fraction, flux_lag1, flux_lag2, flux_lag12",-2.620686758492754,0.11597719590353567
2016-12,random forest,1,2017-01,17.875042564951695,12.779323304793628,82,22.59656942104823,6,"sin_year, cos_year, year_fraction, flux_lag1, flux_lag2, flux_lag12",-5.0957192601580665,0.22550853473410487
2016-12,gradient boosting,1,2017-01,18.920989565812924,12.779323304793628,82,22.59656942104823,6,"sin_year, cos_year, year_fraction, flux_lag1, flux_lag2, flux_lag12",-6.141666261019296,0.2717964017714327
2016-12,ordinary least squares,3,2017-03,11.33987148193927,12.137530418720104,82,22.59656942104823,3,"sin_year, cos_year, year_fraction",0.7976589367808344,0.035300001602802236
2016-12,ridge,3,2017-03,11.3943351139041,12.137530418720104,82,22.59656942104823,3,"sin_year, cos_year, year_fraction",0.7431953048160036,0.03288974051626318
2016-12,random forest,3,2017-03,11.67596737967738,12.137530418720104,82,22.59656942104823,3,"sin_year, cos_year, year_fraction",0.46156303904272455,0.020426243932974545
2016-12,gradient boosting,3,2017-03,13.99459805870363,12.137530418720104,82,22.59656942104823,3,"sin_year, cos_year, year_fraction",-1.8570676399835264,0.08218360961702917
2016-12,ordinary least squares,6,2017-06,43.689055351746724,64.03962290501559,82,22.59656942104823,4,"sin_year, cos_year, year_fraction, flux_lag12",20.350567553268867,0.9006042985583794
2016-12,ridge,6,2017-06,43.77866955909244,64.03962290501559,82,22.59656942104823,4,"sin_year, cos_year, year_fraction, flux_lag12",20.26095334592315,0.8966384661492243
2016-12,random forest,6,2017-06,37.89120942258793,64.03962290501559,82,22.59656942104823,4,"sin_year, cos_year, year_fraction, flux_lag12",26.148413482427664,1.1571851016495878
2016-12,gradient boosting,6,2017-06,44.91190728435014,64.03962290501559,82,22.59656942104823,4,"sin_year, cos_year, year_fraction, flux_lag12",19.127715620665448,0.8464875912911092
2016-12,ordinary least squares,12,2017-12,15.427714768179113,15.912696746808685,82,22.59656942104823,5,"sin_year, cos_year, year_fraction, flux_lag12, flux_lag13",0.4849819786295715,0.02146263751779157
2016-12,ridge,12,2017-12,15.406493643915475,15.912696746808685,82,22.59656942104823,5,"sin_year, cos_year, year_fraction, flux_lag12, flux_lag13",0.5062031028932097,0.022401767872856495
2016-12,random forest,12,2017-12,13.203575733417916,15.912696746808685,82,22.59656942104823,5,"sin_year, cos_year, year_fraction, flux_lag12, flux_lag13",2.709121013390769,0.11989081010090318
2016-12,gradient boosting,12,2017-12,17.901360001114533,15.912696746808685,82,22.59656942104823,5,"sin_year, cos_year, year_fraction, flux_lag12, flux_lag13",-1.9886632543058482,0.08800730842149208
2017-01,ordinary least squares,1,2017-02,9.483488206035693,9.717814057555968,83,22.281598118965213,6,"sin_year, cos_year, year_fraction, flux_lag1, flux_lag2, flux_lag12",0.23432585152027485,0.01051656394972971
2017-01,ridge,1,2017-02,9.467147719247825,9.717814057555968,83,22.281598118965213,6,"sin_year, cos_year, year_fraction, flux_lag1, flux_lag2, flux_lag12",0.2506663383081431,0.011249926372865772
2017-01,random forest,1,2017-02,12.671857341414482,9.717814057555968,83,22.281598118965213,6,"sin_year, cos_year, year_fraction, flux_lag1, flux_lag2, flux_lag12",-2.954043283858514,0.13257771135115076
2017-01,gradient boosting,1,2017-02,18.980186421146946,9.717814057555968,83,22.281598118965213,6,"sin_year, cos_year, year_fraction, flux_lag1, flux_lag2, flux_lag12",-9.262372363590979,0.41569605169869817
2017-01,ordinary least squares,3,2017-04,14.040737823704196,37.58497474692917,83,22.281598118965213,4,"sin_year, cos_year, year_fraction, flux_lag12",23.54423692322497,1.056667335866948
2017-01,ridge,3,2017-04,14.223541482484547,37.58497474692917,83,22.281598118965213,4,"sin_year, cos_year, year_fraction, flux_lag12",23.36143326444462,1.048463092266272
2017-01,random forest,3,2017-04,13.364054493669222,37.58497474692917,83,22.281598118965213,4,"sin_year, cos_year, year_fraction, flux_lag12",24.220920253259948,1.087036940705077
2017-01,gradient boosting,3,2017-04,17.992147672592452,37.58497474692917,83,22.281598118965213,4,"sin_year, cos_year, year_fraction, flux_lag12",19.592827074336718,0.879327729085109
2017-01,ordinary least squares,6,2017-07,82.5613258145477,87.66503940194706,83,22.281598118965213,4,"sin_year, cos_year, year_fraction, flux_lag12",5.103713587399355,0.22905509560623824
2017-01,ridge,6,2017-07,82.44155166628892,87.66503940194706,83,22.281598118965213,4,"sin_year, cos_year, year_fraction, flux_lag12",5.223487735658139,0.23443056946674365
2017-01,random forest,6,2017-07,60.263165306736596,87.66503940194706,83,22.281598118965213,4,"sin_year, cos_year, year_fraction, flux_lag12",27.40187409521046,1.2297984170124256
2017-01,gradient boosting,6,2017-07,85.81650854790311,87.66503940194706,83,22.281598118965213,4,"sin_year, cos_year, year_fraction, flux_lag12",1.8485308540439434,0.08296222040153158
2017-01,ordinary least squares,12,2018-01,14.220237881333366,14.127256433427142,83,22.281598118965213,3,"sin_year, cos_year, year_fraction",-0.09298144790622409,0.004173015212364052
2017-01,ridge,12,2018-01,13.801758315410385,14.127256433427142,83,22.281598118965213,3,"sin_year, cos_year, year_fraction",0.3254981180167569,0.01460838294806627
2017-01,random forest,12,2018-01,13.37206015314345,14.127256433427142,83,22.281598118965213,3,"sin_year, cos_year, year_fraction",0.7551962802836929,0.03389327265717533
2017-01,gradient boosting,12,2018-01,14.906381093863168,14.127256433427142,83,22.281598118965213,3,"sin_year, cos_year, year_fraction",-0.7791246604360254,0.03496718037351483
2017-02,ordinary least squares,1,2017-03,10.653826781193251,12.137530418720104,84,21.97825136323484,7,"sin_year, cos_year, year_fraction, flux_lag1, flux_lag2, flux_lag3, flux_lag12",1.4837036375268529,0.06750781092661395
2017-02,ridge,1,2017-03,10.670493159159529,12.137530418720104,84,21.97825136323484,7,"sin_year, cos_year, year_fraction, flux_lag1, flux_lag2, flux_lag3, flux_lag12",1.4670372595605752,0.06674949864367423
2017-02,random forest,1,2017-03,12.168474674596338,12.137530418720104,84,21.97825136323484,7,"sin_year, cos_year, year_fraction, flux_lag1, flux_lag2, flux_lag3, flux_lag12",-0.03094425587623384,0.0014079489475671985
2017-02,gradient boosting,1,2017-03,9.134124378883065,12.137530418720104,84,21.97825136323484,7,"sin_year, cos_year, year_fraction, flux_lag1, flux_lag2, flux_lag3, flux_lag12",3.0034060398370386,0.13665354855578402
2017-02,ordinary least squares,3,2017-05,22.88295321279191,44.37289578478105,84,21.97825136323484,4,"sin_year, cos_year, year_fraction, flux_lag12",21.48994257198914,0.9777821818862923
2017-02,ridge,3,2017-05,23.05701509330208,44.37289578478105,84,21.97825136323484,4,"sin_year, cos_year, year_fraction, flux_lag12",21.31588069147897,0.9698624489815472
2017-02,random forest,3,2017-05,24.331658006280975,44.37289578478105,84,21.97825136323484,4,"sin_year, cos_year, year_fraction, flux_lag12",20.041237778500076,0.9118668017431544
2017-02,gradient boosting,3,2017-05,27.22081171482319,44.37289578478105,84,21.97825136323484,4,"sin_year, cos_year, year_fraction, flux_lag12",17.152084069957862,0.7804116800051628
2017-02,ordinary least squares,6,2017-08,96.03038736719364,64.92411901892125,84,21.97825136323484,4,"sin_year, cos_year, year_fraction, flux_lag12",-31.106268348272394,1.4153204381085056
2017-02,ridge,6,2017-08,95.75321157267878,64.92411901892125,84,21.97825136323484,4,"sin_year, cos_year, year_fraction, flux_lag12",-30.829092553757533,1.40270907108326
2017-02,random forest,6,2017-08,93.87828866780241,64.92411901892125,84,21.97825136323484,4,"sin_year, cos_year, year_fraction, flux_lag12",-28.954169648881162,1.3174009692743627
2017-02,gradient boosting,6,2017-08,97.39272367880753,64.92411901892125,84,21.97825136323484,4,"sin_year, cos_year, year_fraction, flux_lag12",-32.46860465988628,1.4773060933409687
2017-02,ordinary least squares,12,2018-02,11.131265059430756,15.193683556828182,84,21.97825136323484,4,"sin_year, cos_year, year_fraction, flux_lag13",4.0624184973974256,0.18483811247117815
2017-02,ridge,12,2018-02,11.09865326363632,15.193683556828182,84,21.97825136323484,4,"sin_year, cos_year, year_fraction, flux_lag13",4.095030293191861,0.18632193369314254
2017-02,random forest,12,2018-02,9.546885479053064,15.193683556828182,84,21.97825136323484,4,"sin_year, cos_year, year_fraction, flux_lag13",5.646798077775118,0.25692663098853563
2017-02,gradient boosting,12,2018-02,11.748389626685935,15.193683556828182,84,21.97825136323484,4,"sin_year, cos_year, year_fraction, flux_lag13",3.445293930142247,0.1567592377210466
2017-03,ordinary least squares,1,2017-04,15.047080797556593,37.58497474692917,85,21.69355804767234,7,"sin_year, cos_year, year_fraction, flux_lag1, flux_lag2, flux_lag3, flux_lag12",22.537893949372577,1.0389210428203977
2017-03,ridge,1,2017-04,15.089946668009967,37.58497474692917,85,21.69355804767234,7,"sin_year, cos_year, year_fraction, flux_lag1, flux_lag2, flux_lag3, flux_lag12",22.495028078919205,1.036945070489848
2017-03,random forest,1,2017-04,15.096570214952287,37.58497474692917,85,21.69355804767234,7,"sin_year, cos_year, year_fraction, flux_lag1, flux_lag2, flux_lag3, flux_lag12",22.488404531976883,1.0366397472723397
2017-03,gradient boosting,1,2017-04,23.152039692048007,37.58497474692917,85,21.69355804767234,7,"sin_year, cos_year, year_fraction, flux_lag1, flux_lag2, flux_lag3, flux_lag12",14.432935054881163,0.6653097211238604
2017-03,ordinary least squares,3,2017-06,41.71510866348567,64.03962290501559,85,21.69355804767234,4,"sin_year, cos_year, year_fraction, flux_lag12",22.32451424152992,1.0290849565788622
2017-03,ridge,3,2017-06,41.795895937779065,64.03962290501559,85,21.69355804767234,4,"sin_year, cos_year, year_fraction, flux_lag12",22.243726967236526,1.0253609351843147
2017-03,random forest,3,2017-06,39.24708392278017,64.03962290501559,85,21.69355804767234,4,"sin_year, cos_year, year_fraction, flux_lag12",24.79253898223542,1.1428525891305135
2017-03,gradient boosting,3,2017-06,45.6984469261316,64.03962290501559,85,21.69355804767234,4,"sin_year, cos_year, year_fraction, flux_lag12",18.34117597888399,0.8454664715939462
2017-03,ordinary least squares,6,2017-09,76.28376739055159,57.26309737930811,85,21.69355804767234,4,"sin_year, cos_year, year_fraction, flux_lag12",-19.02067001124348,0.8767888591371182
2017-03,ridge,6,2017-09,75.99735762304354,57.26309737930811,85,21.69355804767234,4,"sin_year, cos_year, year_fraction, flux_lag12",-18.734260243735434,0.8635863329826418
2017-03,random forest,6,2017-09,71.08722333516012,57.26309737930811,85,21.69355804767234,4,"sin_year, cos_year, year_fraction, flux_lag12",-13.824125955852011,0.6372456710638715
2017-03,gradient boosting,6,2017-09,77.31528867060882,57.26309737930811,85,21.69355804767234,4,"sin_year, cos_year, year_fraction, flux_lag12",-20.052191291300716,0.9243385177864938
2017-03,ordinary least squares,12,2018-03,12.94663204810862,11.878382965146416,85,21.69355804767234,5,"sin_year, cos_year, year_fraction, flux_lag12, flux_lag13",-1.068249082962204,0.0492426867282301
2017-03,ridge,12,2018-03,12.940787134250419,11.878382965146416,85,21.69355804767234,5,"sin_year, cos_year, year_fraction, flux_lag12, flux_lag13",-1.0624041691040027,0.0489732558748239
2017-03,random forest,12,2018-03,11.106918271754155,11.878382965146416,85,21.69355804767234,5,"sin_year, cos_year, year_fraction, flux_lag12, flux_lag13",0.7714646933922609,0.035561925420299456
2017-03,gradient boosting,12,2018-03,13.614559883035144,11.878382965146416,85,21.69355804767234,5,"sin_year, cos_year, year_fraction, flux_lag12, flux_lag13",-1.7361769178887272,0.08003191150448528
2017-04,ordinary least squares,1,2017-05,43.76064504566379,44.37289578478105,86,21.72233182940973,6,"sin_year, cos_year, year_fraction, flux_lag1, flux_lag2, flux_lag12",0.6122507391172576,0.028185313801731688
2017-04,ridge,1,2017-05,43.72960467316845,44.37289578478105,86,21.72233182940973,6,"sin_year, cos_year, year_fraction, flux_lag1, flux_lag2, flux_lag12",0.6432911116125979,0.029614275146172386
2017-04,random forest,1,2017-05,53.1236223990734,44.37289578478105,86,21.72233182940973,6,"sin_year, cos_year, year_fraction, flux_lag1, flux_lag2, flux_lag12",-8.750726614292347,0.4028447168109638
2017-04,gradient boosting,1,2017-05,33.66946515078556,44.37289578478105,86,21.72233182940973,6,"sin_year, cos_year, year_fraction, flux_lag1, flux_lag2, flux_lag12",10.703430633995488,0.492738565916951
2017-04,ordinary least squares,3,2017-07,81.90483523409627,87.66503940194706,86,21.72233182940973,4,"sin_year, cos_year, year_fraction, flux_lag12",5.760204167850787,0.26517430140957904
2017-04,ridge,3,2017-07,81.87286096698706,87.66503940194706,86,21.72233182940973,4,"sin_year, cos_year, year_fraction, flux_lag12",5.792178434959993,0.26664625512800605
2017-04,random forest,3,2017-07,60.63507235712898,87.66503940194706,86,21.72233182940973,4,"sin_year, cos_year, year_fraction, flux_lag12",27.029967044818072,1.2443400302090206
2017-04,gradient boosting,3,2017-07,86.1002841186514,87.66503940194706,86,21.72233182940973,4,"sin_year, cos_year, year_fraction, flux_lag12",1.5647552832956535,0.07203440659980809
2017-04,ordinary least squares,6,2017-10,46.15008790724865,44.335099592081605,86,21.72233182940973,4,"sin_year, cos_year, year_fraction, flux_lag12",-1.8149883151670423,0.08355402769005402
2017-04,ridge,6,2017-10,46.05931527853997,44.335099592081605,86,21.72233182940973,4,"sin_year, cos_year, year_fraction, flux_lag12",-1.7242156864583649,0.07937525768407423
2017-04,random forest,6,2017-10,37.97519322953485,44.335099592081605,86,21.72233182940973,4,"sin_year, cos_year, year_fraction, flux_lag12",6.359906362546752,0.2927819357743221
2017-04,gradient boosting,6,2017-10,41.95604291483504,44.335099592081605,86,21.72233182940973,4,"sin_year, cos_year, year_fraction, flux_lag12",2.3790566772465667,0.10952123814007743
2017-04,ordinary least squares,12,2018-04,18.16513225427202,14.762731692428028,86,21.72233182940973,4,"sin_year, cos_year, year_fraction, flux_lag13",-3.402400561843992,0.15663146058921276
2017-04,ridge,12,2018-04,18.173024278342414,14.762731692428028,86,21.72233182940973,4,"sin_year, cos_year, year_fraction, flux_lag13",-3.4102925859143856,0.15699477444208876
2017-04,random forest,12,2018-04,17.11025821340541,14.762731692428028,86,21.72233182940973,4,"sin_year, cos_year, year_fraction, flux_lag13",-2.3475265209773806,0.1080697293187962
2017-04,gradient boosting,12,2018-04,20.862109550528952,14.762731692428028,86,21.72233182940973,4,"sin_year, cos_year, year_fraction, flux_lag13",-6.099377858100924,0.2807883567013287
2017-05,ordinary least squares,1,2017-06,54.58768253487726,64.03962290501559,87,21.689976609978117,6,"sin_year, cos_year, year_fraction, flux_lag1, flux_lag2, flux_lag12",9.451940370138331,0.4357745764368469
2017-05,ridge,1,2017-06,54.609820030931125,64.03962290501559,87,21.689976609978117,6,"sin_year, cos_year, year_fraction, flux_lag1, flux_lag2, flux_lag12",9.429802874084466,0.43475394389067434
2017-05,random forest,1,2017-06,62.28553193637208,64.03962290501559,87,21.689976609978117,6,"sin_year, cos_year, year_fraction, flux_lag1, flux_lag2, flux_lag12",1.75409096864351,0.08087104012074264
2017-05,gradient boosting,1,2017-06,56.6220709629913,64.03962290501559,87,21.689976609978117,6,"sin_year, cos_year, year_fraction, flux_lag1, flux_lag2, flux_lag12",7.417551942024289,0.3419806335158502
2017-05,ordinary least squares,3,2017-08,94.2786342537071,64.92411901892125,87,21.689976609978117,4,"sin_year, cos_year, year_fraction, flux_lag12",-29.35451523478585,1.3533677680999336
2017-05,ridge,3,2017-08,94.18796930927257,64.92411901892125,87,21.689976609978117,4,"sin_year, cos_year, year_fraction, flux_lag12",-29.26385029035133,1.3491877292707164
2017-05,random forest,3,2017-08,93.05973170838463,64.92411901892125,87,21.689976609978117,4,"sin_year, cos_year, year_fraction, flux_lag12",-28.135612689463386,1.2971711862759714
2017-05,gradient boosting,3,2017-08,94.65082141976804,64.92411901892125,87,21.689976609978117,4,"sin_year, cos_year, year_fraction, flux_lag12",-29.72670240084679,1.3705271764641511
2017-05,ordinary least squares,6,2017-11,27.50267330748523,24.726785832255885,87,21.689976609978117,4,"sin_year, cos_year, year_fraction, flux_lag12",-2.7758874752293465,0.12798019680446981
2017-05,ridge,6,2017-11,27.72337517237958,24.726785832255885,87,21.689976609978117,4,"sin_year, cos_year, year_fraction, flux_lag12",-2.9965893401236947,0.13815548969956765
2017-05,random forest,6,2017-11,19.993969862764587,24.726785832255885,87,21.689976609978117,4,"sin_year, cos_year, year_fraction, flux_lag12",4.732815969491298,0.21820290794200506
2017-05,gradient boosting,6,2017-11,24.798134912690756,24.726785832255885,87,21.689976609978117,4,"sin_year, cos_year, year_fraction, flux_lag12",-0.07134908043487087,0.003289495499135204
2017-05,ordinary least squares,12,2018-05,23.16947100033643,22.28945321441668,87,21.689976609978117,5,"sin_year, cos_year, year_fraction, flux_lag12, flux_lag13",-0.8800177859197476,0.040572555782052336
2017-05,ridge,12,2018-05,23.12763746227866,22.28945321441668,87,21.689976609978117,5,"sin_year, cos_year, year_fraction, flux_lag12, flux_lag13",-0.8381842478619781,0.03864385208587017
2017-05,random forest,12,2018-05,8.53590102802118,22.28945321441668,87,21.689976609978117,5,"sin_year, cos_year, year_fraction, flux_lag12, flux_lag13",13.753552186395503,0.6340971423670603
2017-05,gradient boosting,12,2018-05,28.033472905724462,22.28945321441668,87,21.689976609978117,5,"sin_year, cos_year, year_fraction, flux_lag12, flux_lag13",-5.744019691307781,0.26482369227937935
2017-06,ordinary least squares,1,2017-07,100.39796039889156,87.66503940194706,88,21.750118267015672,6,"sin_year, cos_year, year_fraction, flux_lag1, flux_lag2, flux_lag12",-12.7329209969445,0.5854184717815597
2017-06,ridge,1,2017-07,100.41515471282376,87.66503940194706,88,21.750118267015672,6,"sin_year, cos_year, year_fraction, flux_lag1, flux_lag2, flux_lag12",-12.750115310876708,0.586209010652251
2017-06,random forest,1,2017-07,117.40224750658493,87.66503940194706,88,21.750118267015672,6,"sin_year, cos_year, year_fraction, flux_lag1, flux_lag2, flux_lag12",-29.737208104637872,1.3672205244849047
2017-06,gradient boosting,1,2017-07,104.79824346861349,87.66503940194706,88,21.750118267015672,6,"sin_year, cos_year, year_fraction, flux_lag1, flux_lag2, flux_lag12",-17.133204066666437,0.7877292369784102
2017-06,ordinary least squares,3,2017-09,74.1296890329853,57.26309737930811,88,21.750118267015672,4,"sin_year, cos_year, year_fraction, flux_lag12",-16.86659165367719,0.7754712616554177
2017-06,ridge,3,2017-09,74.0304009996283,57.26309737930811,88,21.750118267015672,4,"sin_year, cos_year, year_fraction, flux_lag12",-16.76730362032019,0.7709063194266864
2017-06,random forest,3,2017-09,76.57391413764698,57.26309737930811,88,21.750118267015672,4,"sin_year, cos_year, year_fraction, flux_lag12",-19.310816758338873,0.8878488163268505
2017-06,gradient boosting,3,2017-09,75.3354888005455,57.26309737930811,88,21.750118267015672,4,"sin_year, cos_year, year_fraction, flux_lag12",-18.0723914212374,0.8309100299764534
2017-06,ordinary least squares,6,2017-12,16.127286397538185,15.912696746808685,88,21.750118267015672,4,"sin_year, cos_year, year_fraction, flux_lag12",-0.21458965072950065,0.009866137190386157
2017-06,ridge,6,2017-12,16.73626341323439,15.912696746808685,88,21.750118267015672,4,"sin_year, cos_year, year_fraction, flux_lag12",-0.8235666664257053,0.037864928195570066
2017-06,random forest,6,2017-12,14.359570669848088,15.912696746808685,88,21.750118267015672,4,"sin_year, cos_year, year_fraction, flux_lag12",1.5531260769605968,0.07140770720846755
2017-06,gradient boosting,6,2017-12,17.474744948316122,15.912696746808685,88,21.750118267015672,4,"sin_year, cos_year, year_fraction, flux_lag12",-1.5620482015074373,0.07181791760076556
2017-06,ordinary least squares,12,2018-06,42.92989063344797,49.00751314913543,88,21.750118267015672,5,"sin_year, cos_year, year_fraction, flux_lag12, flux_lag13",6.077622515687459,0.27942940084625884
2017-06,ridge,12,2018-06,42.91384597609042,49.00751314913543,88,21.750118267015672,5,"sin_year, cos_year, year_fraction, flux_lag12, flux_lag13",6.093667173045006,0.28016708223081843
2017-06,random forest,12,2018-06,31.161056326736222,49.00751314913543,88,21.750118267015672,5,"sin_year, cos_year, year_fraction, flux_lag12, flux_lag13",17.846456822399205,0.820522288812727
2017-06,gradient boosting,12,2018-06,45.19988873293309,49.00751314913543,88,21.750118267015672,5,"sin_year, cos_year, year_fraction, flux_lag12, flux_lag13",3.807624416202337,0.1750622396374114
2017-07,ordinary least squares,1,2017-08,92.44428875908017,64.92411901892125,89,21.833701560444787,6,"sin_year, cos_year, year_fraction, flux_lag1, flux_lag2, flux_lag12",-27.52016974015892,1.2604445317699162
2017-07,ridge,1,2017-08,92.4837464707943,64.92411901892125,89,21.833701560444787,6,"sin_year, cos_year, year_fraction, flux_lag1, flux_lag2, flux_lag12",-27.559627451873055,1.262251724728238
2017-07,random forest,1,2017-08,101.08181026918405,64.92411901892125,89,21.833701560444787,6,"sin_year, cos_year, year_fraction, flux_lag1, flux_lag2, flux_lag12",-36.1576912502628,1.6560495319661321
2017-07,gradient boosting,1,2017-08,114.99499315948269,64.92411901892125,89,21.833701560444787,6,"sin_year, cos_year, year_fraction, flux_lag1, flux_lag2, flux_lag12",-50.07087414056144,2.293283802654552
2017-07,ordinary least squares,3,2017-10,44.63351438766776,44.335099592081605,89,21.833701560444787,4,"sin_year, cos_year, year_fraction, flux_lag12",-0.29841479558615447,0.013667622723522987
2017-07,ridge,3,2017-10,44.58699735809804,44.335099592081605,89,21.833701560444787,4,"sin_year, cos_year, year_fraction, flux_lag12",-0.2518977660164339,0.01153710768277545
2017-07,random forest,3,2017-10,36.63937109877908,44.335099592081605,89,21.833701560444787,4,"sin_year, cos_year, year_fraction, flux_lag12",7.695728493302525,0.3524701696593929
2017-07,gradient boosting,3,2017-10,42.74371777140814,44.335099592081605,89,21.833701560444787,4,"sin_year, cos_year, year_fraction, flux_lag12",1.5913818206734618,0.07288648772027288
2017-07,ordinary least squares,6,2018-01,14.122409051293983,14.127256433427142,89,21.833701560444787,3,"sin_year, cos_year, year_fraction",0.0048473821331587175,0.0002220137579392639
2017-07,ridge,6,2018-01,13.668899076069387,14.127256433427142,89,21.833701560444787,3,"sin_year, cos_year, year_fraction",0.4583573573577553,0.02099311269272556
2017-07,random forest,6,2018-01,13.800262998595187,14.127256433427142,89,21.833701560444787,3,"sin_year, cos_year, year_fraction",0.3269934348319552,0.01497654595702433
2017-07,gradient boosting,6,2018-01,13.789575223286219,14.127256433427142,89,21.833701560444787,3,"sin_year, cos_year, year_fraction",0.3376812101409232,0.015466054127655856
2017-07,ordinary least squares,12,2018-07,74.62874841260867,104.34712761304148,89,21.833701560444787,5,"sin_year, cos_year, year_fraction, flux_lag12, flux_lag13",29.718379200432807,1.3611241830964826
2017-07,ridge,12,2018-07,74.67754632487963,104.34712761304148,89,21.833701560444787,5,"sin_year, cos_year, year_fraction, flux_lag12, flux_lag13",29.66958128816185,1.3588892019076144
2017-07,random forest,12,2018-07,63.360357327250405,104.34712761304148,89,21.833701560444787,5,"sin_year, cos_year, year_fraction, flux_lag12, flux_lag13",40.986770285791074,1.877224994228423
2017-07,gradient boosting,12,2018-07,83.66245236641272,104.34712761304148,89,21.833701560444787,5,"sin_year, cos_year, year_fraction, flux_lag12, flux_lag13",20.684675246628757,0.9473737281498034
2017-08,ordinary least squares,1,2017-09,43.051489023330575,57.26309737930811,90,21.775884073519958,6,"sin_year, cos_year, year_fraction, flux_lag1, flux_lag2, flux_lag12",14.211608355977532,0.6526306031018606
2017-08,ridge,1,2017-09,43.157366683078735,57.26309737930811,90,21.775884073519958,6,"sin_year, cos_year, year_fraction, flux_lag1, flux_lag2, flux_lag12",14.105730696229372,0.6477684510353501
2017-08,random forest,1,2017-09,62.303115462855175,57.26309737930811,90,21.775884073519958,6,"sin_year, cos_year, year_fraction, flux_lag1, flux_lag2, flux_lag12",-5.040018083547068,0.2314495276761627
2017-08,gradient boosting,1,2017-09,71.97222290051961,57.26309737930811,90,21.775884073519958,6,"sin_year, cos_year, year_fraction, flux_lag1, flux_lag2, flux_lag12",-14.709125521211504,0.6754777657499649
2017-08,ordinary least squares,3,2017-11,26.970544147732774,24.726785832255885,90,21.775884073519958,4,"sin_year, cos_year, year_fraction, flux_lag12",-2.2437583154768888,0.10303867837932501
2017-08,ridge,3,2017-11,27.013643837961062,24.726785832255885,90,21.775884073519958,4,"sin_year, cos_year, year_fraction, flux_lag12",-2.2868580057051773,0.10501791789413759
2017-08,random forest,3,2017-11,20.781227034099036,24.726785832255885,90,21.775884073519958,4,"sin_year, cos_year, year_fraction, flux_lag12",3.945558798156849,0.18118937375106398
2017-08,gradient boosting,3,2017-11,23.999341836158507,24.726785832255885,90,21.775884073519958,4,"sin_year, cos_year, year_fraction, flux_lag12",0.727443996097378,0.033405945478097436
2017-08,ordinary least squares,6,2018-02,11.23163358472439,15.193683556828182,90,21.775884073519958,4,"sin_year, cos_year, year_fraction, flux_lag12",3.9620499721037916,0.1819466873871609
2017-08,ridge,6,2018-02,11.109124747440678,15.193683556828182,90,21.775884073519958,4,"sin_year, cos_year, year_fraction, flux_lag12",4.084558809387504,0.18757258238504465
2017-08,random forest,6,2018-02,11.068989376673455,15.193683556828182,90,21.775884073519958,4,"sin_year, cos_year, year_fraction, flux_lag12",4.1246941801547266,0.18941569335274255
2017-08,gradient boosting,6,2018-02,10.646284451031926,15.193683556828182,90,21.775884073519958,4,"sin_year, cos_year, year_fraction, flux_lag12",4.547399105796256,0.20882730135976485
2017-08,ordinary least squares,12,2018-08,88.36865935773058,84.43051869211212,90,21.775884073519958,4,"sin_year, cos_year, year_fraction, flux_lag13",-3.9381406656184623,0.18084871559393284
2017-08,ridge,12,2018-08,88.4386085049746,84.43051869211212,90,21.775884073519958,4,"sin_year, cos_year, year_fraction, flux_lag13",-4.00808981286248,0.18406094555473967
2017-08,random forest,12,2018-08,80.24181329646618,84.43051869211212,90,21.775884073519958,4,"sin_year, cos_year, year_fraction, flux_lag13",4.18870539564594,0.19235523947059924
2017-08,gradient boosting,12,2018-08,92.25725780134469,84.43051869211212,90,21.775884073519958,4,"sin_year, cos_year, year_fraction, flux_lag13",-7.826739109232577,0.35942233540589497
2017-09,ordinary least squares,1,2017-10,38.53490643965549,44.335099592081605,91,21.67400652409276,6,"sin_year, cos_year, year_fraction, flux_lag1, flux_lag2, flux_lag12",5.800193152426118,0.2676105659550596
2017-09,ridge,1,2017-10,38.50990939524999,44.335099592081605,91,21.67400652409276,6,"sin_year, cos_year, year_fraction, flux_lag1, flux_lag2, flux_lag12",5.825190196831613,0.2687638849954368
2017-09,random forest,1,2017-10,36.14018844060252,44.335099592081605,91,21.67400652409276,6,"sin_year, cos_year, year_fraction, flux_lag1, flux_lag2, flux_lag12",8.194911151479083,0.3780985828517512
2017-09,gradient boosting,1,2017-10,32.191874369413256,44.335099592081605,91,21.67400652409276,6,"sin_year, cos_year, year_fraction, flux_lag1, flux_lag2, flux_lag12",12.143225222668349,0.5602667512889219
2017-09,ordinary least squares,3,2017-12,17.166027339025636,15.912696746808685,91,21.67400652409276,4,"sin_year, cos_year, year_fraction, flux_lag12",-1.253330592216951,0.057826437895723275
2017-09,ridge,3,2017-12,17.271550321904634,15.912696746808685,91,21.67400652409276,4,"sin_year, cos_year, year_fraction, flux_lag12",-1.3588535750959494,0.06269508009907868
2017-09,random forest,3,2017-12,12.147305052195735,15.912696746808685,91,21.67400652409276,4,"sin_year, cos_year, year_fraction, flux_lag12",3.7653916946129495,0.17372845626983416
2017-09,gradient boosting,3,2017-12,14.392330993199455,15.912696746808685,91,21.67400652409276,4,"sin_year, cos_year, year_fraction, flux_lag12",1.52036575360923,0.07014696391823985
2017-09,ordinary least squares,6,2018-03,12.614316191247076,11.878382965146416,91,21.67400652409276,4,"sin_year, cos_year, year_fraction, flux_lag12",-0.7359332261006593,0.03395464633096784
2017-09,ridge,6,2018-03,12.67246259382507,11.878382965146416,91,21.67400652409276,4,"sin_year, cos_year, year_fraction, flux_lag12",-0.794079628678654,0.03663741762723738
2017-09,random forest,6,2018-03,11.301270877532028,11.878382965146416,91,21.67400652409276,4,"sin_year, cos_year, year_fraction, flux_lag12",0.5771120876143883,0.026626922298508687
2017-09,gradient boosting,6,2018-03,12.108508964521164,11.878382965146416,91,21.67400652409276,4,"sin_year, cos_year, year_fraction, flux_lag12",-0.23012599937474754,0.010617603123766719
2017-09,ordinary least squares,12,2018-09,76.83128722407263,60.839375624821194,91,21.67400652409276,5,"sin_year, cos_year, year_fraction, flux_lag12, flux_lag13",-15.99191159925143,0.7378382756079209
2017-09,ridge,12,2018-09,76.96217670348133,60.839375624821194,91,21.67400652409276,5,"sin_year, cos_year, year_fraction, flux_lag12, flux_lag13",-16.12280107866014,0.7438772827136543
2017-09,random forest,12,2018-09,73.40268940322566,60.839375624821194,91,21.67400652409276,5,"sin_year, cos_year, year_fraction, flux_lag12, flux_lag13",-12.56331377840447,0.5796488879173829
2017-09,gradient boosting,12,2018-09,74.76024537124405,60.839375624821194,91,21.67400652409276,5,"sin_year, cos_year, year_fraction, flux_lag12, flux_lag13",-13.92086974642286,0.6422840987405103
2017-10,ordinary least squares,1,2017-11,25.44894119629645,24.726785832255885,92,21.421713213176595,5,"sin_year, cos_year, year_fraction, flux_lag1, flux_lag12",-0.7221553640405638,0.03371137298189403
2017-10,ridge,1,2017-11,25.49287929828359,24.726785832255885,92,21.421713213176595,5,"sin_year, cos_year, year_fraction, flux_lag1, flux_lag12",-0.766093466027705,0.0357624741963438
2017-10,random forest,1,2017-11,24.449514326454725,24.726785832255885,92,21.421713213176595,5,"sin_year, cos_year, year_fraction, flux_lag1, flux_lag12",0.2772715058011599,0.01294347949867095
2017-10,gradient boosting,1,2017-11,31.33410375443864,24.726785832255885,92,21.421713213176595,5,"sin_year, cos_year, year_fraction, flux_lag1, flux_lag12",-6.607317922182755,0.30844021934336063
2017-10,ordinary least squares,3,2018-01,13.841493140280543,14.127256433427142,92,21.421713213176595,4,"sin_year, cos_year, year_fraction, flux_lag12",0.28576329314659965,0.013339889779255626
2017-10,ridge,3,2018-01,13.71789861746695,14.127256433427142,92,21.421713213176595,4,"sin_year, cos_year, year_fraction, flux_lag12",0.40935781596019183,0.01910948073510731
2017-10,random forest,3,2018-01,13.350083304939815,14.127256433427142,92,21.421713213176595,4,"sin_year, cos_year, year_fraction, flux_lag12",0.7771731284873269,0.03627969064627773
2017-10,gradient boosting,3,2018-01,12.912641206472271,14.127256433427142,92,21.421713213176595,4,"sin_year, cos_year, year_fraction, flux_lag12",1.2146152269548711,0.056700190823568475
2017-10,ordinary least squares,6,2018-04,21.67258378236056,14.762731692428028,92,21.421713213176595,4,"sin_year, cos_year, year_fraction, flux_lag12",-6.909852089932533,0.32256300050185766
2017-10,ridge,6,2018-04,21.785826032820868,14.762731692428028,92,21.421713213176595,4,"sin_year, cos_year, year_fraction, flux_lag12",-7.02309434039284,0.3278493307469405
2017-10,random forest,6,2018-04,11.887104212996723,14.762731692428028,92,21.421713213176595,4,"sin_year, cos_year, year_fraction, flux_lag12",2.875627479431305,0.13423891221092873
2017-10,gradient boosting,6,2018-04,18.881844818932954,14.762731692428028,92,21.421713213176595,4,"sin_year, cos_year, year_fraction, flux_lag12",-4.119113126504926,0.19228682064379615
2017-10,ordinary least squares,12,2018-10,49.39635853169328,42.393686961695,92,21.421713213176595,5,"sin_year, cos_year, year_fraction, flux_lag12, flux_lag13",-7.002671569998277,0.3268959630031319
2017-10,ridge,12,2018-10,49.42177563080671,42.393686961695,92,21.421713213176595,5,"sin_year, cos_year, year_fraction, flux_lag12, flux_lag13",-7.028088669111703,0.3280824740380099
2017-10,random forest,12,2018-10,42.663407949676866,42.393686961695,92,21.421713213176595,5,"sin_year, cos_year, year_fraction, flux_lag12, flux_lag13",-0.26972098798186295,0.012591009192297296
2017-10,gradient boosting,12,2018-10,45.32631663918315,42.393686961695,92,21.421713213176595,5,"sin_year, cos_year, year_fraction, flux_lag12, flux_lag13",-2.932629677488144,0.13689986642544866
2017-11,ordinary least squares,1,2017-12,14.575920780701622,15.912696746808685,93,21.230752456974205,5,"sin_year, cos_year, year_fraction, flux_lag1, flux_lag12",1.3367759661070622,0.06296413510619298
2017-11,ridge,1,2017-12,14.749687866069804,15.912696746808685,93,21.230752456974205,5,"sin_year, cos_year, year_fraction, flux_lag1, flux_lag12",1.1630088807388805,0.054779447082519084
2017-11,random forest,1,2017-12,15.226333737528698,15.912696746808685,93,21.230752456974205,5,"sin_year, cos_year, year_fraction, flux_lag1, flux_lag12",0.6863630092799866,0.03232871800803836
2017-11,gradient boosting,1,2017-12,14.948714552138329,15.912696746808685,93,21.230752456974205,5,"sin_year, cos_year, year_fraction, flux_lag1, flux_lag12",0.963982194670356,0.0454049943177446
2017-11,ordinary least squares,3,2018-02,11.448536109665305,15.193683556828182,93,21.230752456974205,4,"sin_year, cos_year, year_fraction, flux_lag12",3.7451474471628767,0.17640201188124224
2017-11,ridge,3,2018-02,11.396501980980373,15.193683556828182,93,21.230752456974205,4,"sin_year, cos_year, year_fraction, flux_lag12",3.7971815758478087,0.17885289669045396
2017-11,random forest,3,2018-02,11.104171021753341,15.193683556828182,93,21.230752456974205,4,"sin_year, cos_year, year_fraction, flux_lag12",4.0895125350748405,0.19262211941675456
2017-11,gradient boosting,3,2018-02,11.642456979622846,15.193683556828182,93,21.230752456974205,4,"sin_year, cos_year, year_fraction, flux_lag12",3.5512265772053357,0.16726805064503372
2017-11,ordinary least squares,6,2018-05,30.353982444938588,22.28945321441668,93,21.230752456974205,4,"sin_year, cos_year, year_fraction, flux_lag12",-8.064529230521906,0.3798513145902535
2017-11,ridge,6,2018-05,30.44725544967411,22.28945321441668,93,21.230752456974205,4,"sin_year, cos_year, year_fraction, flux_lag12",-8.157802235257428,0.38424461176257685
2017-11,random forest,6,2018-05,18.49330425944487,22.28945321441668,93,21.230752456974205,4,"sin_year, cos_year, year_fraction, flux_lag12",3.7961489549718124,0.17880425871221511
2017-11,gradient boosting,6,2018-05,26.6490204031778,22.28945321441668,93,21.230752456974205,4,"sin_year, cos_year, year_fraction, flux_lag12",-4.359567188761119,0.20534209503860618
2017-11,ordinary least squares,12,2018-11,24.837772859866586,22.555424762260788,93,21.230752456974205,5,"sin_year, cos_year, year_fraction, flux_lag12, flux_lag13",-2.282348097605798,0.10750198808220088
2017-11,ridge,12,2018-11,24.68828175594436,22.555424762260788,93,21.230752456974205,5,"sin_year, cos_year, year_fraction, flux_lag12, flux_lag13",-2.1328569936835713,0.10046073487060689
2017-11,random forest,12,2018-11,26.39489633072467,22.555424762260788,93,21.230752456974205,5,"sin_year, cos_year, year_fraction, flux_lag12, flux_lag13",-3.839471568463882,0.1808448182062729
2017-11,gradient boosting,12,2018-11,25.085407444319134,22.555424762260788,93,21.230752456974205,5,"sin_year, cos_year, year_fraction, flux_lag12, flux_lag13",-2.529982682058346,0.11916594511596118
2017-12,ordinary least squares,1,2018-01,13.130425728788603,14.127256433427142,94,21.021812886733862,5,"sin_year, cos_year, year_fraction, flux_lag1, flux_lag12",0.9968307046385387,0.04741887438583397
2017-12,ridge,1,2018-01,12.893845710990083,14.127256433427142,94,21.021812886733862,5,"sin_year, cos_year, year_fraction, flux_lag1, flux_lag12",1.2334107224370587,0.05867289986276215
2017-12,random forest,1,2018-01,13.07007446479085,14.127256433427142,94,21.021812886733862,5,"sin_year, cos_year, year_fraction, flux_lag1, flux_lag12",1.0571819686362929,0.050289762083433054
2017-12,gradient boosting,1,2018-01,11.079681800210109,14.127256433427142,94,21.021812886733862,5,"sin_year, cos_year, year_fraction, flux_lag1, flux_lag12",3.0475746332170335,0.14497201785771066
2017-12,ordinary least squares,3,2018-03,12.433358856543302,11.878382965146416,94,21.021812886733862,4,"sin_year, cos_year, year_fraction, flux_lag12",-0.5549758913968859,0.02640000148355958
2017-12,ridge,3,2018-03,12.449399107102575,11.878382965146416,94,21.021812886733862,4,"sin_year, cos_year, year_fraction, flux_lag12",-0.571016141956159,0.027163030373869777
2017-12,random forest,3,2018-03,11.43408773504722,11.878382965146416,94,21.021812886733862,4,"sin_year, cos_year, year_fraction, flux_lag12",0.4442952300991969,0.021134962645375663
2017-12,gradient boosting,3,2018-03,10.972771493454749,11.878382965146416,94,21.021812886733862,4,"sin_year, cos_year, year_fraction, flux_lag12",0.9056114716916674,0.04307960862229763
2017-12,ordinary least squares,6,2018-06,49.861544226575504,49.00751314913543,94,21.021812886733862,4,"sin_year, cos_year, year_fraction, flux_lag12",-0.8540310774400766,0.040625948011316665
2017-12,ridge,6,2018-06,49.86939854099128,49.00751314913543,94,21.021812886733862,4,"sin_year, cos_year, year_fraction, flux_lag12",-0.86188539185585,0.04099957489393106
2017-12,random forest,6,2018-06,37.286624079932075,49.00751314913543,94,21.021812886733862,4,"sin_year, cos_year, year_fraction, flux_lag12",11.720889069203352,0.5575584338209003
2017-12,gradient boosting,6,2018-06,45.85876652151843,49.00751314913543,94,21.021812886733862,4,"sin_year, cos_year, year_fraction, flux_lag12",3.148746627616994,0.1497847328668813
2017-12,ordinary least squares,12,2018-12,17.755976931698974,15.655540193235684,94,21.021812886733862,5,"sin_year, cos_year, year_fraction, flux_lag12, flux_lag13",-2.1004367384632907,0.09991701238045
2017-12,ridge,12,2018-12,17.385910147069126,15.655540193235684,94,21.021812886733862,5,"sin_year, cos_year, year_fraction, flux_lag12, flux_lag13",-1.730369953833442,0.08231306991251067
2017-12,random forest,12,2018-12,18.645771741833478,15.655540193235684,94,21.021812886733862,5,"sin_year, cos_year, year_fraction, flux_lag12, flux_lag13",-2.9902315485977944,0.14224422816001878
2017-12,gradient boosting,12,2018-12,18.115079569943127,15.655540193235684,94,21.021812886733862,5,"sin_year, cos_year, year_fraction, flux_lag12, flux_lag13",-2.4595393767074434,0.11699939438903356
2018-01,ordinary least squares,1,2018-02,11.884551547897505,15.193683556828182,95,20.784778190853135,5,"sin_year, cos_year, year_fraction, flux_lag1, flux_lag12",3.3091320089306766,0.15920939730725361
2018-01,ridge,1,2018-02,11.800091566448781,15.193683556828182,95,20.784778190853135,5,"sin_year, cos_year, year_fraction, flux_lag1, flux_lag12",3.3935919903794005,0.16327294711631016
2018-01,random forest,1,2018-02,13.606302702467373,15.193683556828182,95,20.784778190853135,5,"sin_year, cos_year, year_fraction, flux_lag1, flux_lag12",1.5873808543608092,0.07637227781720451
2018-01,gradient boosting,1,2018-02,17.71079751824622,15.193683556828182,95,20.784778190853135,5,"sin_year, cos_year, year_fraction, flux_lag1, flux_lag12",-2.5171139614180387,0.12110372015063206
2018-01,ordinary least squares,3,2018-04,19.23357126993752,14.762731692428028,95,20.784778190853135,4,"sin_year, cos_year, year_fraction, flux_lag12",-4.4708395775094925,0.21510162564433802
2018-01,ridge,3,2018-04,19.28710468950109,14.762731692428028,95,20.784778190853135,4,"sin_year, cos_year, year_fraction, flux_lag12",-4.52437299707306,0.2176772326136309
2018-01,random forest,3,2018-04,9.887464983401184,14.762731692428028,95,20.784778190853135,4,"sin_year, cos_year, year_fraction, flux_lag12",4.875266709026844,0.23455947733771476
2018-01,gradient boosting,3,2018-04,17.726742474415104,14.762731692428028,95,20.784778190853135,4,"sin_year, cos_year, year_fraction, flux_lag12",-2.964010781987076,0.14260487914619477
2018-01,ordinary least squares,6,2018-07,86.70574653590155,104.34712761304148,95,20.784778190853135,4,"sin_year, cos_year, year_fraction, flux_lag12",17.641381077139926,0.8487644619129715
2018-01,ridge,6,2018-07,86.61496215806537,104.34712761304148,95,20.784778190853135,4,"sin_year, cos_year, year_fraction, flux_lag12",17.732165454976112,0.8531322919183039
2018-01,random forest,6,2018-07,76.23726038448171,104.34712761304148,95,20.784778190853135,4,"sin_year, cos_year, year_fraction, flux_lag12",28.109867228559764,1.3524256535453536
2018-01,gradient boosting,6,2018-07,85.14135752191042,104.34712761304148,95,20.784778190853135,4,"sin_year, cos_year, year_fraction, flux_lag12",19.205770091131058,0.924030553262437
2018-01,ordinary least squares,12,2019-01,13.919741931425708,10.309633955284076,95,20.784778190853135,5,"sin_year, cos_year, year_fraction, flux_lag12, flux_lag13",-3.6101079761416326,0.1736899928876966
2018-01,ridge,12,2019-01,14.20397246349031,10.309633955284076,95,20.784778190853135,5,"sin_year, cos_year, year_fraction, flux_lag12, flux_lag13",-3.894338508206234,0.18736492987546222
2018-01,random forest,12,2019-01,11.86126439519552,10.309633955284076,95,20.784778190853135,5,"sin_year, cos_year, year_fraction, flux_lag12, flux_lag13",-1.5516304399114436,0.07465224914424526
2018-01,gradient boosting,12,2019-01,14.567047438502073,10.309633955284076,95,20.784778190853135,5,"sin_year, cos_year, year_fraction, flux_lag12, flux_lag13",-4.257413483217997,0.20483324114046011
2018-02,ordinary least squares,1,2018-03,14.298283761728845,11.878382965146416,96,20.602529277858125,5,"sin_year, cos_year, year_fraction, flux_lag1, flux_lag12",-2.4199007965824286,0.11745649109127274
2018-02,ridge,1,2018-03,14.312991382289656,11.878382965146416,96,20.602529277858125,5,"sin_year, cos_year, year_fraction, flux_lag1, flux_lag12",-2.43460841714324,0.11817036560456455
2018-02,random forest,1,2018-03,14.353143798882295,11.878382965146416,96,20.602529277858125,5,"sin_year, cos_year, year_fraction, flux_lag1, flux_lag12",-2.4747608337358784,0.12011927275334802
2018-02,gradient boosting,1,2018-03,18.953040926605517,11.878382965146416,96,20.602529277858125,5,"sin_year, cos_year, year_fraction, flux_lag1, flux_lag12",-7.074657961459101,0.34338783680615137
2018-02,ordinary least squares,3,2018-05,27.299302037874238,22.28945321441668,96,20.602529277858125,4,"sin_year, cos_year, year_fraction, flux_lag12",-5.009848823457556,0.24316668870563007
2018-02,ridge,3,2018-05,27.35427370088039,22.28945321441668,96,20.602529277858125,4,"sin_year, cos_year, year_fraction, flux_lag12",-5.064820486463709,0.24583488843318646
2018-02,random forest,3,2018-05,16.662830913189502,22.28945321441668,96,20.602529277858125,4,"sin_year, cos_year, year_fraction, flux_lag12",5.626622301227179,0.27310347313881517
2018-02,gradient boosting,3,2018-05,25.6580117251505,22.28945321441668,96,20.602529277858125,4,"sin_year, cos_year, year_fraction, flux_lag12",-3.36855851073382,0.163502182926349
2018-02,ordinary least squares,6,2018-08,89.84720785024349,84.43051869211212,96,20.602529277858125,4,"sin_year, cos_year, year_fraction, flux_lag12",-5.416689158131376,0.26291379495588346
2018-02,ridge,6,2018-08,89.70677625857311,84.43051869211212,96,20.602529277858125,4,"sin_year, cos_year, year_fraction, flux_lag12",-5.276257566460998,0.25609756429913094
2018-02,random forest,6,2018-08,87.15945112507633,84.43051869211212,96,20.602529277858125,4,"sin_year, cos_year, year_fraction, flux_lag12",-2.728932432964214,0.13245618516834448
2018-02,gradient boosting,6,2018-08,90.80788727881546,84.43051869211212,96,20.602529277858125,4,"sin_year, cos_year, year_fraction, flux_lag12",-6.377368586703341,0.3095429935176553
2018-02,ordinary least squares,12,2019-02,13.353032497095889,12.942285563526768,96,20.602529277858125,5,"sin_year, cos_year, year_fraction, flux_lag12, flux_lag13",-0.4107469335691203,0.01993672369200595
2018-02,ridge,12,2019-02,13.430541236520305,12.942285563526768,96,20.602529277858125,5,"sin_year, cos_year, year_fraction, flux_lag12, flux_lag13",-0.488255672993537,0.023698821946015792
2018-02,random forest,12,2019-02,10.06881400603938,12.942285563526768,96,20.602529277858125,5,"sin_year, cos_year, year_fraction, flux_lag12, flux_lag13",2.873471557487388,0.13947178614499314
2018-02,gradient boosting,12,2019-02,11.114228478192949,12.942285563526768,96,20.602529277858125,5,"sin_year, cos_year, year_fraction, flux_lag12, flux_lag13",1.8280570853338194,0.08872974093032657
2018-03,ordinary least squares,1,2018-04,11.889157759719726,14.762731692428028,97,20.363195374043013,5,"sin_year, cos_year, year_fraction, flux_lag1, flux_lag12",2.873573932708302,0.1411160615966613
2018-03,ridge,1,2018-04,11.965384188290166,14.762731692428028,97,20.363195374043013,5,"sin_year, cos_year, year_fraction, flux_lag1, flux_lag12",2.7973475041378624,0.13737271841450013
2018-03,random forest,1,2018-04,9.434612944925574,14.762731692428028,97,20.363195374043013,5,"sin_year, cos_year, year_fraction, flux_lag1, flux_lag12",5.3281187475024545,0.26165435481182947
2018-03,gradient boosting,1,2018-04,16.785899776819612,14.762731692428028,97,20.363195374043013,5,"sin_year, cos_year, year_fraction, flux_lag1, flux_lag12",-2.0231680843915836,0.09935415573189059
2018-03,ordinary least squares,3,2018-06,46.04691182361302,49.00751314913543,97,20.363195374043013,4,"sin_year, cos_year, year_fraction, flux_lag12",2.960601325522404,0.1453898207594809
2018-03,ridge,3,2018-06,46.07374428273103,49.00751314913543,97,20.363195374043013,4,"sin_year, cos_year, year_fraction, flux_lag12",2.9337688664043995,0.14407212682072862
2018-03,random forest,3,2018-06,32.05572655765809,49.00751314913543,97,20.363195374043013,4,"sin_year, cos_year, year_fraction, flux_lag12",16.951786591477337,0.8324718336241962
2018-03,gradient boosting,3,2018-06,44.00568737782387,49.00751314913543,97,20.363195374043013,4,"sin_year, cos_year, year_fraction, flux_lag12",5.001825771311559,0.24563069201248205
2018-03,ordinary least squares,6,2018-09,71.6604930171777,60.839375624821194,97,20.363195374043013,4,"sin_year, cos_year, year_fraction, flux_lag12",-10.821117392356506,0.5314056656427407
2018-03,ridge,6,2018-09,71.52358256166694,60.839375624821194,97,20.363195374043013,4,"sin_year, cos_year, year_fraction, flux_lag12",-10.684206936845747,0.5246822387445595
2018-03,random forest,6,2018-09,80.13570114132315,60.839375624821194,97,20.363195374043013,4,"sin_year, cos_year, year_fraction, flux_lag12",-19.29632551650196,0.9476079349068667
2018-03,gradient boosting,6,2018-09,73.9750625702275,60.839375624821194,97,20.363195374043013,4,"sin_year, cos_year, year_fraction, flux_lag12",-13.135686945406299,0.6450700248228416
2018-03,ordinary least squares,12,2019-03,11.509250626176176,11.14198549810619,97,20.363195374043013,5,"sin_year, cos_year, year_fraction, flux_lag12, flux_lag13",-0.36726512806998635,0.018035731687677053
2018-03,ridge,12,2019-03,11.472276297678647,11.14198549810619,97,20.363195374043013,5,"sin_year, cos_year, year_fraction, flux_lag12, flux_lag13",-0.33029079957245777,0.016219988734846584
2018-03,random forest,12,2019-03,11.968410995326249,11.14198549810619,97,20.363195374043013,5,"sin_year, cos_year, year_fraction, flux_lag12, flux_lag13",-0.8264254972200593,0.04058427383521079
2018-03,gradient boosting,12,2019-03,11.691358649775324,11.14198549810619,97,20.363195374043013,5,"sin_year, cos_year, year_fraction, flux_lag12, flux_lag13",-0.5493731516691351,0.026978730085231207
2018-04,ordinary least squares,1,2018-05,18.088757272445392,22.28945321441668,98,20.39178895172276,5,"sin_year, cos_year, year_fraction, flux_lag1, flux_lag12",4.20069594197129,0.20599938298284529
2018-04,ridge,1,2018-05,18.1595827459086,22.28945321441668,98,20.39178895172276,5,"sin_year, cos_year, year_fraction, flux_lag1, flux_lag12",4.129870468508081,0.20252614806309954
2018-04,random forest,1,2018-05,18.77153328407593,22.28945321441668,98,20.39178895172276,5,"sin_year, cos_year, year_fraction, flux_lag1, flux_lag12",3.517919930340753,0.17251649370584274
2018-04,gradient boosting,1,2018-05,18.31672329498262,22.28945321441668,98,20.39178895172276,5,"sin_year, cos_year, year_fraction, flux_lag1, flux_lag12",3.9727299194340624,0.19482007825990344
2018-04,ordinary least squares,3,2018-07,83.67816489904233,104.34712761304148,98,20.39178895172276,4,"sin_year, cos_year, year_fraction, flux_lag12",20.66896271399915,1.0135924201124578
2018-04,ridge,3,2018-07,83.66247847990006,104.34712761304148,98,20.39178895172276,4,"sin_year, cos_year, year_fraction, flux_lag12",20.68464913314142,1.014361671852921
2018-04,random forest,3,2018-07,73.81811182771034,104.34712761304148,98,20.39178895172276,4,"sin_year, cos_year, year_fraction, flux_lag12",30.52901578533114,1.497122977175181
2018-04,gradient boosting,3,2018-07,82.06023290242366,104.34712761304148,98,20.39178895172276,4,"sin_year, cos_year, year_fraction, flux_lag12",22.286894710617815,1.09293474757814
2018-04,ordinary least squares,6,2018-10,45.160073014065794,42.393686961695,98,20.39178895172276,4,"sin_year, cos_year, year_fraction, flux_lag12",-2.766386052370791,0.13566176361084192
2018-04,ridge,6,2018-10,45.113910039208726,42.393686961695,98,20.39178895172276,4,"sin_year, cos_year, year_fraction, flux_lag12",-2.7202230775137224,0.13339796150076916
2018-04,random forest,6,2018-10,41.961443690074276,42.393686961695,98,20.39178895172276,4,"sin_year, cos_year, year_fraction, flux_lag12",0.4322432716207274,0.021196927481157077
2018-04,gradient boosting,6,2018-10,42.90422519731179,42.393686961695,98,20.39178895172276,4,"sin_year, cos_year, year_fraction, flux_lag12",-0.5105382356167851,0.025036461333798443
2018-04,ordinary least squares,12,2019-04,17.56383806298118,13.01437402590086,98,20.39178895172276,5,"sin_year, cos_year, year_fraction, flux_lag12, flux_lag13",-4.54946403708032,0.22310274237591926
2018-04,ridge,12,2019-04,17.50471591672867,13.01437402590086,98,20.39178895172276,5,"sin_year, cos_year, year_fraction, flux_lag12, flux_lag13",-4.4903418908278105,0.22020343097207531
2018-04,random forest,12,2019-04,22.51130290083402,13.01437402590086,98,20.39178895172276,5,"sin_year, cos_year, year_fraction, flux_lag12, flux_lag13",-9.496928874933161,0.4657231838470372
2018-04,gradient boosting,12,2019-04,17.351352244801475,13.01437402590086,98,20.39178895172276,5,"sin_year, cos_year, year_fraction, flux_lag12, flux_lag13",-4.336978218900615,0.2126825767552
2018-05,ordinary least squares,1,2018-06,36.305978678590996,49.00751314913543,99,20.411233246189905,5,"sin_year, cos_year, year_fraction, flux_lag1, flux_lag12",12.70153447054443,0.6222815798215123
2018-05,ridge,1,2018-06,36.34286000445891,49.00751314913543,99,20.411233246189905,5,"sin_year, cos_year, year_fraction, flux_lag1, flux_lag12",12.664653144676514,0.6204746666662379
2018-05,random forest,1,2018-06,32.18759258765663,49.00751314913543,99,20.411233246189905,5,"sin_year, cos_year, year_fraction, flux_lag1, flux_lag12",16.819920561478796,0.8240521461200054
2018-05,gradient boosting,1,2018-06,35.45513192000648,49.00751314913543,99,20.411233246189905,5,"sin_year, cos_year, year_fraction, flux_lag1, flux_lag12",13.552381229128947,0.6639668003234799
2018-05,ordinary least squares,3,2018-08,89.6589904359489,84.43051869211212,99,20.411233246189905,4,"sin_year, cos_year, year_fraction, flux_lag12",-5.228471743836778,0.2561565820533043
2018-05,ridge,3,2018-08,89.60760784556781,84.43051869211212,99,20.411233246189905,4,"sin_year, cos_year, year_fraction, flux_lag12",-5.177089153455697,0.25363921380997817
2018-05,random forest,3,2018-08,87.44262283757242,84.43051869211212,99,20.411233246189905,4,"sin_year, cos_year, year_fraction, flux_lag12",-3.012104145460299,0.14757090417466853
2018-05,gradient boosting,3,2018-08,92.32875105501031,84.43051869211212,99,20.411233246189905,4,"sin_year, cos_year, year_fraction, flux_lag12",-7.898232362898199,0.3869551764772731
2018-05,ordinary least squares,6,2018-11,26.110723625814263,22.555424762260788,99,20.411233246189905,4,"sin_year, cos_year, year_fraction, flux_lag12",-3.5552988635534746,0.17418344206208755
2018-05,ridge,6,2018-11,26.275344526957742,22.555424762260788,99,20.411233246189905,4,"sin_year, cos_year, year_fraction, flux_lag12",-3.7199197646969537,0.18224865297599488
2018-05,random forest,6,2018-11,27.6966602068895,22.555424762260788,99,20.411233246189905,4,"sin_year, cos_year, year_fraction, flux_lag12",-5.1412354446287125,0.2518826463162587
2018-05,gradient boosting,6,2018-11,28.21303660068974,22.555424762260788,99,20.411233246189905,4,"sin_year, cos_year, year_fraction, flux_lag12",-5.657611838428952,0.27718128396210645
2018-05,ordinary least squares,12,2019-05,26.40476903061187,27.190253274241584,99,20.411233246189905,5,"sin_year, cos_year, year_fraction, flux_lag12, flux_lag13",0.785484243629714,0.03848293898539118
2018-05,ridge,12,2019-05,26.3541952257196,27.190253274241584,99,20.411233246189905,5,"sin_year, cos_year, year_fraction, flux_lag12, flux_lag13",0.8360580485219842,0.04096068270044625
2018-05,random forest,12,2019-05,33.65856701266687,27.190253274241584,99,20.411233246189905,5,"sin_year, cos_year, year_fraction, flux_lag12, flux_lag13",-6.468313738425287,0.3168997022574667
2018-05,gradient boosting,12,2019-05,30.391856224062575,27.190253274241584,99,20.411233246189905,5,"sin_year, cos_year, year_fraction, flux_lag12, flux_lag13",-3.201602949820991,0.15685494899817595
2018-06,ordinary least squares,1,2018-07,84.14280123218819,104.34712761304148,100,20.35010684289093,5,"sin_year, cos_year, year_fraction, flux_lag1, flux_lag12",20.20432638085329,0.9928363785427216
2018-06,ridge,1,2018-07,84.14400293103932,104.34712761304148,100,20.35010684289093,5,"sin_year, cos_year, year_fraction, flux_lag1, flux_lag12",20.203124682002155,0.99277732731216
2018-06,random forest,1,2018-07,80.54673059634185,104.34712761304148,100,20.35010684289093,5,"sin_year, cos_year, year_fraction, flux_lag1, flux_lag12",23.800397016699634,1.1695465385241464
2018-06,gradient boosting,1,2018-07,90.72715258927997,104.34712761304148,100,20.35010684289093,5,"sin_year, cos_year, year_fraction, flux_lag1, flux_lag12",13.619975023761512,0.6692827280422603
2018-06,ordinary least squares,3,2018-09,71.01597095432588,60.839375624821194,100,20.35010684289093,4,"sin_year, cos_year, year_fraction, flux_lag12",-10.176595329504686,0.500075769039992
2018-06,ridge,3,2018-09,70.9546259186283,60.839375624821194,100,20.35010684289093,4,"sin_year, cos_year, year_fraction, flux_lag12",-10.115250293807101,0.49706128679814493
2018-06,random forest,3,2018-09,78.9788669400693,60.839375624821194,100,20.35010684289093,4,"sin_year, cos_year, year_fraction, flux_lag12",-18.1394913152481,0.8913708146738757
2018-06,gradient boosting,3,2018-09,72.56410101745195,60.839375624821194,100,20.35010684289093,4,"sin_year, cos_year, year_fraction, flux_lag12",-11.724725392630752,0.5761505570044044
2018-06,ordinary least squares,6,2018-12,15.535368503429712,15.655540193235684,100,20.35010684289093,4,"sin_year, cos_year, year_fraction, flux_lag12",0.12017168980597148,0.005905211738382201
2018-06,ridge,6,2018-12,15.984601164141207,15.655540193235684,100,20.35010684289093,4,"sin_year, cos_year, year_fraction, flux_lag12",-0.3290609709055232,0.016169987383652325
2018-06,random forest,6,2018-12,18.27602215121844,15.655540193235684,100,20.35010684289093,4,"sin_year, cos_year, year_fraction, flux_lag12",-2.620481957982758,0.12876993610960782
2018-06,gradient boosting,6,2018-12,17.26943438061896,15.655540193235684,100,20.35010684289093,4,"sin_year, cos_year, year_fraction, flux_lag12",-1.613894187383277,0.0793064232951225
2018-06,ordinary least squares,12,2019-06,48.16284158890857,53.765561552545165,100,20.35010684289093,5,"sin_year, cos_year, year_fraction, flux_lag12, flux_lag13",5.602719963636595,0.2753164888465359
2018-06,ridge,12,2019-06,48.14939902366775,53.765561552545165,100,20.35010684289093,5,"sin_year, cos_year, year_fraction, flux_lag12, flux_lag13",5.6161625288774175,0.2759770536948978
2018-06,random forest,12,2019-06,43.14110908596258,53.765561552545165,100,20.35010684289093,5,"sin_year, cos_year, year_fraction, flux_lag12, flux_lag13",10.624452466582582,0.5220833752179591
2018-06,gradient boosting,12,2019-06,47.30217802330896,53.765561552545165,100,20.35010684289093,5,"sin_year, cos_year, year_fraction, flux_lag12, flux_lag13",6.463383529236204,0.3176093167046005
2018-07,ordinary least squares,1,2018-08,109.38192897635666,84.43051869211212,101,20.308893150398834,5,"sin_year, cos_year, year_fraction, flux_lag1, flux_lag12",-24.951410284244545,1.2285952808685952
2018-07,ridge,1,2018-08,109.33144949939498,84.43051869211212,101,20.308893150398834,5,"sin_year, cos_year, year_fraction, flux_lag1, flux_lag12",-24.90093080728286,1.2261096960271243
2018-07,random forest,1,2018-08,106.22136694658305,84.43051869211212,101,20.308893150398834,5,"sin_year, cos_year, year_fraction, flux_lag1, flux_lag12",-21.79084825447093,1.0729707470071057
2018-07,gradient boosting,1,2018-08,102.58973768982095,84.43051869211212,101,20.308893150398834,5,"sin_year, cos_year, year_fraction, flux_lag1, flux_lag12",-18.159218997708834,0.894151092490839
2018-07,ordinary least squares,3,2018-10,44.24769185375804,42.393686961695,101,20.308893150398834,4,"sin_year, cos_year, year_fraction, flux_lag12",-1.8540048920630383,0.09129029722757828
2018-07,ridge,3,2018-10,44.21706483551142,42.393686961695,101,20.308893150398834,4,"sin_year, cos_year, year_fraction, flux_lag12",-1.823377873816419,0.0897822377769815
2018-07,random forest,3,2018-10,42.191632393487055,42.393686961695,101,20.308893150398834,4,"sin_year, cos_year, year_fraction, flux_lag12",0.20205456820794865,0.009949068455460392
2018-07,gradient boosting,3,2018-10,44.43187067829861,42.393686961695,101,20.308893150398834,4,"sin_year, cos_year, year_fraction, flux_lag12",-2.038183716603605,0.10035917277764486
2018-07,ordinary least squares,6,2019-01,14.344423587189427,10.309633955284076,101,20.308893150398834,4,"sin_year, cos_year, year_fraction, flux_lag12",-4.034789631905351,0.19867107488455688
2018-07,ridge,6,2019-01,13.940811671940194,10.309633955284076,101,20.308893150398834,4,"sin_year, cos_year, year_fraction, flux_lag12",-3.6311777166561185,0.1787974209015329
2018-07,random forest,6,2019-01,11.938588718901148,10.309633955284076,101,20.308893150398834,4,"sin_year, cos_year, year_fraction, flux_lag12",-1.628954763617072,0.08020893859422772
2018-07,gradient boosting,6,2019-01,13.371265610679178,10.309633955284076,101,20.308893150398834,4,"sin_year, cos_year, year_fraction, flux_lag12",-3.061631655395102,0.15075325044658952
2018-07,ordinary least squares,12,2019-07,84.8405646425905,82.64673275728832,101,20.308893150398834,4,"sin_year, cos_year, year_fraction, flux_lag13",-2.193831885302174,0.10802321274013355
2018-07,ridge,12,2019-07,84.86480776069943,82.64673275728832,101,20.308893150398834,4,"sin_year, cos_year, year_fraction, flux_lag13",-2.2180750034111156,0.10921693205951778
2018-07,random forest,12,2019-07,71.50866436154112,82.64673275728832,101,20.308893150398834,4,"sin_year, cos_year, year_fraction, flux_lag13",11.138068395747197,0.5484330590182096
2018-07,gradient boosting,12,2019-07,86.74115346058697,82.64673275728832,101,20.308893150398834,4,"sin_year, cos_year, year_fraction, flux_lag13",-4.094420703298653,0.20160727977527643
2018-08,ordinary least squares,1,2018-09,68.74034479339656,60.839375624821194,102,20.299976556207636,5,"sin_year, cos_year, year_fraction, flux_lag1, flux_lag12",-7.900969168575365,0.38921075335721445
2018-08,ridge,1,2018-09,68.73302532443495,60.839375624821194,102,20.299976556207636,5,"sin_year, cos_year, year_fraction, flux_lag1, flux_lag12",-7.8936496996137535,0.38885018796733106
2018-08,random forest,1,2018-09,64.72526057618683,60.839375624821194,102,20.299976556207636,5,"sin_year, cos_year, year_fraction, flux_lag1, flux_lag12",-3.8858849513656324,0.19142312507633646
2018-08,gradient boosting,1,2018-09,64.3141132236658,60.839375624821194,102,20.299976556207636,5,"sin_year, cos_year, year_fraction, flux_lag1, flux_lag12",-3.474737598844605,0.1711695375225469
2018-08,ordinary least squares,3,2018-11,26.241109318468084,22.555424762260788,102,20.299976556207636,4,"sin_year, cos_year, year_fraction, flux_lag12",-3.6856845562072955,0.18156102525548143
2018-08,ridge,3,2018-11,26.295999851028846,22.555424762260788,102,20.299976556207636,4,"sin_year, cos_year, year_fraction, flux_lag12",-3.7405750887680576,0.1842649954994262
2018-08,random forest,3,2018-11,28.84083498841833,22.555424762260788,102,20.299976556207636,4,"sin_year, cos_year, year_fraction, flux_lag12",-6.285410226157541,0.3096264770924326
2018-08,gradient boosting,3,2018-11,26.291294999078218,22.555424762260788,102,20.299976556207636,4,"sin_year, cos_year, year_fraction, flux_lag12",-3.73587023681743,0.1840332291258247
2018-08,ordinary least squares,6,2019-02,12.284694686567306,12.942285563526768,102,20.299976556207636,4,"sin_year, cos_year, year_fraction, flux_lag12",0.6575908769594623,0.03239367666946266
2018-08,ridge,6,2019-02,12.15819247658356,12.942285563526768,102,20.299976556207636,4,"sin_year, cos_year, year_fraction, flux_lag12",0.7840930869432086,0.038625319825969784
2018-08,random forest,6,2019-02,10.01375153138307,12.942285563526768,102,20.299976556207636,4,"sin_year, cos_year, year_fraction, flux_lag12",2.9285340321436983,0.1442629268085616
2018-08,gradient boosting,6,2019-02,12.26860559947372,12.942285563526768,102,20.299976556207636,4,"sin_year, cos_year, year_fraction, flux_lag12",0.6736799640530489,0.03318624345145072
2018-08,ordinary least squares,12,2019-08,85.75587525379086,74.7848994470258,102,20.299976556207636,4,"sin_year, cos_year, year_fraction, flux_lag13",-10.970975806765068,0.5404427821080511
2018-08,ridge,12,2019-08,85.80862259638548,74.7848994470258,102,20.299976556207636,4,"sin_year, cos_year, year_fraction, flux_lag13",-11.023723149359682,0.5430411763696683
2018-08,random forest,12,2019-08,90.83506720473902,74.7848994470258,102,20.299976556207636,4,"sin_year, cos_year, year_fraction, flux_lag13",-16.050167757713226,0.7906495711102268
2018-08,gradient boosting,12,2019-08,90.29723919599637,74.7848994470258,102,20.299976556207636,4,"sin_year, cos_year, year_fraction, flux_lag13",-15.512339748970575,0.7641555499347105
2018-09,ordinary least squares,1,2018-10,36.0247537595161,42.393686961695,103,20.116199651694508,5,"sin_year, cos_year, year_fraction, flux_lag1, flux_lag12",6.368933202178901,0.3166071779190364
2018-09,ridge,1,2018-10,36.019950122248616,42.393686961695,103,20.116199651694508,5,"sin_year, cos_year, year_fraction, flux_lag1, flux_lag12",6.373736839446387,0.31684597239068907
2018-09,random forest,1,2018-10,38.48664494910469,42.393686961695,103,20.116199651694508,5,"sin_year, cos_year, year_fraction, flux_lag1, flux_lag12",3.907042012590317,0.19422366452110668
2018-09,gradient boosting,1,2018-10,33.08977623179861,42.393686961695,103,20.116199651694508,5,"sin_year, cos_year, year_fraction, flux_lag1, flux_lag12",9.303910729896394,0.46250837091451663
2018-09,ordinary least squares,3,2018-12,16.53771736151109,15.655540193235684,103,20.116199651694508,4,"sin_year, cos_year, year_fraction, flux_lag12",-0.8821771682754047,0.04385406704795225
2018-09,ridge,3,2018-12,16.69195692281784,15.655540193235684,103,20.116199651694508,4,"sin_year, cos_year, year_fraction, flux_lag12",-1.0364167295821574,0.05152149747603314
2018-09,random forest,3,2018-12,18.22686407005922,15.655540193235684,103,20.116199651694508,4,"sin_year, cos_year, year_fraction, flux_lag12",-2.571323876823538,0.1278235412923504
2018-09,gradient boosting,3,2018-12,17.13848880276685,15.655540193235684,103,20.116199651694508,4,"sin_year, cos_year, year_fraction, flux_lag12",-1.4829486095311672,0.07371912365197915
2018-09,ordinary least squares,6,2019-03,12.286743377300288,11.14198549810619,103,20.116199651694508,4,"sin_year, cos_year, year_fraction, flux_lag12",-1.144757879194099,0.05690726374838248
2018-09,ridge,6,2019-03,12.343696109723872,11.14198549810619,103,20.116199651694508,4,"sin_year, cos_year, year_fraction, flux_lag12",-1.201710611617683,0.05973845121965946
2018-09,random forest,6,2019-03,11.821249343436243,11.14198549810619,103,20.116199651694508,4,"sin_year, cos_year, year_fraction, flux_lag12",-0.6792638453300537,0.03376700654652904
2018-09,gradient boosting,6,2019-03,13.051756747530336,11.14198549810619,103,20.116199651694508,4,"sin_year, cos_year, year_fraction, flux_lag12",-1.9097712494241463,0.09493698026919686
2018-09,ordinary least squares,12,2019-09,68.5332437781328,60.25148092532468,103,20.116199651694508,5,"sin_year, cos_year, year_fraction, flux_lag12, flux_lag13",-8.281762852808122,0.4116961949177363
2018-09,ridge,12,2019-09,68.58783299612512,60.25148092532468,103,20.116199651694508,5,"sin_year, cos_year, year_fraction, flux_lag12, flux_lag13",-8.336352070800437,0.4144098893002494
2018-09,random forest,12,2019-09,69.96830843046071,60.25148092532468,103,20.116199651694508,5,"sin_year, cos_year, year_fraction, flux_lag12, flux_lag13",-9.716827505136031,0.4830349506059672
2018-09,gradient boosting,12,2019-09,73.08365340160154,60.25148092532468,103,20.116199651694508,5,"sin_year, cos_year, year_fraction, flux_lag12, flux_lag13",-12.83217247627686,0.637902421852128
2018-10,ordinary least squares,1,2018-11,25.199718198419284,22.555424762260788,104,19.918647618854205,5,"sin_year, cos_year, year_fraction, flux_lag1, flux_lag12",-2.6442934361584953,0.1327546672222622
2018-10,ridge,1,2018-11,25.199730444723503,22.555424762260788,104,19.918647618854205,5,"sin_year, cos_year, year_fraction, flux_lag1, flux_lag12",-2.644305682462715,0.13275528203831066
2018-10,random forest,1,2018-11,25.56253665570095,22.555424762260788,104,19.918647618854205,5,"sin_year, cos_year, year_fraction, flux_lag1, flux_lag12",-3.007111893440161,0.15096968182688003
2018-10,gradient boosting,1,2018-11,23.351970511131274,22.555424762260788,104,19.918647618854205,5,"sin_year, cos_year, year_fraction, flux_lag1, flux_lag12",-0.7965457488704857,0.039989951331661035
2018-10,ordinary least squares,3,2019-01,14.04256003971313,10.309633955284076,104,19.918647618854205,4,"sin_year, cos_year, year_fraction, flux_lag12",-3.732926084429055,0.18740861105929774
2018-10,ridge,3,2019-01,13.882739681024958,10.309633955284076,104,19.918647618854205,4,"sin_year, cos_year, year_fraction, flux_lag12",-3.5731057257408825,0.17938495595246745
2018-10,random forest,3,2019-01,12.803148370497128,10.309633955284076,104,19.918647618854205,4,"sin_year, cos_year, year_fraction, flux_lag12",-2.4935144152130526,0.12518492534868633
2018-10,gradient boosting,3,2019-01,12.294087885767933,10.309633955284076,104,19.918647618854205,4,"sin_year, cos_year, year_fraction, flux_lag12",-1.9844539304838573,0.09962794505212551
2018-10,ordinary least squares,6,2019-04,17.984848114758606,13.01437402590086,104,19.918647618854205,4,"sin_year, cos_year, year_fraction, flux_lag12",-4.970474088857745,0.24953873294856077
2018-10,ridge,6,2019-04,18.114142900766666,13.01437402590086,104,19.918647618854205,4,"sin_year, cos_year, year_fraction, flux_lag12",-5.099768874865806,0.2560298757451066
2018-10,random forest,6,2019-04,14.750897183720747,13.01437402590086,104,19.918647618854205,4,"sin_year, cos_year, year_fraction, flux_lag12",-1.736523157819887,0.08718077607719525
2018-10,gradient boosting,6,2019-04,19.564602102016433,13.01437402590086,104,19.918647618854205,4,"sin_year, cos_year, year_fraction, flux_lag12",-6.550228076115573,0.32884903641326463
2018-10,ordinary least squares,12,2019-10,44.41485960078734,42.639917593372886,104,19.918647618854205,4,"sin_year, cos_year, year_fraction, flux_lag13",-1.7749420074144524,0.08910956413197262
2018-10,ridge,12,2019-10,44.42998147863074,42.639917593372886,104,19.918647618854205,4,"sin_year, cos_year, year_fraction, flux_lag13",-1.790063885257851,0.0898687460871313
2018-10,random forest,12,2019-10,45.685734572058536,42.639917593372886,104,19.918647618854205,4,"sin_year, cos_year, year_fraction, flux_lag13",-3.04581697868565,0.15291284011684608
2018-10,gradient boosting,12,2019-10,46.62317401169769,42.639917593372886,104,19.918647618854205,4,"sin_year, cos_year, year_fraction, flux_lag13",-3.9832564183248067,0.19997624811407444
2018-11,ordinary least squares,1,2018-12,14.315691497137887,15.655540193235684,105,19.72781658069443,5,"sin_year, cos_year, year_fraction, flux_lag1, flux_lag12",1.3398486960977962,0.0679167251285663
2018-11,ridge,1,2018-12,14.367380596154977,15.655540193235684,105,19.72781658069443,5,"sin_year, cos_year, year_fraction, flux_lag1, flux_lag12",1.288159597080707,0.06529661261861565
2018-11,random forest,1,2018-12,14.760188691322778,15.655540193235684,105,19.72781658069443,5,"sin_year, cos_year, year_fraction, flux_lag1, flux_lag12",0.8953515019129057,0.04538523045622258
2018-11,gradient boosting,1,2018-12,14.064392636583221,15.655540193235684,105,19.72781658069443,5,"sin_year, cos_year, year_fraction, flux_lag1, flux_lag12",1.5911475566524622,0.08065502586888168
2018-11,ordinary least squares,3,2019-02,11.935143397069728,12.942285563526768,105,19.72781658069443,3,"sin_year, cos_year, year_fraction",1.0071421664570401,0.05105188211464951
2018-11,ridge,3,2019-02,11.883441401239635,12.942285563526768,105,19.72781658069443,3,"sin_year, cos_year, year_fraction",1.0588441622871336,0.05367264836207544
2018-11,random forest,3,2019-02,11.859775864687956,12.942285563526768,105,19.72781658069443,3,"sin_year, cos_year, year_fraction",1.0825096988388125,0.05487225078411123
2018-11,gradient boosting,3,2019-02,12.068285697736266,12.942285563526768,105,19.72781658069443,3,"sin_year, cos_year, year_fraction",0.8739998657905019,0.04430291929243681
2018-11,ordinary least squares,6,2019-05,26.734068473733476,27.190253274241584,105,19.72781658069443,4,"sin_year, cos_year, year_fraction, flux_lag12",0.45618480050810817,0.0231239376462233
2018-11,ridge,6,2019-05,26.845542937313947,27.190253274241584,105,19.72781658069443,4,"sin_year, cos_year, year_fraction, flux_lag12",0.344710336927637,0.017473314166199683
2018-11,random forest,6,2019-05,25.884055730585303,27.190253274241584,105,19.72781658069443,4,"sin_year, cos_year, year_fraction, flux_lag12",1.3061975436562818,0.06621095336695912
2018-11,gradient boosting,6,2019-05,27.163347661317037,27.190253274241584,105,19.72781658069443,4,"sin_year, cos_year, year_fraction, flux_lag12",0.02690561292454774,0.001363841396968252
2018-11,ordinary least squares,12,2019-11,25.496792774647233,21.47391234510809,105,19.72781658069443,4,"sin_year, cos_year, year_fraction, flux_lag13",-4.022880429539143,0.2039191926325957
2018-11,ridge,12,2019-11,25.43552598630189,21.47391234510809,105,19.72781658069443,4,"sin_year, cos_year, year_fraction, flux_lag13",-3.9616136411938,0.2008135885179823
2018-11,random forest,12,2019-11,27.593286809723004,21.47391234510809,105,19.72781658069443,4,"sin_year, cos_year, year_fraction, flux_lag13",-6.119374464614914,0.3101901540692198
2018-11,gradient boosting,12,2019-11,26.01656438184589,21.47391234510809,105,19.72781658069443,4,"sin_year, cos_year, year_fraction, flux_lag13",-4.542652036737799,0.23026633576790356
2018-12,ordinary least squares,1,2019-01,12.690066950285955,10.309633955284076,106,19.520681899554837,5,"sin_year, cos_year, year_fraction, flux_lag1, flux_lag12",-2.380432995001879,0.12194415170794642
2018-12,ridge,1,2019-01,12.62959789562835,10.309633955284076,106,19.520681899554837,5,"sin_year, cos_year, year_fraction, flux_lag1, flux_lag12",-2.319963940344275,0.11884645998955502
2018-12,random forest,1,2019-01,12.172777545671861,10.309633955284076,106,19.520681899554837,5,"sin_year, cos_year, year_fraction, flux_lag1, flux_lag12",-1.8631435903877858,0.09544459563322294
2018-12,gradient boosting,1,2019-01,11.395969411617674,10.309633955284076,106,19.520681899554837,5,"sin_year, cos_year, year_fraction, flux_lag1, flux_lag12",-1.0863354563335985,0.05565048710508274
2018-12,ordinary least squares,3,2019-03,12.298316677559692,11.14198549810619,106,19.520681899554837,4,"sin_year, cos_year, year_fraction, flux_lag12",-1.1563311794535025,0.059236208315031874
2018-12,ridge,3,2019-03,12.316122654184051,11.14198549810619,106,19.520681899554837,4,"sin_year, cos_year, year_fraction, flux_lag12",-1.1741371560778617,0.06014836787564463
2018-12,random forest,3,2019-03,11.259272790159047,11.14198549810619,106,19.520681899554837,4,"sin_year, cos_year, year_fraction, flux_lag12",-0.1172872920528576,0.006008360397263187
2018-12,gradient boosting,3,2019-03,13.361560925845826,11.14198549810619,106,19.520681899554837,4,"sin_year, cos_year, year_fraction, flux_lag12",-2.2195754277396365,0.11370378551121481
2018-12,ordinary least squares,6,2019-06,47.93213865665201,53.765561552545165,106,19.520681899554837,4,"sin_year, cos_year, year_fraction, flux_lag12",5.8334228958931575,0.2988329468155611
2018-12,ridge,6,2019-06,47.95112947818868,53.765561552545165,106,19.520681899554837,4,"sin_year, cos_year, year_fraction, flux_lag12",5.814432074356482,0.29786009035314887
2018-12,random forest,6,2019-06,42.61442496162524,53.765561552545165,106,19.520681899554837,4,"sin_year, cos_year, year_fraction, flux_lag12",11.151136590919926,0.571247287789379
2018-12,gradient boosting,6,2019-06,46.37678102795872,53.765561552545165,106,19.520681899554837,4,"sin_year, cos_year, year_fraction, flux_lag12",7.388780524586444,0.3785103698019352
2018-12,ordinary least squares,12,2019-12,17.389910328855613,16.705329993543785,106,19.520681899554837,5,"sin_year, cos_year, year_fraction, flux_lag12, flux_lag13",-0.6845803353118285,0.03506948880343366
2018-12,ridge,12,2019-12,17.266412448531927,16.705329993543785,106,19.520681899554837,5,"sin_year, cos_year, year_fraction, flux_lag12, flux_lag13",-0.5610824549881421,0.02874297413764718
2018-12,random forest,12,2019-12,16.912047606764773,16.705329993543785,106,19.520681899554837,5,"sin_year, cos_year, year_fraction, flux_lag12, flux_lag13",-0.20671761322098803,0.010589671727897074
2018-12,gradient boosting,12,2019-12,16.273847794921963,16.705329993543785,106,19.520681899554837,5,"sin_year, cos_year, year_fraction, flux_lag12, flux_lag13",0.431482198621822,0.022103848668916726
2019-01,ordinary least squares,1,2019-02,9.011275571969628,12.942285563526768,107,19.355386537224188,5,"sin_year, cos_year, year_fraction, flux_lag1, flux_lag12",3.93100999155714,0.20309643436968
2019-01,ridge,1,2019-02,8.99646559147539,12.942285563526768,107,19.355386537224188,5,"sin_year, cos_year, year_fraction, flux_lag1, flux_lag12",3.9458199720513782,0.20386159503778423
2019-01,random forest,1,2019-02,9.448841598485854,12.942285563526768,107,19.355386537224188,5,"sin_year, cos_year, year_fraction, flux_lag1, flux_lag12",3.493443965040914,0.1804894962093544
2019-01,gradient boosting,1,2019-02,8.12533061827511,12.942285563526768,107,19.355386537224188,5,"sin_year, cos_year, year_fraction, flux_lag1, flux_lag12",4.816954945251659,0.24886896141225154
2019-01,ordinary least squares,3,2019-04,17.649236753845074,13.01437402590086,107,19.355386537224188,4,"sin_year, cos_year, year_fraction, flux_lag12",-4.634862727944213,0.23946112980128129
2019-01,ridge,3,2019-04,17.70142609109688,13.01437402590086,107,19.355386537224188,4,"sin_year, cos_year, year_fraction, flux_lag12",-4.687052065196021,0.24215750257334848
2019-01,random forest,3,2019-04,16.05342354040551,13.01437402590086,107,19.355386537224188,4,"sin_year, cos_year, year_fraction, flux_lag12",-3.0390495145046508,0.15701311408377017
2019-01,gradient boosting,3,2019-04,19.304063578563422,13.01437402590086,107,19.355386537224188,4,"sin_year, cos_year, year_fraction, flux_lag12",-6.289689552662562,0.32495809580275037
2019-01,ordinary least squares,6,2019-07,90.75478223827766,82.64673275728832,107,19.355386537224188,4,"sin_year, cos_year, year_fraction, flux_lag12",-8.108049480989337,0.41890403301406426
2019-01,ridge,6,2019-07,90.66081644146436,82.64673275728832,107,19.355386537224188,4,"sin_year, cos_year, year_fraction, flux_lag12",-8.014083684176043,0.41404927092328514
2019-01,random forest,6,2019-07,83.11953488604547,82.64673275728832,107,19.355386537224188,4,"sin_year, cos_year, year_fraction, flux_lag12",-0.4728021287571522,0.02442741858179176
2019-01,gradient boosting,6,2019-07,87.50248194885474,82.64673275728832,107,19.355386537224188,4,"sin_year, cos_year, year_fraction, flux_lag12",-4.855749191566417,0.2508732740742668
2019-01,ordinary least squares,12,2020-01,12.036712660461875,11.279819926687372,107,19.355386537224188,5,"sin_year, cos_year, year_fraction, flux_lag12, flux_lag13",-0.7568927337745031,0.03910501773337621
2019-01,ridge,12,2020-01,12.230128035678867,11.279819926687372,107,19.355386537224188,5,"sin_year, cos_year, year_fraction, flux_lag12, flux_lag13",-0.9503081089914946,0.04909786261120989
2019-01,random forest,12,2020-01,13.657765659458022,11.279819926687372,107,19.355386537224188,5,"sin_year, cos_year, year_fraction, flux_lag12, flux_lag13",-2.37794573277065,0.12285705212848093
2019-01,gradient boosting,12,2020-01,12.414555500364878,11.279819926687372,107,19.355386537224188,5,"sin_year, cos_year, year_fraction, flux_lag12, flux_lag13",-1.1347355736775064,0.058626345255114815
2019-02,ordinary least squares,1,2019-03,12.992774490104521,11.14198549810619,108,19.177219989891658,5,"sin_year, cos_year, year_fraction, flux_lag1, flux_lag12",-1.850788991998332,0.09650976486549592
2019-02,ridge,1,2019-03,12.992425019579771,11.14198549810619,108,19.177219989891658,5,"sin_year, cos_year, year_fraction, flux_lag1, flux_lag12",-1.8504395214735823,0.09649154165457516
2019-02,random forest,1,2019-03,13.45571625531747,11.14198549810619,108,19.177219989891658,5,"sin_year, cos_year, year_fraction, flux_lag1, flux_lag12",-2.31373075721128,0.1206499564812236
2019-02,gradient boosting,1,2019-03,9.540391973081604,11.14198549810619,108,19.177219989891658,5,"sin_year, cos_year, year_fraction, flux_lag1, flux_lag12",1.601593525024585,0.08351541703483546
2019-02,ordinary least squares,3,2019-05,25.772803199999856,27.190253274241584,108,19.177219989891658,4,"sin_year, cos_year, year_fraction, flux_lag12",1.417450074241728,0.07391321969445352
2019-02,ridge,3,2019-05,25.821765786431406,27.190253274241584,108,19.177219989891658,4,"sin_year, cos_year, year_fraction, flux_lag12",1.368487487810178,0.071360055760507
2019-02,random forest,3,2019-05,28.68220615672489,27.190253274241584,108,19.177219989891658,4,"sin_year, cos_year, year_fraction, flux_lag12",-1.4919528824833073,0.07779818364026267
2019-02,gradient boosting,3,2019-05,28.4428990330945,27.190253274241584,108,19.177219989891658,4,"sin_year, cos_year, year_fraction, flux_lag12",-1.252645758852914,0.06531946546544211
2019-02,ordinary least squares,6,2019-08,91.65859148916095,74.7848994470258,108,19.177219989891658,4,"sin_year, cos_year, year_fraction, flux_lag12",-16.87369204213516,0.8798820710733521
2019-02,ridge,6,2019-08,91.52203704499982,74.7848994470258,108,19.177219989891658,4,"sin_year, cos_year, year_fraction, flux_lag12",-16.737137597974026,0.8727614120709987
2019-02,random forest,6,2019-08,86.25345215046453,74.7848994470258,108,19.177219989891658,4,"sin_year, cos_year, year_fraction, flux_lag12",-11.468552703438732,0.5980299912856933
2019-02,gradient boosting,6,2019-08,91.77627333311527,74.7848994470258,108,19.177219989891658,4,"sin_year, cos_year, year_fraction, flux_lag12",-16.991373886089477,0.8860186145356655
2019-02,ordinary least squares,12,2020-02,13.4023097649149,10.515282795633206,108,19.177219989891658,5,"sin_year, cos_year, year_fraction, flux_lag12, flux_lag13",-2.8870269692816937,0.1505446029614016
2019-02,ridge,12,2020-02,13.469147064944654,10.515282795633206,108,19.177219989891658,5,"sin_year, cos_year, year_fraction, flux_lag12, flux_lag13",-2.953864269311447,0.1540298474371381
2019-02,random forest,12,2020-02,10.8745343623753,10.515282795633206,108,19.177219989891658,5,"sin_year, cos_year, year_fraction, flux_lag12, flux_lag13",-0.3592515667420937,0.01873324532604078
2019-02,gradient boosting,12,2020-02,12.119230201536201,10.515282795633206,108,19.177219989891658,5,"sin_year, cos_year, year_fraction, flux_lag12, flux_lag13",-1.6039474059029946,0.0836381606274756
2019-03,ordinary least squares,1,2019-04,17.13488709358745,13.01437402590086,109,18.98710841749113,5,"sin_year, cos_year, year_fraction, flux_lag1, flux_lag12",-4.120513067686591,0.2170163553651345
2019-03,ridge,1,2019-04,17.15145077599667,13.01437402590086,109,18.98710841749113,5,"sin_year, cos_year, year_fraction, flux_lag1, flux_lag12",-4.137076750095808,0.21788872002672552
2019-03,random forest,1,2019-04,15.038261654736207,13.01437402590086,109,18.98710841749113,5,"sin_year, cos_year, year_fraction, flux_lag1, flux_lag12",-2.0238876288353467,0.106592725144547
2019-03,gradient boosting,1,2019-04,11.94725898902383,13.01437402590086,109,18.98710841749113,5,"sin_year, cos_year, year_fraction, flux_lag1, flux_lag12",1.0671150368770306,0.0562020826664682
2019-03,ordinary least squares,3,2019-06,45.83291116212608,53.765561552545165,109,18.98710841749113,4,"sin_year, cos_year, year_fraction, flux_lag12",7.932650390419084,0.4177913885566399
2019-03,ridge,3,2019-06,45.85209118868267,53.765561552545165,109,18.98710841749113,4,"sin_year, cos_year, year_fraction, flux_lag12",7.913470363862494,0.4167812280764416
2019-03,random forest,3,2019-06,37.57159549316284,53.765561552545165,109,18.98710841749113,4,"sin_year, cos_year, year_fraction, flux_lag12",16.193966059382326,0.852892694522367
2019-03,gradient boosting,3,2019-06,45.325257417363474,53.765561552545165,109,18.98710841749113,4,"sin_year, cos_year, year_fraction, flux_lag12",8.440304135181691,0.4445281477092316
2019-03,ordinary least squares,6,2019-09,70.98623712745827,60.25148092532468,109,18.98710841749113,4,"sin_year, cos_year, year_fraction, flux_lag12",-10.734756202133589,0.5653707750593879
2019-03,ridge,6,2019-09,70.85971031180951,60.25148092532468,109,18.98710841749113,4,"sin_year, cos_year, year_fraction, flux_lag12",-10.60822938648483,0.5587069475366989
2019-03,random forest,6,2019-09,73.34510311608562,60.25148092532468,109,18.98710841749113,4,"sin_year, cos_year, year_fraction, flux_lag12",-13.093622190760946,0.6896059106450859
2019-03,gradient boosting,6,2019-09,71.94719882875309,60.25148092532468,109,18.98710841749113,4,"sin_year, cos_year, year_fraction, flux_lag12",-11.69571790342841,0.6159820466740574
2019-03,ordinary least squares,12,2020-03,12.585677778559296,6.176867992983066,109,18.98710841749113,4,"sin_year, cos_year, year_fraction, flux_lag13",-6.40880978557623,0.33753479701376565
2019-03,ridge,12,2020-03,12.566779575004553,6.176867992983066,109,18.98710841749113,4,"sin_year, cos_year, year_fraction, flux_lag13",-6.389911582021487,0.3365394793940836
2019-03,random forest,12,2020-03,11.982326331844854,6.176867992983066,109,18.98710841749113,4,"sin_year, cos_year, year_fraction, flux_lag13",-5.805458338861788,0.3057578969483177
2019-03,gradient boosting,12,2020-03,11.670011984926363,6.176867992983066,109,18.98710841749113,4,"sin_year, cos_year, year_fraction, flux_lag13",-5.493143991943297,0.28930913918851137
2019-04,ordinary least squares,1,2019-05,22.436602302467627,27.190253274241584,110,18.811202797583334,5,"sin_year, cos_year, year_fraction, flux_lag1, flux_lag12",4.753650971773958,0.2527031909083802
2019-04,ridge,1,2019-05,22.46425716050281,27.190253274241584,110,18.811202797583334,5,"sin_year, cos_year, year_fraction, flux_lag1, flux_lag12",4.725996113738773,0.2512330638605374
2019-04,random forest,1,2019-05,21.095571603431978,27.190253274241584,110,18.811202797583334,5,"sin_year, cos_year, year_fraction, flux_lag1, flux_lag12",6.0946816708096065,0.3239921304549748
2019-04,gradient boosting,1,2019-05,15.505623015553207,27.190253274241584,110,18.811202797583334,5,"sin_year, cos_year, year_fraction, flux_lag1, flux_lag12",11.684630258688378,0.621152745224218
2019-04,ordinary least squares,3,2019-07,87.22886407287048,82.64673275728832,110,18.811202797583334,4,"sin_year, cos_year, year_fraction, flux_lag12",-4.58213131558216,0.24358523826933726
2019-04,ridge,3,2019-07,87.20561384622714,82.64673275728832,110,18.811202797583334,4,"sin_year, cos_year, year_fraction, flux_lag12",-4.5588810889388185,0.2423492605972275
2019-04,random forest,3,2019-07,78.1409035116785,82.64673275728832,110,18.811202797583334,4,"sin_year, cos_year, year_fraction, flux_lag12",4.505829245609817,0.23952903459148708
2019-04,gradient boosting,3,2019-07,85.31590068942756,82.64673275728832,110,18.811202797583334,4,"sin_year, cos_year, year_fraction, flux_lag12",-2.6691679321392456,0.14189246487110077
2019-04,ordinary least squares,6,2019-10,44.66415459061907,42.639917593372886,110,18.811202797583334,4,"sin_year, cos_year, year_fraction, flux_lag12",-2.0242369972461844,0.10760805776365545
2019-04,ridge,6,2019-10,44.62377316733402,42.639917593372886,110,18.811202797583334,4,"sin_year, cos_year, year_fraction, flux_lag12",-1.9838555739611365,0.10546138890257467
2019-04,random forest,6,2019-10,43.4467453709427,42.639917593372886,110,18.811202797583334,4,"sin_year, cos_year, year_fraction, flux_lag12",-0.8068277775698149,0.04289081279127285
2019-04,gradient boosting,6,2019-10,47.03465769763799,42.639917593372886,110,18.811202797583334,4,"sin_year, cos_year, year_fraction, flux_lag12",-4.394740104265104,0.23362355674724286
2019-04,ordinary least squares,12,2020-04,18.263658507242976,20.838584510761713,110,18.811202797583334,4,"sin_year, cos_year, year_fraction, flux_lag13",2.574926003518737,0.13688258168422576
2019-04,ridge,12,2020-04,18.21295993753953,20.838584510761713,110,18.811202797583334,4,"sin_year, cos_year, year_fraction, flux_lag13",2.625624573222183,0.13957770810697417
2019-04,random forest,12,2020-04,25.263013069196035,20.838584510761713,110,18.811202797583334,4,"sin_year, cos_year, year_fraction, flux_lag13",-4.424428558434322,0.23520178938279937
2019-04,gradient boosting,12,2020-04,17.093364264147763,20.838584510761713,110,18.811202797583334,4,"sin_year, cos_year, year_fraction, flux_lag13",3.7452202466139504,0.1990952033697227
2019-05,ordinary least squares,1,2019-06,44.717633640157665,53.765561552545165,111,18.670693679020115,5,"sin_year, cos_year, year_fraction, flux_lag1, flux_lag12",9.0479279123875,0.4846058784925852
2019-05,ridge,1,2019-06,44.73397495776554,53.765561552545165,111,18.670693679020115,5,"sin_year, cos_year, year_fraction, flux_lag1, flux_lag12",9.031586594779625,0.48373063958133694
2019-05,random forest,1,2019-06,44.30942661798854,53.765561552545165,111,18.670693679020115,5,"sin_year, cos_year, year_fraction, flux_lag1, flux_lag12",9.456134934556623,0.506469395145307
2019-05,gradient boosting,1,2019-06,43.81277717918968,53.765561552545165,111,18.670693679020115,5,"sin_year, cos_year, year_fraction, flux_lag1, flux_lag12",9.952784373355485,0.5330698764845159
2019-05,ordinary least squares,3,2019-08,89.85424825958548,74.7848994470258,111,18.670693679020115,4,"sin_year, cos_year, year_fraction, flux_lag12",-15.069348812559682,0.807112422903323
2019-05,ridge,3,2019-08,89.80508936531156,74.7848994470258,111,18.670693679020115,4,"sin_year, cos_year, year_fraction, flux_lag12",-15.020189918285766,0.8044794787225101
2019-05,random forest,3,2019-08,85.2971296311562,74.7848994470258,111,18.670693679020115,4,"sin_year, cos_year, year_fraction, flux_lag12",-10.512230184130402,0.5630337235912549
2019-05,gradient boosting,3,2019-08,92.14941230232347,74.7848994470258,111,18.670693679020115,4,"sin_year, cos_year, year_fraction, flux_lag12",-17.364512855297676,0.9300411197260352
2019-05,ordinary least squares,6,2019-11,25.28211853360485,21.47391234510809,111,18.670693679020115,4,"sin_year, cos_year, year_fraction, flux_lag12",-3.8082061884967615,0.2039670434299914
2019-05,ridge,6,2019-11,25.421700509887824,21.47391234510809,111,18.670693679020115,4,"sin_year, cos_year, year_fraction, flux_lag12",-3.947788164779734,0.21144303648534413
2019-05,random forest,6,2019-11,26.571412366079233,21.47391234510809,111,18.670693679020115,4,"sin_year, cos_year, year_fraction, flux_lag12",-5.097500020971143,0.27302145858132215
2019-05,gradient boosting,6,2019-11,29.251069114071598,21.47391234510809,111,18.670693679020115,4,"sin_year, cos_year, year_fraction, flux_lag12",-7.777156768963508,0.416543536232001
2019-05,ordinary least squares,12,2020-05,28.993863853518278,33.51816927694313,111,18.670693679020115,5,"sin_year, cos_year, year_fraction, flux_lag12, flux_lag13",4.524305423424849,0.24232122818814816
2019-05,ridge,12,2020-05,28.93374007701814,33.51816927694313,111,18.670693679020115,5,"sin_year, cos_year, year_fraction, flux_lag12, flux_lag13",4.584429199924987,0.24554145007886977
2019-05,random forest,12,2020-05,27.149938681769168,33.51816927694313,111,18.670693679020115,5,"sin_year, cos_year, year_fraction, flux_lag12, flux_lag13",6.368230595173959,0.34108162795953384
2019-05,gradient boosting,12,2020-05,27.953392779493118,33.51816927694313,111,18.670693679020115,5,"sin_year, cos_year, year_fraction, flux_lag12, flux_lag13",5.5647764974500085,0.2980487277611456
2019-06,ordinary least squares,1,2019-07,87.50459399457294,82.64673275728832,112,18.531567226264013,5,"sin_year, cos_year, year_fraction, flux_lag1, flux_lag12",-4.857861237284624,0.2621397951922696
2019-06,ridge,1,2019-07,87.50777765204711,82.64673275728832,112,18.531567226264013,5,"sin_year, cos_year, year_fraction, flux_lag1, flux_lag12",-4.861044894758791,0.26231159164290413
2019-06,random forest,1,2019-07,91.91890685213741,82.64673275728832,112,18.531567226264013,5,"sin_year, cos_year, year_fraction, flux_lag1, flux_lag12",-9.272174094849092,0.500344843025906
2019-06,gradient boosting,1,2019-07,97.83800978461878,82.64673275728832,112,18.531567226264013,5,"sin_year, cos_year, year_fraction, flux_lag1, flux_lag12",-15.191277027330457,0.8197513379116957
2019-06,ordinary least squares,3,2019-09,69.92217865946029,60.25148092532468,112,18.531567226264013,4,"sin_year, cos_year, year_fraction, flux_lag12",-9.670697734135608,0.5218499663876098
2019-06,ridge,3,2019-09,69.86996411678264,60.25148092532468,112,18.531567226264013,4,"sin_year, cos_year, year_fraction, flux_lag12",-9.618483191457962,0.5190323664490767
2019-06,random forest,3,2019-09,71.80818682492334,60.25148092532468,112,18.531567226264013,4,"sin_year, cos_year, year_fraction, flux_lag12",-11.556705899598661,0.6236226951825115
2019-06,gradient boosting,3,2019-09,72.48172851855013,60.25148092532468,112,18.531567226264013,4,"sin_year, cos_year, year_fraction, flux_lag12",-12.23024759322545,0.6599683364012534
2019-06,ordinary least squares,6,2019-12,15.253186771178402,16.705329993543785,112,18.531567226264013,4,"sin_year, cos_year, year_fraction, flux_lag12",1.4521432223653825,0.07836051881825304
2019-06,ridge,6,2019-12,15.62528683578748,16.705329993543785,112,18.531567226264013,4,"sin_year, cos_year, year_fraction, flux_lag12",1.0800431577563057,0.05828126377922348
2019-06,random forest,6,2019-12,16.373130577829947,16.705329993543785,112,18.531567226264013,4,"sin_year, cos_year, year_fraction, flux_lag12",0.3321994157138377,0.0179261371506143
2019-06,gradient boosting,6,2019-12,16.108866076408002,16.705329993543785,112,18.531567226264013,4,"sin_year, cos_year, year_fraction, flux_lag12",0.5964639171357824,0.03218637203498035
2019-06,ordinary least squares,12,2020-06,48.558580532809145,53.90333150915241,112,18.531567226264013,5,"sin_year, cos_year, year_fraction, flux_lag12, flux_lag13",5.3447509763432635,0.28841332797629615
2019-06,ridge,12,2020-06,48.53507492940099,53.90333150915241,112,18.531567226264013,5,"sin_year, cos_year, year_fraction, flux_lag12, flux_lag13",5.368256579751417,0.28968173680114934
2019-06,random forest,12,2020-06,42.16696749191947,53.90333150915241,112,18.531567226264013,5,"sin_year, cos_year, year_fraction, flux_lag12, flux_lag13",11.736364017232937,0.6333174023511342
2019-06,gradient boosting,12,2020-06,45.62217365464167,53.90333150915241,112,18.531567226264013,5,"sin_year, cos_year, year_fraction, flux_lag12, flux_lag13",8.281157854510738,0.44686764769545234
2019-07,ordinary least squares,1,2019-08,87.7415134026007,74.7848994470258,113,18.562941757249053,5,"sin_year, cos_year, year_fraction, flux_lag1, flux_lag12",-12.956613955574909,0.6979827941611245
2019-07,ridge,1,2019-08,87.73949484238678,74.7848994470258,113,18.562941757249053,5,"sin_year, cos_year, year_fraction, flux_lag1, flux_lag12",-12.954595395360982,0.697874052764404
2019-07,random forest,1,2019-08,84.7014265004303,74.7848994470258,113,18.562941757249053,5,"sin_year, cos_year, year_fraction, flux_lag1, flux_lag12",-9.916527053404508,0.5342109662942828
2019-07,gradient boosting,1,2019-08,88.84374655100139,74.7848994470258,113,18.562941757249053,5,"sin_year, cos_year, year_fraction, flux_lag1, flux_lag12",-14.058847103975594,0.7573609446081165
2019-07,ordinary least squares,3,2019-10,43.79289598159428,42.639917593372886,113,18.562941757249053,4,"sin_year, cos_year, year_fraction, flux_lag12",-1.152978388221392,0.06211183568310987
2019-07,ridge,3,2019-10,43.7721530581659,42.639917593372886,113,18.562941757249053,4,"sin_year, cos_year, year_fraction, flux_lag12",-1.1322354647930126,0.06099439838789889
2019-07,random forest,3,2019-10,42.8933578355628,42.639917593372886,113,18.562941757249053,4,"sin_year, cos_year, year_fraction, flux_lag12",-0.25344024218991734,0.013653021460940901
2019-07,gradient boosting,3,2019-10,42.66040793034774,42.639917593372886,113,18.562941757249053,4,"sin_year, cos_year, year_fraction, flux_lag12",-0.02049033697485214,0.0011038302680042842
2019-07,ordinary least squares,6,2020-01,13.273618283308599,11.279819926687372,113,18.562941757249053,4,"sin_year, cos_year, year_fraction, flux_lag12",-1.9937983566212267,0.1074074563554898
2019-07,ridge,6,2020-01,12.98337012202253,11.279819926687372,113,18.562941757249053,4,"sin_year, cos_year, year_fraction, flux_lag12",-1.7035501953351577,0.09177156388318143
2019-07,random forest,6,2020-01,11.747832470329305,11.279819926687372,113,18.562941757249053,4,"sin_year, cos_year, year_fraction, flux_lag12",-0.4680125436419331,0.025212196954675494
2019-07,gradient boosting,6,2020-01,13.297857272451035,11.279819926687372,113,18.562941757249053,4,"sin_year, cos_year, year_fraction, flux_lag12",-2.0180373457636627,0.10871322940910455
2019-07,ordinary least squares,12,2020-07,81.34575128294856,72.22878590801174,113,18.562941757249053,5,"sin_year, cos_year, year_fraction, flux_lag12, flux_lag13",-9.116965374936811,0.491137961545159
2019-07,ridge,12,2020-07,81.37899107272364,72.22878590801174,113,18.562941757249053,5,"sin_year, cos_year, year_fraction, flux_lag12, flux_lag13",-9.150205164711892,0.4929286146759915
2019-07,random forest,12,2020-07,82.28935644178763,72.22878590801174,113,18.562941757249053,5,"sin_year, cos_year, year_fraction, flux_lag12, flux_lag13",-10.060570533775888,0.5419706997597573
2019-07,gradient boosting,12,2020-07,84.6767001731683,72.22878590801174,113,18.562941757249053,5,"sin_year, cos_year, year_fraction, flux_lag12, flux_lag13",-12.447914265156555,0.67057874920582
2019-08,ordinary least squares,1,2019-09,60.70038356715939,60.25148092532468,114,18.475517026737652,5,"sin_year, cos_year, year_fraction, flux_lag1, flux_lag12",-0.44890264183471373,0.024297162627983003
2019-08,ridge,1,2019-09,60.70747200625678,60.25148092532468,114,18.475517026737652,5,"sin_year, cos_year, year_fraction, flux_lag1, flux_lag12",-0.45599108093210106,0.024680829244031095
2019-08,random forest,1,2019-09,59.97943099976005,60.25148092532468,114,18.475517026737652,5,"sin_year, cos_year, year_fraction, flux_lag1, flux_lag12",0.27204992556463026,0.014724888357436563
2019-08,gradient boosting,1,2019-09,59.83293733883614,60.25148092532468,114,18.475517026737652,5,"sin_year, cos_year, year_fraction, flux_lag1, flux_lag12",0.4185435864885392,0.022653957985740023
2019-08,ordinary least squares,3,2019-11,25.52454842300926,21.47391234510809,114,18.475517026737652,4,"sin_year, cos_year, year_fraction, flux_lag12",-4.050636077901171,0.21924344915701768
2019-08,ridge,3,2019-11,25.55777664201435,21.47391234510809,114,18.475517026737652,4,"sin_year, cos_year, year_fraction, flux_lag12",-4.08386429690626,0.22104194924537793
2019-08,random forest,3,2019-11,25.941004651738723,21.47391234510809,114,18.475517026737652,4,"sin_year, cos_year, year_fraction, flux_lag12",-4.467092306630633,0.24178442747587983
2019-08,gradient boosting,3,2019-11,25.16358216404912,21.47391234510809,114,18.475517026737652,4,"sin_year, cos_year, year_fraction, flux_lag12",-3.689669818941031,0.19970590341809455
2019-08,ordinary least squares,6,2020-02,12.035508834843386,10.515282795633206,114,18.475517026737652,4,"sin_year, cos_year, year_fraction, flux_lag12",-1.5202260392101792,0.08228327450918518
2019-08,ridge,6,2020-02,11.95347042690915,10.515282795633206,114,18.475517026737652,4,"sin_year, cos_year, year_fraction, flux_lag12",-1.4381876312759427,0.07784288954915884
2019-08,random forest,6,2020-02,10.750007955564298,10.515282795633206,114,18.475517026737652,4,"sin_year, cos_year, year_fraction, flux_lag12",-0.23472515993109155,0.012704659879958908
2019-08,gradient boosting,6,2020-02,12.010872602268284,10.515282795633206,114,18.475517026737652,4,"sin_year, cos_year, year_fraction, flux_lag12",-1.4955898066350777,0.08094982156497539
2019-08,ordinary least squares,12,2020-08,84.62479407968723,77.38043270178966,114,18.475517026737652,5,"sin_year, cos_year, year_fraction, flux_lag12, flux_lag13",-7.244361377897576,0.3921060161625562
2019-08,ridge,12,2020-08,84.67673062075382,77.38043270178966,114,18.475517026737652,5,"sin_year, cos_year, year_fraction, flux_lag12, flux_lag13",-7.296297918964157,0.3949171169827075
2019-08,random forest,12,2020-08,87.31947223319156,77.38043270178966,114,18.475517026737652,5,"sin_year, cos_year, year_fraction, flux_lag12, flux_lag13",-9.939039531401903,0.5379573149167186
2019-08,gradient boosting,12,2020-08,89.16030745443356,77.38043270178966,114,18.475517026737652,5,"sin_year, cos_year, year_fraction, flux_lag12, flux_lag13",-11.779874752643906,0.6375937807638155
2019-09,ordinary least squares,1,2019-10,36.65169468787115,42.639917593372886,115,18.301850790550844,5,"sin_year, cos_year, year_fraction, flux_lag1, flux_lag12",5.988222905501736,0.3271922044405163
2019-09,ridge,1,2019-10,36.64750900922327,42.639917593372886,115,18.301850790550844,5,"sin_year, cos_year, year_fraction, flux_lag1, flux_lag12",5.992408584149615,0.3274209069196142
2019-09,random forest,1,2019-10,40.479889069244514,42.639917593372886,115,18.301850790550844,5,"sin_year, cos_year, year_fraction, flux_lag1, flux_lag12",2.1600285241283714,0.11802240925511116
2019-09,gradient boosting,1,2019-10,35.51454931212116,42.639917593372886,115,18.301850790550844,5,"sin_year, cos_year, year_fraction, flux_lag1, flux_lag12",7.125368281251724,0.38932501214196963
2019-09,ordinary least squares,3,2019-12,16.39238968244577,16.705329993543785,115,18.301850790550844,4,"sin_year, cos_year, year_fraction, flux_lag12",0.31294031109801423,0.01709883413865355
2019-09,ridge,3,2019-12,16.483421350494226,16.705329993543785,115,18.301850790550844,4,"sin_year, cos_year, year_fraction, flux_lag12",0.22190864304955937,0.012124929089910934
2019-09,random forest,3,2019-12,16.15036006173903,16.705329993543785,115,18.301850790550844,4,"sin_year, cos_year, year_fraction, flux_lag12",0.5549699318047558,0.030323159015769274
2019-09,gradient boosting,3,2019-12,16.40902099607094,16.705329993543785,115,18.301850790550844,4,"sin_year, cos_year, year_fraction, flux_lag12",0.29630899747284545,0.016190111091159608
2019-09,ordinary least squares,6,2020-03,12.11128387200626,6.176867992983066,115,18.301850790550844,4,"sin_year, cos_year, year_fraction, flux_lag12",-5.934415879023193,0.3242522271073865
2019-09,ridge,6,2020-03,12.149851790858197,6.176867992983066,115,18.301850790550844,4,"sin_year, cos_year, year_fraction, flux_lag12",-5.972983797875131,0.3263595505302094
2019-09,random forest,6,2020-03,12.010562154838944,6.176867992983066,115,18.301850790550844,4,"sin_year, cos_year, year_fraction, flux_lag12",-5.8336941618558775,0.31874886472507935
2019-09,gradient boosting,6,2020-03,12.220668809697798,6.176867992983066,115,18.301850790550844,4,"sin_year, cos_year, year_fraction, flux_lag12",-6.043800816714732,0.3302289416453508
2019-09,ordinary least squares,12,2020-09,70.83169936643029,83.16468280787637,115,18.301850790550844,5,"sin_year, cos_year, year_fraction, flux_lag12, flux_lag13",12.332983441446089,0.6738653692780376
2019-09,ridge,12,2020-09,70.88529300848055,83.16468280787637,115,18.301850790550844,5,"sin_year, cos_year, year_fraction, flux_lag12, flux_lag13",12.27938979939583,0.670937051117017
2019-09,random forest,12,2020-09,66.05583537543278,83.16468280787637,115,18.301850790550844,5,"sin_year, cos_year, year_fraction, flux_lag12, flux_lag13",17.108847432443596,0.9348151522072735
2019-09,gradient boosting,12,2020-09,71.9255643675988,83.16468280787637,115,18.301850790550844,5,"sin_year, cos_year, year_fraction, flux_lag12, flux_lag13",11.23911844027758,0.6140973702004106
2019-10,ordinary least squares,1,2019-11,25.368921321486855,21.47391234510809,116,18.128239058253993,5,"sin_year, cos_year, year_fraction, flux_lag1, flux_lag12",-3.895008976378765,0.21485865030036239
2019-10,ridge,1,2019-11,25.369996187169193,21.47391234510809,116,18.128239058253993,5,"sin_year, cos_year, year_fraction, flux_lag1, flux_lag12",-3.8960838420611026,0.21491794263862443
2019-10,random forest,1,2019-11,22.234752375886217,21.47391234510809,116,18.128239058253993,5,"sin_year, cos_year, year_fraction, flux_lag1, flux_lag12",-0.7608400307781267,0.0419698807111498
2019-10,gradient boosting,1,2019-11,22.8310836818376,21.47391234510809,116,18.128239058253993,5,"sin_year, cos_year, year_fraction, flux_lag1, flux_lag12",-1.357171336729511,0.07486503969681355
2019-10,ordinary least squares,3,2020-01,13.240970018852488,11.279819926687372,116,18.128239058253993,4,"sin_year, cos_year, year_fraction, flux_lag12",-1.9611500921651164,0.1081820515419661
2019-10,ridge,3,2020-01,13.144692287791809,11.279819926687372,116,18.128239058253993,4,"sin_year, cos_year, year_fraction, flux_lag12",-1.864872361104437,0.10287112582263414
2019-10,random forest,3,2020-01,11.160395485793229,11.279819926687372,116,18.128239058253993,4,"sin_year, cos_year, year_fraction, flux_lag12",0.11942444089414295,0.006587757393885847
2019-10,gradient boosting,3,2020-01,12.524545875758227,11.279819926687372,116,18.128239058253993,4,"sin_year, cos_year, year_fraction, flux_lag12",-1.2447259490708547,0.06866226471699781
2019-10,ordinary least squares,6,2020-04,17.32097273952357,20.838584510761713,116,18.128239058253993,4,"sin_year, cos_year, year_fraction, flux_lag12",3.517611771238144,0.19404045588402233
2019-10,ridge,6,2020-04,17.40744524242512,20.838584510761713,116,18.128239058253993,4,"sin_year, cos_year, year_fraction, flux_lag12",3.4311392683365938,0.18927041161090366
2019-10,random forest,6,2020-04,17.966122908953583,20.838584510761713,116,18.128239058253993,4,"sin_year, cos_year, year_fraction, flux_lag12",2.87246160180813,0.15845232361387387
2019-10,gradient boosting,6,2020-04,19.72054335846314,20.838584510761713,116,18.128239058253993,4,"sin_year, cos_year, year_fraction, flux_lag12",1.1180411522985736,0.06167400753629828
2019-10,ordinary least squares,12,2020-10,45.79387557501783,44.3611068967849,116,18.128239058253993,5,"sin_year, cos_year, year_fraction, flux_lag12, flux_lag13",-1.4327686782329323,0.07903518227163804
2019-10,ridge,12,2020-10,45.812843065773244,44.3611068967849,116,18.128239058253993,5,"sin_year, cos_year, year_fraction, flux_lag12, flux_lag13",-1.4517361689883472,0.08008147754027743
2019-10,random forest,12,2020-10,43.09375070166827,44.3611068967849,116,18.128239058253993,5,"sin_year, cos_year, year_fraction, flux_lag12, flux_lag13",1.2673561951166263,0.06991060692900476
2019-10,gradient boosting,12,2020-10,45.437598374766225,44.3611068967849,116,18.128239058253993,5,"sin_year, cos_year, year_fraction, flux_lag12, flux_lag13",-1.0764914779813282,0.059382021305107925
2019-11,ordinary least squares,1,2019-12,13.756274601240614,16.705329993543785,117,17.965889280719693,5,"sin_year, cos_year, year_fraction, flux_lag1, flux_lag12",2.949055392303171,0.1641474767112132
2019-11,ridge,1,2019-12,13.809778527970018,16.705329993543785,117,17.965889280719693,5,"sin_year, cos_year, year_fraction, flux_lag1, flux_lag12",2.8955514655737673,0.16116939274924524
2019-11,random forest,1,2019-12,14.968185619107,16.705329993543785,117,17.965889280719693,5,"sin_year, cos_year, year_fraction, flux_lag1, flux_lag12",1.7371443744367845,0.09669125459328204
2019-11,gradient boosting,1,2019-12,13.308933744134581,16.705329993543785,117,17.965889280719693,5,"sin_year, cos_year, year_fraction, flux_lag1, flux_lag12",3.3963962494092037,0.1890469320132172
2019-11,ordinary least squares,3,2020-02,12.092679658659435,10.515282795633206,117,17.965889280719693,4,"sin_year, cos_year, year_fraction, flux_lag12",-1.5773968630262285,0.08779954269889832
2019-11,ridge,3,2020-02,12.05401082330204,10.515282795633206,117,17.965889280719693,4,"sin_year, cos_year, year_fraction, flux_lag12",-1.5387280276688333,0.08564719528357205
2019-11,random forest,3,2020-02,10.98727813675542,10.515282795633206,117,17.965889280719693,4,"sin_year, cos_year, year_fraction, flux_lag12",-0.47199534112221286,0.026271749410631193
2019-11,gradient boosting,3,2020-02,12.202580665680355,10.515282795633206,117,17.965889280719693,4,"sin_year, cos_year, year_fraction, flux_lag12",-1.6872978700471482,0.09391674654579397
2019-11,ordinary least squares,6,2020-05,27.308049277607616,33.51816927694313,117,17.965889280719693,4,"sin_year, cos_year, year_fraction, flux_lag12",6.210119999335511,0.3456617093816767
2019-11,ridge,6,2020-05,27.379277144606785,33.51816927694313,117,17.965889280719693,4,"sin_year, cos_year, year_fraction, flux_lag12",6.138892132336341,0.34169709255218256
2019-11,random forest,6,2020-05,27.973015938320298,33.51816927694313,117,17.965889280719693,4,"sin_year, cos_year, year_fraction, flux_lag12",5.545153338622828,0.3086489765120436
2019-11,gradient boosting,6,2020-05,25.614176206500147,33.51816927694313,117,17.965889280719693,4,"sin_year, cos_year, year_fraction, flux_lag12",7.903993070442979,0.439944438426727
2019-11,ordinary least squares,12,2020-11,25.10133248153462,25.364511503111405,117,17.965889280719693,6,"sin_year, cos_year, year_fraction, flux_lag12, flux_lag13, flux_lag14",0.26317902157678574,0.01464881684755897
2019-11,ridge,12,2020-11,25.041004359791742,25.364511503111405,117,17.965889280719693,6,"sin_year, cos_year, year_fraction, flux_lag12, flux_lag13, flux_lag14",0.323507143319663,0.018006742570034567
2019-11,random forest,12,2020-11,24.320188451453593,25.364511503111405,117,17.965889280719693,6,"sin_year, cos_year, year_fraction, flux_lag12, flux_lag13, flux_lag14",1.0443230516578126,0.05812810239115412
2019-11,gradient boosting,12,2020-11,28.348766473003188,25.364511503111405,117,17.965889280719693,6,"sin_year, cos_year, year_fraction, flux_lag12, flux_lag13, flux_lag14",-2.984254969891783,0.16610672164691404
2019-12,ordinary least squares,1,2020-01,13.731869140388199,11.279819926687372,118,17.806303436564868,5,"sin_year, cos_year, year_fraction, flux_lag1, flux_lag12",-2.4520492137008265,0.13770680829046164
2019-12,ridge,1,2020-01,13.67430407083609,11.279819926687372,118,17.806303436564868,5,"sin_year, cos_year, year_fraction, flux_lag1, flux_lag12",-2.394484144148718,0.13447396045333562
2019-12,random forest,1,2020-01,14.244896962765846,11.279819926687372,118,17.806303436564868,5,"sin_year, cos_year, year_fraction, flux_lag1, flux_lag12",-2.9650770360784744,0.16651839314328157
2019-12,gradient boosting,1,2020-01,14.205534309088922,11.279819926687372,118,17.806303436564868,5,"sin_year, cos_year, year_fraction, flux_lag1, flux_lag12",-2.9257143824015497,0.16430779093619494
2019-12,ordinary least squares,3,2020-03,12.139017227082002,6.176867992983066,118,17.806303436564868,4,"sin_year, cos_year, year_fraction, flux_lag12",-5.962149234098936,0.3348336309857434
2019-12,ridge,3,2020-03,12.149720757138608,6.176867992983066,118,17.806303436564868,4,"sin_year, cos_year, year_fraction, flux_lag12",-5.972852764155542,0.33543474003090473
2019-12,random forest,3,2020-03,12.909544838657396,6.176867992983066,118,17.806303436564868,4,"sin_year, cos_year, year_fraction, flux_lag12",-6.73267684567433,0.3781063750631656
2019-12,gradient boosting,3,2020-03,12.675811701784966,6.176867992983066,118,17.806303436564868,4,"sin_year, cos_year, year_fraction, flux_lag12",-6.4989437088018995,0.3649799483623567
2019-12,ordinary least squares,6,2020-06,48.82080349039044,53.90333150915241,118,17.806303436564868,4,"sin_year, cos_year, year_fraction, flux_lag12",5.08252801876197,0.2854342023805517
2019-12,ridge,6,2020-06,48.831200248356346,53.90333150915241,118,17.806303436564868,4,"sin_year, cos_year, year_fraction, flux_lag12",5.072131260796063,0.2848503216215303
2019-12,random forest,6,2020-06,42.87314063532527,53.90333150915241,118,17.806303436564868,4,"sin_year, cos_year, year_fraction, flux_lag12",11.030190873827138,0.6194542799476771
2019-12,gradient boosting,6,2020-06,48.15467280248029,53.90333150915241,118,17.806303436564868,4,"sin_year, cos_year, year_fraction, flux_lag12",5.748658706672117,0.3228440269566208
2019-12,ordinary least squares,12,2020-12,17.309110931950563,22.88940983508864,118,17.806303436564868,6,"sin_year, cos_year, year_fraction, flux_lag12, flux_lag13, flux_lag14",5.580298903138075,0.31338895930971555
2019-12,ridge,12,2020-12,17.141080814871408,22.88940983508864,118,17.806303436564868,6,"sin_year, cos_year, year_fraction, flux_lag12, flux_lag13, flux_lag14",5.748329020217231,0.32282551180236313
2019-12,random forest,12,2020-12,17.040798992897965,22.88940983508864,118,17.806303436564868,6,"sin_year, cos_year, year_fraction, flux_lag12, flux_lag13, flux_lag14",5.8486108421906735,0.32845732765514235
2019-12,gradient boosting,12,2020-12,15.580736649498617,22.88940983508864,118,17.806303436564868,6,"sin_year, cos_year, year_fraction, flux_lag12, flux_lag13, flux_lag14",7.308673185590022,0.4104542647847849
2020-01,ordinary least squares,1,2020-02,10.427794508282142,10.515282795633206,119,17.648956544367095,5,"sin_year, cos_year, year_fraction, flux_lag1, flux_lag12",0.08748828735106429,0.0049571365384197385
2020-01,ridge,1,2020-02,10.417206145851761,10.515282795633206,119,17.648956544367095,5,"sin_year, cos_year, year_fraction, flux_lag1, flux_lag12",0.09807664978144537,0.005557079226462704
2020-01,random forest,1,2020-02,10.576514783650595,10.515282795633206,119,17.648956544367095,5,"sin_year, cos_year, year_fraction, flux_lag1, flux_lag12",-0.06123198801738816,0.0034694395594130002
2020-01,gradient boosting,1,2020-02,7.899127631344182,10.515282795633206,119,17.648956544367095,5,"sin_year, cos_year, year_fraction, flux_lag1, flux_lag12",2.616155164289024,0.14823285205062198
2020-01,ordinary least squares,3,2020-04,17.104204071106736,20.838584510761713,119,17.648956544367095,4,"sin_year, cos_year, year_fraction, flux_lag12",3.734380439654977,0.21159213748797265
2020-01,ridge,3,2020-04,17.13688298505291,20.838584510761713,119,17.648956544367095,4,"sin_year, cos_year, year_fraction, flux_lag12",3.7017015257088026,0.20974053148146318
2020-01,random forest,3,2020-04,18.581582820914615,20.838584510761713,119,17.648956544367095,4,"sin_year, cos_year, year_fraction, flux_lag12",2.2570016898470975,0.1278830102036514
2020-01,gradient boosting,3,2020-04,19.810582493259638,20.838584510761713,119,17.648956544367095,4,"sin_year, cos_year, year_fraction, flux_lag12",1.0280020175020752,0.058247183901088816
2020-01,ordinary least squares,6,2020-07,87.03264921159509,72.22878590801174,119,17.648956544367095,4,"sin_year, cos_year, year_fraction, flux_lag12",-14.803863303583341,0.8387953852324599
2020-01,ridge,6,2020-07,86.97959127808011,72.22878590801174,119,17.648956544367095,4,"sin_year, cos_year, year_fraction, flux_lag12",-14.750805370068363,0.8357890922892143
2020-01,random forest,6,2020-07,84.1975636925198,72.22878590801174,119,17.648956544367095,4,"sin_year, cos_year, year_fraction, flux_lag12",-11.968777784508049,0.6781578137166442
2020-01,gradient boosting,6,2020-07,86.08481111241271,72.22878590801174,119,17.648956544367095,4,"sin_year, cos_year, year_fraction, flux_lag12",-13.856025204400964,0.7850903349197323
2020-01,ordinary least squares,12,2021-01,11.873418477988126,16.335370152243723,119,17.648956544367095,5,"sin_year, cos_year, year_fraction, flux_lag12, flux_lag13",4.461951674255596,0.25281674092396633
2020-01,ridge,12,2021-01,12.030273165643456,16.335370152243723,119,17.648956544367095,5,"sin_year, cos_year, year_fraction, flux_lag12, flux_lag13",4.305096986600267,0.24392926436063425
2020-01,random forest,12,2021-01,13.030485946617391,16.335370152243723,119,17.648956544367095,5,"sin_year, cos_year, year_fraction, flux_lag12, flux_lag13",3.3048842056263315,0.18725663453917507
2020-01,gradient boosting,12,2021-01,13.223056941555434,16.335370152243723,119,17.648956544367095,5,"sin_year, cos_year, year_fraction, flux_lag12, flux_lag13",3.1123132106882885,0.1763454515208507
2020-02,ordinary least squares,1,2020-03,11.237359185832961,6.176867992983066,120,17.508012527918268,5,"sin_year, cos_year, year_fraction, flux_lag1, flux_lag12",-5.060491192849895,0.28903858646322295
2020-02,ridge,1,2020-03,11.23794157257509,6.176867992983066,120,17.508012527918268,5,"sin_year, cos_year, year_fraction, flux_lag1, flux_lag12",-5.0610735795920245,0.28907185047541173
2020-02,random forest,1,2020-03,10.994631996441633,6.176867992983066,120,17.508012527918268,5,"sin_year, cos_year, year_fraction, flux_lag1, flux_lag12",-4.817764003458567,0.27517480900679975
2020-02,gradient boosting,1,2020-03,12.384034350644708,6.176867992983066,120,17.508012527918268,5,"sin_year, cos_year, year_fraction, flux_lag1, flux_lag12",-6.207166357661642,0.3545328944541076
2020-02,ordinary least squares,3,2020-05,26.171170689954224,33.51816927694313,120,17.508012527918268,4,"sin_year, cos_year, year_fraction, flux_lag12",7.346998586988903,0.4196363565123901
2020-02,ridge,3,2020-05,26.200872881114762,33.51816927694313,120,17.508012527918268,4,"sin_year, cos_year, year_fraction, flux_lag12",7.3172963958283646,0.41793986519944554
2020-02,random forest,3,2020-05,29.732572296960427,33.51816927694313,120,17.508012527918268,4,"sin_year, cos_year, year_fraction, flux_lag12",3.7855969799826994,0.21622082883172425
2020-02,gradient boosting,3,2020-05,26.094863253185466,33.51816927694313,120,17.508012527918268,4,"sin_year, cos_year, year_fraction, flux_lag12",7.423306023757661,0.42399478592561324
2020-02,ordinary least squares,6,2020-08,88.51079908025841,77.38043270178966,120,17.508012527918268,4,"sin_year, cos_year, year_fraction, flux_lag12",-11.13036637846875,0.6357298614403133
2020-02,ridge,6,2020-08,88.42129958936026,77.38043270178966,120,17.508012527918268,4,"sin_year, cos_year, year_fraction, flux_lag12",-11.040866887570601,0.6306179453530114
2020-02,random forest,6,2020-08,89.57492698922707,77.38043270178966,120,17.508012527918268,4,"sin_year, cos_year, year_fraction, flux_lag12",-12.194494287437408,0.6965093421079105
2020-02,gradient boosting,6,2020-08,88.89309177082285,77.38043270178966,120,17.508012527918268,4,"sin_year, cos_year, year_fraction, flux_lag12",-11.512659069033191,0.6575651605614921
2020-02,ordinary least squares,12,2021-02,11.677094413215386,12.194924651216166,120,17.508012527918268,6,"sin_year, cos_year, year_fraction, flux_lag12, flux_lag13, flux_lag14",0.51783023800078,0.029576757337536064
2020-02,ridge,12,2021-02,11.750020439051942,12.194924651216166,120,17.508012527918268,6,"sin_year, cos_year, year_fraction, flux_lag12, flux_lag13, flux_lag14",0.44490421216422327,0.02541146297758122
2020-02,random forest,12,2021-02,12.115799724153302,12.194924651216166,120,17.508012527918268,6,"sin_year, cos_year, year_fraction, flux_lag12, flux_lag13, flux_lag14",0.079124927062864,0.004519355177333317
2020-02,gradient boosting,12,2021-02,12.281808590153558,12.194924651216166,120,17.508012527918268,6,"sin_year, cos_year, year_fraction, flux_lag12, flux_lag13, flux_lag14",-0.0868839389373921,0.004962524375559305
2020-03,ordinary least squares,1,2020-04,13.63706164992883,20.838584510761713,121,17.392940096516476,5,"sin_year, cos_year, year_fraction, flux_lag1, flux_lag12",7.201522860832883,0.41404862092724803
2020-03,ridge,1,2020-04,13.651154923306516,20.838584510761713,121,17.392940096516476,5,"sin_year, cos_year, year_fraction, flux_lag1, flux_lag12",7.187429587455197,0.41323833392002096
2020-03,random forest,1,2020-04,11.827834854090444,20.838584510761713,121,17.392940096516476,5,"sin_year, cos_year, year_fraction, flux_lag1, flux_lag12",9.010749656671269,0.5180693779584727
2020-03,gradient boosting,1,2020-04,8.259659641049309,20.838584510761713,121,17.392940096516476,5,"sin_year, cos_year, year_fraction, flux_lag1, flux_lag12",12.578924869712404,0.7232201571390313
2020-03,ordinary least squares,3,2020-06,46.74222622359846,53.90333150915241,121,17.392940096516476,4,"sin_year, cos_year, year_fraction, flux_lag12",7.161105285553951,0.4117248289142446
2020-03,ridge,3,2020-06,46.75479485087762,53.90333150915241,121,17.392940096516476,4,"sin_year, cos_year, year_fraction, flux_lag12",7.148536658274786,0.4110022008128759
2020-03,random forest,3,2020-06,37.47591032423685,53.90333150915241,121,17.392940096516476,4,"sin_year, cos_year, year_fraction, flux_lag12",16.42742118491556,0.9444878838055508
2020-03,gradient boosting,3,2020-06,45.199251547326206,53.90333150915241,121,17.392940096516476,4,"sin_year, cos_year, year_fraction, flux_lag12",8.704079961826203,0.5004375288781389
2020-03,ordinary least squares,6,2020-09,69.55658684610844,83.16468280787637,121,17.392940096516476,4,"sin_year, cos_year, year_fraction, flux_lag12",13.60809596176793,0.7823919294986482
2020-03,ridge,6,2020-09,69.46903803819092,83.16468280787637,121,17.392940096516476,4,"sin_year, cos_year, year_fraction, flux_lag12",13.695644769685458,0.7874255125174883
2020-03,random forest,6,2020-09,69.28829223616938,83.16468280787637,121,17.392940096516476,4,"sin_year, cos_year, year_fraction, flux_lag12",13.876390571706992,0.7978174187172764
2020-03,gradient boosting,6,2020-09,70.42724065145582,83.16468280787637,121,17.392940096516476,4,"sin_year, cos_year, year_fraction, flux_lag12",12.737442156420556,0.7323340439131196
2020-03,ordinary least squares,12,2021-03,11.313326454316622,12.39642748230646,121,17.392940096516476,6,"sin_year, cos_year, year_fraction, flux_lag12, flux_lag13, flux_lag14",1.083101027989839,0.062272452039708145
2020-03,ridge,12,2021-03,11.287441206358713,12.39642748230646,121,17.392940096516476,6,"sin_year, cos_year, year_fraction, flux_lag12, flux_lag13, flux_lag14",1.108986275947748,0.06376071381800825
2020-03,random forest,12,2021-03,17.709728742003136,12.39642748230646,121,17.392940096516476,6,"sin_year, cos_year, year_fraction, flux_lag12, flux_lag13, flux_lag14",-5.313301259696676,0.3054860897704606
2020-03,gradient boosting,12,2021-03,10.513588944190078,12.39642748230646,121,17.392940096516476,6,"sin_year, cos_year, year_fraction, flux_lag12, flux_lag13, flux_lag14",1.882838538116383,0.10825303414305928
2020-04,ordinary least squares,1,2020-05,27.6394816049136,33.51816927694313,122,17.305951645501427,5,"sin_year, cos_year, year_fraction, flux_lag1, flux_lag12",5.878687672029528,0.3396916732722789
2020-04,ridge,1,2020-05,27.646891767076433,33.51816927694313,122,17.305951645501427,5,"sin_year, cos_year, year_fraction, flux_lag1, flux_lag12",5.871277509866694,0.33926348750621266
2020-04,random forest,1,2020-05,32.05468496113147,33.51816927694313,122,17.305951645501427,5,"sin_year, cos_year, year_fraction, flux_lag1, flux_lag12",1.4634843158116553,0.0845653764548729
2020-04,gradient boosting,1,2020-05,34.480134813796326,33.51816927694313,122,17.305951645501427,5,"sin_year, cos_year, year_fraction, flux_lag1, flux_lag12",-0.9619655368531994,0.05558582137280248
2020-04,ordinary least squares,3,2020-07,85.34576709695361,72.22878590801174,122,17.305951645501427,4,"sin_year, cos_year, year_fraction, flux_lag12",-13.116981188941864,0.7579462521121478
2020-04,ridge,3,2020-07,85.33577663521702,72.22878590801174,122,17.305951645501427,4,"sin_year, cos_year, year_fraction, flux_lag12",-13.106990727205272,0.7573689673755879
2020-04,random forest,3,2020-07,84.1835595528677,72.22878590801174,122,17.305951645501427,4,"sin_year, cos_year, year_fraction, flux_lag12",-11.954773644855962,0.690789728859755
2020-04,gradient boosting,3,2020-07,83.38864943198355,72.22878590801174,122,17.305951645501427,4,"sin_year, cos_year, year_fraction, flux_lag12",-11.159863523971808,0.6448569690111635
2020-04,ordinary least squares,6,2020-10,44.22271769820746,44.3611068967849,122,17.305951645501427,4,"sin_year, cos_year, year_fraction, flux_lag12",0.13838919857743548,0.007996624595528029
2020-04,ridge,6,2020-10,44.19720853896985,44.3611068967849,122,17.305951645501427,4,"sin_year, cos_year, year_fraction, flux_lag12",0.16389835781504303,0.009470635372868812
2020-04,random forest,6,2020-10,42.56633394882444,44.3611068967849,122,17.305951645501427,4,"sin_year, cos_year, year_fraction, flux_lag12",1.7947729479604533,0.10370842267012766
2020-04,gradient boosting,6,2020-10,43.53027696229083,44.3611068967849,122,17.305951645501427,4,"sin_year, cos_year, year_fraction, flux_lag12",0.8308299344940693,0.04800833560112473
2020-04,ordinary least squares,12,2021-04,20.994321333036424,22.00182242064943,122,17.305951645501427,6,"sin_year, cos_year, year_fraction, flux_lag12, flux_lag13, flux_lag14",1.0075010876130044,0.058217028930327444
2020-04,ridge,12,2021-04,20.916176608034835,22.00182242064943,122,17.305951645501427,6,"sin_year, cos_year, year_fraction, flux_lag12, flux_lag13, flux_lag14",1.0856458126145938,0.06273251161526275
2020-04,random forest,12,2021-04,20.595040746208745,22.00182242064943,122,17.305951645501427,6,"sin_year, cos_year, year_fraction, flux_lag12, flux_lag13, flux_lag14",1.4067816744406834,0.08128889432129942
2020-04,gradient boosting,12,2021-04,21.189845915041413,22.00182242064943,122,17.305951645501427,6,"sin_year, cos_year, year_fraction, flux_lag12, flux_lag13, flux_lag14",0.8119765056080155,0.04691891681201384
2020-05,ordinary least squares,1,2020-06,49.296558450999825,53.90333150915241,123,17.20705042349422,5,"sin_year, cos_year, year_fraction, flux_lag1, flux_lag12",4.606773058152584,0.2677258998359517
2020-05,ridge,1,2020-06,49.30363759336993,53.90333150915241,123,17.20705042349422,5,"sin_year, cos_year, year_fraction, flux_lag1, flux_lag12",4.599693915782481,0.2673144904313255
2020-05,random forest,1,2020-06,55.50742272174617,53.90333150915241,123,17.20705042349422,5,"sin_year, cos_year, year_fraction, flux_lag1, flux_lag12",-1.604091212593758,0.09322290416511819
2020-05,gradient boosting,1,2020-06,55.805932569928174,53.90333150915241,123,17.20705042349422,5,"sin_year, cos_year, year_fraction, flux_lag1, flux_lag12",-1.9026010607757655,0.11057101676054751
2020-05,ordinary least squares,3,2020-08,87.56722472163217,77.38043270178966,123,17.20705042349422,4,"sin_year, cos_year, year_fraction, flux_lag12",-10.186792019842514,0.5920126790547227
2020-05,ridge,3,2020-08,87.54290592753914,77.38043270178966,123,17.20705042349422,4,"sin_year, cos_year, year_fraction, flux_lag12",-10.16247322574948,0.5905993750023425
2020-05,random forest,3,2020-08,92.14362704409506,77.38043270178966,123,17.20705042349422,4,"sin_year, cos_year, year_fraction, flux_lag12",-14.763194342305397,0.8579735619387724
2020-05,gradient boosting,3,2020-08,88.77995525966466,77.38043270178966,123,17.20705042349422,4,"sin_year, cos_year, year_fraction, flux_lag12",-11.399522557875002,0.6624913786682629
2020-05,ordinary least squares,6,2020-11,24.63835771923745,25.364511503111405,123,17.20705042349422,4,"sin_year, cos_year, year_fraction, flux_lag12",0.7261537838739542,0.04220094472917194
2020-05,ridge,6,2020-11,24.730946532588533,25.364511503111405,123,17.20705042349422,4,"sin_year, cos_year, year_fraction, flux_lag12",0.6335649705228725,0.03682007984691051
2020-05,random forest,6,2020-11,24.813158676677222,25.364511503111405,123,17.20705042349422,4,"sin_year, cos_year, year_fraction, flux_lag12",0.5513528264341829,0.03204226249499304
2020-05,gradient boosting,6,2020-11,25.503059928474627,25.364511503111405,123,17.20705042349422,4,"sin_year, cos_year, year_fraction, flux_lag12",-0.1385484253632221,0.008051840492897632
2020-05,ordinary least squares,12,2021-05,28.317119240124086,26.932322185963937,123,17.20705042349422,5,"sin_year, cos_year, year_fraction, flux_lag12, flux_lag13",-1.384797054160149,0.08047846784184291
2020-05,ridge,12,2021-05,28.259689809906085,26.932322185963937,123,17.20705042349422,5,"sin_year, cos_year, year_fraction, flux_lag12, flux_lag13",-1.3273676239421484,0.07714091557085127
2020-05,random forest,12,2021-05,23.67979063535315,26.932322185963937,123,17.20705042349422,5,"sin_year, cos_year, year_fraction, flux_lag12, flux_lag13",3.2525315506107866,0.18902318936485676
2020-05,gradient boosting,12,2021-05,27.4773288095579,26.932322185963937,123,17.20705042349422,5,"sin_year, cos_year, year_fraction, flux_lag12, flux_lag13",-0.545006623593963,0.03167344839356198
2020-06,ordinary least squares,1,2020-07,90.34115551581861,72.22878590801174,124,17.0546461336113,5,"sin_year, cos_year, year_fraction, flux_lag1, flux_lag12",-18.11236960780687,1.0620196670109154
2020-06,ridge,1,2020-07,90.34470842666865,72.22878590801174,124,17.0546461336113,5,"sin_year, cos_year, year_fraction, flux_lag1, flux_lag12",-18.1159225186569,1.0622279921102578
2020-06,random forest,1,2020-07,92.41203717386665,72.22878590801174,124,17.0546461336113,5,"sin_year, cos_year, year_fraction, flux_lag1, flux_lag12",-20.183251265854906,1.1834459130804098
2020-06,gradient boosting,1,2020-07,96.6244517214686,72.22878590801174,124,17.0546461336113,5,"sin_year, cos_year, year_fraction, flux_lag1, flux_lag12",-24.39566581345686,1.4304410435920962
2020-06,ordinary least squares,3,2020-09,68.6616255455631,83.16468280787637,124,17.0546461336113,4,"sin_year, cos_year, year_fraction, flux_lag12",14.503057262313277,0.8503874632573378
2020-06,ridge,3,2020-09,68.63486958942845,83.16468280787637,124,17.0546461336113,4,"sin_year, cos_year, year_fraction, flux_lag12",14.529813218447927,0.851956300037945
2020-06,random forest,3,2020-09,65.03857113679584,83.16468280787637,124,17.0546461336113,4,"sin_year, cos_year, year_fraction, flux_lag12",18.126111671080537,1.0628254335548828
2020-06,gradient boosting,3,2020-09,69.46425931737473,83.16468280787637,124,17.0546461336113,4,"sin_year, cos_year, year_fraction, flux_lag12",13.700423490501649,0.8033249932697725
2020-06,ordinary least squares,6,2020-12,15.633808807724492,22.88940983508864,124,17.0546461336113,4,"sin_year, cos_year, year_fraction, flux_lag12",7.255601027364147,0.4254325167770445
2020-06,ridge,6,2020-12,15.87701490800135,22.88940983508864,124,17.0546461336113,4,"sin_year, cos_year, year_fraction, flux_lag12",7.012394927087289,0.4111721153373719
2020-06,random forest,6,2020-12,17.351052654757183,22.88940983508864,124,17.0546461336113,4,"sin_year, cos_year, year_fraction, flux_lag12",5.538357180331456,0.32474184084162616
2020-06,gradient boosting,6,2020-12,17.14161527987961,22.88940983508864,124,17.0546461336113,4,"sin_year, cos_year, year_fraction, flux_lag12",5.74779455520903,0.3370222114360541
2020-06,ordinary least squares,12,2021-06,46.83191891961895,45.84972555421262,124,17.0546461336113,6,"sin_year, cos_year, year_fraction, flux_lag12, flux_lag13, flux_lag14",-0.9821933654063315,0.057590955432996326
2020-06,ridge,12,2021-06,46.80316328361001,45.84972555421262,124,17.0546461336113,6,"sin_year, cos_year, year_fraction, flux_lag12, flux_lag13, flux_lag14",-0.9534377293973932,0.055904867326350326
2020-06,random forest,12,2021-06,42.72625380397579,45.84972555421262,124,17.0546461336113,6,"sin_year, cos_year, year_fraction, flux_lag12, flux_lag13, flux_lag14",3.123471750236831,0.18314491697843513
2020-06,gradient boosting,12,2021-06,43.35702465579981,45.84972555421262,124,17.0546461336113,6,"sin_year, cos_year, year_fraction, flux_lag12, flux_lag13, flux_lag14",2.4927008984128065,0.14615963760750164
2020-07,ordinary least squares,1,2020-08,80.69569803331467,77.38043270178966,125,16.99591428153754,5,"sin_year, cos_year, year_fraction, flux_lag1, flux_lag12",-3.315265331525012,0.19506248834911724
2020-07,ridge,1,2020-08,80.71042137405745,77.38043270178966,125,16.99591428153754,5,"sin_year, cos_year, year_fraction, flux_lag1, flux_lag12",-3.3299886722677883,0.19592877541663736
2020-07,random forest,1,2020-08,75.06661139114227,77.38043270178966,125,16.99591428153754,5,"sin_year, cos_year, year_fraction, flux_lag1, flux_lag12",2.313821310647384,0.1361398552804459
2020-07,gradient boosting,1,2020-08,79.78006877428183,77.38043270178966,125,16.99591428153754,5,"sin_year, cos_year, year_fraction, flux_lag1, flux_lag12",-2.3996360724921715,0.14118899593997528
2020-07,ordinary least squares,3,2020-10,43.473430241452995,44.3611068967849,125,16.99591428153754,4,"sin_year, cos_year, year_fraction, flux_lag12",0.8876766553319015,0.052228826330112416
2020-07,ridge,3,2020-10,43.4628849258733,44.3611068967849,125,16.99591428153754,4,"sin_year, cos_year, year_fraction, flux_lag12",0.8982219709115995,0.05284928813081432
2020-07,random forest,3,2020-10,42.612232674133296,44.3611068967849,125,16.99591428153754,4,"sin_year, cos_year, year_fraction, flux_lag12",1.748874222651601,0.10289968481138918
2020-07,gradient boosting,3,2020-10,42.63904986123589,44.3611068967849,125,16.99591428153754,4,"sin_year, cos_year, year_fraction, flux_lag12",1.7220570355490068,0.1013218239997631
2020-07,ordinary least squares,6,2021-01,13.009534330960825,16.335370152243723,125,16.99591428153754,4,"sin_year, cos_year, year_fraction, flux_lag12",3.3258358212828973,0.195684431339814
2020-07,ridge,6,2021-01,12.822379975853394,16.335370152243723,125,16.99591428153754,4,"sin_year, cos_year, year_fraction, flux_lag12",3.5129901763903284,0.20669615757043724
2020-07,random forest,6,2021-01,12.720024066213128,16.335370152243723,125,16.99591428153754,4,"sin_year, cos_year, year_fraction, flux_lag12",3.615346086030595,0.2127185408294217
2020-07,gradient boosting,6,2021-01,13.111404469304457,16.335370152243723,125,16.99591428153754,4,"sin_year, cos_year, year_fraction, flux_lag12",3.2239656829392658,0.1896906297321952
2020-07,ordinary least squares,12,2021-07,77.64924545965911,39.735032057104355,125,16.99591428153754,6,"sin_year, cos_year, year_fraction, flux_lag12, flux_lag13, flux_lag14",-37.91421340255476,2.230783985757125
2020-07,ridge,12,2021-07,77.67927659751406,39.735032057104355,125,16.99591428153754,6,"sin_year, cos_year, year_fraction, flux_lag12, flux_lag13, flux_lag14",-37.944244540409706,2.2325509479433
2020-07,random forest,12,2021-07,76.24864784653471,39.735032057104355,125,16.99591428153754,6,"sin_year, cos_year, year_fraction, flux_lag12, flux_lag13, flux_lag14",-36.513615789430354,2.148376085250951
2020-07,gradient boosting,12,2021-07,79.6034985327879,39.735032057104355,125,16.99591428153754,6,"sin_year, cos_year, year_fraction, flux_lag12, flux_lag13, flux_lag14",-39.86846647568354,2.345767683648074
2020-08,ordinary least squares,1,2020-09,62.44082805110814,83.16468280787637,126,16.86959514972374,5,"sin_year, cos_year, year_fraction, flux_lag1, flux_lag12",20.723854756768233,1.2284737465740316
2020-08,ridge,1,2020-09,62.45059326559262,83.16468280787637,126,16.86959514972374,5,"sin_year, cos_year, year_fraction, flux_lag1, flux_lag12",20.71408954228375,1.2278948817940643
2020-08,random forest,1,2020-09,60.495576718021,83.16468280787637,126,16.86959514972374,5,"sin_year, cos_year, year_fraction, flux_lag1, flux_lag12",22.669106089855376,1.343784832336454
2020-08,gradient boosting,1,2020-09,61.098180793669414,83.16468280787637,126,16.86959514972374,5,"sin_year, cos_year, year_fraction, flux_lag1, flux_lag12",22.06650201420696,1.3080635200998483
2020-08,ordinary least squares,3,2020-11,24.896324123455503,25.364511503111405,126,16.86959514972374,4,"sin_year, cos_year, year_fraction, flux_lag12",0.46818737965590174,0.027753326354341638
2020-08,ridge,3,2020-11,24.91269152602398,25.364511503111405,126,16.86959514972374,4,"sin_year, cos_year, year_fraction, flux_lag12",0.4518199770874247,0.026783095449378572
2020-08,random forest,3,2020-11,24.27994486824788,25.364511503111405,126,16.86959514972374,4,"sin_year, cos_year, year_fraction, flux_lag12",1.0845666348635241,0.06429120706440221
2020-08,gradient boosting,3,2020-11,24.13429118920186,25.364511503111405,126,16.86959514972374,4,"sin_year, cos_year, year_fraction, flux_lag12",1.2302203139095447,0.07292530158494592
2020-08,ordinary least squares,6,2021-02,11.586506879759812,12.194924651216166,126,16.86959514972374,4,"sin_year, cos_year, year_fraction, flux_lag12",0.6084177714563541,0.03606593792301635
2020-08,ridge,6,2021-02,11.53297964243142,12.194924651216166,126,16.86959514972374,4,"sin_year, cos_year, year_fraction, flux_lag12",0.6619450087847465,0.03923893862951339
2020-08,random forest,6,2021-02,11.493478885154481,12.194924651216166,126,16.86959514972374,4,"sin_year, cos_year, year_fraction, flux_lag12",0.7014457660616849,0.04158047421032341
2020-08,gradient boosting,6,2021-02,11.31733508366481,12.194924651216166,126,16.86959514972374,4,"sin_year, cos_year, year_fraction, flux_lag12",0.8775895675513556,0.0520219696893987
2020-08,ordinary least squares,12,2021-08,85.48830609750895,33.80709709333861,126,16.86959514972374,6,"sin_year, cos_year, year_fraction, flux_lag12, flux_lag13, flux_lag14",-51.68120900417034,3.0635713865970686
2020-08,ridge,12,2021-08,85.55128484949776,33.80709709333861,126,16.86959514972374,6,"sin_year, cos_year, year_fraction, flux_lag12, flux_lag13, flux_lag14",-51.74418775615915,3.0673046565084
2020-08,random forest,12,2021-08,79.54894828426784,33.80709709333861,126,16.86959514972374,6,"sin_year, cos_year, year_fraction, flux_lag12, flux_lag13, flux_lag14",-45.741851190929225,2.711496677006994
2020-08,gradient boosting,12,2021-08,86.74749080558993,33.80709709333861,126,16.86959514972374,6,"sin_year, cos_year, year_fraction, flux_lag12, flux_lag13, flux_lag14",-52.94039371225132,3.1382136466457102
2020-09,ordinary least squares,1,2020-10,52.68697512639264,44.3611068967849,127,16.92214825174833,5,"sin_year, cos_year, year_fraction, flux_lag1, flux_lag12",-8.325868229607742,0.49201012222236895
2020-09,ridge,1,2020-10,52.67906779834213,44.3611068967849,127,16.92214825174833,5,"sin_year, cos_year, year_fraction, flux_lag1, flux_lag12",-8.317960901557235,0.4915428453770848
2020-09,random forest,1,2020-10,40.26096644483421,44.3611068967849,127,16.92214825174833,5,"sin_year, cos_year, year_fraction, flux_lag1, flux_lag12",4.100140451950686,0.24229432285744668
2020-09,gradient boosting,1,2020-10,52.86859748542066,44.3611068967849,127,16.92214825174833,5,"sin_year, cos_year, year_fraction, flux_lag1, flux_lag12",-8.507490588635761,0.5027429415031157
2020-09,ordinary least squares,3,2020-12,16.495866701111655,22.88940983508864,127,16.92214825174833,4,"sin_year, cos_year, year_fraction, flux_lag12",6.3935431339769835,0.37782100941684094
2020-09,ridge,3,2020-12,16.558296535325624,22.88940983508864,127,16.92214825174833,4,"sin_year, cos_year, year_fraction, flux_lag12",6.331113299763015,0.37413177130799036
2020-09,random forest,3,2020-12,17.642618318056538,22.88940983508864,127,16.92214825174833,4,"sin_year, cos_year, year_fraction, flux_lag12",5.246791517032101,0.3100546951235948
2020-09,gradient boosting,3,2020-12,15.952569388553567,22.88940983508864,127,16.92214825174833,4,"sin_year, cos_year, year_fraction, flux_lag12",6.936840446535072,0.40992670335566794
2020-09,ordinary least squares,6,2021-03,10.938584591533147,12.39642748230646,127,16.92214825174833,4,"sin_year, cos_year, year_fraction, flux_lag12",1.457842890773314,0.08614998929717423
2020-09,ridge,6,2021-03,10.971078309130863,12.39642748230646,127,16.92214825174833,4,"sin_year, cos_year, year_fraction, flux_lag12",1.4253491731755972,0.08422980061224412
2020-09,random forest,6,2021-03,16.111710343799746,12.39642748230646,127,16.92214825174833,4,"sin_year, cos_year, year_fraction, flux_lag12",-3.715282861493286,0.21955148993033066
2020-09,gradient boosting,6,2021-03,14.845219094358523,12.39642748230646,127,16.92214825174833,4,"sin_year, cos_year, year_fraction, flux_lag12",-2.4487916120520623,0.1447092636006816
2020-09,ordinary least squares,12,2021-09,77.42854065800898,32.655076069205336,127,16.92214825174833,6,"sin_year, cos_year, year_fraction, flux_lag12, flux_lag13, flux_lag14",-44.77346458880365,2.6458499194496676
2020-09,ridge,12,2021-09,77.4842768877569,32.655076069205336,127,16.92214825174833,6,"sin_year, cos_year, year_fraction, flux_lag12, flux_lag13, flux_lag14",-44.82920081855157,2.6491436046791517
2020-09,random forest,12,2021-09,64.11679921688076,32.655076069205336,127,16.92214825174833,6,"sin_year, cos_year, year_fraction, flux_lag12, flux_lag13, flux_lag14",-31.46172314767543,1.8592038480944597
2020-09,gradient boosting,12,2021-09,74.97888095788032,32.655076069205336,127,16.92214825174833,6,"sin_year, cos_year, year_fraction, flux_lag12, flux_lag13, flux_lag14",-42.323804888674985,2.501089356920287
2020-10,ordinary least squares,1,2020-11,26.208059266784485,25.364511503111405,128,16.791105502193705,5,"sin_year, cos_year, year_fraction, flux_lag1, flux_lag12",-0.8435477636730795,0.05023777401451457
2020-10,ridge,1,2020-11,26.199404698989476,25.364511503111405,128,16.791105502193705,5,"sin_year, cos_year, year_fraction, flux_lag1, flux_lag12",-0.8348931958780703,0.04972234828546543
2020-10,random forest,1,2020-11,27.192469603997406,25.364511503111405,128,16.791105502193705,5,"sin_year, cos_year, year_fraction, flux_lag1, flux_lag12",-1.8279581008860006,0.10886466651330275
2020-10,gradient boosting,1,2020-11,23.73185498963641,25.364511503111405,128,16.791105502193705,5,"sin_year, cos_year, year_fraction, flux_lag1, flux_lag12",1.6326565134749949,0.09723341403945639
2020-10,ordinary least squares,3,2021-01,13.017817719860211,16.335370152243723,128,16.791105502193705,4,"sin_year, cos_year, year_fraction, flux_lag12",3.3175524323835113,0.1975779636397427
2020-10,ridge,3,2021-01,12.952331313491788,16.335370152243723,128,16.791105502193705,4,"sin_year, cos_year, year_fraction, flux_lag12",3.3830388387519346,0.20147802884747232
2020-10,random forest,3,2021-01,12.463214289979252,16.335370152243723,128,16.791105502193705,4,"sin_year, cos_year, year_fraction, flux_lag12",3.8721558622644707,0.2306075595653059
2020-10,gradient boosting,3,2021-01,12.854381914143316,16.335370152243723,128,16.791105502193705,4,"sin_year, cos_year, year_fraction, flux_lag12",3.480988238100407,0.20731143864503898
2020-10,ordinary least squares,6,2021-04,18.572721710297657,22.00182242064943,128,16.791105502193705,4,"sin_year, cos_year, year_fraction, flux_lag12",3.429100710351772,0.20422125927943047
2020-10,ridge,6,2021-04,18.637085373339055,22.00182242064943,128,16.791105502193705,4,"sin_year, cos_year, year_fraction, flux_lag12",3.364737047310374,0.20038805943246452
2020-10,random forest,6,2021-04,15.252209810478064,22.00182242064943,128,16.791105502193705,4,"sin_year, cos_year, year_fraction, flux_lag12",6.749612610171365,0.4019754750090486
2020-10,gradient boosting,6,2021-04,19.979819802851416,22.00182242064943,128,16.791105502193705,4,"sin_year, cos_year, year_fraction, flux_lag12",2.0220026177980124,0.12042105372596486
2020-10,ordinary least squares,12,2021-10,40.78402025173045,30.3344767857252,128,16.791105502193705,6,"sin_year, cos_year, year_fraction, flux_lag12, flux_lag13, flux_lag14",-10.449543466005252,0.6223261157307393
2020-10,ridge,12,2021-10,40.811968685486484,30.3344767857252,128,16.791105502193705,6,"sin_year, cos_year, year_fraction, flux_lag12, flux_lag13, flux_lag14",-10.477491899761283,0.6239905942102759
2020-10,random forest,12,2021-10,38.8245843062193,30.3344767857252,128,16.791105502193705,6,"sin_year, cos_year, year_fraction, flux_lag12, flux_lag13, flux_lag14",-8.4901075204941,0.5056312414560729
2020-10,gradient boosting,12,2021-10,47.21627372633591,30.3344767857252,128,16.791105502193705,6,"sin_year, cos_year, year_fraction, flux_lag12, flux_lag13, flux_lag14",-16.881796940610712,1.0054011594653585
2020-11,ordinary least squares,1,2020-12,16.672876707460283,22.88940983508864,129,16.680844764209173,5,"sin_year, cos_year, year_fraction, flux_lag1, flux_lag12",6.216533127628356,0.37267495834303915
2020-11,ridge,1,2020-12,16.66100487308088,22.88940983508864,129,16.680844764209173,5,"sin_year, cos_year, year_fraction, flux_lag1, flux_lag12",6.228404962007758,0.373386662968747
2020-11,random forest,1,2020-12,19.116878250285428,22.88940983508864,129,16.680844764209173,5,"sin_year, cos_year, year_fraction, flux_lag1, flux_lag12",3.772531584803211,0.226159504397382
2020-11,gradient boosting,1,2020-12,15.474091420575245,22.88940983508864,129,16.680844764209173,5,"sin_year, cos_year, year_fraction, flux_lag1, flux_lag12",7.4153184145133935,0.44454094018211127
2020-11,ordinary least squares,3,2021-02,11.740056355668525,12.194924651216166,129,16.680844764209173,4,"sin_year, cos_year, year_fraction, flux_lag12",0.45486829554764086,0.027268900465018255
2020-11,ridge,3,2021-02,11.716657542745168,12.194924651216166,129,16.680844764209173,4,"sin_year, cos_year, year_fraction, flux_lag12",0.4782671084709982,0.028671635953185042
2020-11,random forest,3,2021-02,10.930673227866855,12.194924651216166,129,16.680844764209173,4,"sin_year, cos_year, year_fraction, flux_lag12",1.264251423349311,0.07579061140008446
2020-11,gradient boosting,3,2021-02,11.831048334167999,12.194924651216166,129,16.680844764209173,4,"sin_year, cos_year, year_fraction, flux_lag12",0.3638763170481667,0.021814022142865847
2020-11,ordinary least squares,6,2021-05,28.569467803293158,26.932322185963937,129,16.680844764209173,4,"sin_year, cos_year, year_fraction, flux_lag12",-1.637145617329221,0.09814524626725862
2020-11,ridge,6,2021-05,28.62062743023068,26.932322185963937,129,16.680844764209173,4,"sin_year, cos_year, year_fraction, flux_lag12",-1.6883052442667434,0.1012122148567207
2020-11,random forest,6,2021-05,28.56394720354925,26.932322185963937,129,16.680844764209173,4,"sin_year, cos_year, year_fraction, flux_lag12",-1.6316250175853142,0.09781429182088959
2020-11,gradient boosting,6,2021-05,29.134740866322336,26.932322185963937,129,16.680844764209173,4,"sin_year, cos_year, year_fraction, flux_lag12",-2.2024186803583987,0.1320328023844429
2020-11,ordinary least squares,12,2021-11,21.733755825202184,18.908944354538587,129,16.680844764209173,6,"sin_year, cos_year, year_fraction, flux_lag12, flux_lag13, flux_lag14",-2.8248114706635974,0.1693446291595844
2020-11,ridge,12,2021-11,21.691130700603754,18.908944354538587,129,16.680844764209173,6,"sin_year, cos_year, year_fraction, flux_lag12, flux_lag13, flux_lag14",-2.782186346065167,0.16678929546989693
2020-11,random forest,12,2021-11,22.875934563898934,18.908944354538587,129,16.680844764209173,6,"sin_year, cos_year, year_fraction, flux_lag12, flux_lag13, flux_lag14",-3.966990209360347,0.23781710491497515
2020-11,gradient boosting,12,2021-11,21.130696222912032,18.908944354538587,129,16.680844764209173,6,"sin_year, cos_year, year_fraction, flux_lag12, flux_lag13, flux_lag14",-2.2217518683734454,0.1331918077159072
2020-12,ordinary least squares,1,2021-01,17.54033938682167,16.335370152243723,130,16.59188912927134,5,"sin_year, cos_year, year_fraction, flux_lag1, flux_lag12",-1.2049692345779484,0.07262399267435718
2020-12,ridge,1,2021-01,17.47815902529118,16.335370152243723,130,16.59188912927134,5,"sin_year, cos_year, year_fraction, flux_lag1, flux_lag12",-1.1427888730474578,0.06887635664291865
2020-12,random forest,1,2021-01,15.571688558064546,16.335370152243723,130,16.59188912927134,5,"sin_year, cos_year, year_fraction, flux_lag1, flux_lag12",0.763681594179177,0.04602740460891178
2020-12,gradient boosting,1,2021-01,20.28988375660106,16.335370152243723,130,16.59188912927134,5,"sin_year, cos_year, year_fraction, flux_lag1, flux_lag12",-3.954513604357338,0.2383401657006496
2020-12,ordinary least squares,3,2021-03,11.24381710476747,12.39642748230646,130,16.59188912927134,4,"sin_year, cos_year, year_fraction, flux_lag12",1.1526103775389913,0.06946830276882461
2020-12,ridge,3,2021-03,11.251603837511382,12.39642748230646,130,16.59188912927134,4,"sin_year, cos_year, year_fraction, flux_lag12",1.1448236447950784,0.06899899317524882
2020-12,random forest,3,2021-03,14.717663112505509,12.39642748230646,130,16.59188912927134,4,"sin_year, cos_year, year_fraction, flux_lag12",-2.321235630199048,0.13990182866542508
2020-12,gradient boosting,3,2021-03,13.597668788785551,12.39642748230646,130,16.59188912927134,4,"sin_year, cos_year, year_fraction, flux_lag12",-1.2012413064790906,0.07239930891051254
2020-12,ordinary least squares,6,2021-06,49.22957049022354,45.84972555421262,130,16.59188912927134,4,"sin_year, cos_year, year_fraction, flux_lag12",-3.379844936010919,0.20370464807700595
2020-12,ridge,6,2021-06,49.23561695870213,45.84972555421262,130,16.59188912927134,4,"sin_year, cos_year, year_fraction, flux_lag12",-3.385891404489513,0.20406907122565915
2020-12,random forest,6,2021-06,48.69739921861611,45.84972555421262,130,16.59188912927134,4,"sin_year, cos_year, year_fraction, flux_lag12",-2.8476736644034943,0.17163046607993784
2020-12,gradient boosting,6,2021-06,48.96309909966552,45.84972555421262,130,16.59188912927134,4,"sin_year, cos_year, year_fraction, flux_lag12",-3.1133735454529017,0.18764430748035202
2020-12,ordinary least squares,12,2021-12,18.27983954421325,12.212320510766247,130,16.59188912927134,6,"sin_year, cos_year, year_fraction, flux_lag12, flux_lag13, flux_lag14",-6.067519033447002,0.3656918742750463
2020-12,ridge,12,2021-12,18.097796138824375,12.212320510766247,130,16.59188912927134,6,"sin_year, cos_year, year_fraction, flux_lag12, flux_lag13, flux_lag14",-5.885475628058128,0.3547200431610284
2020-12,random forest,12,2021-12,16.94613064480286,12.212320510766247,130,16.59188912927134,6,"sin_year, cos_year, year_fraction, flux_lag12, flux_lag13, flux_lag14",-4.733810134036613,0.28530868891145406
2020-12,gradient boosting,12,2021-12,14.158028694038382,12.212320510766247,130,16.59188912927134,6,"sin_year, cos_year, year_fraction, flux_lag12, flux_lag13, flux_lag14",-1.945708183272135,0.11726863457877891
2021-01,ordinary least squares,1,2021-02,14.190182529791798,12.194924651216166,131,16.494945104870375,5,"sin_year, cos_year, year_fraction, flux_lag1, flux_lag12",-1.9952578785756323,0.12096177743486415
2021-01,ridge,1,2021-02,14.18467052225407,12.194924651216166,131,16.494945104870375,5,"sin_year, cos_year, year_fraction, flux_lag1, flux_lag12",-1.9897458710379041,0.12062761399856993
2021-01,random forest,1,2021-02,12.184518585971077,12.194924651216166,131,16.494945104870375,5,"sin_year, cos_year, year_fraction, flux_lag1, flux_lag12",0.010406065245089025,0.0006308638906604473
2021-01,gradient boosting,1,2021-02,11.093004414526758,12.194924651216166,131,16.494945104870375,5,"sin_year, cos_year, year_fraction, flux_lag1, flux_lag12",1.1019202366894074,0.06680351038961926
2021-01,ordinary least squares,3,2021-04,17.94813979841756,22.00182242064943,131,16.494945104870375,4,"sin_year, cos_year, year_fraction, flux_lag12",4.053682622231868,0.24575302290851267
2021-01,ridge,3,2021-04,17.969863367736593,22.00182242064943,131,16.494945104870375,4,"sin_year, cos_year, year_fraction, flux_lag12",4.0319590529128355,0.2444360394823224
2021-01,random forest,3,2021-04,14.995168831354261,22.00182242064943,131,16.494945104870375,4,"sin_year, cos_year, year_fraction, flux_lag12",7.006653589295167,0.4247758052390456
2021-01,gradient boosting,3,2021-04,17.344277570608998,22.00182242064943,131,16.494945104870375,4,"sin_year, cos_year, year_fraction, flux_lag12",4.657544850040431,0.282361949095861
2021-01,ordinary least squares,6,2021-07,84.42690163598134,39.735032057104355,131,16.494945104870375,4,"sin_year, cos_year, year_fraction, flux_lag12",-44.69186957887698,2.709428209353728
2021-01,ridge,6,2021-07,84.39046540857619,39.735032057104355,131,16.494945104870375,4,"sin_year, cos_year, year_fraction, flux_lag12",-44.655433351471835,2.7072192764246705
2021-01,random forest,6,2021-07,85.80191205219585,39.735032057104355,131,16.494945104870375,4,"sin_year, cos_year, year_fraction, flux_lag12",-46.06687999509149,2.7927877117632582
2021-01,gradient boosting,6,2021-07,86.83964795948427,39.735032057104355,131,16.494945104870375,4,"sin_year, cos_year, year_fraction, flux_lag12",-47.10461590237991,2.8557000707126683
2021-02,ordinary least squares,1,2021-03,12.616102607262144,12.39642748230646,132,16.37148424445964,5,"sin_year, cos_year, year_fraction, flux_lag1, flux_lag12",-0.21967512495568364,0.013418155719755529
2021-02,ridge,1,2021-03,12.612801609689374,12.39642748230646,132,16.37148424445964,5,"sin_year, cos_year, year_fraction, flux_lag1, flux_lag12",-0.21637412738291317,0.013216524791033376
2021-02,random forest,1,2021-03,16.125888798863663,12.39642748230646,132,16.37148424445964,5,"sin_year, cos_year, year_fraction, flux_lag1, flux_lag12",-3.7294613165572024,0.22780227258987276
2021-02,gradient boosting,1,2021-03,10.78284970310328,12.39642748230646,132,16.37148424445964,5,"sin_year, cos_year, year_fraction, flux_lag1, flux_lag12",1.6135777792031814,0.0985602621673866
2021-02,ordinary least squares,3,2021-05,27.195586306103504,26.932322185963937,132,16.37148424445964,4,"sin_year, cos_year, year_fraction, flux_lag12",-0.2632641201395671,0.016080650734441485
2021-02,ridge,3,2021-05,27.21611092354623,26.932322185963937,132,16.37148424445964,4,"sin_year, cos_year, year_fraction, flux_lag12",-0.2837887375822916,0.017334331655257832
2021-02,random forest,3,2021-05,26.484698525125925,26.932322185963937,132,16.37148424445964,4,"sin_year, cos_year, year_fraction, flux_lag12",0.44762366083801197,0.027341666409354096
2021-02,gradient boosting,3,2021-05,26.389782541553387,26.932322185963937,132,16.37148424445964,4,"sin_year, cos_year, year_fraction, flux_lag12",0.5425396444105495,0.03313930712141467
2021-02,ordinary least squares,6,2021-08,87.79610935642312,33.80709709333861,132,16.37148424445964,4,"sin_year, cos_year, year_fraction, flux_lag12",-53.989012263084504,3.297746951767993
2021-02,ridge,6,2021-08,87.72732401704248,33.80709709333861,132,16.37148424445964,4,"sin_year, cos_year, year_fraction, flux_lag12",-53.920226923703865,3.2935454182751505
2021-02,random forest,6,2021-08,83.62653780552972,33.80709709333861,132,16.37148424445964,4,"sin_year, cos_year, year_fraction, flux_lag12",-49.81944071219111,3.0430619465092645
2021-02,gradient boosting,6,2021-08,89.60520694921955,33.80709709333861,132,16.37148424445964,4,"sin_year, cos_year, year_fraction, flux_lag12",-55.79810985588094,3.4082499193537608
2021-03,ordinary least squares,1,2021-04,17.41693742072695,22.00182242064943,133,16.28758403987174,5,"sin_year, cos_year, year_fraction, flux_lag1, flux_lag12",4.58488499992248,0.28149570793917356
2021-03,ridge,1,2021-04,17.41402701330989,22.00182242064943,133,16.28758403987174,5,"sin_year, cos_year, year_fraction, flux_lag1, flux_lag12",4.587795407339538,0.2816743966513812
2021-03,random forest,1,2021-04,22.7610524822446,22.00182242064943,133,16.28758403987174,5,"sin_year, cos_year, year_fraction, flux_lag1, flux_lag12",-0.7592300615951721,0.046614038014268375
2021-03,gradient boosting,1,2021-04,18.4525474020056,22.00182242064943,133,16.28758403987174,5,"sin_year, cos_year, year_fraction, flux_lag1, flux_lag12",3.5492750186438293,0.2179129212752034
2021-03,ordinary least squares,3,2021-06,47.38064054742784,45.84972555421262,133,16.28758403987174,4,"sin_year, cos_year, year_fraction, flux_lag12",-1.5309149932152195,0.09399276095629436
2021-03,ridge,3,2021-06,47.389859736391394,45.84972555421262,133,16.28758403987174,4,"sin_year, cos_year, year_fraction, flux_lag12",-1.5401341821787753,0.09455878652159536
2021-03,random forest,3,2021-06,44.69190599865756,45.84972555421262,133,16.28758403987174,4,"sin_year, cos_year, year_fraction, flux_lag12",1.1578195555550579,0.07108602188763752
2021-03,gradient boosting,3,2021-06,46.49197886166094,45.84972555421262,133,16.28758403987174,4,"sin_year, cos_year, year_fraction, flux_lag12",-0.6422533074483212,0.039432079421729806
2021-03,ordinary least squares,6,2021-09,73.49965577528258,32.655076069205336,133,16.28758403987174,4,"sin_year, cos_year, year_fraction, flux_lag12",-40.84457970607724,2.507712599123994
2021-03,ridge,6,2021-09,73.42725491427774,32.655076069205336,133,16.28758403987174,4,"sin_year, cos_year, year_fraction, flux_lag12",-40.7721788450724,2.503267442566238
2021-03,random forest,6,2021-09,55.18619794250327,32.655076069205336,133,16.28758403987174,4,"sin_year, cos_year, year_fraction, flux_lag12",-22.531121873297934,1.3833311200815368
2021-03,gradient boosting,6,2021-09,72.23380729192856,32.655076069205336,133,16.28758403987174,4,"sin_year, cos_year, year_fraction, flux_lag12",-39.57873122272322,2.429993983505174
2021-04,ordinary least squares,1,2021-05,27.97184479942529,26.932322185963937,134,16.16361398962597,5,"sin_year, cos_year, year_fraction, flux_lag1, flux_lag12",-1.0395226134613544,0.0643125116776814
2021-04,ridge,1,2021-05,27.968088018702687,26.932322185963937,134,16.16361398962597,5,"sin_year, cos_year, year_fraction, flux_lag1, flux_lag12",-1.0357658327387504,0.06408008960146656
2021-04,random forest,1,2021-05,27.85476093597969,26.932322185963937,134,16.16361398962597,5,"sin_year, cos_year, year_fraction, flux_lag1, flux_lag12",-0.922438750015754,0.05706884305748628
2021-04,gradient boosting,1,2021-05,23.824399199556602,26.932322185963937,134,16.16361398962597,5,"sin_year, cos_year, year_fraction, flux_lag1, flux_lag12",3.1079229864073348,0.19227896610263293
2021-04,ordinary least squares,3,2021-07,83.51847249320183,39.735032057104355,134,16.16361398962597,4,"sin_year, cos_year, year_fraction, flux_lag12",-43.78344043609747,2.7087655312851626
2021-04,ridge,3,2021-07,83.51362097229105,39.735032057104355,134,16.16361398962597,4,"sin_year, cos_year, year_fraction, flux_lag12",-43.778588915186695,2.708465380532126
2021-04,random forest,3,2021-07,84.2827924131282,39.735032057104355,134,16.16361398962597,4,"sin_year, cos_year, year_fraction, flux_lag12",-44.54776035602385,2.756051980987372
2021-04,gradient boosting,3,2021-07,85.95620302089429,39.735032057104355,134,16.16361398962597,4,"sin_year, cos_year, year_fraction, flux_lag12",-46.22117096378994,2.8595814644828392
2021-04,ordinary least squares,6,2021-10,44.52166593035949,30.3344767857252,134,16.16361398962597,4,"sin_year, cos_year, year_fraction, flux_lag12",-14.187189144634289,0.8777238279595035
2021-04,ridge,6,2021-10,44.50081686046198,30.3344767857252,134,16.16361398962597,4,"sin_year, cos_year, year_fraction, flux_lag12",-14.16634007473678,0.8764339512084942
2021-04,random forest,6,2021-10,42.04198665314368,30.3344767857252,134,16.16361398962597,4,"sin_year, cos_year, year_fraction, flux_lag12",-11.70750986741848,0.7243126366994734
2021-04,gradient boosting,6,2021-10,44.870636800422304,30.3344767857252,134,16.16361398962597,4,"sin_year, cos_year, year_fraction, flux_lag12",-14.536160014697103,0.899313731695561
2021-05,ordinary least squares,1,2021-06,45.14324868443718,45.84972555421262,135,16.085745966059736,5,"sin_year, cos_year, year_fraction, flux_lag1, flux_lag12",0.706476869775436,0.04391943471357021
2021-05,ridge,1,2021-06,45.1470824225486,45.84972555421262,135,16.085745966059736,5,"sin_year, cos_year, year_fraction, flux_lag1, flux_lag12",0.7026431316640185,0.04368110332878355
2021-05,random forest,1,2021-06,41.377727999358015,45.84972555421262,135,16.085745966059736,5,"sin_year, cos_year, year_fraction, flux_lag1, flux_lag12",4.471997554854603,0.2780099576538343
2021-05,gradient boosting,1,2021-06,41.730068824480824,45.84972555421262,135,16.085745966059736,5,"sin_year, cos_year, year_fraction, flux_lag1, flux_lag12",4.119656729731794,0.25610604185992375
2021-05,ordinary least squares,3,2021-08,86.77832265216416,33.80709709333861,135,16.085745966059736,4,"sin_year, cos_year, year_fraction, flux_lag12",-52.97122555882555,3.293053717906068
2021-05,ridge,3,2021-08,86.76133271534808,33.80709709333861,135,16.085745966059736,4,"sin_year, cos_year, year_fraction, flux_lag12",-52.95423562200946,3.291997507217926
2021-05,random forest,3,2021-08,83.44651464062709,33.80709709333861,135,16.085745966059736,4,"sin_year, cos_year, year_fraction, flux_lag12",-49.639417547288474,3.0859257414623857
2021-05,gradient boosting,3,2021-08,88.89508748486064,33.80709709333861,135,16.085745966059736,4,"sin_year, cos_year, year_fraction, flux_lag12",-55.08799039152203,3.4246462991368523
2021-05,ordinary least squares,6,2021-11,25.353593037950155,18.908944354538587,135,16.085745966059736,4,"sin_year, cos_year, year_fraction, flux_lag12",-6.444648683411568,0.4006434452595181
2021-05,ridge,6,2021-11,25.42310509144839,18.908944354538587,135,16.085745966059736,4,"sin_year, cos_year, year_fraction, flux_lag12",-6.514160736909805,0.40496478998576857
2021-05,random forest,6,2021-11,24.408195643901028,18.908944354538587,135,16.085745966059736,4,"sin_year, cos_year, year_fraction, flux_lag12",-5.499251289362441,0.34187107647762405
2021-05,gradient boosting,6,2021-11,26.567347234859508,18.908944354538587,135,16.085745966059736,4,"sin_year, cos_year, year_fraction, flux_lag12",-7.658402880320921,0.4760987085385929
2021-06,ordinary least squares,1,2021-07,84.71867461338256,39.735032057104355,136,16.02097064338941,5,"sin_year, cos_year, year_fraction, flux_lag1, flux_lag12",-44.983642556278205,2.807797577161119
2021-06,ridge,1,2021-07,84.72656562001042,39.735032057104355,136,16.02097064338941,5,"sin_year, cos_year, year_fraction, flux_lag1, flux_lag12",-44.99153356290606,2.808290119517229
2021-06,random forest,1,2021-07,79.60234285781189,39.735032057104355,136,16.02097064338941,5,"sin_year, cos_year, year_fraction, flux_lag1, flux_lag12",-39.867310800707536,2.4884454062187316
2021-06,gradient boosting,1,2021-07,78.57324874884769,39.735032057104355,136,16.02097064338941,5,"sin_year, cos_year, year_fraction, flux_lag1, flux_lag12",-38.838216691743334,2.4242112139297127
2021-06,ordinary least squares,3,2021-09,71.3990742756765,32.655076069205336,136,16.02097064338941,4,"sin_year, cos_year, year_fraction, flux_lag12",-38.74399820647116,2.418330266553341
2021-06,ridge,3,2021-09,71.37796252921166,32.655076069205336,136,16.02097064338941,4,"sin_year, cos_year, year_fraction, flux_lag12",-38.72288646000632,2.4170125095375665
2021-06,random forest,3,2021-09,54.175144850750165,32.655076069205336,136,16.02097064338941,4,"sin_year, cos_year, year_fraction, flux_lag12",-21.52006878154483,1.343243755984564
2021-06,gradient boosting,3,2021-09,70.72947838555262,32.655076069205336,136,16.02097064338941,4,"sin_year, cos_year, year_fraction, flux_lag12",-38.07440231634729,2.3765353026258484
2021-06,ordinary least squares,6,2021-12,17.259019397365066,12.212320510766247,136,16.02097064338941,4,"sin_year, cos_year, year_fraction, flux_lag12",-5.0466988865988185,0.31500581325147065
2021-06,ridge,6,2021-12,17.447766617484945,12.212320510766247,136,16.02097064338941,4,"sin_year, cos_year, year_fraction, flux_lag12",-5.2354461067186975,0.3267870732213689
2021-06,random forest,6,2021-12,17.264342385587394,12.212320510766247,136,16.02097064338941,4,"sin_year, cos_year, year_fraction, flux_lag12",-5.052021874821147,0.31533806454515395
2021-06,gradient boosting,6,2021-12,18.46347652279743,12.212320510766247,136,16.02097064338941,4,"sin_year, cos_year, year_fraction, flux_lag12",-6.251156012031181,0.39018584773517073
2021-07,ordinary least squares,1,2021-08,58.0947516842467,33.80709709333861,137,16.152752909049557,5,"sin_year, cos_year, year_fraction, flux_lag1, flux_lag12",-24.28765459090809,1.5036232354734385
2021-07,ridge,1,2021-08,58.1401856696369,33.80709709333861,137,16.152752909049557,5,"sin_year, cos_year, year_fraction, flux_lag1, flux_lag12",-24.333088576298287,1.5064360058814315
2021-07,random forest,1,2021-08,65.9261060131656,33.80709709333861,137,16.152752909049557,5,"sin_year, cos_year, year_fraction, flux_lag1, flux_lag12",-32.11900891982698,1.988454172528842
2021-07,gradient boosting,1,2021-08,77.14018562998658,33.80709709333861,137,16.152752909049557,5,"sin_year, cos_year, year_fraction, flux_lag1, flux_lag12",-43.33308853664796,2.682706086116792
2021-07,ordinary least squares,3,2021-10,43.70515220035825,30.3344767857252,137,16.152752909049557,4,"sin_year, cos_year, year_fraction, flux_lag12",-13.370675414633048,0.8277644987153953
2021-07,ridge,3,2021-10,43.6964608378183,30.3344767857252,137,16.152752909049557,4,"sin_year, cos_year, year_fraction, flux_lag12",-13.3619840520931,0.8272264255715239
2021-07,random forest,3,2021-10,42.164237376380036,30.3344767857252,137,16.152752909049557,4,"sin_year, cos_year, year_fraction, flux_lag12",-11.829760590654836,0.732368077272279
2021-07,gradient boosting,3,2021-10,42.459860301634755,30.3344767857252,137,16.152752909049557,4,"sin_year, cos_year, year_fraction, flux_lag12",-12.125383515909554,0.7506697826793552
2021-08,ordinary least squares,1,2021-09,30.39242719721112,32.655076069205336,138,16.370376581267028,5,"sin_year, cos_year, year_fraction, flux_lag1, flux_lag12",2.262648871994216,0.1382160551262708
2021-08,ridge,1,2021-09,30.442709183082997,32.655076069205336,138,16.370376581267028,5,"sin_year, cos_year, year_fraction, flux_lag1, flux_lag12",2.2123668861223393,0.1351445322677548
2021-08,random forest,1,2021-09,41.62532968015981,32.655076069205336,138,16.370376581267028,5,"sin_year, cos_year, year_fraction, flux_lag1, flux_lag12",-8.970253610954472,0.5479564606485183
2021-08,gradient boosting,1,2021-09,63.898746943043136,32.655076069205336,138,16.370376581267028,5,"sin_year, cos_year, year_fraction, flux_lag1, flux_lag12",-31.2436708738378,1.9085493066537396
2021-08,ordinary least squares,3,2021-11,25.322326271397504,18.908944354538587,138,16.370376581267028,4,"sin_year, cos_year, year_fraction, flux_lag12",-6.413381916858917,0.3917675250182019
2021-08,ridge,3,2021-11,25.31791951944225,18.908944354538587,138,16.370376581267028,4,"sin_year, cos_year, year_fraction, flux_lag12",-6.408975164903662,0.3914983343900341
2021-08,random forest,3,2021-11,24.56017276712777,18.908944354538587,138,16.370376581267028,4,"sin_year, cos_year, year_fraction, flux_lag12",-5.651228412589184,0.34521065441194587
2021-08,gradient boosting,3,2021-11,23.54313580917885,18.908944354538587,138,16.370376581267028,4,"sin_year, cos_year, year_fraction, flux_lag12",-4.634191454640263,0.28308398598131623
2021-09,ordinary least squares,1,2021-10,17.151147055064047,30.3344767857252,139,16.6391894171521,5,"sin_year, cos_year, year_fraction, flux_lag1, flux_lag12",13.183329730661153,0.7923060072308236
2021-09,ridge,1,2021-10,17.155228390771782,30.3344767857252,139,16.6391894171521,5,"sin_year, cos_year, year_fraction, flux_lag1, flux_lag12",13.179248394953419,0.7920607227037102
2021-09,random forest,1,2021-10,27.275109018393003,30.3344767857252,139,16.6391894171521,5,"sin_year, cos_year, year_fraction, flux_lag1, flux_lag12",3.0593677673321977,0.18386519262642229
2021-09,gradient boosting,1,2021-10,36.92501219594768,30.3344767857252,139,16.6391894171521,5,"sin_year, cos_year, year_fraction, flux_lag1, flux_lag12",-6.590535410222479,0.396085124400879
2021-09,ordinary least squares,3,2021-12,17.78892723337422,12.212320510766247,139,16.6391894171521,4,"sin_year, cos_year, year_fraction, flux_lag12",-5.576606722607973,0.33514894162208797
2021-09,ridge,3,2021-12,17.75409889830429,12.212320510766247,139,16.6391894171521,4,"sin_year, cos_year, year_fraction, flux_lag12",-5.5417783875380415,0.33305579067604313
2021-09,random forest,3,2021-12,15.899669229848852,12.212320510766247,139,16.6391894171521,4,"sin_year, cos_year, year_fraction, flux_lag12",-3.687348719082605,0.22160627099308047
2021-09,gradient boosting,3,2021-12,14.794481861038669,12.212320510766247,139,16.6391894171521,4,"sin_year, cos_year, year_fraction, flux_lag12",-2.582161350272422,0.1551855253003289
2021-10,ordinary least squares,1,2021-11,16.24777674612941,18.908944354538587,140,16.618778797573256,5,"sin_year, cos_year, year_fraction, flux_lag1, flux_lag12",2.661167608409176,0.16013015401575542
2021-10,ridge,1,2021-11,16.25523510796831,18.908944354538587,140,16.618778797573256,5,"sin_year, cos_year, year_fraction, flux_lag1, flux_lag12",2.6537092465702763,0.15968136280613965
2021-10,random forest,1,2021-11,18.468199986910612,18.908944354538587,140,16.618778797573256,5,"sin_year, cos_year, year_fraction, flux_lag1, flux_lag12",0.44074436762797475,0.026520863716672977
2021-10,gradient boosting,1,2021-11,17.49444945846762,18.908944354538587,140,16.618778797573256,5,"sin_year, cos_year, year_fraction, flux_lag1, flux_lag12",1.4144948960709662,0.08511425016846104
2021-11,ordinary least squares,1,2021-12,12.122032547858323,12.212320510766247,141,16.539994211146894,5,"sin_year, cos_year, year_fraction, flux_lag1, flux_lag12",0.09028796290792407,0.005458766294311988
2021-11,ridge,1,2021-12,12.151141814855322,12.212320510766247,141,16.539994211146894,5,"sin_year, cos_year, year_fraction, flux_lag1, flux_lag12",0.061178695910925285,0.003698834179137425
2021-11,random forest,1,2021-12,15.710587886657104,12.212320510766247,141,16.539994211146894,5,"sin_year, cos_year, year_fraction, flux_lag1, flux_lag12",-3.4982673758908565,0.2115035429415839
2021-11,gradient boosting,1,2021-12,15.287091012999621,12.212320510766247,141,16.539994211146894,5,"sin_year, cos_year, year_fraction, flux_lag1, flux_lag12",-3.074770502233374,0.1858991280759443
