origin,method,horizon,target,forecast,actual,train_n,mase_scale,error,scaled
2013-06,seasonal naive,1,2013-07,140.5754774456855,,48,18.92414548975922,,
2013-06,seasonal naive,3,2013-09,79.36248206948947,,48,18.92414548975922,,
2013-06,seasonal naive,6,2013-12,13.32076355029804,,48,18.92414548975922,,
2013-06,seasonal naive,12,2014-06,44.73308099198369,53.59145897698119,48,18.92414548975922,8.858377984997496,0.46809923279184246
2013-06,naive,1,2013-07,44.73308099198369,,48,18.92414548975922,,
2013-06,naive,3,2013-09,44.73308099198369,,48,18.92414548975922,,
2013-06,naive,6,2013-12,44.73308099198369,,48,18.92414548975922,,
2013-06,naive,12,2014-06,44.73308099198369,53.59145897698119,48,18.92414548975922,8.858377984997496,0.46809923279184246
2013-06,climatology,1,2013-07,88.89893691696511,,48,18.92414548975922,,
2013-06,climatology,3,2013-09,77.8905723730606,,48,18.92414548975922,,
2013-06,climatology,6,2013-12,13.830383264647939,,48,18.92414548975922,,
2013-06,climatology,12,2014-06,43.37757188608681,53.59145897698119,48,18.92414548975922,10.213887090894374,0.5397277830283861
2013-06,seasonal naive with drift,1,2013-07,141.23777319277772,,48,18.92414548975922,,
2013-06,seasonal naive with drift,3,2013-09,81.34936931076615,,48,18.92414548975922,,
2013-06,seasonal naive with drift,6,2013-12,17.294538032851392,,48,18.92414548975922,,
2013-06,seasonal naive with drift,12,2014-06,52.680629957090396,53.59145897698119,48,18.92414548975922,0.9108290198907909,0.04813052300742906
2013-07,seasonal naive,1,2013-08,125.9384230520374,,48,18.92414548975922,,
2013-07,seasonal naive,3,2013-10,35.762619685520384,,48,18.92414548975922,,
2013-07,seasonal naive,6,2014-01,18.570841537255745,6.130696157269827,48,18.92414548975922,-12.440145379985918,0.6573689357185448
2013-07,seasonal naive,12,2014-07,140.5754774456855,116.7737164355412,48,18.92414548975922,-23.80176101014429,1.2577456151467756
2013-07,naive,1,2013-08,44.73308099198369,,48,18.92414548975922,,
2013-07,naive,3,2013-10,44.73308099198369,,48,18.92414548975922,,
2013-07,naive,6,2014-01,44.73308099198369,6.130696157269827,48,18.92414548975922,-38.60238483471387,2.039848238093683
2013-07,naive,12,2014-07,44.73308099198369,116.7737164355412,48,18.92414548975922,72.0406354435575,3.8068104835984387
2013-07,climatology,1,2013-08,103.55341484027272,,48,18.92414548975922,,
2013-07,climatology,3,2013-10,39.871632459888275,,48,18.92414548975922,,
2013-07,climatology,6,2014-01,12.540346739093865,6.130696157269827,48,18.92414548975922,-6.409650581824038,0.33870224604289867
2013-07,climatology,12,2014-07,88.89893691696511,116.7737164355412,48,18.92414548975922,27.87477951857609,1.4729742768919472
2013-07,seasonal naive with drift,1,2013-08,126.60071879912962,,48,18.92414548975922,,
2013-07,seasonal naive with drift,3,2013-10,37.74950692679706,,48,18.92414548975922,,
2013-07,seasonal naive with drift,6,2014-01,22.544616019809098,6.130696157269827,48,18.92414548975922,-16.41391986253927,0.8673532906107515
2013-07,seasonal naive with drift,12,2014-07,148.5230264107922,116.7737164355412,48,18.92414548975922,-31.749309975250995,1.677714324931189
2013-08,seasonal naive,1,2013-09,79.36248206948947,,48,18.92414548975922,,
2013-08,seasonal naive,3,2013-11,20.36106838895479,,48,18.92414548975922,,
2013-08,seasonal naive,6,2014-02,16.441654699309883,5.9174748168498175,48,18.92414548975922,-10.524179882460064,0.5561244436719858
2013-08,seasonal naive,12,2014-08,125.9384230520374,101.89916824776164,48,18.92414548975922,-24.039254804275757,1.2702953915295447
2013-08,naive,1,2013-09,44.73308099198369,,48,18.92414548975922,,
2013-08,naive,3,2013-11,44.73308099198369,,48,18.92414548975922,,
2013-08,naive,6,2014-02,44.73308099198369,5.9174748168498175,48,18.92414548975922,-38.81560617513387,2.0511153962612947
2013-08,naive,12,2014-08,44.73308099198369,101.89916824776164,48,18.92414548975922,57.166087255777946,3.020801509199626
2013-08,climatology,1,2013-09,77.8905723730606,,48,18.92414548975922,,
2013-08,climatology,3,2013-11,23.762929858260044,,48,18.92414548975922,,
2013-08,climatology,6,2014-02,10.570017407362515,5.9174748168498175,48,18.92414548975922,-4.652542590512698,0.24585218883623655
2013-08,climatology,12,2014-08,103.55341484027272,101.89916824776164,48,18.92414548975922,-1.654246592511086,0.08741459916413556
2013-08,seasonal naive with drift,1,2013-09,80.0247778165817,,48,18.92414548975922,,
2013-08,seasonal naive with drift,3,2013-11,22.347955630231468,,48,18.92414548975922,,
2013-08,seasonal naive with drift,6,2014-02,20.415429181863235,5.9174748168498175,48,18.92414548975922,-14.497954365013417,0.7661087985641925
2013-08,seasonal naive with drift,12,2014-08,133.8859720171441,101.89916824776164,48,18.92414548975922,-31.986803769382462,1.690264101313958
2013-09,seasonal naive,1,2013-10,35.762619685520384,,48,18.92414548975922,,
2013-09,seasonal naive,3,2013-12,13.32076355029804,,48,18.92414548975922,,
2013-09,seasonal naive,6,2014-03,17.147028788810893,6.922493360166889,48,18.92414548975922,-10.224535428644003,0.5402904682896779
2013-09,seasonal naive,12,2014-09,79.36248206948947,73.16617456065525,48,18.92414548975922,-6.196307508834224,0.3274286552165512
2013-09,naive,1,2013-10,44.73308099198369,,48,18.92414548975922,,
2013-09,naive,3,2013-12,44.73308099198369,,48,18.92414548975922,,
2013-09,naive,6,2014-03,44.73308099198369,6.922493360166889,48,18.92414548975922,-37.8105876318168,1.99800765917161
2013-09,naive,12,2014-09,44.73308099198369,73.16617456065525,48,18.92414548975922,28.43309356867156,1.502477011924163
2013-09,climatology,1,2013-10,39.871632459888275,,48,18.92414548975922,,
2013-09,climatology,3,2013-12,13.830383264647939,,48,18.92414548975922,,
2013-09,climatology,6,2014-03,10.99547081306297,6.922493360166889,48,18.92414548975922,-4.072977452896081,0.2152264922661987
2013-09,climatology,12,2014-09,77.8905723730606,73.16617456065525,48,18.92414548975922,-4.724397812405357,0.24964920159602239
2013-09,seasonal naive with drift,1,2013-10,36.42491543261261,,48,18.92414548975922,,
2013-09,seasonal naive with drift,3,2013-12,15.307650791574716,,48,18.92414548975922,,
2013-09,seasonal naive with drift,6,2014-03,21.120803271364245,6.922493360166889,48,18.92414548975922,-14.198309911197356,0.7502748231818845
2013-09,seasonal naive with drift,12,2014-09,87.31003103459618,73.16617456065525,48,18.92414548975922,-14.143856473940929,0.7473973650009645
2013-10,seasonal naive,1,2013-11,20.36106838895479,,48,18.92414548975922,,
2013-10,seasonal naive,3,2014-01,18.570841537255745,6.130696157269827,48,18.92414548975922,-12.440145379985918,0.6573689357185448
2013-10,seasonal naive,6,2014-04,10.94057363177637,,48,18.92414548975922,,
2013-10,seasonal naive,12,2014-10,35.762619685520384,49.65516070846122,48,18.92414548975922,13.892541022940833,0.7341172171001732
2013-10,naive,1,2013-11,44.73308099198369,,48,18.92414548975922,,
2013-10,naive,3,2014-01,44.73308099198369,6.130696157269827,48,18.92414548975922,-38.60238483471387,2.039848238093683
2013-10,naive,6,2014-04,44.73308099198369,,48,18.92414548975922,,
2013-10,naive,12,2014-10,44.73308099198369,49.65516070846122,48,18.92414548975922,4.922079716477526,0.26009521640705546
2013-10,climatology,1,2013-11,23.762929858260044,,48,18.92414548975922,,
2013-10,climatology,3,2014-01,12.540346739093865,6.130696157269827,48,18.92414548975922,-6.409650581824038,0.33870224604289867
2013-10,climatology,6,2014-04,13.845219820489783,,48,18.92414548975922,,
2013-10,climatology,12,2014-10,39.871632459888275,49.65516070846122,48,18.92414548975922,9.783528248572942,0.5169865267558468
2013-10,seasonal naive with drift,1,2013-11,21.023364136047018,,48,18.92414548975922,,
2013-10,seasonal naive with drift,3,2014-01,20.55772877853242,6.130696157269827,48,18.92414548975922,-14.427032621262594,0.7623611131646482
2013-10,seasonal naive with drift,6,2014-04,14.914348114329723,,48,18.92414548975922,,
2013-10,seasonal naive with drift,12,2014-10,43.71016865062709,49.65516070846122,48,18.92414548975922,5.944992057834128,0.31414850731575983
2013-11,seasonal naive,1,2013-12,13.32076355029804,,48,18.92414548975922,,
2013-11,seasonal naive,3,2014-02,16.441654699309883,5.9174748168498175,48,18.92414548975922,-10.524179882460064,0.5561244436719858
2013-11,seasonal naive,6,2014-05,13.945148401039091,29.454100313479625,48,18.92414548975922,15.508951912440534,0.8195324814445749
2013-11,seasonal naive,12,2014-11,20.36106838895479,,48,18.92414548975922,,
2013-11,naive,1,2013-12,44.73308099198369,,48,18.92414548975922,,
2013-11,naive,3,2014-02,44.73308099198369,5.9174748168498175,48,18.92414548975922,-38.81560617513387,2.0511153962612947
2013-11,naive,6,2014-05,44.73308099198369,29.454100313479625,48,18.92414548975922,-15.278980678504066,0.8073802162835976
2013-11,naive,12,2014-11,44.73308099198369,,48,18.92414548975922,,
2013-11,climatology,1,2013-12,13.830383264647939,,48,18.92414548975922,,
2013-11,climatology,3,2014-02,10.570017407362515,5.9174748168498175,48,18.92414548975922,-4.652542590512698,0.24585218883623655
2013-11,climatology,6,2014-05,22.71938285753226,29.454100313479625,48,18.92414548975922,6.734717455947365,0.35587960680136654
2013-11,climatology,12,2014-11,23.762929858260044,,48,18.92414548975922,,
2013-11,seasonal naive with drift,1,2013-12,13.983059297390264,,48,18.92414548975922,,
2013-11,seasonal naive with drift,3,2014-02,18.42854194058656,5.9174748168498175,48,18.92414548975922,-12.51106712373674,0.6611166211180891
2013-11,seasonal naive with drift,6,2014-05,17.918922883592444,29.454100313479625,48,18.92414548975922,11.535177429887181,0.6095481265523682
2013-11,seasonal naive with drift,12,2014-11,28.308617354061496,,48,18.92414548975922,,
2013-12,seasonal naive,1,2014-01,18.570841537255745,6.130696157269827,48,18.92414548975922,-12.440145379985918,0.6573689357185448
2013-12,seasonal naive,3,2014-03,17.147028788810893,6.922493360166889,48,18.92414548975922,-10.224535428644003,0.5402904682896779
2013-12,seasonal naive,6,2014-06,44.73308099198369,53.59145897698119,48,18.92414548975922,8.858377984997496,0.46809923279184246
2013-12,seasonal naive,12,2014-12,13.32076355029804,15.985119335849532,48,18.92414548975922,2.6643557855514928,0.14079133913831438
2013-12,naive,1,2014-01,44.73308099198369,6.130696157269827,48,18.92414548975922,-38.60238483471387,2.039848238093683
2013-12,naive,3,2014-03,44.73308099198369,6.922493360166889,48,18.92414548975922,-37.8105876318168,1.99800765917161
2013-12,naive,6,2014-06,44.73308099198369,53.59145897698119,48,18.92414548975922,8.858377984997496,0.46809923279184246
2013-12,naive,12,2014-12,44.73308099198369,15.985119335849532,48,18.92414548975922,-28.74796165613416,1.5191154428447555
2013-12,climatology,1,2014-01,12.540346739093865,6.130696157269827,48,18.92414548975922,-6.409650581824038,0.33870224604289867
2013-12,climatology,3,2014-03,10.99547081306297,6.922493360166889,48,18.92414548975922,-4.072977452896081,0.2152264922661987
2013-12,climatology,6,2014-06,43.37757188608681,53.59145897698119,48,18.92414548975922,10.213887090894374,0.5397277830283861
2013-12,climatology,12,2014-12,13.830383264647939,15.985119335849532,48,18.92414548975922,2.1547360712015937,0.11386173670920184
2013-12,seasonal naive with drift,1,2014-01,19.233137284347972,6.130696157269827,48,18.92414548975922,-13.102441127078144,0.6923663282005793
2013-12,seasonal naive with drift,3,2014-03,19.13391603008757,6.922493360166889,48,18.92414548975922,-12.21142266992068,0.6452826457357812
2013-12,seasonal naive with drift,6,2014-06,48.70685547453704,53.59145897698119,48,18.92414548975922,4.884603502444143,0.2581148778996358
2013-12,seasonal naive with drift,12,2014-12,21.268312515404745,15.985119335849532,48,18.92414548975922,-5.283193179555212,0.279177370646099
2014-01,seasonal naive,1,2014-02,16.441654699309883,5.9174748168498175,49,18.751804711048365,-10.524179882460064,0.5612355741023332
2014-01,seasonal naive,3,2014-04,10.94057363177637,,49,18.751804711048365,,
2014-01,seasonal naive,6,2014-07,140.5754774456855,116.7737164355412,49,18.751804711048365,-23.80176101014429,1.2693050816661153
2014-01,seasonal naive,12,2015-01,6.130696157269827,15.859275612745098,49,18.751804711048365,9.72857945547527,0.5188076350722282
2014-01,naive,1,2014-02,6.130696157269827,5.9174748168498175,49,18.751804711048365,-0.2132213404200094,0.01137071037724607
2014-01,naive,3,2014-04,6.130696157269827,,49,18.751804711048365,,
2014-01,naive,6,2014-07,6.130696157269827,116.7737164355412,49,18.751804711048365,110.64302027827138,5.900393161255657
2014-01,naive,12,2015-01,6.130696157269827,15.859275612745098,49,18.751804711048365,9.72857945547527,0.5188076350722282
2014-01,climatology,1,2014-02,10.570017407362515,5.9174748168498175,49,18.751804711048365,-4.652542590512698,0.24811172376232507
2014-01,climatology,3,2014-04,13.845219820489783,,49,18.751804711048365,,
2014-01,climatology,6,2014-07,88.89893691696511,116.7737164355412,49,18.751804711048365,27.87477951857609,1.4865118290269184
2014-01,climatology,12,2015-01,10.937934093637855,15.859275612745098,49,18.751804711048365,4.9213415191072425,0.26244628690099575
2014-01,seasonal naive with drift,1,2014-02,17.05779034360354,5.9174748168498175,49,18.751804711048365,-11.14031552675372,0.5940929792314851
2014-01,seasonal naive with drift,3,2014-04,12.788980564657342,,49,18.751804711048365,,
2014-01,seasonal naive with drift,6,2014-07,144.27229131144745,116.7737164355412,49,18.751804711048365,-27.498574875906243,1.4664495124410277
2014-01,seasonal naive with drift,12,2015-01,13.524323888793713,15.859275612745098,49,18.751804711048365,2.3349517239513844,0.12451877352240424
2014-02,seasonal naive,1,2014-03,17.147028788810893,6.922493360166889,50,18.985523473768378,-10.224535428644003,0.5385437721941605
2014-02,seasonal naive,3,2014-05,13.945148401039091,29.454100313479625,50,18.985523473768378,15.508951912440534,0.8168830284752854
2014-02,seasonal naive,6,2014-08,125.9384230520374,101.89916824776164,50,18.985523473768378,-24.039254804275757,1.266188674623059
2014-02,seasonal naive,12,2015-02,5.9174748168498175,14.337945119971938,50,18.985523473768378,8.42047030312212,0.443520575809057
2014-02,naive,1,2014-03,5.9174748168498175,6.922493360166889,50,18.985523473768378,1.005018543317072,0.05293604596711122
2014-02,naive,3,2014-05,5.9174748168498175,29.454100313479625,50,18.985523473768378,23.536625496629807,1.2397143291387
2014-02,naive,6,2014-08,5.9174748168498175,101.89916824776164,50,18.985523473768378,95.98169343091182,5.055519989402784
2014-02,naive,12,2015-02,5.9174748168498175,14.337945119971938,50,18.985523473768378,8.42047030312212,0.443520575809057
2014-02,climatology,1,2014-03,10.99547081306297,6.922493360166889,50,18.985523473768378,-4.072977452896081,0.21453069010836437
2014-02,climatology,3,2014-05,22.71938285753226,29.454100313479625,50,18.985523473768378,6.734717455947365,0.35472908952194465
2014-02,climatology,6,2014-08,103.55341484027272,101.89916824776164,50,18.985523473768378,-1.654246592511086,0.08713199795605846
2014-02,climatology,12,2015-02,9.406881759734341,14.337945119971938,50,18.985523473768378,4.931063360237596,0.2597275427801962
2014-02,seasonal naive with drift,1,2014-03,17.686351394889787,6.922493360166889,50,18.985523473768378,-10.763858034722897,0.5669508164784045
2014-02,seasonal naive with drift,3,2014-05,15.56311621927577,29.454100313479625,50,18.985523473768378,13.890984094203855,0.7316618956225533
2014-02,seasonal naive with drift,6,2014-08,129.17435868851075,101.89916824776164,50,18.985523473768378,-27.275190440749114,1.4366309403285231
2014-02,seasonal naive with drift,12,2015-02,12.389346089796529,14.337945119971938,50,18.985523473768378,1.9485990301754086,0.10263604439812885
2014-03,seasonal naive,1,2014-04,10.94057363177637,,51,20.58736253119911,,
2014-03,seasonal naive,3,2014-06,44.73308099198369,53.59145897698119,51,20.58736253119911,8.858377984997496,0.43028231380163784
2014-03,seasonal naive,6,2014-09,79.36248206948947,73.16617456065525,51,20.58736253119911,-6.196307508834224,0.3009762663597162
2014-03,seasonal naive,12,2015-03,6.922493360166889,18.270999943338268,51,20.58736253119911,11.348506583171378,0.551236544553645
2014-03,naive,1,2014-04,6.922493360166889,,51,20.58736253119911,,
2014-03,naive,3,2014-06,6.922493360166889,53.59145897698119,51,20.58736253119911,46.6689656168143,2.2668744258080578
2014-03,naive,6,2014-09,6.922493360166889,73.16617456065525,51,20.58736253119911,66.24368120048837,3.2176866317916835
2014-03,naive,12,2015-03,6.922493360166889,18.270999943338268,51,20.58736253119911,11.348506583171378,0.551236544553645
2014-03,climatology,1,2014-04,13.845219820489783,,51,20.58736253119911,,
2014-03,climatology,3,2014-06,43.37757188608681,53.59145897698119,51,20.58736253119911,10.213887090894374,0.4961241186390799
2014-03,climatology,6,2014-09,77.8905723730606,73.16617456065525,51,20.58736253119911,-4.724397812405357,0.22948047887366682
2014-03,climatology,12,2015-03,9.977226449838948,18.270999943338268,51,20.58736253119911,8.29377349349932,0.40285750449726254
2014-03,seasonal naive with drift,1,2014-04,11.292013507114849,,51,20.58736253119911,,
2014-03,seasonal naive with drift,3,2014-06,45.787400617999126,53.59145897698119,51,20.58736253119911,7.804058358982061,0.37907033245057037
2014-03,seasonal naive with drift,6,2014-09,81.47112132152034,73.16617456065525,51,20.58736253119911,-8.304946760865093,0.4034002290618512
2014-03,seasonal naive with drift,12,2015-03,11.139771864228639,18.270999943338268,51,20.58736253119911,7.131228079109629,0.3463886191493744
2014-04,seasonal naive,1,2014-05,13.945148401039091,29.454100313479625,51,20.58736253119911,15.508951912440534,0.7533238844430655
2014-04,seasonal naive,3,2014-07,140.5754774456855,116.7737164355412,51,20.58736253119911,-23.80176101014429,1.1561345448730465
2014-04,seasonal naive,6,2014-10,35.762619685520384,49.65516070846122,51,20.58736253119911,13.892541022940833,0.6748091700375601
2014-04,seasonal naive,12,2015-04,10.94057363177637,20.967188829262188,51,20.58736253119911,10.026615197485818,0.4870276696342714
2014-04,naive,1,2014-05,6.922493360166889,29.454100313479625,51,20.58736253119911,22.531606953312735,1.0944387324586733
2014-04,naive,3,2014-07,6.922493360166889,116.7737164355412,51,20.58736253119911,109.85122307537432,5.335857029228506
2014-04,naive,6,2014-10,6.922493360166889,49.65516070846122,51,20.58736253119911,42.73266734829433,2.0756746904094747
2014-04,naive,12,2015-04,6.922493360166889,20.967188829262188,51,20.58736253119911,14.044695469095299,0.6821998421512844
2014-04,climatology,1,2014-05,22.71938285753226,29.454100313479625,51,20.58736253119911,6.734717455947365,0.327128715285469
2014-04,climatology,3,2014-07,88.89893691696511,116.7737164355412,51,20.58736253119911,27.87477951857609,1.353975259158781
2014-04,climatology,6,2014-10,39.871632459888275,49.65516070846122,51,20.58736253119911,9.783528248572942,0.4752200887193053
2014-04,climatology,12,2015-04,13.845219820489783,20.967188829262188,51,20.58736253119911,7.121969008772405,0.3459388738105438
2014-04,seasonal naive with drift,1,2014-05,14.29658827637757,29.454100313479625,51,20.58736253119911,15.157512037102055,0.7362532239927096
2014-04,seasonal naive with drift,3,2014-07,141.62979707170092,116.7737164355412,51,20.58736253119911,-24.856080636159717,1.2073465262241136
2014-04,seasonal naive with drift,6,2014-10,37.87125893755126,49.65516070846122,51,20.58736253119911,11.783901770909956,0.5723852073354248
2014-04,seasonal naive with drift,12,2015-04,15.15785213583812,20.967188829262188,51,20.58736253119911,5.809336693424068,0.2821797442300009
2014-05,seasonal naive,1,2014-06,44.73308099198369,53.59145897698119,52,22.850712896224273,8.858377984997496,0.38766309065399907
2014-05,seasonal naive,3,2014-08,125.9384230520374,101.89916824776164,52,22.850712896224273,-24.039254804275757,1.0520133403911383
2014-05,seasonal naive,6,2014-11,20.36106838895479,,52,22.850712896224273,,
2014-05,seasonal naive,12,2015-05,29.454100313479625,19.80782415097063,52,22.850712896224273,-9.646276162508993,0.4221433355850745
2014-05,naive,1,2014-06,29.454100313479625,53.59145897698119,52,22.850712896224273,24.137358663501562,1.0563065919702614
2014-05,naive,3,2014-08,29.454100313479625,101.89916824776164,52,22.850712896224273,72.44506793428201,3.170363579608601
2014-05,naive,6,2014-11,29.454100313479625,,52,22.850712896224273,,
2014-05,naive,12,2015-05,29.454100313479625,19.80782415097063,52,22.850712896224273,-9.646276162508993,0.4221433355850745
2014-05,climatology,1,2014-06,43.37757188608681,53.59145897698119,52,22.850712896224273,10.213887090894374,0.4469833014523613
2014-05,climatology,3,2014-08,103.55341484027272,101.89916824776164,52,22.850712896224273,-1.654246592511086,0.07239365353824145
2014-05,climatology,6,2014-11,23.762929858260044,,52,22.850712896224273,,
2014-05,climatology,12,2015-05,23.84183576685682,19.80782415097063,52,22.850712896224273,-4.03401161588619,0.17653767014650767
2014-05,seasonal naive with drift,1,2014-06,44.84423200141328,53.59145897698119,52,22.850712896224273,8.747226975567905,0.38279886563247
2014-05,seasonal naive with drift,3,2014-08,126.27187608032615,101.89916824776164,52,22.850712896224273,-24.372707832564515,1.0666060154557246
2014-05,seasonal naive with drift,6,2014-11,21.02797444553232,,52,22.850712896224273,,
2014-05,seasonal naive with drift,12,2015-05,30.787912426634684,19.80782415097063,52,22.850712896224273,-10.980088275664052,0.48051403584342184
2014-06,seasonal naive,1,2014-07,140.5754774456855,116.7737164355412,53,24.057938534732372,-23.80176101014429,0.9893516427345493
2014-06,seasonal naive,3,2014-09,79.36248206948947,73.16617456065525,53,24.057938534732372,-6.196307508834224,0.25755770802592387
2014-06,seasonal naive,6,2014-12,13.32076355029804,15.985119335849532,53,24.057938534732372,2.6643557855514928,0.11074746831300489
2014-06,seasonal naive,12,2015-06,53.59145897698119,26.853943253830167,53,24.057938534732372,-26.73751572315102,1.111380166033351
2014-06,naive,1,2014-07,53.59145897698119,116.7737164355412,53,24.057938534732372,63.18225745856002,2.6262540062334927
2014-06,naive,3,2014-09,53.59145897698119,73.16617456065525,53,24.057938534732372,19.574715583674063,0.8136489149065746
2014-06,naive,6,2014-12,53.59145897698119,15.985119335849532,53,24.057938534732372,-37.606339641131655,1.5631571918283647
2014-06,naive,12,2015-06,53.59145897698119,26.853943253830167,53,24.057938534732372,-26.73751572315102,1.111380166033351
2014-06,climatology,1,2014-07,88.89893691696511,116.7737164355412,53,24.057938534732372,27.87477951857609,1.158652038217379
2014-06,climatology,3,2014-09,77.8905723730606,73.16617456065525,53,24.057938534732372,-4.724397812405357,0.1963758368400833
2014-06,climatology,6,2014-12,13.830383264647939,15.985119335849532,53,24.057938534732372,2.1547360712015937,0.0895644515880198
2014-06,climatology,12,2015-06,45.079886401235875,26.853943253830167,53,24.057938534732372,-18.225943147405708,0.7575854066254667
2014-06,seasonal naive with drift,1,2014-07,140.53687077993578,116.7737164355412,53,24.057938534732372,-23.76315434439458,0.9877469056664097
2014-06,seasonal naive with drift,3,2014-09,79.24666207224037,73.16617456065525,53,24.057938534732372,-6.080487511585119,0.25274349682150604
2014-06,seasonal naive with drift,6,2014-12,13.089123555799821,15.985119335849532,53,24.057938534732372,2.895995780049711,0.12037589072184098
2014-06,seasonal naive with drift,12,2015-06,53.128178987984754,26.853943253830167,53,24.057938534732372,-26.274235734154587,1.0921233212156791
2014-07,seasonal naive,1,2014-08,125.9384230520374,101.89916824776164,54,24.375874149763785,-24.039254804275757,0.9861904708147138
2014-07,seasonal naive,3,2014-10,35.762619685520384,49.65516070846122,54,24.375874149763785,13.892541022940833,0.5699299617968966
2014-07,seasonal naive,6,2015-01,6.130696157269827,15.859275612745098,54,24.375874149763785,9.72857945547527,0.39910689543700095
2014-07,seasonal naive,12,2015-07,116.7737164355412,40.27710009521364,54,24.375874149763785,-76.49661634032756,3.138210177421221
2014-07,naive,1,2014-08,116.7737164355412,101.89916824776164,54,24.375874149763785,-14.874548187779567,0.6102159904662828
2014-07,naive,3,2014-10,116.7737164355412,49.65516070846122,54,24.375874149763785,-67.11855572707998,2.753483026483807
2014-07,naive,6,2015-01,116.7737164355412,15.859275612745098,54,24.375874149763785,-100.91444082279611,4.139931154993021
2014-07,naive,12,2015-07,116.7737164355412,40.27710009521364,54,24.375874149763785,-76.49661634032756,3.138210177421221
2014-07,climatology,1,2014-08,103.55341484027272,101.89916824776164,54,24.375874149763785,-1.654246592511086,0.06786409309251855
2014-07,climatology,3,2014-10,39.871632459888275,49.65516070846122,54,24.375874149763785,9.783528248572942,0.40136112405502183
2014-07,climatology,6,2015-01,10.937934093637855,15.859275612745098,54,24.375874149763785,4.9213415191072425,0.20189395009470595
2014-07,climatology,12,2015-07,94.47389282068033,40.27710009521364,54,24.375874149763785,-54.19679272546669,2.223378427066251
2014-07,seasonal naive with drift,1,2014-08,125.97496423223025,101.89916824776164,54,24.375874149763785,-24.075795984468613,0.987689542395423
2014-07,seasonal naive with drift,3,2014-10,35.872243226098945,49.65516070846122,54,24.375874149763785,13.782917482362272,0.5654327470547692
2014-07,seasonal naive with drift,6,2015-01,6.349943238426944,15.859275612745098,54,24.375874149763785,9.509332374318154,0.39011246595274635
2014-07,seasonal naive with drift,12,2015-07,117.21221059785543,40.27710009521364,54,24.375874149763785,-76.93511050264179,3.1561990363897303
2014-08,seasonal naive,1,2014-09,79.36248206948947,73.16617456065525,55,25.347052624472564,-6.196307508834224,0.24445869903042267
2014-08,seasonal naive,3,2014-11,20.36106838895479,,55,25.347052624472564,,
2014-08,seasonal naive,6,2015-02,5.9174748168498175,14.337945119971938,55,25.347052624472564,8.42047030312212,0.3322070785852301
2014-08,seasonal naive,12,2015-08,101.89916824776164,51.52255735937947,55,25.347052624472564,-50.37661088838217,1.9874741112796515
2014-08,naive,1,2014-09,101.89916824776164,73.16617456065525,55,25.347052624472564,-28.732993687106386,1.1335832261367027
2014-08,naive,3,2014-11,101.89916824776164,,55,25.347052624472564,,
2014-08,naive,6,2015-02,101.89916824776164,14.337945119971938,55,25.347052624472564,-87.5612231277897,3.4544932866572973
2014-08,naive,12,2015-08,101.89916824776164,51.52255735937947,55,25.347052624472564,-50.37661088838217,1.9874741112796515
2014-08,climatology,1,2014-09,77.8905723730606,73.16617456065525,55,25.347052624472564,-4.724397812405357,0.18638844848745664
2014-08,climatology,3,2014-11,23.762929858260044,,55,25.347052624472564,,
2014-08,climatology,6,2015-02,9.406881759734341,14.337945119971938,55,25.347052624472564,4.931063360237596,0.1945418835591424
2014-08,climatology,12,2015-08,103.2225655217705,51.52255735937947,55,25.347052624472564,-51.700008162391036,2.03968520239212
2014-08,seasonal naive with drift,1,2014-09,79.5263450605349,73.16617456065525,55,25.347052624472564,-6.360170499879644,0.2509234739876187
2014-08,seasonal naive with drift,3,2014-11,20.852657362091065,,55,25.347052624472564,,
2014-08,seasonal naive with drift,6,2015-02,6.900652763122365,14.337945119971938,55,25.347052624472564,7.437292356849572,0.2934184288420529
2014-08,seasonal naive with drift,12,2015-08,103.86552414030673,51.52255735937947,55,25.347052624472564,-52.34296678092726,2.065051410766006
2014-09,seasonal naive,1,2014-10,35.762619685520384,49.65516070846122,56,25.971099296000467,13.892541022940833,0.5349231029693177
2014-09,seasonal naive,3,2014-12,13.32076355029804,15.985119335849532,56,25.971099296000467,2.6643557855514928,0.1025892572041339
2014-09,seasonal naive,6,2015-03,6.922493360166889,18.270999943338268,56,25.971099296000467,11.348506583171378,0.4369667395988525
2014-09,seasonal naive,12,2015-09,73.16617456065525,46.95690568596313,56,25.971099296000467,-26.20926887469212,1.009170562092007
2014-09,naive,1,2014-10,73.16617456065525,49.65516070846122,56,25.971099296000467,-23.511013852194033,0.9052760371916453
2014-09,naive,3,2014-12,73.16617456065525,15.985119335849532,56,25.971099296000467,-57.18105522480572,2.201718709442983
2014-09,naive,6,2015-03,73.16617456065525,18.270999943338268,56,25.971099296000467,-54.89517461731698,2.1137023886305344
2014-09,naive,12,2015-09,73.16617456065525,46.95690568596313,56,25.971099296000467,-26.20926887469212,1.009170562092007
2014-09,climatology,1,2014-10,39.871632459888275,49.65516070846122,56,25.971099296000467,9.783528248572942,0.3767082839685419
2014-09,climatology,3,2014-12,13.830383264647939,15.985119335849532,56,25.971099296000467,2.1547360712015937,0.0829666871873006
2014-09,climatology,6,2015-03,9.977226449838948,18.270999943338268,56,25.971099296000467,8.29377349349932,0.3193462625117511
2014-09,climatology,12,2015-09,76.94569281057953,46.95690568596313,56,25.971099296000467,-29.9887871246164,1.15469841237081
2014-09,seasonal naive with drift,1,2014-10,36.02276818845815,49.65516070846122,56,25.971099296000467,13.632392520003066,0.5249062569370118
2014-09,seasonal naive with drift,3,2014-12,14.101209059111332,15.985119335849532,56,25.971099296000467,1.8839102767382006,0.07253871910721629
2014-09,seasonal naive with drift,6,2015-03,8.483384377793476,18.270999943338268,56,25.971099296000467,9.787615565544792,0.3768656634050172
2014-09,seasonal naive with drift,12,2015-09,76.28795659590843,46.95690568596313,56,25.971099296000467,-29.331050909945297,1.129372714479678
2014-10,seasonal naive,1,2014-11,20.36106838895479,,57,26.20139480404853,,
2014-10,seasonal naive,3,2015-01,6.130696157269827,15.859275612745098,57,26.20139480404853,9.72857945547527,0.3713000597194181
2014-10,seasonal naive,6,2015-04,10.94057363177637,20.967188829262188,57,26.20139480404853,10.026615197485818,0.38267486416167995
2014-10,seasonal naive,12,2015-10,49.65516070846122,39.94549525743978,57,26.20139480404853,-9.709665451021436,0.3705781895825309
2014-10,naive,1,2014-11,49.65516070846122,,57,26.20139480404853,,
2014-10,naive,3,2015-01,49.65516070846122,15.859275612745098,57,26.20139480404853,-33.795885095716116,1.28985061094893
2014-10,naive,6,2015-04,49.65516070846122,20.967188829262188,57,26.20139480404853,-28.68797187919903,1.0949024696489167
2014-10,naive,12,2015-10,49.65516070846122,39.94549525743978,57,26.20139480404853,-9.709665451021436,0.3705781895825309
2014-10,climatology,1,2014-11,23.762929858260044,,57,26.20139480404853,,
2014-10,climatology,3,2015-01,10.937934093637855,15.859275612745098,57,26.20139480404853,4.9213415191072425,0.18782746322904983
2014-10,climatology,6,2015-04,13.845219820489783,20.967188829262188,57,26.20139480404853,7.121969008772405,0.27181640756285036
2014-10,climatology,12,2015-10,41.82833810960287,39.94549525743978,57,26.20139480404853,-1.8828428521630869,0.07186040538086766
2014-10,seasonal naive with drift,1,2014-11,20.68272173471276,,57,26.20139480404853,,
2014-10,seasonal naive with drift,3,2015-01,7.09565619454373,15.859275612745098,57,26.20139480404853,8.763619418201367,0.33447148458093723
2014-10,seasonal naive with drift,6,2015-04,12.87049370632418,20.967188829262188,57,26.20139480404853,8.096695122938009,0.3090177138847181
2014-10,seasonal naive with drift,12,2015-10,53.515000857556835,39.94549525743978,57,26.20139480404853,-13.569505600117054,0.5178924901364546
2014-11,seasonal naive,1,2014-12,13.32076355029804,15.985119335849532,57,26.20139480404853,2.6643557855514928,0.10168755539456273
2014-11,seasonal naive,3,2015-02,5.9174748168498175,14.337945119971938,57,26.20139480404853,8.42047030312212,0.3213748873331363
2014-11,seasonal naive,6,2015-05,29.454100313479625,19.80782415097063,57,26.20139480404853,-9.646276162508993,0.3681588798859857
2014-11,seasonal naive,12,2015-11,20.36106838895479,23.24231222345735,57,26.20139480404853,2.881243834502559,0.10996528452208053
2014-11,naive,1,2014-12,49.65516070846122,15.985119335849532,57,26.20139480404853,-33.670041372611685,1.2850476711037204
2014-11,naive,3,2015-02,49.65516070846122,14.337945119971938,57,26.20139480404853,-35.317215588489276,1.347913569205568
2014-11,naive,6,2015-05,49.65516070846122,19.80782415097063,57,26.20139480404853,-29.847336557490586,1.1391506742564217
2014-11,naive,12,2015-11,49.65516070846122,23.24231222345735,57,26.20139480404853,-26.412848485003867,1.008070321543442
2014-11,climatology,1,2014-12,13.830383264647939,15.985119335849532,57,26.20139480404853,2.1547360712015937,0.08223745672000075
2014-11,climatology,3,2015-02,9.406881759734341,14.337945119971938,57,26.20139480404853,4.931063360237596,0.18819850611447864
2014-11,climatology,6,2015-05,23.84183576685682,19.80782415097063,57,26.20139480404853,-4.03401161588619,0.1539617125750447
2014-11,climatology,12,2015-11,23.762929858260044,23.24231222345735,57,26.20139480404853,-0.5206176348026936,0.01986984428486418
2014-11,seasonal naive with drift,1,2014-12,13.642416896056007,15.985119335849532,57,26.20139480404853,2.342702439793525,0.08941136368173577
2014-11,seasonal naive with drift,3,2015-02,6.882434854123721,14.337945119971938,57,26.20139480404853,7.455510265848217,0.2845463121946555
2014-11,seasonal naive with drift,6,2015-05,31.384020388027434,19.80782415097063,57,26.20139480404853,-11.576196237056802,0.4418160301629475
2014-11,seasonal naive with drift,12,2015-11,24.22090853805041,23.24231222345735,57,26.20139480404853,-0.9785963145930587,0.03734901603184309
2014-12,seasonal naive,1,2015-01,6.130696157269827,15.859275612745098,58,25.741463301875154,9.72857945547527,0.3779342044928186
2014-12,seasonal naive,3,2015-03,6.922493360166889,18.270999943338268,58,25.741463301875154,11.348506583171378,0.4408648587722163
2014-12,seasonal naive,6,2015-06,53.59145897698119,26.853943253830167,58,25.741463301875154,-26.73751572315102,1.0386944755080536
2014-12,seasonal naive,12,2015-12,15.985119335849532,17.42685557334822,58,25.741463301875154,1.441736237498688,0.05600832480233024
2014-12,naive,1,2015-01,15.985119335849532,15.859275612745098,58,25.741463301875154,-0.1258437231044347,0.004888755609136934
2014-12,naive,3,2015-03,15.985119335849532,18.270999943338268,58,25.741463301875154,2.2858806074887354,0.08880150210117305
2014-12,naive,6,2015-06,15.985119335849532,26.853943253830167,58,25.741463301875154,10.868823917980635,0.42223022796022974
2014-12,naive,12,2015-12,15.985119335849532,17.42685557334822,58,25.741463301875154,1.441736237498688,0.05600832480233024
2014-12,climatology,1,2015-01,10.937934093637855,15.859275612745098,58,25.741463301875154,4.9213415191072425,0.19118344056022427
2014-12,climatology,3,2015-03,9.977226449838948,18.270999943338268,58,25.741463301875154,8.29377349349932,0.3221951058584597
2014-12,climatology,6,2015-06,45.079886401235875,26.853943253830167,58,25.741463301875154,-18.225943147405708,0.7080383478462946
2014-12,climatology,12,2015-12,14.261330478888258,17.42685557334822,58,25.741463301875154,3.165525094459962,0.12297378192285469
2014-12,seasonal naive with drift,1,2015-01,6.454495708743334,15.859275612745098,58,25.741463301875154,9.404779904001764,0.3653552944411154
2014-12,seasonal naive with drift,3,2015-03,7.8938920145874105,18.270999943338268,58,25.741463301875154,10.377107928750856,0.4031281286171066
2014-12,seasonal naive with drift,6,2015-06,55.53425628582223,26.853943253830167,58,25.741463301875154,-28.680313031992064,1.114167935818273
2014-12,seasonal naive with drift,12,2015-12,19.870713953531617,17.42685557334822,58,25.741463301875154,-2.4438583801833964,0.09493859581810844
2015-01,seasonal naive,1,2015-02,5.9174748168498175,14.337945119971938,59,25.234498704211983,8.42047030312212,0.33368882821185697
2015-01,seasonal naive,3,2015-04,10.94057363177637,20.967188829262188,59,25.234498704211983,10.026615197485818,0.39733760178926153
2015-01,seasonal naive,6,2015-07,116.7737164355412,40.27710009521364,59,25.234498704211983,-76.49661634032756,3.0314299973614784
2015-01,seasonal naive,12,2016-01,15.859275612745098,12.545716331639492,59,25.234498704211983,-3.313559281105606,0.13131068383587616
2015-01,naive,1,2015-02,15.859275612745098,14.337945119971938,59,25.234498704211983,-1.52133049277316,0.060287723984753815
2015-01,naive,3,2015-04,15.859275612745098,20.967188829262188,59,25.234498704211983,5.10791321651709,0.20241785962898917
2015-01,naive,6,2015-07,15.859275612745098,40.27710009521364,59,25.234498704211983,24.417824482468543,0.9676365981620579
2015-01,naive,12,2016-01,15.859275612745098,12.545716331639492,59,25.234498704211983,-3.313559281105606,0.13131068383587616
2015-01,climatology,1,2015-02,9.406881759734341,14.337945119971938,59,25.234498704211983,4.931063360237596,0.19540960246674266
2015-01,climatology,3,2015-04,13.845219820489783,20.967188829262188,59,25.234498704211983,7.121969008772405,0.28223144403433903
2015-01,climatology,6,2015-07,94.47389282068033,40.27710009521364,59,25.234498704211983,-54.19679272546669,2.1477261490603934
2015-01,climatology,12,2016-01,11.922202397459305,12.545716331639492,59,25.234498704211983,0.6235139341801865,0.024708790195864423
2015-01,seasonal naive with drift,1,2015-02,6.2377788587382605,14.337945119971938,59,25.234498704211983,8.100166261233678,0.3209957271662246
2015-01,seasonal naive with drift,3,2015-04,11.9014857574417,20.967188829262188,59,25.234498704211983,9.065703071820488,0.3592582986523643
2015-01,seasonal naive with drift,6,2015-07,118.69554068687187,40.27710009521364,59,25.234498704211983,-78.41844059165823,3.107588603635273
2015-01,seasonal naive with drift,12,2016-01,19.702924115406415,12.545716331639492,59,25.234498704211983,-7.157207783766923,0.2836278963834652
2015-02,seasonal naive,1,2015-03,6.922493360166889,18.270999943338268,60,25.342011978541137,11.348506583171378,0.44781395387157724
2015-02,seasonal naive,3,2015-05,29.454100313479625,19.80782415097063,60,25.342011978541137,-9.646276162508993,0.3806436588648594
2015-02,seasonal naive,6,2015-08,101.89916824776164,51.52255735937947,60,25.342011978541137,-50.37661088838217,1.9878694292718189
2015-02,seasonal naive,12,2016-02,14.337945119971938,10.15844576393427,60,25.342011978541137,-4.1794993560376685,0.16492373847730576
2015-02,naive,1,2015-03,14.337945119971938,18.270999943338268,60,25.342011978541137,3.93305482336633,0.1551989963029267
2015-02,naive,3,2015-05,14.337945119971938,19.80782415097063,60,25.342011978541137,5.469879030998694,0.21584233468244057
2015-02,naive,6,2015-08,14.337945119971938,51.52255735937947,60,25.342011978541137,37.18461223940753,1.4673109724237505
2015-02,naive,12,2016-02,14.337945119971938,10.15844576393427,60,25.342011978541137,-4.1794993560376685,0.16492373847730576
2015-02,climatology,1,2015-03,9.977226449838948,18.270999943338268,60,25.342011978541137,8.29377349349932,0.32727367900079285
2015-02,climatology,3,2015-05,23.84183576685682,19.80782415097063,60,25.342011978541137,-4.03401161588619,0.15918276809679005
2015-02,climatology,6,2015-08,103.2225655217705,51.52255735937947,60,25.342011978541137,-51.700008162391036,2.0400909054170233
2015-02,climatology,12,2016-02,10.393094431781861,10.15844576393427,60,25.342011978541137,-0.2346486678475923,0.009259275390063182
2015-02,seasonal naive with drift,1,2015-03,7.183355068071525,18.270999943338268,60,25.342011978541137,11.087644875266744,0.43752030756892674
2015-02,seasonal naive with drift,3,2015-05,30.236685437193533,19.80782415097063,60,25.342011978541137,-10.4288612862229,0.41152459777281103
2015-02,seasonal naive with drift,6,2015-08,103.46433849518945,51.52255735937947,60,25.342011978541137,-51.94178113580998,2.049631307087722
2015-02,seasonal naive with drift,12,2016-02,17.468285614827565,10.15844576393427,60,25.342011978541137,-7.309839850893296,0.2884474941091122
2015-03,seasonal naive,1,2015-04,10.94057363177637,20.967188829262188,61,25.072589362368227,10.026615197485818,0.3999034584172185
2015-03,seasonal naive,3,2015-06,53.59145897698119,26.853943253830167,61,25.072589362368227,-26.73751572315102,1.0664042447598852
2015-03,seasonal naive,6,2015-09,73.16617456065525,46.95690568596313,61,25.072589362368227,-26.20926887469212,1.0453355453597446
2015-03,seasonal naive,12,2016-03,18.270999943338268,10.941891091547808,61,25.072589362368227,-7.32910885179046,0.2923155939685597
2015-03,naive,1,2015-04,18.270999943338268,20.967188829262188,61,25.072589362368227,2.6961888859239203,0.10753531862850452
2015-03,naive,3,2015-06,18.270999943338268,26.853943253830167,61,25.072589362368227,8.582943310491899,0.3423237698525925
2015-03,naive,6,2015-09,18.270999943338268,46.95690568596313,61,25.072589362368227,28.68590574262486,1.144114208869065
2015-03,naive,12,2016-03,18.270999943338268,10.941891091547808,61,25.072589362368227,-7.32910885179046,0.2923155939685597
2015-03,climatology,1,2015-04,13.845219820489783,20.967188829262188,61,25.072589362368227,7.121969008772405,0.2840539884349504
2015-03,climatology,3,2015-06,45.079886401235875,26.853943253830167,61,25.072589362368227,-18.225943147405708,0.7269270390860093
2015-03,climatology,6,2015-09,76.94569281057953,46.95690568596313,61,25.072589362368227,-29.9887871246164,1.196078581721079
2015-03,climatology,12,2016-03,11.635981148538812,10.941891091547808,61,25.072589362368227,-0.6940900569910049,0.02768322198236029
2015-03,seasonal naive with drift,1,2015-04,11.216758406502796,20.967188829262188,61,25.072589362368227,9.750430422759392,0.3888880514827854
2015-03,seasonal naive with drift,3,2015-06,54.420013301160466,26.853943253830167,61,25.072589362368227,-27.5660700473303,1.0994504655631847
2015-03,seasonal naive with drift,6,2015-09,74.82328320901381,46.95690568596313,61,25.072589362368227,-27.86637752305068,1.1114279869663437
2015-03,seasonal naive with drift,12,2016-03,21.58521724005538,10.941891091547808,61,25.072589362368227,-10.64332614850757,0.42450047718175754
2015-04,seasonal naive,1,2015-05,29.454100313479625,19.80782415097063,62,24.87213185536911,-9.646276162508993,0.38783471471612785
2015-04,seasonal naive,3,2015-07,116.7737164355412,40.27710009521364,62,24.87213185536911,-76.49661634032756,3.0755954811253687
2015-04,seasonal naive,6,2015-10,49.65516070846122,39.94549525743978,62,24.87213185536911,-9.709665451021436,0.3903833216823923
2015-04,seasonal naive,12,2016-04,20.967188829262188,13.762156850690104,62,24.87213185536911,-7.205031978572084,0.28968292788367256
2015-04,naive,1,2015-05,20.967188829262188,19.80782415097063,62,24.87213185536911,-1.1593646782915563,0.04661299984389099
2015-04,naive,3,2015-07,20.967188829262188,40.27710009521364,62,24.87213185536911,19.309911265951452,0.7763673567765785
2015-04,naive,6,2015-10,20.967188829262188,39.94549525743978,62,24.87213185536911,18.978306428177593,0.7630349717722639
2015-04,naive,12,2016-04,20.967188829262188,13.762156850690104,62,24.87213185536911,-7.205031978572084,0.28968292788367256
2015-04,climatology,1,2015-05,23.84183576685682,19.80782415097063,62,24.87213185536911,-4.03401161588619,0.16219002212371167
2015-04,climatology,3,2015-07,94.47389282068033,40.27710009521364,62,24.87213185536911,-54.19679272546669,2.1790167823417725
2015-04,climatology,6,2015-10,41.82833810960287,39.94549525743978,62,24.87213185536911,-1.8828428521630869,0.07570090344936156
2015-04,climatology,12,2016-04,15.032214655285182,13.762156850690104,62,24.87213185536911,-1.270057804595078,0.05106348792216268
2015-04,seasonal naive with drift,1,2015-05,29.749844249398876,19.80782415097063,62,24.87213185536911,-9.942020098428245,0.39972528918071315
2015-04,seasonal naive with drift,3,2015-07,117.66094824329896,40.27710009521364,62,24.87213185536911,-77.38384814808532,3.111267204519125
2015-04,seasonal naive with drift,6,2015-10,51.429624323976725,39.94549525743978,62,24.87213185536911,-11.484129066536944,0.46172676846990435
2015-04,seasonal naive with drift,12,2016-04,24.516116060293207,13.762156850690104,62,24.87213185536911,-10.753959209603103,0.4323698214586967
2015-05,seasonal naive,1,2015-06,53.59145897698119,26.853943253830167,63,24.637096540377627,-26.73751572315102,1.0852543309773142
2015-05,seasonal naive,3,2015-08,101.89916824776164,51.52255735937947,63,24.637096540377627,-50.37661088838217,2.044746255136849
2015-05,seasonal naive,6,2015-11,20.36106838895479,23.24231222345735,63,24.637096540377627,2.881243834502559,0.11694737769852472
2015-05,seasonal naive,12,2016-05,19.80782415097063,25.077205412742018,63,24.637096540377627,5.269381261771386,0.2138799615910674
2015-05,naive,1,2015-06,19.80782415097063,26.853943253830167,63,24.637096540377627,7.046119102859535,0.28599632636547423
2015-05,naive,3,2015-08,19.80782415097063,51.52255735937947,63,24.637096540377627,31.714733208408838,1.2872755990719809
2015-05,naive,6,2015-11,19.80782415097063,23.24231222345735,63,24.637096540377627,3.434488072486719,0.1394031178494573
2015-05,naive,12,2016-05,19.80782415097063,25.077205412742018,63,24.637096540377627,5.269381261771386,0.2138799615910674
2015-05,climatology,1,2015-06,45.079886401235875,26.853943253830167,63,24.637096540377627,-18.225943147405708,0.7397764228238215
2015-05,climatology,3,2015-08,103.2225655217705,51.52255735937947,63,24.637096540377627,-51.700008162391036,2.098461889681689
2015-05,climatology,6,2015-11,23.762929858260044,23.24231222345735,63,24.637096540377627,-0.5206176348026936,0.02113145248058982
2015-05,climatology,12,2016-05,23.26554839315879,25.077205412742018,63,24.637096540377627,1.811657019583226,0.07353370623904928
2015-05,seasonal naive with drift,1,2015-06,53.90245847427261,26.853943253830167,63,24.637096540377627,-27.048515220442447,1.0978775512817738
2015-05,seasonal naive with drift,3,2015-08,102.83216673963592,51.52255735937947,63,24.637096540377627,-51.309609380256454,2.0826159160502278
2015-05,seasonal naive with drift,6,2015-11,22.227065372703365,23.24231222345735,63,24.637096540377627,1.0152468507539858,0.04120805587176648
2015-05,seasonal naive with drift,12,2016-05,23.53981811846778,25.077205412742018,63,24.637096540377627,1.537387294274236,0.06240131793755075
2015-06,seasonal naive,1,2015-07,116.7737164355412,40.27710009521364,64,24.21330924267132,-76.49661634032756,3.1592796991795296
2015-06,seasonal naive,3,2015-09,73.16617456065525,46.95690568596313,64,24.21330924267132,-26.20926887469212,1.0824323355397991
2015-06,seasonal naive,6,2015-12,15.985119335849532,17.42685557334822,64,24.21330924267132,1.441736237498688,0.05954313072406906
2015-06,seasonal naive,12,2016-06,26.853943253830167,37.77888036018321,64,24.21330924267132,10.924937106353042,0.4511955386544163
2015-06,naive,1,2015-07,26.853943253830167,40.27710009521364,64,24.21330924267132,13.423156841383474,0.5543710158266071
2015-06,naive,3,2015-09,26.853943253830167,46.95690568596313,64,24.21330924267132,20.102962432132962,0.83024431855458
2015-06,naive,6,2015-12,26.853943253830167,17.42685557334822,64,24.21330924267132,-9.427087680481947,0.38933495566432164
2015-06,naive,12,2016-06,26.853943253830167,37.77888036018321,64,24.21330924267132,10.924937106353042,0.4511955386544163
2015-06,climatology,1,2015-07,94.47389282068033,40.27710009521364,64,24.21330924267132,-54.19679272546669,2.2383058912887144
2015-06,climatology,3,2015-09,76.94569281057953,46.95690568596313,64,24.21330924267132,-29.9887871246164,1.2385249295774454
2015-06,climatology,6,2015-12,14.261330478888258,17.42685557334822,64,24.21330924267132,3.165525094459962,0.13073492196933292
2015-06,climatology,12,2016-06,42.47618023732077,37.77888036018321,64,24.21330924267132,-4.69729987713756,0.19399660864445034
2015-06,seasonal naive with drift,1,2015-07,117.07456825490452,40.27710009521364,64,24.21330924267132,-76.79746815969088,3.1717047591475045
2015-06,seasonal naive with drift,3,2015-09,74.06873001874519,46.95690568596313,64,24.21330924267132,-27.111824332782057,1.119707515443724
2015-06,seasonal naive with drift,6,2015-12,17.79023025202939,17.42685557334822,64,24.21330924267132,-0.36337467868116846,0.015007229083779685
2015-06,seasonal naive with drift,12,2016-06,30.46416508618988,37.77888036018321,64,24.21330924267132,7.314715273993329,0.30209481903871876
2015-07,seasonal naive,1,2015-08,101.89916824776164,51.52255735937947,65,24.007668669824074,-50.37661088838217,2.098354970705755
2015-07,seasonal naive,3,2015-10,49.65516070846122,39.94549525743978,65,24.007668669824074,-9.709665451021436,0.404440163872546
2015-07,seasonal naive,6,2016-01,15.859275612745098,12.545716331639492,65,24.007668669824074,-3.313559281105606,0.13802086852650186
2015-07,seasonal naive,12,2016-07,40.27710009521364,59.479007540889526,65,24.007668669824074,19.201907445675886,0.7998239108410936
2015-07,naive,1,2015-08,40.27710009521364,51.52255735937947,65,24.007668669824074,11.245457264165829,0.4684110489370659
2015-07,naive,3,2015-10,40.27710009521364,39.94549525743978,65,24.007668669824074,-0.33160483777385963,0.013812454775780176
2015-07,naive,6,2016-01,40.27710009521364,12.545716331639492,65,24.007668669824074,-27.73138376357415,1.1551052351214144
2015-07,naive,12,2016-07,40.27710009521364,59.479007540889526,65,24.007668669824074,19.201907445675886,0.7998239108410936
2015-07,climatology,1,2015-08,103.2225655217705,51.52255735937947,65,24.007668669824074,-51.700008162391036,2.153478910152332
2015-07,climatology,3,2015-10,41.82833810960287,39.94549525743978,65,24.007668669824074,-1.8828428521630869,0.07842672597900711
2015-07,climatology,6,2016-01,11.922202397459305,12.545716331639492,65,24.007668669824074,0.6235139341801865,0.02597144865481666
2015-07,climatology,12,2016-07,85.44109403310256,59.479007540889526,65,24.007668669824074,-25.962086492213032,1.081408063784449
2015-07,seasonal naive with drift,1,2015-08,102.17340909115934,51.52255735937947,65,24.007668669824074,-50.65085173177987,2.1097780225301253
2015-07,seasonal naive with drift,3,2015-10,50.47788323865432,39.94549525743978,65,24.007668669824074,-10.53238798121454,0.4387093193456556
2015-07,seasonal naive with drift,6,2016-01,17.504720673131303,12.545716331639492,65,24.007668669824074,-4.959004341491811,0.20655917947272096
2015-07,seasonal naive with drift,12,2016-07,43.56799021598605,59.479007540889526,65,24.007668669824074,15.911017324903476,0.6627472889486553
2015-08,seasonal naive,1,2015-09,73.16617456065525,46.95690568596313,66,24.77143701068218,-26.20926887469212,1.0580439424402348
2015-08,seasonal naive,3,2015-11,20.36106838895479,23.24231222345735,66,24.77143701068218,2.881243834502559,0.11631314861790541
2015-08,seasonal naive,6,2016-02,14.337945119971938,10.15844576393427,66,24.77143701068218,-4.1794993560376685,0.16872252321233297
2015-08,seasonal naive,12,2016-08,51.52255735937947,82.24805659922927,66,24.77143701068218,30.725499239849803,1.2403599850343787
2015-08,naive,1,2015-09,51.52255735937947,46.95690568596313,66,24.77143701068218,-4.56565167341634,0.18431113509674452
2015-08,naive,3,2015-11,51.52255735937947,23.24231222345735,66,24.77143701068218,-28.28024513592212,1.1416473385749415
2015-08,naive,6,2016-02,51.52255735937947,10.15844576393427,66,24.77143701068218,-41.3641115954452,1.6698309257395025
2015-08,naive,12,2016-08,51.52255735937947,82.24805659922927,66,24.77143701068218,30.725499239849803,1.2403599850343787
2015-08,climatology,1,2015-09,76.94569281057953,46.95690568596313,66,24.77143701068218,-29.9887871246164,1.2106195983577515
2015-08,climatology,3,2015-11,23.762929858260044,23.24231222345735,66,24.77143701068218,-0.5206176348026936,0.02101685237631502
2015-08,climatology,6,2016-02,10.393094431781861,10.15844576393427,66,24.77143701068218,-0.2346486678475923,0.009472549684800475
2015-08,climatology,12,2016-08,94.60589749470535,82.24805659922927,66,24.77143701068218,-12.357840895476073,0.4988746066748976
2015-08,seasonal naive with drift,1,2015-09,73.33464063677373,46.95690568596313,66,24.77143701068218,-26.3777349508106,1.064844762111933
2015-08,seasonal naive with drift,3,2015-11,20.866466617310234,23.24231222345735,66,24.77143701068218,2.3758456061471165,0.09591068960281074
2015-08,seasonal naive with drift,6,2016-02,15.348741576682825,10.15844576393427,66,24.77143701068218,-5.1902958127485554,0.2095274412425224
2015-08,seasonal naive with drift,12,2016-08,53.54415027280125,82.24805659922927,66,24.77143701068218,28.703906326428026,1.1587501489739997
2015-09,seasonal naive,1,2015-10,49.65516070846122,39.94549525743978,67,25.31999747524793,-9.709665451021436,0.38347813661961516
2015-09,seasonal naive,3,2015-12,15.985119335849532,17.42685557334822,67,25.31999747524793,1.441736237498688,0.056940615373602864
2015-09,seasonal naive,6,2016-03,18.270999943338268,10.941891091547808,67,25.31999747524793,-7.32910885179046,0.28945930421024635
2015-09,seasonal naive,12,2016-09,46.95690568596313,70.99065504807947,67,25.31999747524793,24.033749362116346,0.9492003064222664
2015-09,naive,1,2015-10,46.95690568596313,39.94549525743978,67,25.31999747524793,-7.011410428523348,0.27691197186640687
2015-09,naive,3,2015-12,46.95690568596313,17.42685557334822,67,25.31999747524793,-29.53005011261491,1.1662738174236629
2015-09,naive,6,2016-03,46.95690568596313,10.941891091547808,67,25.31999747524793,-36.01501459441532,1.4223940831598627
2015-09,naive,12,2016-09,46.95690568596313,70.99065504807947,67,25.31999747524793,24.033749362116346,0.9492003064222664
2015-09,climatology,1,2015-10,41.82833810960287,39.94549525743978,67,25.31999747524793,-1.8828428521630869,0.07436188941186497
2015-09,climatology,3,2015-12,14.261330478888258,17.42685557334822,67,25.31999747524793,3.165525094459962,0.1250207507940901
2015-09,climatology,6,2016-03,11.635981148538812,10.941891091547808,67,25.31999747524793,-0.6940900569910049,0.027412722203844078
2015-09,climatology,12,2016-09,71.94756162314347,70.99065504807947,67,25.31999747524793,-0.9569065750639965,0.03779252253083515
2015-09,seasonal naive with drift,1,2015-10,49.73731791264755,39.94549525743978,67,25.31999747524793,-9.791822655207767,0.38672289224278
2015-09,seasonal naive with drift,3,2015-12,16.23159094840852,17.42685557334822,67,25.31999747524793,1.1952646249396999,0.04720634850410845
2015-09,seasonal naive with drift,6,2016-03,18.763943168456244,10.941891091547808,67,25.31999747524793,-7.822052076908436,0.3089278379492352
2015-09,seasonal naive with drift,12,2016-09,47.94279213619908,70.99065504807947,67,25.31999747524793,23.047862911880394,0.9102632389442887
2015-10,seasonal naive,1,2015-11,20.36106838895479,23.24231222345735,68,25.461081079318785,2.881243834502559,0.11316266679826492
2015-10,seasonal naive,3,2016-01,15.859275612745098,12.545716331639492,68,25.461081079318785,-3.313559281105606,0.13014212832451577
2015-10,seasonal naive,6,2016-04,20.967188829262188,13.762156850690104,68,25.461081079318785,-7.205031978572084,0.28298217016497773
2015-10,seasonal naive,12,2016-10,39.94549525743978,45.825641242881055,68,25.461081079318785,5.880145985441274,0.23094643809989385
2015-10,naive,1,2015-11,39.94549525743978,23.24231222345735,68,25.461081079318785,-16.70318303398243,0.6560280367493856
2015-10,naive,3,2016-01,39.94549525743978,12.545716331639492,68,25.461081079318785,-27.39977892580029,1.0761435793100023
2015-10,naive,6,2016-04,39.94549525743978,13.762156850690104,68,25.461081079318785,-26.183338406749677,1.0283671115606148
2015-10,naive,12,2016-10,39.94549525743978,45.825641242881055,68,25.461081079318785,5.880145985441274,0.23094643809989385
2015-10,climatology,1,2015-11,23.762929858260044,23.24231222345735,68,25.461081079318785,-0.5206176348026936,0.020447585598616806
2015-10,climatology,3,2016-01,11.922202397459305,12.545716331639492,68,25.461081079318785,0.6235139341801865,0.024488902581856462
2015-10,climatology,6,2016-04,15.032214655285182,13.762156850690104,68,25.461081079318785,-1.270057804595078,0.04988232041830718
2015-10,climatology,12,2016-10,41.51453096757569,45.825641242881055,68,25.461081079318785,4.311110275305367,0.16932157208387916
2015-10,seasonal naive with drift,1,2015-11,20.392322965531818,23.24231222345735,68,25.461081079318785,2.8499892579255324,0.111935123612661
2015-10,seasonal naive with drift,3,2016-01,15.953039342476178,12.545716331639492,68,25.461081079318785,-3.407323010836686,0.13382475788132756
2015-10,seasonal naive with drift,6,2016-04,21.154716288724348,13.762156850690104,68,25.461081079318785,-7.392559438034244,0.2903474292786013
2015-10,seasonal naive with drift,12,2016-10,40.3205501763641,45.825641242881055,68,25.461081079318785,5.505091066516954,0.2162159198726468
2015-11,seasonal naive,1,2015-12,15.985119335849532,17.42685557334822,69,25.477778753102736,1.441736237498688,0.05658798796669472
2015-11,seasonal naive,3,2016-02,14.337945119971938,10.15844576393427,69,25.477778753102736,-4.1794993560376685,0.16404488776434956
2015-11,seasonal naive,6,2016-05,19.80782415097063,25.077205412742018,69,25.477778753102736,5.269381261771386,0.20682263209973398
2015-11,seasonal naive,12,2016-11,23.24231222345735,30.68067779303859,69,25.477778753102736,7.43836556958124,0.29195502644340143
2015-11,naive,1,2015-12,23.24231222345735,17.42685557334822,69,25.477778753102736,-5.81545665010913,0.22825603073426926
2015-11,naive,3,2016-02,23.24231222345735,10.15844576393427,69,25.477778753102736,-13.083866459523081,0.5135403123763174
2015-11,naive,6,2016-05,23.24231222345735,25.077205412742018,69,25.477778753102736,1.8348931892846672,0.0720193548686504
2015-11,naive,12,2016-11,23.24231222345735,30.68067779303859,69,25.477778753102736,7.43836556958124,0.29195502644340143
2015-11,climatology,1,2015-12,14.261330478888258,17.42685557334822,69,25.477778753102736,3.165525094459962,0.12424651007201552
2015-11,climatology,3,2016-02,10.393094431781861,10.15844576393427,69,25.477778753102736,-0.2346486678475923,0.009209934277297086
2015-11,climatology,6,2016-05,23.26554839315879,25.077205412742018,69,25.477778753102736,1.811657019583226,0.07110733777616303
2015-11,climatology,12,2016-11,23.658806331299505,30.68067779303859,69,25.477778753102736,7.021871461739085,0.2756076787456971
2015-11,seasonal naive with drift,1,2015-12,15.977210310958828,17.42685557334822,69,25.477778753102736,1.4496452623893923,0.056898416319470214
2015-11,seasonal naive with drift,3,2016-02,14.314218045299823,10.15844576393427,69,25.477778753102736,-4.155772281365554,0.163113602706023
2015-11,seasonal naive with drift,6,2016-05,19.760370001626402,25.077205412742018,69,25.477778753102736,5.3168354111156155,0.20868520221638712
2015-11,seasonal naive with drift,12,2016-11,23.147403924768895,30.68067779303859,69,25.477778753102736,7.533273868269696,0.29568016667670755
2015-12,seasonal naive,1,2016-01,15.859275612745098,12.545716331639492,70,25.06336422697163,-3.313559281105606,0.1322072827533568
2015-12,seasonal naive,3,2016-03,18.270999943338268,10.941891091547808,70,25.06336422697163,-7.32910885179046,0.29242318730313666
2015-12,seasonal naive,6,2016-06,26.853943253830167,37.77888036018321,70,25.06336422697163,10.924937106353042,0.43589268413520904
2015-12,seasonal naive,12,2016-12,17.42685557334822,20.010404444074908,70,25.06336422697163,2.5835488707266876,0.10308068970032497
2015-12,naive,1,2016-01,17.42685557334822,12.545716331639492,70,25.06336422697163,-4.881139241708729,0.19475195737912754
2015-12,naive,3,2016-03,17.42685557334822,10.941891091547808,70,25.06336422697163,-6.484964481800413,0.2587427778279541
2015-12,naive,6,2016-06,17.42685557334822,37.77888036018321,70,25.06336422697163,20.35202478683499,0.8120228634324121
2015-12,naive,12,2016-12,17.42685557334822,20.010404444074908,70,25.06336422697163,2.5835488707266876,0.10308068970032497
2015-12,climatology,1,2016-01,11.922202397459305,12.545716331639492,70,25.06336422697163,0.6235139341801865,0.02487750361578354
2015-12,climatology,3,2016-03,11.635981148538812,10.941891091547808,70,25.06336422697163,-0.6940900569910049,0.027693411415378486
2015-12,climatology,6,2016-06,42.47618023732077,37.77888036018321,70,25.06336422697163,-4.69729987713756,0.18741697381880676
2015-12,climatology,12,2016-12,14.788917994631584,20.010404444074908,70,25.06336422697163,5.221486449443324,0.20833142758322468
2015-12,seasonal naive with drift,1,2016-01,15.853574410463857,12.545716331639492,70,25.06336422697163,-3.3078580788243652,0.1319798112044613
2015-12,seasonal naive with drift,3,2016-03,18.253896336494545,10.941891091547808,70,25.06336422697163,-7.312005244946738,0.2917407726564502
2015-12,seasonal naive with drift,6,2016-06,26.819736040142725,37.77888036018321,70,25.06336422697163,10.959144320040483,0.43725751342858177
2015-12,seasonal naive with drift,12,2016-12,17.358441145973337,20.010404444074908,70,25.06336422697163,2.6519632981015704,0.10581034828707045
2016-01,seasonal naive,1,2016-02,14.337945119971938,10.15844576393427,71,24.69472346517729,-4.1794993560376685,0.16924665554288534
2016-01,seasonal naive,3,2016-04,20.967188829262188,13.762156850690104,71,24.69472346517729,-7.205031978572084,0.29176402759610154
2016-01,seasonal naive,6,2016-07,40.27710009521364,59.479007540889526,71,24.69472346517729,19.201907445675886,0.7775712683218755
2016-01,seasonal naive,12,2017-01,12.545716331639492,12.779323304793628,71,24.69472346517729,0.2336069731541368,0.009459793039737919
2016-01,naive,1,2016-02,12.545716331639492,10.15844576393427,71,24.69472346517729,-2.3872705677052224,0.09667128166353345
2016-01,naive,3,2016-04,12.545716331639492,13.762156850690104,71,24.69472346517729,1.2164405190506127,0.049259126985809296
2016-01,naive,6,2016-07,12.545716331639492,59.479007540889526,71,24.69472346517729,46.93329120925004,1.900539249829299
2016-01,naive,12,2017-01,12.545716331639492,12.779323304793628,71,24.69472346517729,0.2336069731541368,0.009459793039737919
2016-01,climatology,1,2016-02,10.393094431781861,10.15844576393427,71,24.69472346517729,-0.2346486678475923,0.00950197592528124
2016-01,climatology,3,2016-04,15.032214655285182,13.762156850690104,71,24.69472346517729,-1.270057804595078,0.05143033111449989
2016-01,climatology,6,2016-07,85.44109403310256,59.479007540889526,71,24.69472346517729,-25.962086492213032,1.051321207496933
2016-01,climatology,12,2017-01,12.026121386489336,12.779323304793628,71,24.69472346517729,0.753201918304292,0.0305005204600247
2016-01,seasonal naive with drift,1,2016-02,14.3276603797617,10.15844576393427,71,24.69472346517729,-4.16921461582743,0.16883018033008365
2016-01,seasonal naive with drift,3,2016-04,20.936334608631473,13.762156850690104,71,24.69472346517729,-7.174177757941369,0.2905146019576965
2016-01,seasonal naive with drift,6,2016-07,40.21539165395221,59.479007540889526,71,24.69472346517729,19.263615886937316,0.7800701195986856
2016-01,seasonal naive with drift,12,2017-01,12.422299449116629,12.779323304793628,71,24.69472346517729,0.35702385567699935,0.014457495593358172
2016-02,seasonal naive,1,2016-03,18.270999943338268,10.941891091547808,72,24.352803063358298,-7.32910885179046,0.30095545193390816
2016-02,seasonal naive,3,2016-05,19.80782415097063,25.077205412742018,72,24.352803063358298,5.269381261771386,0.216376786198374
2016-02,seasonal naive,6,2016-08,51.52255735937947,82.24805659922927,72,24.352803063358298,30.725499239849803,1.2616822449519163
2016-02,seasonal naive,12,2017-02,10.15844576393427,9.717814057555968,72,24.352803063358298,-0.4406317063783014,0.01809367509899854
2016-02,naive,1,2016-03,10.15844576393427,10.941891091547808,72,24.352803063358298,0.7834453276135385,0.032170642762365434
2016-02,naive,3,2016-05,10.15844576393427,25.077205412742018,72,24.352803063358298,14.918759648807749,0.6126095468350748
2016-02,naive,6,2016-08,10.15844576393427,82.24805659922927,72,24.352803063358298,72.089610835295,2.960218199430292
2016-02,naive,12,2017-02,10.15844576393427,9.717814057555968,72,24.352803063358298,-0.4406317063783014,0.01809367509899854
2016-02,climatology,1,2016-03,11.635981148538812,10.941891091547808,72,24.352803063358298,-0.6940900569910049,0.028501444174011587
2016-02,climatology,3,2016-05,23.26554839315879,25.077205412742018,72,24.352803063358298,1.811657019583226,0.07439213526549149
2016-02,climatology,6,2016-08,94.60589749470535,82.24805659922927,72,24.352803063358298,-12.357840895476073,0.5074504509121548
2016-02,climatology,12,2017-02,10.353986320473929,9.717814057555968,72,24.352803063358298,-0.6361722629179614,0.02612316377966192
2016-02,seasonal naive with drift,1,2016-03,18.25508175524815,10.941891091547808,72,24.352803063358298,-7.313190663700341,0.3003018028221938
2016-02,seasonal naive with drift,3,2016-05,19.760069586700272,25.077205412742018,72,24.352803063358298,5.317135826041746,0.2183377335335172
2016-02,seasonal naive with drift,6,2016-08,51.42704823083875,82.24805659922927,72,24.352803063358298,30.821008368390522,1.2656041396222029
2016-02,seasonal naive with drift,12,2017-02,9.967427506852825,9.717814057555968,72,24.352803063358298,-0.24961344929685758,0.010249885758425519
2016-03,seasonal naive,1,2016-04,20.967188829262188,13.762156850690104,73,24.0737261090703,-7.205031978572084,0.2992902696461862
2016-03,seasonal naive,3,2016-06,26.853943253830167,37.77888036018321,73,24.0737261090703,10.924937106353042,0.453811639164443
2016-03,seasonal naive,6,2016-09,46.95690568596313,70.99065504807947,73,24.0737261090703,24.033749362116346,0.9983394034320723
2016-03,seasonal naive,12,2017-03,10.941891091547808,12.137530418720104,73,24.0737261090703,1.1956393271722963,0.049665736070737015
2016-03,naive,1,2016-04,10.941891091547808,13.762156850690104,73,24.0737261090703,2.8202657591422966,0.11715119405963915
2016-03,naive,3,2016-06,10.941891091547808,37.77888036018321,73,24.0737261090703,26.8369892686354,1.114783359544993
2016-03,naive,6,2016-09,10.941891091547808,70.99065504807947,73,24.0737261090703,60.048763956531666,2.4943693254824804
2016-03,naive,12,2017-03,10.941891091547808,12.137530418720104,73,24.0737261090703,1.1956393271722963,0.049665736070737015
2016-03,climatology,1,2016-04,15.032214655285182,13.762156850690104,73,24.0737261090703,-1.270057804595078,0.052757009813971266
2016-03,climatology,3,2016-06,42.47618023732077,37.77888036018321,73,24.0737261090703,-4.69729987713756,0.19512143055277803
2016-03,climatology,6,2016-09,71.94756162314347,70.99065504807947,73,24.0737261090703,-0.9569065750639965,0.03974900149351874
2016-03,climatology,12,2017-03,11.520299472373646,12.137530418720104,73,24.0737261090703,0.6172309463464583,0.02563919451230705
2016-03,seasonal naive with drift,1,2016-04,20.941519151288585,13.762156850690104,73,24.0737261090703,-7.179362300598481,0.29822397530283024
2016-03,seasonal naive with drift,3,2016-06,26.77693421990936,37.77888036018321,73,24.0737261090703,11.001946140273848,0.4570105221945109
2016-03,seasonal naive with drift,6,2016-09,46.80288761812152,70.99065504807947,73,24.0737261090703,24.187767429957958,1.004737169492208
2016-03,seasonal naive with drift,12,2017-03,10.633854955864578,12.137530418720104,73,24.0737261090703,1.5036754628555258,0.06246126819100859
2016-04,seasonal naive,1,2016-05,19.80782415097063,25.077205412742018,74,23.80165039728807,5.269381261771386,0.2213872220546426
2016-04,seasonal naive,3,2016-07,40.27710009521364,59.479007540889526,74,23.80165039728807,19.201907445675886,0.8067468904536017
2016-04,seasonal naive,6,2016-10,39.94549525743978,45.825641242881055,74,23.80165039728807,5.880145985441274,0.2470478259823214
2016-04,seasonal naive,12,2017-04,13.762156850690104,37.58497474692917,74,23.80165039728807,23.822817896239066,1.0008893290422165
2016-04,naive,1,2016-05,13.762156850690104,25.077205412742018,74,23.80165039728807,11.315048562051913,0.47538924289641427
2016-04,naive,3,2016-07,13.762156850690104,59.479007540889526,74,23.80165039728807,45.71685069019942,1.9207428866112721
2016-04,naive,6,2016-10,13.762156850690104,45.825641242881055,74,23.80165039728807,32.06348439219095,1.3471118118701644
2016-04,naive,12,2017-04,13.762156850690104,37.58497474692917,74,23.80165039728807,23.822817896239066,1.0008893290422165
2016-04,climatology,1,2016-05,23.26554839315879,25.077205412742018,74,23.80165039728807,1.811657019583226,0.07611476470512497
2016-04,climatology,3,2016-07,85.44109403310256,59.479007540889526,74,23.80165039728807,-25.962086492213032,1.0907683315595258
2016-04,climatology,6,2016-10,41.51453096757569,45.825641242881055,74,23.80165039728807,4.311110275305367,0.18112652708303661
2016-04,climatology,12,2017-04,14.850777826057314,37.58497474692917,74,23.80165039728807,22.734196920871856,0.9551521235461118
2016-04,seasonal naive with drift,1,2016-05,19.77288431729422,25.077205412742018,74,23.80165039728807,5.304321095447797,0.2228551804984147
2016-04,seasonal naive with drift,3,2016-07,40.17228059418441,59.479007540889526,74,23.80165039728807,19.30672694670512,0.8111507657849181
2016-04,seasonal naive with drift,6,2016-10,39.73585625538132,45.825641242881055,74,23.80165039728807,6.089784987499733,0.2558555766449538
2016-04,seasonal naive with drift,12,2017-04,13.342878846573182,37.58497474692917,74,23.80165039728807,24.242095900355988,1.0185048303674815
2016-05,seasonal naive,1,2016-06,26.853943253830167,37.77888036018321,75,23.507487395137012,10.924937106353042,0.46474286778148316
2016-05,seasonal naive,3,2016-08,51.52255735937947,82.24805659922927,75,23.507487395137012,30.725499239849803,1.3070516097014255
2016-05,seasonal naive,6,2016-11,23.24231222345735,30.68067779303859,75,23.507487395137012,7.43836556958124,0.31642537735104825
2016-05,seasonal naive,12,2017-05,25.077205412742018,44.37289578478105,75,23.507487395137012,19.295690372039033,0.8208316800387067
2016-05,naive,1,2016-06,25.077205412742018,37.77888036018321,75,23.507487395137012,12.701674947441191,0.5403246520539997
2016-05,naive,3,2016-08,25.077205412742018,82.24805659922927,75,23.507487395137012,57.170851186487255,2.4320273037055493
2016-05,naive,6,2016-11,25.077205412742018,30.68067779303859,75,23.507487395137012,5.603472380296573,0.23836968562857813
2016-05,naive,12,2017-05,25.077205412742018,44.37289578478105,75,23.507487395137012,19.295690372039033,0.8208316800387067
2016-05,climatology,1,2016-06,42.47618023732077,37.77888036018321,75,23.507487395137012,-4.69729987713756,0.1998214355358663
2016-05,climatology,3,2016-08,94.60589749470535,82.24805659922927,75,23.507487395137012,-12.357840895476073,0.5256980760109877
2016-05,climatology,6,2016-11,23.658806331299505,30.68067779303859,75,23.507487395137012,7.021871461739085,0.2987078688465743
2016-05,climatology,12,2017-05,23.492005520606696,44.37289578478105,75,23.507487395137012,20.880890264174354,0.8882655093327404
2016-05,seasonal naive with drift,1,2016-06,26.826528101722392,37.77888036018321,75,23.507487395137012,10.952352258460817,0.4659090984231061
2016-05,seasonal naive with drift,3,2016-08,51.44031190305615,82.24805659922927,75,23.507487395137012,30.807744696173124,1.3105503016262943
2016-05,seasonal naive with drift,6,2016-11,23.0778213108107,30.68067779303859,75,23.507487395137012,7.602856482227889,0.32342276120078617
2016-05,seasonal naive with drift,12,2017-05,24.74822358744872,44.37289578478105,75,23.507487395137012,19.62467219733233,0.8348264477381824
2016-06,seasonal naive,1,2016-07,40.27710009521364,59.479007540889526,76,23.310885046874763,19.201907445675886,0.8237313772970727
2016-06,seasonal naive,3,2016-09,46.95690568596313,70.99065504807947,76,23.310885046874763,24.033749362116346,1.0310097327402203
2016-06,seasonal naive,6,2016-12,17.42685557334822,20.010404444074908,76,23.310885046874763,2.5835488707266876,0.11083014932858837
2016-06,seasonal naive,12,2017-06,37.77888036018321,64.03962290501559,76,23.310885046874763,26.260742544832382,1.1265442085114268
2016-06,naive,1,2016-07,37.77888036018321,59.479007540889526,76,23.310885046874763,21.700127180706318,0.9309010420269566
2016-06,naive,3,2016-09,37.77888036018321,70.99065504807947,76,23.310885046874763,33.211774687896266,1.4247324638730907
2016-06,naive,6,2016-12,37.77888036018321,20.010404444074908,76,23.310885046874763,-17.7684759161083,0.7622394379440552
2016-06,naive,12,2017-06,37.77888036018321,64.03962290501559,76,23.310885046874763,26.260742544832382,1.1265442085114268
2016-06,climatology,1,2016-07,85.44109403310256,59.479007540889526,76,23.310885046874763,-25.962086492213032,1.1137323374898505
2016-06,climatology,3,2016-09,71.94756162314347,70.99065504807947,76,23.310885046874763,-0.9569065750639965,0.0410497745212075
2016-06,climatology,6,2016-12,14.788917994631584,20.010404444074908,76,23.310885046874763,5.221486449443324,0.22399348797541074
2016-06,climatology,12,2017-06,41.889017752678576,64.03962290501559,76,23.310885046874763,22.150605152337015,0.950225832601182
2016-06,seasonal naive with drift,1,2016-07,40.264338483381444,59.479007540889526,76,23.310885046874763,19.214669057508083,0.8242788302061551
2016-06,seasonal naive with drift,3,2016-09,46.918620850466546,70.99065504807947,76,23.310885046874763,24.07203419761293,1.032652091467467
2016-06,seasonal naive with drift,6,2016-12,17.350285902355058,20.010404444074908,76,23.310885046874763,2.66011854171985,0.11411486678308193
2016-06,seasonal naive with drift,12,2017-06,37.625741018196884,64.03962290501559,76,23.310885046874763,26.413881886818707,1.1331136434204139
2016-07,seasonal naive,1,2016-08,51.52255735937947,82.24805659922927,77,23.247670006856318,30.725499239849803,1.3216592987937323
2016-07,seasonal naive,3,2016-10,39.94549525743978,45.825641242881055,77,23.247670006856318,5.880145985441274,0.2529348525554205
2016-07,seasonal naive,6,2017-01,12.545716331639492,12.779323304793628,77,23.247670006856318,0.2336069731541368,0.010048618768471863
2016-07,seasonal naive,12,2017-07,59.479007540889526,87.66503940194706,77,23.247670006856318,28.18603186105753,1.2124239484105188
2016-07,naive,1,2016-08,59.479007540889526,82.24805659922927,77,23.247670006856318,22.769049058339746,0.979412089539493
2016-07,naive,3,2016-10,59.479007540889526,45.825641242881055,77,23.247670006856318,-13.653366298008471,0.5873004173743758
2016-07,naive,6,2017-01,59.479007540889526,12.779323304793628,77,23.247670006856318,-46.6996842360959,2.008789879687857
2016-07,naive,12,2017-07,59.479007540889526,87.66503940194706,77,23.247670006856318,28.18603186105753,1.2124239484105188
2016-07,climatology,1,2016-08,94.60589749470535,82.24805659922927,77,23.247670006856318,-12.357840895476073,0.5315733100061829
2016-07,climatology,3,2016-10,41.51453096757569,45.825641242881055,77,23.247670006856318,4.311110275305367,0.18544268195625252
2016-07,climatology,6,2017-01,12.026121386489336,12.779323304793628,77,23.247670006856318,0.753201918304292,0.032399028293250635
2016-07,climatology,12,2017-07,81.73222453421498,87.66503940194706,77,23.247670006856318,5.932814867732077,0.255200407868072
2016-07,seasonal naive with drift,1,2016-08,51.53460991009556,82.24805659922927,77,23.247670006856318,30.71344668913371,1.3211408575601575
2016-07,seasonal naive with drift,3,2016-10,39.98165290958806,45.825641242881055,77,23.247670006856318,5.843988333292998,0.2513795288546964
2016-07,seasonal naive with drift,6,2017-01,12.61803163593604,12.779323304793628,77,23.247670006856318,0.16129166885758828,0.00693797136702385
2016-07,seasonal naive with drift,12,2017-07,59.62363814948262,87.66503940194706,77,23.247670006856318,28.041401252464432,1.2062026536076227
2016-08,seasonal naive,1,2016-09,46.95690568596313,70.99065504807947,78,23.360970449780464,24.033749362116346,1.028799270723028
2016-08,seasonal naive,3,2016-11,23.24231222345735,30.68067779303859,78,23.360970449780464,7.43836556958124,0.31840995585228965
2016-08,seasonal naive,6,2017-02,10.15844576393427,9.717814057555968,78,23.360970449780464,-0.4406317063783014,0.0188618750802984
2016-08,seasonal naive,12,2017-08,82.24805659922927,64.92411901892125,78,23.360970449780464,-17.323937580308026,0.7415761095006578
2016-08,naive,1,2016-09,82.24805659922927,70.99065504807947,78,23.360970449780464,-11.257401551149798,0.4818892937410308
2016-08,naive,3,2016-11,82.24805659922927,30.68067779303859,78,23.360970449780464,-51.56737880619068,2.2074159511928704
2016-08,naive,6,2017-02,82.24805659922927,9.717814057555968,78,23.360970449780464,-72.5302425416733,3.1047615379503597
2016-08,naive,12,2017-08,82.24805659922927,64.92411901892125,78,23.360970449780464,-17.323937580308026,0.7415761095006578
2016-08,climatology,1,2016-09,71.94756162314347,70.99065504807947,78,23.360970449780464,-0.9569065750639965,0.040961764714401626
2016-08,climatology,3,2016-11,23.658806331299505,30.68067779303859,78,23.360970449780464,7.021871461739085,0.3005813254562408
2016-08,climatology,6,2017-02,10.353986320473929,9.717814057555968,78,23.360970449780464,-0.6361722629179614,0.02723227034962239
2016-08,climatology,12,2017-08,92.84049165249448,64.92411901892125,78,23.360970449780464,-27.916372633573232,1.1950005541758466
2016-08,seasonal naive with drift,1,2016-09,47.00757044454697,70.99065504807947,78,23.360970449780464,23.983084603532504,1.0266304927310024
2016-08,seasonal naive with drift,3,2016-11,23.39430649920887,30.68067779303859,78,23.360970449780464,7.2863712938297205,0.3119036218762134
2016-08,seasonal naive with drift,6,2017-02,10.462434315437307,9.717814057555968,78,23.360970449780464,-0.7446202578813388,0.0318745430324508
2016-08,seasonal naive with drift,12,2017-08,82.85603370223535,64.92411901892125,78,23.360970449780464,-17.931914683314105,0.7676014454049627
2016-09,seasonal naive,1,2016-10,39.94549525743978,45.825641242881055,79,23.371011926083984,5.880145985441274,0.25159997367844156
2016-09,seasonal naive,3,2016-12,17.42685557334822,20.010404444074908,79,23.371011926083984,2.5835488707266876,0.11054501529064016
2016-09,seasonal naive,6,2017-03,10.941891091547808,12.137530418720104,79,23.371011926083984,1.1956393271722963,0.05115907393970664
2016-09,seasonal naive,12,2017-09,70.99065504807947,57.26309737930811,79,23.371011926083984,-13.727557668771368,0.5873754081418391
2016-09,naive,1,2016-10,70.99065504807947,45.825641242881055,79,23.371011926083984,-25.16501380519842,1.076761840043057
2016-09,naive,3,2016-12,70.99065504807947,20.010404444074908,79,23.371011926083984,-50.98025060400457,2.181345453300907
2016-09,naive,6,2017-03,70.99065504807947,12.137530418720104,79,23.371011926083984,-58.85312462935937,2.5182103716987285
2016-09,naive,12,2017-09,70.99065504807947,57.26309737930811,79,23.371011926083984,-13.727557668771368,0.5873754081418391
2016-09,climatology,1,2016-10,41.51453096757569,45.825641242881055,79,23.371011926083984,4.311110275305367,0.18446399706355082
2016-09,climatology,3,2016-12,14.788917994631584,20.010404444074908,79,23.371011926083984,5.221486449443324,0.22341721727571895
2016-09,climatology,6,2017-03,11.520299472373646,12.137530418720104,79,23.371011926083984,0.6172309463464583,0.026410107884869864
2016-09,climatology,12,2017-09,71.81086068384862,57.26309737930811,79,23.371011926083984,-14.54776330454051,0.622470406953325
2016-09,seasonal naive with drift,1,2016-10,40.0252965486842,45.825641242881055,79,23.371011926083984,5.800344694196852,0.2481854321302702
2016-09,seasonal naive with drift,3,2016-12,17.666259447081494,20.010404444074908,79,23.371011926083984,2.344144996993414,0.10030139064612578
2016-09,seasonal naive with drift,6,2017-03,11.420698839014355,12.137530418720104,79,23.371011926083984,0.7168315797057492,0.03067182465067787
2016-09,seasonal naive with drift,12,2017-09,71.94827054301257,57.26309737930811,79,23.371011926083984,-14.685173163704462,0.6283499067198965
2016-10,seasonal naive,1,2016-11,23.24231222345735,30.68067779303859,80,23.113793309309827,7.43836556958124,0.32181500760349874
2016-10,seasonal naive,3,2017-01,12.545716331639492,12.779323304793628,80,23.113793309309827,0.2336069731541368,0.010106821066884078
2016-10,seasonal naive,6,2017-04,13.762156850690104,37.58497474692917,80,23.113793309309827,23.822817896239066,1.030675388389999
2016-10,seasonal naive,12,2017-10,45.825641242881055,44.335099592081605,80,23.113793309309827,-1.4905416507994502,0.06448710650186036
2016-10,naive,1,2016-11,45.825641242881055,30.68067779303859,80,23.113793309309827,-15.144963449842464,0.6552348741364898
2016-10,naive,3,2017-01,45.825641242881055,12.779323304793628,80,23.113793309309827,-33.04631793808743,1.4297228280905736
2016-10,naive,6,2017-04,45.825641242881055,37.58497474692917,80,23.113793309309827,-8.240666495951885,0.3565259231003286
2016-10,naive,12,2017-10,45.825641242881055,44.335099592081605,80,23.113793309309827,-1.4905416507994502,0.06448710650186036
2016-10,climatology,1,2016-11,23.658806331299505,30.68067779303859,80,23.113793309309827,7.021871461739085,0.30379571919555065
2016-10,climatology,3,2017-01,12.026121386489336,12.779323304793628,80,23.113793309309827,0.753201918304292,0.03258668571726457
2016-10,climatology,6,2017-04,14.850777826057314,37.58497474692917,80,23.113793309309827,22.734196920871856,0.9835770622606945
2016-10,climatology,12,2017-10,42.13040386404788,44.335099592081605,80,23.113793309309827,2.2046957280337267,0.09538441823591605
2016-10,seasonal naive with drift,1,2016-11,23.32814602755779,30.68067779303859,80,23.113793309309827,7.352531765480801,0.31810147590613486
2016-10,seasonal naive with drift,3,2017-01,12.80321774394081,12.779323304793628,80,23.113793309309827,-0.023894439147181146,0.0010337740252075755
2016-10,seasonal naive with drift,6,2017-04,14.277159675292742,37.58497474692917,80,23.113793309309827,23.307815071636426,1.0083941982058156
2016-10,seasonal naive with drift,12,2017-10,46.85564689208633,44.335099592081605,80,23.113793309309827,-2.520547300004722,0.10904948687022697
2016-11,seasonal naive,1,2016-12,17.42685557334822,20.010404444074908,81,22.886613197139848,2.5835488707266876,0.11288471773750933
2016-11,seasonal naive,3,2017-02,10.15844576393427,9.717814057555968,81,22.886613197139848,-0.4406317063783014,0.019252813973950823
2016-11,seasonal naive,6,2017-05,25.077205412742018,44.37289578478105,81,22.886613197139848,19.295690372039033,0.8430994226113991
2016-11,seasonal naive,12,2017-11,30.68067779303859,24.726785832255885,81,22.886613197139848,-5.953891960782705,0.26014735817385015
2016-11,naive,1,2016-12,30.68067779303859,20.010404444074908,81,22.886613197139848,-10.670273348963683,0.4662233444962994
2016-11,naive,3,2017-02,30.68067779303859,9.717814057555968,81,22.886613197139848,-20.96286373548262,0.9159443363206908
2016-11,naive,6,2017-05,30.68067779303859,44.37289578478105,81,22.886613197139848,13.69221799174246,0.598263180043327
2016-11,naive,12,2017-11,30.68067779303859,24.726785832255885,81,22.886613197139848,-5.953891960782705,0.26014735817385015
2016-11,climatology,1,2016-12,14.788917994631584,20.010404444074908,81,22.886613197139848,5.221486449443324,0.22814587743790138
2016-11,climatology,3,2017-02,10.353986320473929,9.717814057555968,81,22.886613197139848,-0.6361722629179614,0.02779669745969509
2016-11,climatology,6,2017-05,23.492005520606696,44.37289578478105,81,22.886613197139848,20.880890264174354,0.9123626149623506
2016-11,climatology,12,2017-11,24.829118241589352,24.726785832255885,81,22.886613197139848,-0.10233240933346721,0.004471277967255363
2016-11,seasonal naive with drift,1,2016-12,17.520428942569886,20.010404444074908,81,22.886613197139848,2.489975501505022,0.10879615433078561
2016-11,seasonal naive with drift,3,2017-02,10.439165871599268,9.717814057555968,81,22.886613197139848,-0.7213518140433006,0.03151850419412202
2016-11,seasonal naive with drift,6,2017-05,25.638645628072016,44.37289578478105,81,22.886613197139848,18.734250156709034,0.8185680421710567
2016-11,seasonal naive with drift,12,2017-11,31.803558223698587,24.726785832255885,81,22.886613197139848,-7.076772391442702,0.30921011905453494
2016-12,seasonal naive,1,2017-01,12.545716331639492,12.779323304793628,82,22.59656942104823,0.2336069731541368,0.010338161019103051
2016-12,seasonal naive,3,2017-03,10.941891091547808,12.137530418720104,82,22.59656942104823,1.1956393271722963,0.05291242687744377
2016-12,seasonal naive,6,2017-06,37.77888036018321,64.03962290501559,82,22.59656942104823,26.260742544832382,1.1621561687311284
2016-12,seasonal naive,12,2017-12,20.010404444074908,15.912696746808685,82,22.59656942104823,-4.097707697266223,0.1813420267878935
2016-12,naive,1,2017-01,20.010404444074908,12.779323304793628,82,22.59656942104823,-7.2310811392812795,0.3200079182172529
2016-12,naive,3,2017-03,20.010404444074908,12.137530418720104,82,22.59656942104823,-7.872874025354804,0.3484101448612543
2016-12,naive,6,2017-06,20.010404444074908,64.03962290501559,82,22.59656942104823,44.02921846094068,1.9484912793854625
2016-12,naive,12,2017-12,20.010404444074908,15.912696746808685,82,22.59656942104823,-4.097707697266223,0.1813420267878935
2016-12,climatology,1,2017-01,12.026121386489336,12.779323304793628,82,22.59656942104823,0.753201918304292,0.03333257824538181
2016-12,climatology,3,2017-03,11.520299472373646,12.137530418720104,82,22.59656942104823,0.6172309463464583,0.027315250153482174
2016-12,climatology,6,2017-06,41.889017752678576,64.03962290501559,82,22.59656942104823,22.150605152337015,0.9802640719305025
2016-12,climatology,12,2017-12,15.534844630266345,15.912696746808685,82,22.59656942104823,0.3778521165423392,0.01672165847397959
2016-12,seasonal naive with drift,1,2017-01,12.641028591861238,12.779323304793628,82,22.59656942104823,0.1382947129323906,0.006120164099050008
2016-12,seasonal naive with drift,3,2017-03,11.227827872213044,12.137530418720104,82,22.59656942104823,0.9097025465070594,0.04025843611728471
2016-12,seasonal naive with drift,6,2017-06,38.350753921513686,64.03962290501559,82,22.59656942104823,25.688868983501905,1.13684818721081
2016-12,seasonal naive with drift,12,2017-12,21.15415156673586,15.912696746808685,82,22.59656942104823,-5.241454819927174,0.23195798982852986
2017-01,seasonal naive,1,2017-02,10.15844576393427,9.717814057555968,83,22.281598118965213,-0.4406317063783014,0.019775588089583806
2017-01,seasonal naive,3,2017-04,13.762156850690104,37.58497474692917,83,22.281598118965213,23.822817896239066,1.0691700733962177
2017-01,seasonal naive,6,2017-07,59.479007540889526,87.66503940194706,83,22.281598118965213,28.18603186105753,1.2649914835806457
2017-01,seasonal naive,12,2018-01,12.779323304793628,14.127256433427142,83,22.281598118965213,1.3479331286335139,0.06049535232781201
2017-01,naive,1,2017-02,12.779323304793628,9.717814057555968,83,22.281598118965213,-3.0615092472376606,0.13740079283773748
2017-01,naive,3,2017-04,12.779323304793628,37.58497474692917,83,22.281598118965213,24.80565144213554,1.1132797257043225
2017-01,naive,6,2017-07,12.779323304793628,87.66503940194706,83,22.281598118965213,74.88571609715342,3.3608772448603523
2017-01,naive,12,2018-01,12.779323304793628,14.127256433427142,83,22.281598118965213,1.3479331286335139,0.06049535232781201
2017-01,climatology,1,2017-02,10.353986320473929,9.717814057555968,83,22.281598118965213,-0.6361722629179614,0.02855146473432158
2017-01,climatology,3,2017-04,14.850777826057314,37.58497474692917,83,22.281598118965213,22.734196920871856,1.0203126723446918
2017-01,climatology,6,2017-07,81.73222453421498,87.66503940194706,83,22.281598118965213,5.932814867732077,0.26626523088944415
2017-01,climatology,12,2018-01,12.133721660532805,14.127256433427142,83,22.281598118965213,1.9935347728943373,0.08947000849088646
2017-01,seasonal naive with drift,1,2017-02,10.252689784543918,9.717814057555968,83,22.281598118965213,-0.5348757269879503,0.024005267671203766
2017-01,seasonal naive with drift,3,2017-04,14.04488891251905,37.58497474692917,83,22.281598118965213,23.54008583441012,1.056481034651358
2017-01,seasonal naive with drift,6,2017-07,60.044471664547416,87.66503940194706,83,22.281598118965213,27.62056773739964,1.239613406090926
2017-01,seasonal naive with drift,12,2018-01,13.910251552109413,14.127256433427142,83,22.281598118965213,0.21700488131772921,0.009739197348372568
2017-02,seasonal naive,1,2017-03,10.941891091547808,12.137530418720104,84,21.97825136323484,1.1956393271722963,0.05440102160139812
2017-02,seasonal naive,3,2017-05,25.077205412742018,44.37289578478105,84,21.97825136323484,19.295690372039033,0.8779447487945657
2017-02,seasonal naive,6,2017-08,82.24805659922927,64.92411901892125,84,21.97825136323484,-17.323937580308026,0.7882309331163381
2017-02,seasonal naive,12,2018-02,9.717814057555968,15.193683556828182,84,21.97825136323484,5.475869499272214,0.24914946183717937
2017-02,naive,1,2017-03,9.717814057555968,12.137530418720104,84,21.97825136323484,2.419716361164136,0.1100959453585935
2017-02,naive,3,2017-05,9.717814057555968,44.37289578478105,84,21.97825136323484,34.65508172722508,1.5767897615911342
2017-02,naive,6,2017-08,9.717814057555968,64.92411901892125,84,21.97825136323484,55.20630496136528,2.5118606593841326
2017-02,naive,12,2018-02,9.717814057555968,15.193683556828182,84,21.97825136323484,5.475869499272214,0.24914946183717937
2017-02,climatology,1,2017-03,11.520299472373646,12.137530418720104,84,21.97825136323484,0.6172309463464583,0.028083714948267474
2017-02,climatology,3,2017-05,23.492005520606696,44.37289578478105,84,21.97825136323484,20.880890264174354,0.9500705911073458
2017-02,climatology,6,2017-08,92.84049165249448,64.92411901892125,84,21.97825136323484,-27.916372633573232,1.270181697906671
2017-02,climatology,12,2018-02,10.263104568628506,15.193683556828182,84,21.97825136323484,4.9305789881996755,0.22433900253081712
2017-02,seasonal naive with drift,1,2017-03,11.034316177025866,12.137530418720104,84,21.97825136323484,1.1032142416942374,0.050195724102950756
2017-02,seasonal naive with drift,3,2017-05,25.354480669176194,44.37289578478105,84,21.97825136323484,19.018415115604856,0.8653288562992236
2017-02,seasonal naive with drift,6,2017-08,82.80260711209762,64.92411901892125,84,21.97825136323484,-17.878488093176372,0.8134627181070219
2017-02,seasonal naive with drift,12,2018-02,10.826915083292668,15.193683556828182,84,21.97825136323484,4.3667684735355135,0.19868589185581126
2017-03,seasonal naive,1,2017-04,13.762156850690104,37.58497474692917,85,21.69355804767234,23.822817896239066,1.098151711392276
2017-03,seasonal naive,3,2017-06,37.77888036018321,64.03962290501559,85,21.69355804767234,26.260742544832382,1.210531831022071
2017-03,seasonal naive,6,2017-09,70.99065504807947,57.26309737930811,85,21.69355804767234,-13.727557668771368,0.6327941981027081
2017-03,seasonal naive,12,2018-03,12.137530418720104,11.878382965146416,85,21.69355804767234,-0.2591474535736875,0.011945825253939536
2017-03,naive,1,2017-04,12.137530418720104,37.58497474692917,85,21.69355804767234,25.447444328209066,1.1730415210030292
2017-03,naive,3,2017-06,12.137530418720104,64.03962290501559,85,21.69355804767234,51.90209248629549,2.392511748060823
2017-03,naive,6,2017-09,12.137530418720104,57.26309737930811,85,21.69355804767234,45.125566960588,2.080136732822851
2017-03,naive,12,2018-03,12.137530418720104,11.878382965146416,85,21.69355804767234,-0.2591474535736875,0.011945825253939536
2017-03,climatology,1,2017-04,14.850777826057314,37.58497474692917,85,21.69355804767234,22.734196920871856,1.0479699490011125
2017-03,climatology,3,2017-06,41.889017752678576,64.03962290501559,85,21.69355804767234,22.150605152337015,1.0210683329890051
2017-03,climatology,6,2017-09,71.81086068384862,57.26309737930811,85,21.69355804767234,-14.54776330454051,0.6706029168922544
2017-03,climatology,12,2018-03,11.608475321851712,11.878382965146416,85,21.69355804767234,0.2699076432947045,0.012441833778561045
2017-03,seasonal naive with drift,1,2017-04,13.854680724183499,37.58497474692917,85,21.69355804767234,23.73029402274567,1.0938866722829668
2017-03,seasonal naive with drift,3,2017-06,38.0564519806634,64.03962290501559,85,21.69355804767234,25.983170924352194,1.1977367136941428
2017-03,seasonal naive with drift,6,2017-09,71.54579828903985,57.26309737930811,85,21.69355804767234,-14.282700909731744,0.6583844327585644
2017-03,seasonal naive with drift,12,2018-03,13.247816900640853,11.878382965146416,85,21.69355804767234,-1.3694339354944365,0.06312629456565208
2017-04,seasonal naive,1,2017-05,25.077205412742018,44.37289578478105,86,21.72233182940973,19.295690372039033,0.888288169224757
2017-04,seasonal naive,3,2017-07,59.479007540889526,87.66503940194706,86,21.72233182940973,28.18603186105753,1.2975601368402188
2017-04,seasonal naive,6,2017-10,45.825641242881055,44.335099592081605,86,21.72233182940973,-1.4905416507994502,0.06861793947836739
2017-04,seasonal naive,12,2018-04,37.58497474692917,14.762731692428028,86,21.72233182940973,-22.822243054501143,1.0506350438677239
2017-04,naive,1,2017-05,37.58497474692917,44.37289578478105,86,21.72233182940973,6.787921037851881,0.31248583674896985
2017-04,naive,3,2017-07,37.58497474692917,87.66503940194706,86,21.72233182940973,50.080064655017885,2.3054644891859537
2017-04,naive,6,2017-10,37.58497474692917,44.335099592081605,86,21.72233182940973,6.750124845152435,0.3107458673480663
2017-04,naive,12,2018-04,37.58497474692917,14.762731692428028,86,21.72233182940973,-22.822243054501143,1.0506350438677239
2017-04,climatology,1,2017-05,23.492005520606696,44.37289578478105,86,21.72233182940973,20.880890264174354,0.9612637551141654
2017-04,climatology,3,2017-07,81.73222453421498,87.66503940194706,86,21.72233182940973,5.932814867732077,0.2731205339428466
2017-04,climatology,6,2017-10,42.13040386404788,44.335099592081605,86,21.72233182940973,2.2046957280337267,0.10149443187534789
2017-04,climatology,12,2018-04,17.692552441166296,14.762731692428028,86,21.72233182940973,-2.9298207487382673,0.13487597794503817
2017-04,seasonal naive with drift,1,2017-05,25.195306461251537,44.37289578478105,86,21.72233182940973,19.177589323529514,0.8828513197448303
2017-04,seasonal naive with drift,3,2017-07,59.83331068641809,87.66503940194706,86,21.72233182940973,27.831728715528968,1.281249588400439
2017-04,seasonal naive with drift,6,2017-10,46.53424753393818,44.335099592081605,86,21.72233182940973,-2.199147941856573,0.1012390363579273
2017-04,seasonal naive with drift,12,2018-04,39.00218732904341,14.762731692428028,86,21.72233182940973,-24.239455636615382,1.1158772376268433
2017-05,seasonal naive,1,2017-06,37.77888036018321,64.03962290501559,87,21.689976609978117,26.260742544832382,1.2107317134104958
2017-05,seasonal naive,3,2017-08,82.24805659922927,64.92411901892125,87,21.689976609978117,-17.323937580308026,0.7987070660250705
2017-05,seasonal naive,6,2017-11,30.68067779303859,24.726785832255885,87,21.689976609978117,-5.953891960782705,0.2744996948518476
2017-05,seasonal naive,12,2018-05,44.37289578478105,22.28945321441668,87,21.689976609978117,-22.08344257036437,1.0181404511153436
2017-05,naive,1,2017-06,44.37289578478105,64.03962290501559,87,21.689976609978117,19.66672712023454,0.9067196094248984
2017-05,naive,3,2017-08,44.37289578478105,64.92411901892125,87,21.689976609978117,20.551223234140195,0.9474986351384972
2017-05,naive,6,2017-11,44.37289578478105,24.726785832255885,87,21.689976609978117,-19.646109952525165,0.9057690704695042
2017-05,naive,12,2018-05,44.37289578478105,22.28945321441668,87,21.689976609978117,-22.08344257036437,1.0181404511153436
2017-05,climatology,1,2017-06,41.889017752678576,64.03962290501559,87,21.689976609978117,22.150605152337015,1.0212369312628484
2017-05,climatology,3,2017-08,92.84049165249448,64.92411901892125,87,21.689976609978117,-27.916372633573232,1.2870632889816378
2017-05,climatology,6,2017-11,24.829118241589352,24.726785832255885,87,21.689976609978117,-0.10233240933346721,0.004717958491775914
2017-05,climatology,12,2018-05,25.812104438848294,22.28945321441668,87,21.689976609978117,-3.5226512244316126,0.162409175803863
2017-05,seasonal naive with drift,1,2017-06,37.91684638401487,64.03962290501559,87,21.689976609978117,26.122776521000723,1.2043708940185471
2017-05,seasonal naive with drift,3,2017-08,82.66195467072424,64.92411901892125,87,21.689976609978117,-17.737835651802996,0.8177895242009158
2017-05,seasonal naive with drift,6,2017-11,31.508473936028544,24.726785832255885,87,21.689976609978117,-6.781688103772659,0.31266461120353883
2017-05,seasonal naive with drift,12,2018-05,46.02848807076096,22.28945321441668,87,21.689976609978117,-23.739034856344276,1.094470283818726
2017-06,seasonal naive,1,2017-07,59.479007540889526,87.66503940194706,88,21.750118267015672,28.18603186105753,1.2959024643007115
2017-06,seasonal naive,3,2017-09,70.99065504807947,57.26309737930811,88,21.750118267015672,-13.727557668771368,0.6311486448140092
2017-06,seasonal naive,6,2017-12,20.010404444074908,15.912696746808685,88,21.750118267015672,-4.097707697266223,0.1883993294638976
2017-06,seasonal naive,12,2018-06,64.03962290501559,49.00751314913543,88,21.750118267015672,-15.032109755880164,0.6911277249777785
2017-06,naive,1,2017-07,64.03962290501559,87.66503940194706,88,21.750118267015672,23.625416496931464,1.0862201394444695
2017-06,naive,3,2017-09,64.03962290501559,57.26309737930811,88,21.750118267015672,-6.776525525707484,0.31156269784446045
2017-06,naive,6,2017-12,64.03962290501559,15.912696746808685,88,21.750118267015672,-48.126926158206906,2.2127202053513426
2017-06,naive,12,2018-06,64.03962290501559,49.00751314913543,88,21.750118267015672,-15.032109755880164,0.6911277249777785
2017-06,climatology,1,2017-07,81.73222453421498,87.66503940194706,88,21.750118267015672,5.932814867732077,0.27277161415389933
2017-06,climatology,3,2017-09,71.81086068384862,57.26309737930811,88,21.750118267015672,-14.54776330454051,0.6688590437047129
2017-06,climatology,6,2017-12,15.534844630266345,15.912696746808685,88,21.750118267015672,0.3778521165423392,0.01737241664176864
2017-06,climatology,12,2018-06,44.35019610293825,49.00751314913543,88,21.750118267015672,4.6573170461971785,0.2141283550287659
2017-06,seasonal naive with drift,1,2017-07,59.643952896145365,87.66503940194706,88,21.750118267015672,28.02108650580169,1.2883188110427897
2017-06,seasonal naive with drift,3,2017-09,71.48549111384699,57.26309737930811,88,21.750118267015672,-14.222393734538883,0.6538996045877747
2017-06,seasonal naive with drift,6,2017-12,21.000076575609942,15.912696746808685,88,21.750118267015672,-5.087379828801257,0.23390124901142872
2017-06,seasonal naive with drift,12,2018-06,66.01896716808565,49.00751314913543,88,21.750118267015672,-17.011454018950225,0.7821315640728405
2017-07,seasonal naive,1,2017-08,82.24805659922927,64.92411901892125,89,21.833701560444787,-17.323937580308026,0.7934494081247812
2017-07,seasonal naive,3,2017-10,45.825641242881055,44.335099592081605,89,21.833701560444787,-1.4905416507994502,0.06826793187921021
2017-07,seasonal naive,6,2018-01,12.779323304793628,14.127256433427142,89,21.833701560444787,1.3479331286335139,0.061736353998513405
2017-07,seasonal naive,12,2018-07,87.66503940194706,104.34712761304148,89,21.833701560444787,16.682088211094424,0.7640522228863232
2017-07,naive,1,2017-08,87.66503940194706,64.92411901892125,89,21.833701560444787,-22.74092038302581,1.0415513063632138
2017-07,naive,3,2017-10,87.66503940194706,44.335099592081605,89,21.833701560444787,-43.32993980986545,1.9845439258162485
2017-07,naive,6,2018-01,87.66503940194706,14.127256433427142,89,21.833701560444787,-73.5377829685199,3.368085927387835
2017-07,naive,12,2018-07,87.66503940194706,104.34712761304148,89,21.833701560444787,16.682088211094424,0.7640522228863232
2017-07,climatology,1,2017-08,92.84049165249448,64.92411901892125,89,21.833701560444787,-27.916372633573232,1.278590923132712
2017-07,climatology,3,2017-10,42.13040386404788,44.335099592081605,89,21.833701560444787,2.2046957280337267,0.1009767272823717
2017-07,climatology,6,2018-01,12.133721660532805,14.127256433427142,89,21.833701560444787,1.9935347728943373,0.0913053962643669
2017-07,climatology,12,2018-07,82.47382639268149,104.34712761304148,89,21.833701560444787,21.87330122035999,1.0018136942929983
2017-07,seasonal naive with drift,1,2017-08,82.44136417050025,64.92411901892125,89,21.833701560444787,-17.517245151579004,0.80230304069532
2017-07,seasonal naive with drift,3,2017-10,46.40556395669399,44.335099592081605,89,21.833701560444787,-2.070464364612384,0.09482882959082663
2017-07,seasonal naive with drift,6,2018-01,13.939168732419489,14.127256433427142,89,21.833701560444787,0.18808770100765315,0.00861455857528088
2017-07,seasonal naive with drift,12,2018-07,89.98473025719878,104.34712761304148,89,21.833701560444787,14.362397355842702,0.6578086320398582
2017-08,seasonal naive,1,2017-09,70.99065504807947,57.26309737930811,90,21.775884073519958,-13.727557668771368,0.6304018529132618
2017-08,seasonal naive,3,2017-11,30.68067779303859,24.726785832255885,90,21.775884073519958,-5.953891960782705,0.27341677337558906
2017-08,seasonal naive,6,2018-02,9.717814057555968,15.193683556828182,90,21.775884073519958,5.475869499272214,0.2514648535409414
2017-08,seasonal naive,12,2018-08,64.92411901892125,84.43051869211212,90,21.775884073519958,19.50639967319087,0.8957799190762207
2017-08,naive,1,2017-09,64.92411901892125,57.26309737930811,90,21.775884073519958,-7.661021639613139,0.35181219801446045
2017-08,naive,3,2017-11,64.92411901892125,24.726785832255885,90,21.775884073519958,-40.19733318666536,1.8459564282648973
2017-08,naive,6,2018-02,64.92411901892125,15.193683556828182,90,21.775884073519958,-49.73043546209306,2.283738988240049
2017-08,naive,12,2018-08,64.92411901892125,84.43051869211212,90,21.775884073519958,19.50639967319087,0.8957799190762207
2017-08,climatology,1,2017-09,71.81086068384862,57.26309737930811,90,21.775884073519958,-14.54776330454051,0.6680676318547714
2017-08,climatology,3,2017-11,24.829118241589352,24.726785832255885,90,21.775884073519958,-0.10233240933346721,0.0046993457986813075
2017-08,climatology,6,2018-02,10.263104568628506,15.193683556828182,90,21.775884073519958,4.9305789881996755,0.22642382607994263
2017-08,climatology,12,2018-08,89.35094507329782,84.43051869211212,90,21.775884073519958,-4.920426381185706,0.22595759439999374
2017-08,seasonal naive with drift,1,2017-09,71.16297583683382,57.26309737930811,90,21.775884073519958,-13.899878457525716,0.6383152303069215
2017-08,seasonal naive with drift,3,2017-11,31.19764015930165,24.726785832255885,90,21.775884073519958,-6.470854327045764,0.29715690555656893
2017-08,seasonal naive with drift,6,2018-02,10.751738790082086,15.193683556828182,90,21.775884073519958,4.441944766746095,0.20398458917898152
2017-08,seasonal naive with drift,12,2018-08,66.99196848397348,84.43051869211212,90,21.775884073519958,17.438550208138636,0.8008193903523011
2017-09,seasonal naive,1,2017-10,45.825641242881055,44.335099592081605,91,21.67400652409276,-1.4905416507994502,0.0687709330133572
2017-09,seasonal naive,3,2017-12,20.010404444074908,15.912696746808685,91,21.67400652409276,-4.097707697266223,0.1890609238633948
2017-09,seasonal naive,6,2018-03,12.137530418720104,11.878382965146416,91,21.67400652409276,-0.2591474535736875,0.011956601253470141
2017-09,seasonal naive,12,2018-09,57.26309737930811,60.839375624821194,91,21.67400652409276,3.5762782455130875,0.16500309905959046
2017-09,naive,1,2017-10,57.26309737930811,44.335099592081605,91,21.67400652409276,-12.927997787226502,0.5964747575791204
2017-09,naive,3,2017-12,57.26309737930811,15.912696746808685,91,21.67400652409276,-41.35040063249942,1.9078337263825422
2017-09,naive,6,2018-03,57.26309737930811,11.878382965146416,91,21.67400652409276,-45.38471441416169,2.093969768058904
2017-09,naive,12,2018-09,57.26309737930811,60.839375624821194,91,21.67400652409276,3.5762782455130875,0.16500309905959046
2017-09,climatology,1,2017-10,42.13040386404788,44.335099592081605,91,21.67400652409276,2.2046957280337267,0.10172072826419949
2017-09,climatology,3,2017-12,15.534844630266345,15.912696746808685,91,21.67400652409276,0.3778521165423392,0.017433422663332684
2017-09,climatology,6,2018-03,11.608475321851712,11.878382965146416,91,21.67400652409276,0.2699076432947045,0.012453057213703243
2017-09,climatology,12,2018-09,69.99239027078104,60.839375624821194,91,21.67400652409276,-9.15301464595985,0.42230376906943284
2017-09,seasonal naive with drift,1,2017-10,45.981300209764285,44.335099592081605,91,21.67400652409276,-1.6462006176826804,0.07595276008857747
2017-09,seasonal naive with drift,3,2017-12,20.477381344724602,15.912696746808685,91,21.67400652409276,-4.564684597915917,0.21060640508905576
2017-09,seasonal naive with drift,6,2018-03,13.071484220019492,11.878382965146416,91,21.67400652409276,-1.193101254873076,0.05504756370479211
2017-09,seasonal naive with drift,12,2018-09,59.131004981906884,60.839375624821194,91,21.67400652409276,1.7083706429143106,0.07882117415694652
2017-10,seasonal naive,1,2017-11,30.68067779303859,24.726785832255885,92,21.421713213176595,-5.953891960782705,0.27793724533294745
2017-10,seasonal naive,3,2018-01,12.779323304793628,14.127256433427142,92,21.421713213176595,1.3479331286335139,0.06292368473145248
2017-10,seasonal naive,6,2018-04,37.58497474692917,14.762731692428028,92,21.421713213176595,-22.822243054501143,1.0653789838089642
2017-10,seasonal naive,12,2018-10,44.335099592081605,42.393686961695,92,21.421713213176595,-1.9414126303866013,0.09062826166454462
2017-10,naive,1,2017-11,44.335099592081605,24.726785832255885,92,21.421713213176595,-19.60831375982572,0.9153475991716925
2017-10,naive,3,2018-01,44.335099592081605,14.127256433427142,92,21.421713213176595,-30.207843158654462,1.4101506661975793
2017-10,naive,6,2018-04,44.335099592081605,14.762731692428028,92,21.421713213176595,-29.572367899653578,1.380485659824046
2017-10,naive,12,2018-10,44.335099592081605,42.393686961695,92,21.421713213176595,-1.9414126303866013,0.09062826166454462
2017-10,climatology,1,2017-11,24.829118241589352,24.726785832255885,92,21.421713213176595,-0.10233240933346721,0.004777041327886047
2017-10,climatology,3,2018-01,12.133721660532805,14.127256433427142,92,21.421713213176595,1.9935347728943373,0.09306140704321002
2017-10,climatology,6,2018-04,17.692552441166296,14.762731692428028,92,21.421713213176595,-2.9298207487382673,0.136768741117126
2017-10,climatology,12,2018-10,42.4059908300521,42.393686961695,92,21.421713213176595,-0.012303868357093961,0.000574364348670572
2017-10,seasonal naive with drift,1,2017-11,30.832838375282865,24.726785832255885,92,21.421713213176595,-6.10605254302698,0.2850403458520357
2017-10,seasonal naive with drift,3,2018-01,13.235805051526453,14.127256433427142,92,21.421713213176595,0.8914513819006888,0.04161438317418763
2017-10,seasonal naive with drift,6,2018-04,38.49793824039482,14.762731692428028,92,21.421713213176595,-23.73520654796679,1.1079975869234937
2017-10,seasonal naive with drift,12,2018-10,46.161026579012905,42.393686961695,92,21.421713213176595,-3.7673396173179015,0.17586546789360402
2017-11,seasonal naive,1,2017-12,20.010404444074908,15.912696746808685,93,21.230752456974205,-4.097707697266223,0.1930081237379858
2017-11,seasonal naive,3,2018-02,9.717814057555968,15.193683556828182,93,21.230752456974205,5.475869499272214,0.25792159323460134
2017-11,seasonal naive,6,2018-05,44.37289578478105,22.28945321441668,93,21.230752456974205,-22.08344257036437,1.0401629718550112
2017-11,seasonal naive,12,2018-11,24.726785832255885,22.555424762260788,93,21.230752456974205,-2.171361069995097,0.10227433410075934
2017-11,naive,1,2017-12,24.726785832255885,15.912696746808685,93,21.230752456974205,-8.8140890854472,0.41515669796959137
2017-11,naive,3,2018-02,24.726785832255885,15.193683556828182,93,21.230752456974205,-9.533102275427703,0.4490232880227532
2017-11,naive,6,2018-05,24.726785832255885,22.28945321441668,93,21.230752456974205,-2.4373326178392034,0.11480198936795341
2017-11,naive,12,2018-11,24.726785832255885,22.555424762260788,93,21.230752456974205,-2.171361069995097,0.10227433410075934
2017-11,climatology,1,2017-12,15.534844630266345,15.912696746808685,93,21.230752456974205,0.3778521165423392,0.017797396362097213
2017-11,climatology,3,2018-02,10.263104568628506,15.193683556828182,93,21.230752456974205,4.9305789881996755,0.2322375995948275
2017-11,climatology,6,2018-05,25.812104438848294,22.28945321441668,93,21.230752456974205,-3.5226512244316126,0.16592210905244847
2017-11,climatology,12,2018-11,24.814499325970285,22.555424762260788,93,21.230752456974205,-2.259074563709497,0.10640577003983677
2017-11,seasonal naive with drift,1,2017-12,20.15456109736063,15.912696746808685,93,21.230752456974205,-4.241864350551946,0.19979811639499914
2017-11,seasonal naive with drift,3,2018-02,10.150284017413131,15.193683556828182,93,21.230752456974205,5.04339953941505,0.23755161526356156
2017-11,seasonal naive with drift,6,2018-05,45.23783570449538,22.28945321441668,93,21.230752456974205,-22.9483824900787,1.080902927797091
2017-11,seasonal naive with drift,12,2018-11,26.45666567168454,22.555424762260788,93,21.230752456974205,-3.901240909423752,0.18375424598491855
2017-12,seasonal naive,1,2018-01,12.779323304793628,14.127256433427142,94,21.021812886733862,1.3479331286335139,0.06412068910974598
2017-12,seasonal naive,3,2018-03,12.137530418720104,11.878382965146416,94,21.021812886733862,-0.2591474535736875,0.012327550196074026
2017-12,seasonal naive,6,2018-06,64.03962290501559,49.00751314913543,94,21.021812886733862,-15.032109755880164,0.7150719986365404
2017-12,seasonal naive,12,2018-12,15.912696746808685,15.655540193235684,94,21.021812886733862,-0.25715655357300093,0.012232843806505552
2017-12,naive,1,2018-01,15.912696746808685,14.127256433427142,94,21.021812886733862,-1.7854403133815424,0.08493274690444381
2017-12,naive,3,2018-03,15.912696746808685,11.878382965146416,94,21.021812886733862,-4.034313781662268,0.1919108405825543
2017-12,naive,6,2018-06,15.912696746808685,49.00751314913543,94,21.021812886733862,33.09481640232674,1.574308390082367
2017-12,naive,12,2018-12,15.912696746808685,15.655540193235684,94,21.021812886733862,-0.25715655357300093,0.012232843806505552
2017-12,climatology,1,2018-01,12.133721660532805,14.127256433427142,94,21.021812886733862,1.9935347728943373,0.09483172472495881
2017-12,climatology,3,2018-03,11.608475321851712,11.878382965146416,94,21.021812886733862,0.2699076432947045,0.012839408511005913
2017-12,climatology,6,2018-06,44.35019610293825,49.00751314913543,94,21.021812886733862,4.6573170461971785,0.2215468794861289
2017-12,climatology,12,2018-12,15.582076144834136,15.655540193235684,94,21.021812886733862,0.07346404840154719,0.0034946580866918385
2017-12,seasonal naive with drift,1,2018-01,12.917557613021733,14.127256433427142,94,21.021812886733862,1.2096988204054089,0.05754493329967787
2017-12,seasonal naive with drift,3,2018-03,12.552233343404417,11.878382965146416,94,21.021812886733862,-0.6738503782580008,0.03205481762627829
2017-12,seasonal naive with drift,6,2018-06,64.86902875438422,49.00751314913543,94,21.021812886733862,-15.86151560524879,0.754526533496949
2017-12,seasonal naive with drift,12,2018-12,17.57150844554594,15.655540193235684,94,21.021812886733862,-1.9159682523102575,0.09114191352732279
2018-01,seasonal naive,1,2018-02,9.717814057555968,15.193683556828182,95,20.784778190853135,5.475869499272214,0.26345575829536677
2018-01,seasonal naive,3,2018-04,37.58497474692917,14.762731692428028,95,20.784778190853135,-22.822243054501143,1.098026779258325
2018-01,seasonal naive,6,2018-07,87.66503940194706,104.34712761304148,95,20.784778190853135,16.682088211094424,0.8026108365417052
2018-01,seasonal naive,12,2019-01,14.127256433427142,10.309633955284076,95,20.784778190853135,-3.8176224781430665,0.18367395808068365
2018-01,naive,1,2018-02,14.127256433427142,15.193683556828182,95,20.784778190853135,1.0664271234010396,0.05130808294458238
2018-01,naive,3,2018-04,14.127256433427142,14.762731692428028,95,20.784778190853135,0.6354752590008861,0.030574069791158173
2018-01,naive,6,2018-07,14.127256433427142,104.34712761304148,95,20.784778190853135,90.21987117961433,4.340670386336759
2018-01,naive,12,2019-01,14.127256433427142,10.309633955284076,95,20.784778190853135,-3.8176224781430665,0.18367395808068365
2018-01,climatology,1,2018-02,10.263104568628506,15.193683556828182,95,20.784778190853135,4.9305789881996755,0.23722066903603045
2018-01,climatology,3,2018-04,17.692552441166296,14.762731692428028,95,20.784778190853135,-2.9298207487382673,0.14095992374013444
2018-01,climatology,6,2018-07,82.47382639268149,104.34712761304148,95,20.784778190853135,21.87330122035999,1.0523711641044065
2018-01,climatology,12,2019-01,12.382913507144599,10.309633955284076,95,20.784778190853135,-2.073279551860523,0.09974990027908606
2018-01,seasonal naive with drift,1,2018-02,9.855736238705655,15.193683556828182,95,20.784778190853135,5.337947318122527,0.25682002805647575
2018-01,seasonal naive with drift,3,2018-04,37.998741290378234,14.762731692428028,95,20.784778190853135,-23.236009597950208,1.1179339699749982
2018-01,seasonal naive with drift,6,2018-07,88.49257248884518,104.34712761304148,95,20.784778190853135,15.854555124196295,0.7627964551083587
2018-01,seasonal naive with drift,12,2019-01,15.782322607223389,10.309633955284076,95,20.784778190853135,-5.472688651939313,0.26330272094737617
2018-02,seasonal naive,1,2018-03,12.137530418720104,11.878382965146416,96,20.602529277858125,-0.2591474535736875,0.012578429088907911
2018-02,seasonal naive,3,2018-05,44.37289578478105,22.28945321441668,96,20.602529277858125,-22.08344257036437,1.0718801693002715
2018-02,seasonal naive,6,2018-08,64.92411901892125,84.43051869211212,96,20.602529277858125,19.50639967319087,0.9467963573848536
2018-02,seasonal naive,12,2019-02,15.193683556828182,12.942285563526768,96,20.602529277858125,-2.2513979933014134,0.10927774754923066
2018-02,naive,1,2018-03,15.193683556828182,11.878382965146416,96,20.602529277858125,-3.3153005916817655,0.1609171644398425
2018-02,naive,3,2018-05,15.193683556828182,22.28945321441668,96,20.602529277858125,7.0957696575885,0.3444125506092322
2018-02,naive,6,2018-08,15.193683556828182,84.43051869211212,96,20.602529277858125,69.23683513528394,3.36059879840549
2018-02,naive,12,2019-02,15.193683556828182,12.942285563526768,96,20.602529277858125,-2.2513979933014134,0.10927774754923066
2018-02,climatology,1,2018-03,11.608475321851712,11.878382965146416,96,20.602529277858125,0.2699076432947045,0.013100704270556658
2018-02,climatology,3,2018-05,25.812104438848294,22.28945321441668,96,20.602529277858125,-3.5226512244316126,0.17098149343330693
2018-02,climatology,6,2018-08,89.35094507329782,84.43051869211212,96,20.602529277858125,-4.920426381185706,0.2388263263614807
2018-02,climatology,12,2019-02,10.879426942153465,12.942285563526768,96,20.602529277858125,2.0628586213733033,0.10012647445138162
2018-02,seasonal naive with drift,1,2018-03,12.27924307935935,11.878382965146416,96,20.602529277858125,-0.400860114212934,0.019456839925170978
2018-02,seasonal naive with drift,3,2018-05,44.798033766698794,22.28945321441668,96,20.602529277858125,-22.508580552282112,1.092515401809061
2018-02,seasonal naive with drift,6,2018-08,65.77439498275673,84.43051869211212,96,20.602529277858125,18.656123709355384,0.9055258923672748
2018-02,seasonal naive with drift,12,2019-02,16.89423548449914,12.942285563526768,96,20.602529277858125,-3.951949920972373,0.1918186775843876
2018-03,seasonal naive,1,2018-04,37.58497474692917,14.762731692428028,97,20.363195374043013,-22.822243054501143,1.1207594208712786
2018-03,seasonal naive,3,2018-06,64.03962290501559,49.00751314913543,97,20.363195374043013,-15.032109755880164,0.7381999474916207
2018-03,seasonal naive,6,2018-09,57.26309737930811,60.839375624821194,97,20.363195374043013,3.5762782455130875,0.17562460998001195
2018-03,seasonal naive,12,2019-03,11.878382965146416,11.14198549810619,97,20.363195374043013,-0.7363974670402271,0.036163158753508486
2018-03,naive,1,2018-04,11.878382965146416,14.762731692428028,97,20.363195374043013,2.884348727281612,0.14164519243174842
2018-03,naive,3,2018-06,11.878382965146416,49.00751314913543,97,20.363195374043013,37.12913018398901,1.8233449859896524
2018-03,naive,6,2018-09,11.878382965146416,60.839375624821194,97,20.363195374043013,48.96099265967478,2.404386529733217
2018-03,naive,12,2019-03,11.878382965146416,11.14198549810619,97,20.363195374043013,-0.7363974670402271,0.036163158753508486
2018-03,climatology,1,2018-04,17.692552441166296,14.762731692428028,97,20.363195374043013,-2.9298207487382673,0.1438782418437586
2018-03,climatology,3,2018-06,44.35019610293825,49.00751314913543,97,20.363195374043013,4.6573170461971785,0.22871248645651485
2018-03,climatology,6,2018-09,69.99239027078104,60.839375624821194,97,20.363195374043013,-9.15301464595985,0.4494881317903185
2018-03,climatology,12,2019-03,11.64221377726355,11.14198549810619,97,20.363195374043013,-0.5002282791573602,0.024565313545780825
2018-03,seasonal naive with drift,1,2018-04,37.724766133665234,14.762731692428028,97,20.363195374043013,-22.962034441237208,1.1276243251344993
2018-03,seasonal naive with drift,3,2018-06,64.45899706522378,49.00751314913543,97,20.363195374043013,-15.451483916088357,0.7587946602812827
2018-03,seasonal naive with drift,6,2018-09,58.1018456997245,60.839375624821194,97,20.363195374043013,2.7375299250966947,0.13443518440068727
2018-03,seasonal naive with drift,12,2019-03,13.555879605979204,11.14198549810619,97,20.363195374043013,-2.4138941078730145,0.1185420099121579
2018-04,seasonal naive,1,2018-05,44.37289578478105,22.28945321441668,98,20.39178895172276,-22.08344257036437,1.0829575876175737
2018-04,seasonal naive,3,2018-07,87.66503940194706,104.34712761304148,98,20.39178895172276,16.682088211094424,0.8180787007255227
2018-04,seasonal naive,6,2018-10,44.335099592081605,42.393686961695,98,20.39178895172276,-1.9414126303866013,0.09520560628510158
2018-04,seasonal naive,12,2019-04,14.762731692428028,13.01437402590086,98,20.39178895172276,-1.748357666527168,0.08573831705822267
2018-04,naive,1,2018-05,14.762731692428028,22.28945321441668,98,20.39178895172276,7.526721521988653,0.36910550319091906
2018-04,naive,3,2018-07,14.762731692428028,104.34712761304148,98,20.39178895172276,89.58439592061345,4.393160214275613
2018-04,naive,6,2018-10,14.762731692428028,42.393686961695,98,20.39178895172276,27.630955269266977,1.3550039839409298
2018-04,naive,12,2019-04,14.762731692428028,13.01437402590086,98,20.39178895172276,-1.748357666527168,0.08573831705822267
2018-04,climatology,1,2018-05,25.812104438848294,22.28945321441668,98,20.39178895172276,-3.5226512244316126,0.17274851327519297
2018-04,climatology,3,2018-07,82.47382639268149,104.34712761304148,98,20.39178895172276,21.87330122035999,1.0726523931835843
2018-04,climatology,6,2018-10,42.4059908300521,42.393686961695,98,20.39178895172276,-0.012303868357093961,0.000603373661144845
2018-04,climatology,12,2019-04,17.367016802417602,13.01437402590086,98,20.39178895172276,-4.352642776516742,0.21345075642071207
2018-04,seasonal naive with drift,1,2018-05,44.4889471136728,22.28945321441668,98,20.39178895172276,-22.19949389925612,1.0886486689232158
2018-04,seasonal naive with drift,3,2018-07,88.0131933886223,104.34712761304148,98,20.39178895172276,16.33393422441918,0.8010054568085966
2018-04,seasonal naive with drift,6,2018-10,45.031407565432104,42.393686961695,98,20.39178895172276,-2.637720603737101,0.1293520941189546
2018-04,seasonal naive with drift,12,2019-04,16.155347639129026,13.01437402590086,98,20.39178895172276,-3.140973613228166,0.15403129272592864
2018-05,seasonal naive,1,2018-06,64.03962290501559,49.00751314913543,99,20.411233246189905,-15.032109755880164,0.7364625926601548
2018-05,seasonal naive,3,2018-08,64.92411901892125,84.43051869211212,99,20.411233246189905,19.50639967319087,0.9556698234699789
2018-05,seasonal naive,6,2018-11,24.726785832255885,22.555424762260788,99,20.411233246189905,-2.171361069995097,0.10638068968225707
2018-05,seasonal naive,12,2019-05,22.28945321441668,27.190253274241584,99,20.411233246189905,4.900800059824903,0.2401030844493298
2018-05,naive,1,2018-06,22.28945321441668,49.00751314913543,99,20.411233246189905,26.718059934718745,1.3089880269584453
2018-05,naive,3,2018-08,22.28945321441668,84.43051869211212,99,20.411233246189905,62.141065477695435,3.0444542340083784
2018-05,naive,6,2018-11,22.28945321441668,22.555424762260788,99,20.411233246189905,0.2659715478441065,0.01303064565654084
2018-05,naive,12,2019-05,22.28945321441668,27.190253274241584,99,20.411233246189905,4.900800059824903,0.2401030844493298
2018-05,climatology,1,2018-06,44.35019610293825,49.00751314913543,99,20.411233246189905,4.6573170461971785,0.22817421123079587
2018-05,climatology,3,2018-08,89.35094507329782,84.43051869211212,99,20.411233246189905,-4.920426381185706,0.2410646295516801
2018-05,climatology,6,2018-11,24.814499325970285,22.555424762260788,99,20.411233246189905,-2.259074563709497,0.11067800443322995
2018-05,climatology,12,2019-05,25.45983931640513,27.190253274241584,99,20.411233246189905,1.7304139578364541,0.0847775309294192
2018-05,seasonal naive with drift,1,2018-06,64.1331875878182,49.00751314913543,99,20.411233246189905,-15.125674438682772,0.7410465725536809
2018-05,seasonal naive with drift,3,2018-08,65.20481306732907,84.43051869211212,99,20.411233246189905,19.225705624783046,0.9419178837894002
2018-05,seasonal naive with drift,6,2018-11,25.288173929071526,22.555424762260788,99,20.411233246189905,-2.7327491668107378,0.13388456904341392
2018-05,seasonal naive with drift,12,2019-05,23.412229408047963,27.190253274241584,99,20.411233246189905,3.778023866193621,0.18509532572701612
2018-06,seasonal naive,1,2018-07,87.66503940194706,104.34712761304148,100,20.35010684289093,16.682088211094424,0.8197543305244176
2018-06,seasonal naive,3,2018-09,57.26309737930811,60.839375624821194,100,20.35010684289093,3.5762782455130875,0.1757375660542253
2018-06,seasonal naive,6,2018-12,15.912696746808685,15.655540193235684,100,20.35010684289093,-0.25715655357300093,0.012636619333663869
2018-06,seasonal naive,12,2019-06,49.00751314913543,53.765561552545165,100,20.35010684289093,4.758048403409738,0.2338095047924481
2018-06,naive,1,2018-07,49.00751314913543,104.34712761304148,100,20.35010684289093,55.33961446390605,2.719377096697568
2018-06,naive,3,2018-09,49.00751314913543,60.839375624821194,100,20.35010684289093,11.831862475685767,0.5814152508894118
2018-06,naive,6,2018-12,49.00751314913543,15.655540193235684,100,20.35010684289093,-33.35197295589974,1.6389089852641663
2018-06,naive,12,2019-06,49.00751314913543,53.765561552545165,100,20.35010684289093,4.758048403409738,0.2338095047924481
2018-06,climatology,1,2018-07,82.47382639268149,104.34712761304148,100,20.35010684289093,21.87330122035999,1.0748494535792166
2018-06,climatology,3,2018-09,69.99239027078104,60.839375624821194,100,20.35010684289093,-9.15301464595985,0.44977722803245856
2018-06,climatology,6,2018-12,15.582076144834136,15.655540193235684,100,20.35010684289093,0.07346404840154719,0.0036100079949806744
2018-06,climatology,12,2019-06,44.81592780755796,53.765561552545165,100,20.35010684289093,8.949633744987203,0.4397831330361615
2018-06,seasonal naive with drift,1,2018-07,87.74330589729747,104.34712761304148,100,20.35010684289093,16.603821715744004,0.8159083312893933
2018-06,seasonal naive with drift,3,2018-09,57.49789686535936,60.839375624821194,100,20.35010684289093,3.341478759461836,0.16419956834915303
2018-06,seasonal naive with drift,6,2018-12,16.38229571891119,15.655540193235684,100,20.35010684289093,-0.7267555256755074,0.03571261474380862
2018-06,seasonal naive with drift,12,2019-06,49.94671109334044,53.765561552545165,100,20.35010684289093,3.818850459204725,0.1876575139721586
2018-07,seasonal naive,1,2018-08,64.92411901892125,84.43051869211212,101,20.308893150398834,19.50639967319087,0.9604856123243622
2018-07,seasonal naive,3,2018-10,44.335099592081605,42.393686961695,101,20.308893150398834,-1.9414126303866013,0.0955942116593624
2018-07,seasonal naive,6,2019-01,14.127256433427142,10.309633955284076,101,20.308893150398834,-3.8176224781430665,0.18797787008240252
2018-07,seasonal naive,12,2019-07,104.34712761304148,82.64673275728832,101,20.308893150398834,-21.70039485575316,1.0685168657419915
2018-07,naive,1,2018-08,104.34712761304148,84.43051869211212,101,20.308893150398834,-19.916608920929363,0.980684115743562
2018-07,naive,3,2018-10,104.34712761304148,42.393686961695,101,20.308893150398834,-61.953440651346476,3.0505572210433245
2018-07,naive,6,2019-01,104.34712761304148,10.309633955284076,101,20.308893150398834,-94.03749365775741,4.630360353041232
2018-07,naive,12,2019-07,104.34712761304148,82.64673275728832,101,20.308893150398834,-21.70039485575316,1.0685168657419915
2018-07,climatology,1,2018-08,89.35094507329782,84.43051869211212,101,20.308893150398834,-4.920426381185706,0.24227939675230784
2018-07,climatology,3,2018-10,42.4059908300521,42.393686961695,101,20.308893150398834,-0.012303868357093961,0.0006058364808942004
2018-07,climatology,6,2019-01,12.382913507144599,10.309633955284076,101,20.308893150398834,-2.073279551860523,0.10208727459968969
2018-07,climatology,12,2019-07,84.90419319494372,82.64673275728832,101,20.308893150398834,-2.2574604376553964,0.11115625164491368
2018-07,seasonal naive with drift,1,2018-08,65.01712604822943,84.43051869211212,101,20.308893150398834,19.413392643882688,0.9559059915336371
2018-07,seasonal naive with drift,3,2018-10,44.614120680006145,42.393686961695,101,20.308893150398834,-2.220433718311142,0.10933307403153757
2018-07,seasonal naive with drift,6,2019-01,14.685298609276218,10.309633955284076,101,20.308893150398834,-4.375664653992143,0.2154555948267526
2018-07,seasonal naive with drift,12,2019-07,105.46321196473963,82.64673275728832,101,20.308893150398834,-22.81647920745131,1.1234723152306914
2018-08,seasonal naive,1,2018-09,57.26309737930811,60.839375624821194,102,20.299976556207636,3.5762782455130875,0.17617154559813905
2018-08,seasonal naive,3,2018-11,24.726785832255885,22.555424762260788,102,20.299976556207636,-2.171361069995097,0.1069637230359808
2018-08,seasonal naive,6,2019-02,15.193683556828182,12.942285563526768,102,20.299976556207636,-2.2513979933014134,0.11090643317087708
2018-08,seasonal naive,12,2019-08,84.43051869211212,74.7848994470258,102,20.299976556207636,-9.645619245086323,0.4751542061331464
2018-08,naive,1,2018-09,84.43051869211212,60.839375624821194,102,20.299976556207636,-23.591143067290922,1.1621266163520205
2018-08,naive,3,2018-11,84.43051869211212,22.555424762260788,102,20.299976556207636,-61.87509392985133,3.0480377038135162
2018-08,naive,6,2019-02,84.43051869211212,12.942285563526768,102,20.299976556207636,-71.48823312858535,3.5215919058155065
2018-08,naive,12,2019-08,84.43051869211212,74.7848994470258,102,20.299976556207636,-9.645619245086323,0.4751542061331464
2018-08,climatology,1,2018-09,69.99239027078104,60.839375624821194,102,20.299976556207636,-9.15301464595985,0.4508879416986766
2018-08,climatology,3,2018-11,24.814499325970285,22.555424762260788,102,20.299976556207636,-2.259074563709497,0.11128458978533562
2018-08,climatology,6,2019-02,10.879426942153465,12.942285563526768,102,20.299976556207636,2.0628586213733033,0.10161876865530128
2018-08,climatology,12,2019-08,88.80423103094385,74.7848994470258,102,20.299976556207636,-14.01933158391806,0.6906082647485134
2018-08,seasonal naive with drift,1,2018-09,57.37313247835841,60.839375624821194,102,20.299976556207636,3.466243146462787,0.1707510911091583
2018-08,seasonal naive with drift,3,2018-11,25.056891129406793,22.555424762260788,102,20.299976556207636,-2.501466367146005,0.12322508650292349
2018-08,seasonal naive with drift,6,2019-02,15.853894151129996,12.942285563526768,102,20.299976556207636,-2.9116085876032276,0.14342916010476237
2018-08,seasonal naive with drift,12,2019-08,85.75093988071575,74.7848994470258,102,20.299976556207636,-10.966040433689955,0.5401996600009172
2018-09,seasonal naive,1,2018-10,44.335099592081605,42.393686961695,103,20.116199651694508,-1.9414126303866013,0.09650991061937807
2018-09,seasonal naive,3,2018-12,15.912696746808685,15.655540193235684,103,20.116199651694508,-0.25715655357300093,0.012783555444148671
2018-09,seasonal naive,6,2019-03,11.878382965146416,11.14198549810619,103,20.116199651694508,-0.7363974670402271,0.036607186237495704
2018-09,seasonal naive,12,2019-09,60.839375624821194,60.25148092532468,103,20.116199651694508,-0.5878946994965162,0.0292249385905749
2018-09,naive,1,2018-10,60.839375624821194,42.393686961695,103,20.116199651694508,-18.44568866312619,0.9169569293657512
2018-09,naive,3,2018-12,60.839375624821194,15.655540193235684,103,20.116199651694508,-45.18383543158551,2.2461417272610635
2018-09,naive,6,2019-03,60.839375624821194,11.14198549810619,103,20.116199651694508,-49.69739012671501,2.4705158522588384
2018-09,naive,12,2019-09,60.839375624821194,60.25148092532468,103,20.116199651694508,-0.5878946994965162,0.0292249385905749
2018-09,climatology,1,2018-10,42.4059908300521,42.393686961695,103,20.116199651694508,-0.012303868357093961,0.0006116398012612453
2018-09,climatology,3,2018-12,15.582076144834136,15.655540193235684,103,20.116199651694508,0.07346404840154719,0.003651984453999932
2018-09,climatology,6,2019-03,11.64221377726355,11.14198549810619,103,20.116199651694508,-0.5002282791573602,0.024866937484149646
2018-09,climatology,12,2019-09,68.97538864345216,60.25148092532468,103,20.116199651694508,-8.723907718127485,0.43367573742451987
2018-09,seasonal naive with drift,1,2018-10,44.447200494297576,42.393686961695,103,20.116199651694508,-2.0535135326025724,0.10208257862610708
2018-09,seasonal naive with drift,3,2018-12,16.248999453456594,15.655540193235684,103,20.116199651694508,-0.5934592602209108,0.029501559464335508
2018-09,seasonal naive with drift,6,2019-03,12.550988378442238,11.14198549810619,103,20.116199651694508,-1.4090028803360486,0.07004319427786947
2018-09,seasonal naive with drift,12,2019-09,62.18458645141284,60.25148092532468,103,20.116199651694508,-1.9331055260881627,0.0960969546713226
2018-10,seasonal naive,1,2018-11,24.726785832255885,22.555424762260788,104,19.918647618854205,-2.171361069995097,0.10901147063517366
2018-10,seasonal naive,3,2019-01,14.127256433427142,10.309633955284076,104,19.918647618854205,-3.8176224781430665,0.19166072673174137
2018-10,seasonal naive,6,2019-04,14.762731692428028,13.01437402590086,104,19.918647618854205,-1.748357666527168,0.08777491825661105
2018-10,seasonal naive,12,2019-10,42.393686961695,42.639917593372886,104,19.918647618854205,0.24623063167788217,0.012361814737101427
2018-10,naive,1,2018-11,42.393686961695,22.555424762260788,104,19.918647618854205,-19.838262199434215,0.9959643133932496
2018-10,naive,3,2019-01,42.393686961695,10.309633955284076,104,19.918647618854205,-32.084053006410926,1.6107545863726926
2018-10,naive,6,2019-04,42.393686961695,13.01437402590086,104,19.918647618854205,-29.379312935794143,1.4749652435231018
2018-10,naive,12,2019-10,42.393686961695,42.639917593372886,104,19.918647618854205,0.24623063167788217,0.012361814737101427
2018-10,climatology,1,2018-11,24.814499325970285,22.555424762260788,104,19.918647618854205,-2.259074563709497,0.11341505743447894
2018-10,climatology,3,2019-01,12.382913507144599,10.309633955284076,104,19.918647618854205,-2.073279551860523,0.10408736534392217
2018-10,climatology,6,2019-04,17.367016802417602,13.01437402590086,104,19.918647618854205,-4.352642776516742,0.21852099900581112
2018-10,climatology,12,2019-10,42.40462373356797,42.639917593372886,104,19.918647618854205,0.23529385980491213,0.011812742727683593
2018-10,seasonal naive with drift,1,2018-11,24.83590972047097,22.555424762260788,104,19.918647618854205,-2.280484958210181,0.11448994941059974
2018-10,seasonal naive with drift,3,2019-01,14.454628098072394,10.309633955284076,104,19.918647618854205,-4.144994142788319,0.2080961630580196
2018-10,seasonal naive with drift,6,2019-04,15.417475021718534,13.01437402590086,104,19.918647618854205,-2.403100995817674,0.12064579090916762
2018-10,seasonal naive with drift,12,2019-10,43.70317362027601,42.639917593372886,104,19.918647618854205,-1.063256026903126,0.05337993056801155
2018-11,seasonal naive,1,2018-12,15.912696746808685,15.655540193235684,105,19.72781658069443,-0.25715655357300093,0.013035226301964577
2018-11,seasonal naive,3,2019-02,15.193683556828182,12.942285563526768,105,19.72781658069443,-2.2513979933014134,0.11412301934643003
2018-11,seasonal naive,6,2019-05,22.28945321441668,27.190253274241584,105,19.72781658069443,4.900800059824903,0.24842080418675463
2018-11,seasonal naive,12,2019-11,22.555424762260788,21.47391234510809,105,19.72781658069443,-1.0815124171526982,0.05482169872823444
2018-11,naive,1,2018-12,22.555424762260788,15.655540193235684,105,19.72781658069443,-6.8998845690251045,0.3497540916807442
2018-11,naive,3,2019-02,22.555424762260788,12.942285563526768,105,19.72781658069443,-9.61313919873402,0.4872885531661625
2018-11,naive,6,2019-05,22.555424762260788,27.190253274241584,105,19.72781658069443,4.634828511980796,0.23493874717572255
2018-11,naive,12,2019-11,22.555424762260788,21.47391234510809,105,19.72781658069443,-1.0815124171526982,0.05482169872823444
2018-11,climatology,1,2018-12,15.582076144834136,15.655540193235684,105,19.72781658069443,0.07346404840154719,0.003723881358134627
2018-11,climatology,3,2019-02,10.879426942153465,12.942285563526768,105,19.72781658069443,2.0628586213733033,0.10456598746928787
2018-11,climatology,6,2019-05,25.45983931640513,27.190253274241584,105,19.72781658069443,1.7304139578364541,0.08771441840805794
2018-11,climatology,12,2019-11,24.532115005506597,21.47391234510809,105,19.72781658069443,-3.058202660398507,0.15501982431199474
2018-11,seasonal naive with drift,1,2018-12,16.018701595840458,15.655540193235684,105,19.72781658069443,-0.36316140260477425,0.018408595858507865
2018-11,seasonal naive with drift,3,2019-02,15.511698103923498,12.942285563526768,105,19.72781658069443,-2.56941254039673,0.1302431280160597
2018-11,seasonal naive with drift,6,2019-05,22.925482308607315,27.190253274241584,105,19.72781658069443,4.26477096563427,0.2161805868474953
2018-11,seasonal naive with drift,12,2019-11,23.827482950642057,21.47391234510809,105,19.72781658069443,-2.3535706055339674,0.11930213340675333
2018-12,seasonal naive,1,2019-01,14.127256433427142,10.309633955284076,106,19.520681899554837,-3.8176224781430665,0.1955680901818356
2018-12,seasonal naive,3,2019-03,11.878382965146416,11.14198549810619,106,19.520681899554837,-0.7363974670402271,0.03772396224831779
2018-12,seasonal naive,6,2019-06,49.00751314913543,53.765561552545165,106,19.520681899554837,4.758048403409738,0.2437439648826122
2018-12,seasonal naive,12,2019-12,15.655540193235684,16.705329993543785,106,19.520681899554837,1.0497898003081012,0.053778336520715564
2018-12,naive,1,2019-01,15.655540193235684,10.309633955284076,106,19.520681899554837,-5.345906237951608,0.2738585806305014
2018-12,naive,3,2019-03,15.655540193235684,11.14198549810619,106,19.520681899554837,-4.5135546951294945,0.23121910998572362
2018-12,naive,6,2019-06,15.655540193235684,53.765561552545165,106,19.520681899554837,38.110021359309485,1.9522894515369655
2018-12,naive,12,2019-12,15.655540193235684,16.705329993543785,106,19.520681899554837,1.0497898003081012,0.053778336520715564
2018-12,climatology,1,2019-01,12.382913507144599,10.309633955284076,106,19.520681899554837,-2.073279551860523,0.10620938154357218
2018-12,climatology,3,2019-03,11.64221377726355,11.14198549810619,106,19.520681899554837,-0.5002282791573602,0.025625553540154136
2018-12,climatology,6,2019-06,44.81592780755796,53.765561552545165,106,19.520681899554837,8.949633744987203,0.4584693194140568
2018-12,climatology,12,2019-12,15.590238816878752,16.705329993543785,106,19.520681899554837,1.1150911766650324,0.05712357705549526
2018-12,seasonal naive with drift,1,2019-01,14.231905595630941,10.309633955284076,106,19.520681899554837,-3.9222716403468656,0.2009290280190628
2018-12,seasonal naive with drift,3,2019-03,12.192330451757812,11.14198549810619,106,19.520681899554837,-1.0503449536516225,0.053806775759999204
2018-12,seasonal naive with drift,6,2019-06,49.63540812235822,53.765561552545165,106,19.520681899554837,4.130153430186944,0.2115783378592492
2018-12,seasonal naive with drift,12,2019-12,16.91133013968127,16.705329993543785,106,19.520681899554837,-0.20600014613748385,0.010552917526010279
2019-01,seasonal naive,1,2019-02,15.193683556828182,12.942285563526768,107,19.355386537224188,-2.2513979933014134,0.11631893731347269
2019-01,seasonal naive,3,2019-04,14.762731692428028,13.01437402590086,107,19.355386537224188,-1.748357666527168,0.0903292560530752
2019-01,seasonal naive,6,2019-07,104.34712761304148,82.64673275728832,107,19.355386537224188,-21.70039485575316,1.1211553338921474
2019-01,seasonal naive,12,2020-01,10.309633955284076,11.279819926687372,107,19.355386537224188,0.9701859714032963,0.05012485643401847
2019-01,naive,1,2019-02,10.309633955284076,12.942285563526768,107,19.355386537224188,2.6326516082426927,0.136016483224429
2019-01,naive,3,2019-04,10.309633955284076,13.01437402590086,107,19.355386537224188,2.7047400706167846,0.13974094836158613
2019-01,naive,6,2019-07,10.309633955284076,82.64673275728832,107,19.355386537224188,72.33709880200425,3.7373109890048375
2019-01,naive,12,2020-01,10.309633955284076,11.279819926687372,107,19.355386537224188,0.9701859714032963,0.05012485643401847
2019-01,climatology,1,2019-02,10.879426942153465,12.942285563526768,107,19.355386537224188,2.0628586213733033,0.10657801214178923
2019-01,climatology,3,2019-04,17.367016802417602,13.01437402590086,107,19.355386537224188,-4.352642776516742,0.22488017834961652
2019-01,climatology,6,2019-07,84.90419319494372,82.64673275728832,107,19.355386537224188,-2.2574604376553964,0.11663215473965653
2019-01,climatology,12,2020-01,12.152549112493428,11.279819926687372,107,19.355386537224188,-0.8727291858060564,0.04508973169446282
2019-01,seasonal naive with drift,1,2019-02,15.293882357256026,12.942285563526768,107,19.355386537224188,-2.3515967937292572,0.12149572880948037
2019-01,seasonal naive with drift,3,2019-04,15.06332809371156,13.01437402590086,107,19.355386537224188,-2.0489540678106994,0.10585963054109825
2019-01,seasonal naive with drift,6,2019-07,104.94832041560853,82.64673275728832,107,19.355386537224188,-22.301587658320216,1.152216082868193
2019-01,seasonal naive with drift,12,2020-01,11.512019560418201,11.279819926687372,107,19.355386537224188,-0.2321996337308292,0.011996641518073739
2019-02,seasonal naive,1,2019-03,11.878382965146416,11.14198549810619,108,19.177219989891658,-0.7363974670402271,0.038399594280525716
2019-02,seasonal naive,3,2019-05,22.28945321441668,27.190253274241584,108,19.177219989891658,4.900800059824903,0.25555320648186347
2019-02,seasonal naive,6,2019-08,84.43051869211212,74.7848994470258,108,19.177219989891658,-9.645619245086323,0.5029727588342077
2019-02,seasonal naive,12,2020-02,12.942285563526768,10.515282795633206,108,19.177219989891658,-2.427002767893562,0.12655654829911941
2019-02,naive,1,2019-03,12.942285563526768,11.14198549810619,108,19.177219989891658,-1.8003000654205792,0.09387700961711448
2019-02,naive,3,2019-05,12.942285563526768,27.190253274241584,108,19.177219989891658,14.247967710714816,0.742963146807772
2019-02,naive,6,2019-08,12.942285563526768,74.7848994470258,108,19.177219989891658,61.84261388349903,3.224795560362574
2019-02,naive,12,2020-02,12.942285563526768,10.515282795633206,108,19.177219989891658,-2.427002767893562,0.12655654829911941
2019-02,climatology,1,2019-03,11.64221377726355,11.14198549810619,108,19.177219989891658,-0.5002282791573602,0.026084504397458616
2019-02,climatology,3,2019-05,25.45983931640513,27.190253274241584,108,19.177219989891658,1.7304139578364541,0.0902327844572132
2019-02,climatology,6,2019-08,88.80423103094385,74.7848994470258,108,19.177219989891658,-14.01933158391806,0.7310408699127231
2019-02,climatology,12,2020-02,11.108633455639387,10.515282795633206,108,19.177219989891658,-0.5933506600061804,0.030940389708150422
2019-02,seasonal naive with drift,1,2019-03,11.975583689533952,11.14198549810619,108,19.177219989891658,-0.8335981914277628,0.04346814563670614
2019-02,seasonal naive with drift,3,2019-05,22.581055387579287,27.190253274241584,108,19.177219989891658,4.609197886662297,0.2403475524133223
2019-02,seasonal naive with drift,6,2019-08,85.01372303843733,74.7848994470258,108,19.177219989891658,-10.22882359141154,0.5333840669712904
2019-02,seasonal naive with drift,12,2020-02,14.108694256177191,10.515282795633206,108,19.177219989891658,-3.593411460543985,0.1873791645732842
2019-03,seasonal naive,1,2019-04,14.762731692428028,13.01437402590086,109,18.98710841749113,-1.748357666527168,0.09208130211741784
2019-03,seasonal naive,3,2019-06,49.00751314913543,53.765561552545165,109,18.98710841749113,4.758048403409738,0.25059362904498783
2019-03,seasonal naive,6,2019-09,60.839375624821194,60.25148092532468,109,18.98710841749113,-0.5878946994965162,0.030962834707097434
2019-03,seasonal naive,12,2020-03,11.14198549810619,6.176867992983066,109,18.98710841749113,-4.965117505123123,0.26149940243398007
2019-03,naive,1,2019-04,11.14198549810619,13.01437402590086,109,18.98710841749113,1.872388527794671,0.09861367442710794
2019-03,naive,3,2019-06,11.14198549810619,53.765561552545165,109,18.98710841749113,42.62357605443898,2.244869261670918
2019-03,naive,6,2019-09,11.14198549810619,60.25148092532468,109,18.98710841749113,49.10949542721849,2.586465213522365
2019-03,naive,12,2020-03,11.14198549810619,6.176867992983066,109,18.98710841749113,-4.965117505123123,0.26149940243398007
2019-03,climatology,1,2019-04,17.367016802417602,13.01437402590086,109,18.98710841749113,-4.352642776516742,0.2292420036168878
2019-03,climatology,3,2019-06,44.81592780755796,53.765561552545165,109,18.98710841749113,8.949633744987203,0.47135317017217343
2019-03,climatology,6,2019-09,68.97538864345216,60.25148092532468,109,18.98710841749113,-8.723907718127485,0.4594647866491839
2019-03,climatology,12,2020-03,11.586632857357175,6.176867992983066,109,18.98710841749113,-5.409764864374109,0.2849177845000651
2019-03,seasonal naive with drift,1,2019-04,14.858297703619954,13.01437402590086,109,18.98710841749113,-1.8439236777190935,0.09711450723167785
2019-03,seasonal naive with drift,3,2019-06,49.2942111827112,53.765561552545165,109,18.98710841749113,4.471350369833964,0.23549401370220793
2019-03,seasonal naive with drift,6,2019-09,61.41277169197274,60.25148092532468,109,18.98710841749113,-1.1612907666480652,0.06116206539265724
2019-03,seasonal naive with drift,12,2020-03,12.288777632409285,6.176867992983066,109,18.98710841749113,-6.111909639426219,0.3218978638050996
2019-04,seasonal naive,1,2019-05,22.28945321441668,27.190253274241584,110,18.811202797583334,4.900800059824903,0.2605256087321809
2019-04,seasonal naive,3,2019-07,104.34712761304148,82.64673275728832,110,18.811202797583334,-21.70039485575316,1.153588905997069
2019-04,seasonal naive,6,2019-10,42.393686961695,42.639917593372886,110,18.811202797583334,0.24623063167788217,0.013089574033485795
2019-04,seasonal naive,12,2020-04,13.01437402590086,20.838584510761713,110,18.811202797583334,7.824210484860853,0.41593355667113563
2019-04,naive,1,2019-05,13.01437402590086,27.190253274241584,110,18.811202797583334,14.175879248340724,0.7535870726013273
2019-04,naive,3,2019-07,13.01437402590086,82.64673275728832,110,18.811202797583334,69.63235873138746,3.7016430836805974
2019-04,naive,6,2019-10,13.01437402590086,42.639917593372886,110,18.811202797583334,29.625543567472025,1.5748883198089814
2019-04,naive,12,2020-04,13.01437402590086,20.838584510761713,110,18.811202797583334,7.824210484860853,0.41593355667113563
2019-04,climatology,1,2019-05,25.45983931640513,27.190253274241584,110,18.811202797583334,1.7304139578364541,0.09198848029317719
2019-04,climatology,3,2019-07,84.90419319494372,82.64673275728832,110,18.811202797583334,-2.2574604376553964,0.12000617195756409
2019-04,climatology,6,2019-10,42.40462373356797,42.639917593372886,110,18.811202797583334,0.23529385980491213,0.01250817729928148
2019-04,climatology,12,2020-04,16.931752524765926,20.838584510761713,110,18.811202797583334,3.9068319859957867,0.2076864530160557
2019-04,seasonal naive with drift,1,2019-05,22.38255736353307,27.190253274241584,110,18.811202797583334,4.807695910708514,0.25557620968958755
2019-04,seasonal naive with drift,3,2019-07,104.62644006039065,82.64673275728832,110,18.811202797583334,-21.97970730310233,1.1684371031248493
2019-04,seasonal naive with drift,6,2019-10,42.95231185639334,42.639917593372886,110,18.811202797583334,-0.31239426302045104,0.016606820222074485
2019-04,seasonal naive with drift,12,2020-04,14.131623815297525,20.838584510761713,110,18.811202797583334,6.706960695464188,0.3565407681600152
2019-05,seasonal naive,1,2019-06,49.00751314913543,53.765561552545165,111,18.670693679020115,4.758048403409738,0.25484047273274385
2019-05,seasonal naive,3,2019-08,84.43051869211212,74.7848994470258,111,18.670693679020115,-9.645619245086323,0.5166181509327055
2019-05,seasonal naive,6,2019-11,22.555424762260788,21.47391234510809,111,18.670693679020115,-1.0815124171526982,0.05792566873763089
2019-05,seasonal naive,12,2020-05,27.190253274241584,33.51816927694313,111,18.670693679020115,6.327916002701542,0.3389223834683815
2019-05,naive,1,2019-06,27.190253274241584,53.765561552545165,111,18.670693679020115,26.57530827830358,1.423370161557828
2019-05,naive,3,2019-08,27.190253274241584,74.7848994470258,111,18.670693679020115,47.59464617278421,2.549163249690362
2019-05,naive,6,2019-11,27.190253274241584,21.47391234510809,111,18.670693679020115,-5.716340929133494,0.3061664996173566
2019-05,naive,12,2020-05,27.190253274241584,33.51816927694313,111,18.670693679020115,6.327916002701542,0.3389223834683815
2019-05,climatology,1,2019-06,44.81592780755796,53.765561552545165,111,18.670693679020115,8.949633744987203,0.47934125527664395
2019-05,climatology,3,2019-08,88.80423103094385,74.7848994470258,111,18.670693679020115,-14.01933158391806,0.7508736324923644
2019-05,climatology,6,2019-11,24.532115005506597,21.47391234510809,111,18.670693679020115,-3.058202660398507,0.16379694900329003
2019-05,climatology,12,2020-05,25.617149676208445,33.51816927694313,111,18.670693679020115,7.901019600734681,0.42317761388870617
2019-05,seasonal naive with drift,1,2019-06,49.103802104876756,53.765561552545165,111,18.670693679020115,4.661759447668409,0.24968324840049916
2019-05,seasonal naive with drift,3,2019-08,84.7193855593361,74.7848994470258,111,18.670693679020115,-9.93448611231031,0.5320898239294394
2019-05,seasonal naive with drift,6,2019-11,23.13315849670876,21.47391234510809,111,18.670693679020115,-1.6592461516006694,0.08886901473109866
2019-05,seasonal naive with drift,12,2020-05,28.345720743137523,33.51816927694313,111,18.670693679020115,5.172448533805603,0.27703569148144613
2019-06,seasonal naive,1,2019-07,104.34712761304148,82.64673275728832,112,18.531567226264013,-21.70039485575316,1.170996202900643
2019-06,seasonal naive,3,2019-09,60.839375624821194,60.25148092532468,112,18.531567226264013,-0.5878946994965162,0.031723960111874276
2019-06,seasonal naive,6,2019-12,15.655540193235684,16.705329993543785,112,18.531567226264013,1.0497898003081012,0.056648732807675226
2019-06,seasonal naive,12,2020-06,53.765561552545165,53.90333150915241,112,18.531567226264013,0.13776995660724367,0.007434339196740365
2019-06,naive,1,2019-07,53.765561552545165,82.64673275728832,112,18.531567226264013,28.881171204743154,1.5584850893674596
2019-06,naive,3,2019-09,53.765561552545165,60.25148092532468,112,18.531567226264013,6.485919372779513,0.3499930304646491
2019-06,naive,6,2019-12,53.765561552545165,16.705329993543785,112,18.531567226264013,-37.06023155900138,1.999843354126977
2019-06,naive,12,2020-06,53.765561552545165,53.90333150915241,112,18.531567226264013,0.13776995660724367,0.007434339196740365
2019-06,climatology,1,2019-07,84.90419319494372,82.64673275728832,112,18.531567226264013,-2.2574604376553964,0.12181702767459368
2019-06,climatology,3,2019-09,68.97538864345216,60.25148092532468,112,18.531567226264013,-8.723907718127485,0.4707593055466705
2019-06,climatology,6,2019-12,15.590238816878752,16.705329993543785,112,18.531567226264013,1.1150911766650324,0.06017252416107907
2019-06,climatology,12,2020-06,45.629530875284075,53.90333150915241,112,18.531567226264013,8.273800633868333,0.44647063752612476
2019-06,seasonal naive with drift,1,2019-07,104.44641871956156,82.64673275728832,112,18.531567226264013,-21.799685962273244,1.176354147283208
2019-06,seasonal naive with drift,3,2019-09,61.13724894438146,60.25148092532468,112,18.531567226264013,-0.8857680190567834,0.04779779325956962
2019-06,seasonal naive with drift,6,2019-12,16.25128683235622,16.705329993543785,112,18.531567226264013,0.45404316118756327,0.024501066512284345
2019-06,seasonal naive with drift,12,2020-06,54.95705483078624,53.90333150915241,112,18.531567226264013,-1.0537233216338322,0.0568609933940414
2019-07,seasonal naive,1,2019-08,84.43051869211212,74.7848994470258,113,18.562941757249053,-9.645619245086323,0.5196169535639249
2019-07,seasonal naive,3,2019-10,42.393686961695,42.639917593372886,113,18.562941757249053,0.24623063167788217,0.013264634178024403
2019-07,seasonal naive,6,2020-01,10.309633955284076,11.279819926687372,113,18.562941757249053,0.9701859714032963,0.05226466710344695
2019-07,seasonal naive,12,2020-07,82.64673275728832,72.22878590801174,113,18.562941757249053,-10.417946849276575,0.5612228377114981
2019-07,naive,1,2019-08,82.64673275728832,74.7848994470258,113,18.562941757249053,-7.861833310262526,0.4235230284657002
2019-07,naive,3,2019-10,82.64673275728832,42.639917593372886,113,18.562941757249053,-40.006815163915434,2.155198011559363
2019-07,naive,6,2020-01,82.64673275728832,11.279819926687372,113,18.562941757249053,-71.36691283060095,3.844590677699633
2019-07,naive,12,2020-07,82.64673275728832,72.22878590801174,113,18.562941757249053,-10.417946849276575,0.5612228377114981
2019-07,climatology,1,2019-08,88.80423103094385,74.7848994470258,113,18.562941757249053,-14.01933158391806,0.7552322130431369
2019-07,climatology,3,2019-10,42.40462373356797,42.639917593372886,113,18.562941757249053,0.23529385980491213,0.012675461835838979
2019-07,climatology,6,2020-01,12.152549112493428,11.279819926687372,113,18.562941757249053,-0.8727291858060564,0.0470145948427191
2019-07,climatology,12,2020-07,84.67844715117818,72.22878590801174,113,18.562941757249053,-12.449661243166432,0.6706728602595916
2019-07,seasonal naive with drift,1,2019-08,84.51092210215201,74.7848994470258,113,18.562941757249053,-9.726022655126215,0.5239483473209782
2019-07,seasonal naive with drift,3,2019-10,42.634897191814694,42.639917593372886,113,18.562941757249053,0.005020401558191168,0.0002704529068637863
2019-07,seasonal naive with drift,6,2020-01,10.792054415523456,11.279819926687372,113,18.562941757249053,0.4877655111639161,0.026276304561125813
2019-07,seasonal naive with drift,12,2020-07,83.61157367776708,72.22878590801174,113,18.562941757249053,-11.382787769755339,0.6131995627961405
2019-08,seasonal naive,1,2019-09,60.839375624821194,60.25148092532468,114,18.475517026737652,-0.5878946994965162,0.03182020284713649
2019-08,seasonal naive,3,2019-11,22.555424762260788,21.47391234510809,114,18.475517026737652,-1.0815124171526982,0.0585375995479607
2019-08,seasonal naive,6,2020-02,12.942285563526768,10.515282795633206,114,18.475517026737652,-2.427002767893562,0.13136318536478406
2019-08,seasonal naive,12,2020-08,74.7848994470258,77.38043270178966,114,18.475517026737652,2.5955332547638648,0.14048501327500743
2019-08,naive,1,2019-09,74.7848994470258,60.25148092532468,114,18.475517026737652,-14.533418521701115,0.7866312212355651
2019-08,naive,3,2019-11,74.7848994470258,21.47391234510809,114,18.475517026737652,-53.3109871019177,2.8854936522082917
2019-08,naive,6,2020-02,74.7848994470258,10.515282795633206,114,18.475517026737652,-64.26961665139258,3.4786369744555454
2019-08,naive,12,2020-08,74.7848994470258,77.38043270178966,114,18.475517026737652,2.5955332547638648,0.14048501327500743
2019-08,climatology,1,2019-09,68.97538864345216,60.25148092532468,114,18.475517026737652,-8.723907718127485,0.4721874741314303
2019-08,climatology,3,2019-11,24.532115005506597,21.47391234510809,114,18.475517026737652,-3.058202660398507,0.16552731141286575
2019-08,climatology,6,2020-02,11.108633455639387,10.515282795633206,114,18.475517026737652,-0.5933506600061804,0.03211551044268407
2019-08,climatology,12,2020-08,87.40229787255205,77.38043270178966,114,18.475517026737652,-10.021865170762396,0.5424403093163139
2019-08,seasonal naive with drift,1,2019-09,60.911110358255236,60.25148092532468,114,18.475517026737652,-0.6596294329305579,0.03570289437507737
2019-08,seasonal naive with drift,3,2019-11,22.770628962562917,21.47391234510809,114,18.475517026737652,-1.2967166174548268,0.07018567413178352
2019-08,seasonal naive with drift,6,2020-02,13.372693964131024,10.515282795633206,114,18.475517026737652,-2.8574111684978174,0.15465933453242958
2019-08,seasonal naive with drift,12,2020-08,75.64571624823431,77.38043270178966,114,18.475517026737652,1.7347164535553503,0.09389271493971614
2019-09,seasonal naive,1,2019-10,42.393686961695,42.639917593372886,115,18.301850790550844,0.24623063167788217,0.013453865103359374
2019-09,seasonal naive,3,2019-12,15.655540193235684,16.705329993543785,115,18.301850790550844,1.0497898003081012,0.05735976171601741
2019-09,seasonal naive,6,2020-03,11.14198549810619,6.176867992983066,115,18.301850790550844,-4.965117505123123,0.27129045919697853
2019-09,seasonal naive,12,2020-09,60.25148092532468,83.16468280787637,115,18.301850790550844,22.913201882551697,1.2519609161266723
2019-09,naive,1,2019-10,60.25148092532468,42.639917593372886,115,18.301850790550844,-17.611563331951793,0.9622831883781151
2019-09,naive,3,2019-12,60.25148092532468,16.705329993543785,115,18.301850790550844,-43.54615093178089,2.379330452976021
2019-09,naive,6,2020-03,60.25148092532468,6.176867992983066,115,18.301850790550844,-54.07461293234161,2.9545980650361363
2019-09,naive,12,2020-09,60.25148092532468,83.16468280787637,115,18.301850790550844,22.913201882551697,1.2519609161266723
2019-09,climatology,1,2019-10,42.40462373356797,42.639917593372886,115,18.301850790550844,0.23529385980491213,0.01285628773273538
2019-09,climatology,3,2019-12,15.590238816878752,16.705329993543785,115,18.301850790550844,1.1150911766650324,0.060927782082058526
2019-09,climatology,6,2020-03,11.586632857357175,6.176867992983066,115,18.301850790550844,-5.409764864374109,0.2955856719784397
2019-09,climatology,12,2020-09,68.10299787163942,83.16468280787637,115,18.301850790550844,15.061684936236958,0.8229596617634557
2019-09,seasonal naive with drift,1,2019-10,42.464249598445626,42.639917593372886,115,18.301850790550844,0.17566799492725949,0.009598373243101513
2019-09,seasonal naive with drift,3,2019-12,15.867228103487557,16.705329993543785,115,18.301850790550844,0.8381018900562278,0.04579328613524353
2019-09,seasonal naive with drift,6,2020-03,11.565361318609936,6.176867992983066,115,18.301850790550844,-5.38849332562687,0.29442341035852626
2019-09,seasonal naive with drift,12,2020-09,61.09823256633217,83.16468280787637,115,18.301850790550844,22.066450241544203,1.2056950138035767
2019-10,seasonal naive,1,2019-11,22.555424762260788,21.47391234510809,116,18.128239058253993,-1.0815124171526982,0.059658989142702935
2019-10,seasonal naive,3,2020-01,10.309633955284076,11.279819926687372,116,18.128239058253993,0.9701859714032963,0.0535179378584794
2019-10,seasonal naive,6,2020-04,13.01437402590086,20.838584510761713,116,18.128239058253993,7.824210484860853,0.4316034480634456
2019-10,seasonal naive,12,2020-10,42.639917593372886,44.3611068967849,116,18.128239058253993,1.721189303412011,0.09494520112411768
2019-10,naive,1,2019-11,42.639917593372886,21.47391234510809,116,18.128239058253993,-21.166005248264796,1.167570947197305
2019-10,naive,3,2020-01,42.639917593372886,11.279819926687372,116,18.128239058253993,-31.360097666685512,1.7299031398423061
2019-10,naive,6,2020-04,42.639917593372886,20.838584510761713,116,18.128239058253993,-21.801333082611173,1.2026172543595612
2019-10,naive,12,2020-10,42.639917593372886,44.3611068967849,116,18.128239058253993,1.721189303412011,0.09494520112411768
2019-10,climatology,1,2019-11,24.532115005506597,21.47391234510809,116,18.128239058253993,-3.058202660398507,0.16869827513699256
2019-10,climatology,3,2020-01,12.152549112493428,11.279819926687372,116,18.128239058253993,-0.8727291858060564,0.048141972477392554
2019-10,climatology,6,2020-04,16.931752524765926,20.838584510761713,116,18.128239058253993,3.9068319859957867,0.215510837728994
2019-10,climatology,12,2020-10,42.42815311954847,44.3611068967849,116,18.128239058253993,1.9329537772364276,0.10662667074419079
2019-10,seasonal naive with drift,1,2019-11,22.62550621230522,21.47391234510809,116,18.128239058253993,-1.1515938671971284,0.06352486104671014
2019-10,seasonal naive with drift,3,2020-01,10.519878305417368,11.279819926687372,116,18.128239058253993,0.7599416212700039,0.041920322146457675
2019-10,seasonal naive with drift,6,2020-04,13.434862726167445,20.838584510761713,116,18.128239058253993,7.403721784594268,0.40840821663940213
2019-10,seasonal naive with drift,12,2020-10,43.480894993906055,44.3611068967849,116,18.128239058253993,0.8802119028788411,0.04855473827603077
2019-11,seasonal naive,1,2019-12,15.655540193235684,16.705329993543785,117,17.965889280719693,1.0497898003081012,0.05843238728152998
2019-11,seasonal naive,3,2020-02,12.942285563526768,10.515282795633206,117,17.965889280719693,-2.427002767893562,0.13508948708139534
2019-11,seasonal naive,6,2020-05,27.190253274241584,33.51816927694313,117,17.965889280719693,6.327916002701542,0.3522183568999515
2019-11,seasonal naive,12,2020-11,21.47391234510809,25.364511503111405,117,17.965889280719693,3.8905991580033152,0.2165547776239809
2019-11,naive,1,2019-12,21.47391234510809,16.705329993543785,117,17.965889280719693,-4.768582351564305,0.2654242312782015
2019-11,naive,3,2020-02,21.47391234510809,10.515282795633206,117,17.965889280719693,-10.958629549474884,0.6099686677483461
2019-11,naive,6,2020-05,21.47391234510809,33.51816927694313,117,17.965889280719693,12.044256931835037,0.6703958119546286
2019-11,naive,12,2020-11,21.47391234510809,25.364511503111405,117,17.965889280719693,3.8905991580033152,0.2165547776239809
2019-11,climatology,1,2019-12,15.590238816878752,16.705329993543785,117,17.965889280719693,1.1150911766650324,0.0620671295053402
2019-11,climatology,3,2020-02,11.108633455639387,10.515282795633206,117,17.965889280719693,-0.5933506600061804,0.03302651211609891
2019-11,climatology,6,2020-05,25.617149676208445,33.51816927694313,117,17.965889280719693,7.901019600734681,0.4397789320239079
2019-11,climatology,12,2020-11,24.192314709906764,25.364511503111405,117,17.965889280719693,1.172196793204641,0.06524568725148484
2019-11,seasonal naive with drift,1,2019-12,15.724095857710523,16.705329993543785,117,17.965889280719693,0.9812341358332617,0.054616508011450605
2019-11,seasonal naive with drift,3,2020-02,13.147952556951285,10.515282795633206,117,17.965889280719693,-2.6326697613180787,0.14653712489163337
2019-11,seasonal naive with drift,6,2020-05,27.601587261090618,33.51816927694313,117,17.965889280719693,5.916582015852509,0.32932308127947546
2019-11,seasonal naive with drift,12,2020-11,22.296580318806157,25.364511503111405,117,17.965889280719693,3.067931184305248,0.1707642263830288
2019-12,seasonal naive,1,2020-01,10.309633955284076,11.279819926687372,118,17.806303436564868,0.9701859714032963,0.05448553512859047
2019-12,seasonal naive,3,2020-03,11.14198549810619,6.176867992983066,118,17.806303436564868,-4.965117505123123,0.2788404411286938
2019-12,seasonal naive,6,2020-06,53.765561552545165,53.90333150915241,118,17.806303436564868,0.13776995660724367,0.007737145281054572
2019-12,seasonal naive,12,2020-12,16.705329993543785,22.88940983508864,118,17.806303436564868,6.184079841544854,0.347297228960278
2019-12,naive,1,2020-01,16.705329993543785,11.279819926687372,118,17.806303436564868,-5.425510066856413,0.3046960356586557
2019-12,naive,3,2020-03,16.705329993543785,6.176867992983066,118,17.806303436564868,-10.528462000560719,0.5912772428072154
2019-12,naive,6,2020-06,16.705329993543785,53.90333150915241,118,17.806303436564868,37.198001515608624,2.089035584961633
2019-12,naive,12,2020-12,16.705329993543785,22.88940983508864,118,17.806303436564868,6.184079841544854,0.347297228960278
2019-12,climatology,1,2020-01,12.152549112493428,11.279819926687372,118,17.806303436564868,-0.8727291858060564,0.049012373001233116
2019-12,climatology,3,2020-03,11.586632857357175,6.176867992983066,118,17.806303436564868,-5.409764864374109,0.3038117868566292
2019-12,climatology,6,2020-06,45.629530875284075,53.90333150915241,118,17.806303436564868,8.273800633868333,0.4646557138231318
2019-12,climatology,12,2020-12,15.701747934545256,22.88940983508864,118,17.806303436564868,7.187661900543382,0.40365828461530484
2019-12,seasonal naive with drift,1,2020-01,10.378368174654048,11.279819926687372,118,17.806303436564868,0.9014517520333243,0.0506254290928353
2019-12,seasonal naive with drift,3,2020-03,11.348188156216107,6.176867992983066,118,17.806303436564868,-5.171320163233041,0.29042075923595934
2019-12,seasonal naive with drift,6,2020-06,54.177966868765,53.90333150915241,118,17.806303436564868,-0.27463535961258856,0.015423490933476437
2019-12,seasonal naive with drift,12,2020-12,17.530140625983456,22.88940983508864,118,17.806303436564868,5.359269209105182,0.3009759565312156
2020-01,seasonal naive,1,2020-02,12.942285563526768,10.515282795633206,119,17.648956544367095,-2.427002767893562,0.13751536878638715
2020-01,seasonal naive,3,2020-04,13.01437402590086,20.838584510761713,119,17.648956544367095,7.824210484860853,0.44332425348727234
2020-01,seasonal naive,6,2020-07,82.64673275728832,72.22878590801174,119,17.648956544367095,-10.417946849276575,0.5902868434792313
2020-01,seasonal naive,12,2021-01,11.279819926687372,16.335370152243723,119,17.648956544367095,5.055550225556351,0.2864503752869117
2020-01,naive,1,2020-02,11.279819926687372,10.515282795633206,119,17.648956544367095,-0.7645371310541655,0.04331911233008152
2020-01,naive,3,2020-04,11.279819926687372,20.838584510761713,119,17.648956544367095,9.558764584074341,0.5416050835665495
2020-01,naive,6,2020-07,11.279819926687372,72.22878590801174,119,17.648956544367095,60.94896598132437,3.4534033685281558
2020-01,naive,12,2021-01,11.279819926687372,16.335370152243723,119,17.648956544367095,5.055550225556351,0.2864503752869117
2020-01,climatology,1,2020-02,11.108633455639387,10.515282795633206,119,17.648956544367095,-0.5933506600061804,0.03361958870002184
2020-01,climatology,3,2020-04,16.931752524765926,20.838584510761713,119,17.648956544367095,3.9068319859957867,0.2213633410096817
2020-01,climatology,6,2020-07,84.67844715117818,72.22878590801174,119,17.648956544367095,-12.449661243166432,0.7054049462850488
2020-01,climatology,12,2021-01,12.065276193912823,16.335370152243723,119,17.648956544367095,4.2700939583309,0.24194597270362472
2020-01,seasonal naive with drift,1,2020-02,13.011133003565716,10.515282795633206,119,17.648956544367095,-2.4958502079325093,0.14141630422502763
2020-01,seasonal naive with drift,3,2020-04,13.220916346017702,20.838584510761713,119,17.648956544367095,7.6176681647440105,0.4316214471713509
2020-01,seasonal naive with drift,6,2020-07,83.059817397522,72.22878590801174,119,17.648956544367095,-10.831031489510252,0.6136924561110738
2020-01,seasonal naive with drift,12,2021-01,12.10598920715474,16.335370152243723,119,17.648956544367095,4.229380945088982,0.23963915002322597
2020-02,seasonal naive,1,2020-03,11.14198549810619,6.176867992983066,120,17.508012527918268,-4.965117505123123,0.2835911556040841
2020-02,seasonal naive,3,2020-05,27.190253274241584,33.51816927694313,120,17.508012527918268,6.327916002701542,0.3614297164004795
2020-02,seasonal naive,6,2020-08,74.7848994470258,77.38043270178966,120,17.508012527918268,2.5955332547638648,0.14824830920271667
2020-02,seasonal naive,12,2021-02,10.515282795633206,12.194924651216166,120,17.508012527918268,1.6796418555829593,0.09593560964756012
2020-02,naive,1,2020-03,10.515282795633206,6.176867992983066,120,17.508012527918268,-4.33841480265014,0.24779596174792007
2020-02,naive,3,2020-05,10.515282795633206,33.51816927694313,120,17.508012527918268,23.002886481309922,1.3138490987843154
2020-02,naive,6,2020-08,10.515282795633206,77.38043270178966,120,17.508012527918268,66.86514990615645,3.8191170927901332
2020-02,naive,12,2021-02,10.515282795633206,12.194924651216166,120,17.508012527918268,1.6796418555829593,0.09593560964756012
2020-02,climatology,1,2020-03,11.586632857357175,6.176867992983066,120,17.508012527918268,-5.409764864374109,0.3089879479893963
2020-02,climatology,3,2020-05,25.617149676208445,33.51816927694313,120,17.508012527918268,7.901019600734681,0.45128021173938043
2020-02,climatology,6,2020-08,87.40229787255205,77.38043270178966,120,17.508012527918268,-10.021865170762396,0.5724159241251133
2020-02,climatology,12,2021-02,11.04929838963877,12.194924651216166,120,17.508012527918268,1.1456262615773962,0.06543439809347755
2020-02,seasonal naive with drift,1,2020-03,11.208322774527574,6.176867992983066,120,17.508012527918268,-5.031454781544507,0.287380122302366
2020-02,seasonal naive with drift,3,2020-05,27.38926510350574,33.51816927694313,120,17.508012527918268,6.1289041734373875,0.3500628163056338
2020-02,seasonal naive with drift,6,2020-08,75.1829231055541,77.38043270178966,120,17.508012527918268,2.1975095962355624,0.12551450901302558
2020-02,seasonal naive with drift,12,2021-02,11.311330112689825,12.194924651216166,120,17.508012527918268,0.8835945385263404,0.05046800926817713
2020-03,seasonal naive,1,2020-04,13.01437402590086,20.838584510761713,121,17.392940096516476,7.824210484860853,0.4498497920100303
2020-03,seasonal naive,3,2020-06,53.765561552545165,53.90333150915241,121,17.392940096516476,0.13776995660724367,0.007921027488321929
2020-03,seasonal naive,6,2020-09,60.25148092532468,83.16468280787637,121,17.392940096516476,22.913201882551697,1.3173852008574927
2020-03,seasonal naive,12,2021-03,6.176867992983066,12.39642748230646,121,17.392940096516476,6.2195594893233945,0.3575910372145231
2020-03,naive,1,2020-04,6.176867992983066,20.838584510761713,121,17.392940096516476,14.661716517778647,0.8429694138206772
2020-03,naive,3,2020-06,6.176867992983066,53.90333150915241,121,17.392940096516476,47.726463516169346,2.744013562475742
2020-03,naive,6,2020-09,6.176867992983066,83.16468280787637,121,17.392940096516476,76.98781481489331,4.426383025967687
2020-03,naive,12,2021-03,6.176867992983066,12.39642748230646,121,17.392940096516476,6.2195594893233945,0.3575910372145231
2020-03,climatology,1,2020-04,16.931752524765926,20.838584510761713,121,17.392940096516476,3.9068319859957867,0.22462171227613564
2020-03,climatology,3,2020-06,45.629530875284075,53.90333150915241,121,17.392940096516476,8.273800633868333,0.47569879433583756
2020-03,climatology,6,2020-09,68.10299787163942,83.16468280787637,121,17.392940096516476,15.061684936236958,0.8659654349786192
2020-03,climatology,12,2021-03,11.045656370919765,12.39642748230646,121,17.392940096516476,1.3507711113866954,0.07766203435940269
2020-03,seasonal naive with drift,1,2020-04,13.07630674206064,20.838584510761713,121,17.392940096516476,7.7622777687010736,0.4462889957434932
2020-03,seasonal naive with drift,3,2020-06,53.9513597010245,53.90333150915241,121,17.392940096516476,-0.04802819187209195,0.002761361311289241
2020-03,seasonal naive with drift,6,2020-09,60.62307722228336,83.16468280787637,121,17.392940096516476,22.541605585593018,1.29602042325827
2020-03,seasonal naive with drift,12,2021-03,6.920060586900421,12.39642748230646,121,17.392940096516476,5.47636689540604,0.3148614820160777
2020-04,seasonal naive,1,2020-05,27.190253274241584,33.51816927694313,122,17.305951645501427,6.327916002701542,0.36564969857329077
2020-04,seasonal naive,3,2020-07,82.64673275728832,72.22878590801174,122,17.305951645501427,-10.417946849276575,0.6019863606856116
2020-04,seasonal naive,6,2020-10,42.639917593372886,44.3611068967849,122,17.305951645501427,1.721189303412011,0.09945649558424735
2020-04,seasonal naive,12,2021-04,20.838584510761713,22.00182242064943,122,17.305951645501427,1.163237909887716,0.0672160614865749
2020-04,naive,1,2020-05,20.838584510761713,33.51816927694313,122,17.305951645501427,12.679584766181414,0.7326719169169407
2020-04,naive,3,2020-07,20.838584510761713,72.22878590801174,122,17.305951645501427,51.39020139725003,2.969510284666061
2020-04,naive,6,2020-10,20.838584510761713,44.3611068967849,122,17.305951645501427,23.522522386023184,1.3592157696879799
2020-04,naive,12,2021-04,20.838584510761713,22.00182242064943,122,17.305951645501427,1.163237909887716,0.0672160614865749
2020-04,climatology,1,2020-05,25.617149676208445,33.51816927694313,122,17.305951645501427,7.901019600734681,0.45654927059665634
2020-04,climatology,3,2020-07,84.67844715117818,72.22878590801174,122,17.305951645501427,-12.449661243166432,0.7193861105235806
2020-04,climatology,6,2020-10,42.42815311954847,44.3611068967849,122,17.305951645501427,1.9329537772364276,0.11169300693954537
2020-04,climatology,12,2021-04,17.28691906894736,22.00182242064943,122,17.305951645501427,4.71490335170207,0.2724440382293382
2020-04,seasonal naive with drift,1,2020-05,27.2575503978945,33.51816927694313,122,17.305951645501427,6.260618879048625,0.3617610292281172
2020-04,seasonal naive with drift,3,2020-07,82.84862412824708,72.22878590801174,122,17.305951645501427,-10.619838220235337,0.6136523687211328
2020-04,seasonal naive with drift,6,2020-10,43.043700335290396,44.3611068967849,122,17.305951645501427,1.3174065614945007,0.07612447951320564
2020-04,seasonal naive with drift,12,2021-04,21.646149994596737,22.00182242064943,122,17.305951645501427,0.355672426052692,0.02055202934449125
2020-05,seasonal naive,1,2020-06,53.765561552545165,53.90333150915241,123,17.20705042349422,0.13776995660724367,0.008006599226276159
2020-05,seasonal naive,3,2020-08,74.7848994470258,77.38043270178966,123,17.20705042349422,2.5955332547638648,0.15084126511420964
2020-05,seasonal naive,6,2020-11,21.47391234510809,25.364511503111405,123,17.20705042349422,3.8905991580033152,0.2261049431627838
2020-05,seasonal naive,12,2021-05,33.51816927694313,26.932322185963937,123,17.20705042349422,-6.58584709097919,0.38274119787473765
2020-05,naive,1,2020-06,33.51816927694313,53.90333150915241,123,17.20705042349422,20.385162232209282,1.18469823302056
2020-05,naive,3,2020-08,33.51816927694313,77.38043270178966,123,17.20705042349422,43.86226342484653,2.5490867025622084
2020-05,naive,6,2020-11,33.51816927694313,25.364511503111405,123,17.20705042349422,-8.153657773831721,0.47385563319433605
2020-05,naive,12,2021-05,33.51816927694313,26.932322185963937,123,17.20705042349422,-6.58584709097919,0.38274119787473765
2020-05,climatology,1,2020-06,45.629530875284075,53.90333150915241,123,17.20705042349422,8.273800633868333,0.48083782113937573
2020-05,climatology,3,2020-08,87.40229787255205,77.38043270178966,123,17.20705042349422,-10.021865170762396,0.5824278376658156
2020-05,climatology,6,2020-11,24.192314709906764,25.364511503111405,123,17.20705042349422,1.172196793204641,0.06812305214170485
2020-05,climatology,12,2021-05,26.27556797626967,26.932322185963937,123,17.20705042349422,0.6567542096942667,0.03816773900990872
2020-05,seasonal naive with drift,1,2020-06,53.83700308349453,53.90333150915241,123,17.20705042349422,0.06632842565787911,0.0038547237339012722
2020-05,seasonal naive with drift,3,2020-08,74.9992240398739,77.38043270178966,123,17.20705042349422,2.381208661915764,0.13838563863708456
2020-05,seasonal naive with drift,6,2020-11,21.90256153080428,25.364511503111405,123,17.20705042349422,3.4619499723071243,0.20119369020853425
2020-05,seasonal naive with drift,12,2021-05,34.37546764833551,26.932322185963937,123,17.20705042349422,-7.443145462371572,0.4325637037832367
2020-06,seasonal naive,1,2020-07,82.64673275728832,72.22878590801174,124,17.0546461336113,-10.417946849276575,0.610856816826289
2020-06,seasonal naive,3,2020-09,60.25148092532468,83.16468280787637,124,17.0546461336113,22.913201882551697,1.3435166993816632
2020-06,seasonal naive,6,2020-12,16.705329993543785,22.88940983508864,124,17.0546461336113,6.184079841544854,0.3626038202784676
2020-06,seasonal naive,12,2021-06,53.90333150915241,45.84972555421262,124,17.0546461336113,-8.05360595493979,0.472223574259201
2020-06,naive,1,2020-07,53.90333150915241,72.22878590801174,124,17.0546461336113,18.325454398859335,1.0745139040289746
2020-06,naive,3,2020-09,53.90333150915241,83.16468280787637,124,17.0546461336113,29.261351298723966,1.7157407470950505
2020-06,naive,6,2020-12,53.90333150915241,22.88940983508864,124,17.0546461336113,-31.01392167406377,1.8185027957244757
2020-06,naive,12,2021-06,53.90333150915241,45.84972555421262,124,17.0546461336113,-8.05360595493979,0.472223574259201
2020-06,climatology,1,2020-07,84.67844715117818,72.22878590801174,124,17.0546461336113,-12.449661243166432,0.7299864884695929
2020-06,climatology,3,2020-09,68.10299787163942,83.16468280787637,124,17.0546461336113,15.061684936236958,0.8831426239066542
2020-06,climatology,6,2020-12,15.701747934545256,22.88940983508864,124,17.0546461336113,7.187661900543382,0.42144890279358754
2020-06,climatology,12,2021-06,46.31901426143977,45.84972555421262,124,17.0546461336113,-0.4692887072271503,0.027516766020860207
2020-06,seasonal naive with drift,1,2020-07,82.71763892483382,72.22878590801174,124,17.0546461336113,-10.488853016822077,0.6150144033859866
2020-06,seasonal naive with drift,3,2020-09,60.4641994279612,83.16468280787637,124,17.0546461336113,22.700483379915177,1.3310439397025693
2020-06,seasonal naive with drift,6,2020-12,17.130766998816828,22.88940983508864,124,17.0546461336113,5.758642836271811,0.3376583009202798
2020-06,seasonal naive with drift,12,2021-06,54.754205519698495,45.84972555421262,124,17.0546461336113,-8.904479965485876,0.5221146129755765
2020-07,seasonal naive,1,2020-08,74.7848994470258,77.38043270178966,125,16.99591428153754,2.5955332547638648,0.15271512975229357
2020-07,seasonal naive,3,2020-10,42.639917593372886,44.3611068967849,125,16.99591428153754,1.721189303412011,0.10127076866242603
2020-07,seasonal naive,6,2021-01,11.279819926687372,16.335370152243723,125,16.99591428153754,5.055550225556351,0.29745679707552625
2020-07,seasonal naive,12,2021-07,72.22878590801174,39.735032057104355,125,16.99591428153754,-32.49375385090739,1.9118567740839318
2020-07,naive,1,2020-08,72.22878590801174,77.38043270178966,125,16.99591428153754,5.151646793777914,0.30311089526816964
2020-07,naive,3,2020-10,72.22878590801174,44.3611068967849,125,16.99591428153754,-27.867679011226848,1.6396693081406732
2020-07,naive,6,2021-01,72.22878590801174,16.335370152243723,125,16.99591428153754,-55.89341575576802,3.2886383650736795
2020-07,naive,12,2021-07,72.22878590801174,39.735032057104355,125,16.99591428153754,-32.49375385090739,1.9118567740839318
2020-07,climatology,1,2020-08,87.40229787255205,77.38043270178966,125,16.99591428153754,-10.021865170762396,0.5896631981516304
2020-07,climatology,3,2020-10,42.42815311954847,44.3611068967849,125,16.99591428153754,1.9329537772364276,0.11373049694279597
2020-07,climatology,6,2021-01,12.065276193912823,16.335370152243723,125,16.99591428153754,4.2700939583309,0.2512423802330806
2020-07,climatology,12,2021-07,83.54665976543576,39.735032057104355,125,16.99591428153754,-43.81162770833141,2.577774103975298
2020-07,seasonal naive with drift,1,2020-08,74.84749527470417,77.38043270178966,125,16.99591428153754,2.5329374270854856,0.14903213708467483
2020-07,seasonal naive with drift,3,2020-10,42.82770507640803,44.3611068967849,125,16.99591428153754,1.5334018203768665,0.09022179065956944
2020-07,seasonal naive with drift,6,2021-01,11.65539489275766,16.335370152243723,125,16.99591428153754,4.6799752594860635,0.2753588410698132
2020-07,seasonal naive with drift,12,2021-07,72.97993584015232,39.735032057104355,125,16.99591428153754,-33.24490378304797,1.9560526860953582
2020-08,seasonal naive,1,2020-09,60.25148092532468,83.16468280787637,126,16.86959514972374,22.913201882551697,1.3582544026213295
2020-08,seasonal naive,3,2020-11,21.47391234510809,25.364511503111405,126,16.86959514972374,3.8905991580033152,0.23062789139115936
2020-08,seasonal naive,6,2021-02,10.515282795633206,12.194924651216166,126,16.86959514972374,1.6796418555829593,0.09956622199143086
2020-08,seasonal naive,12,2021-08,77.38043270178966,33.80709709333861,126,16.86959514972374,-43.573335608451046,2.582950878294469
2020-08,naive,1,2020-09,77.38043270178966,83.16468280787637,126,16.86959514972374,5.784250106086716,0.34288019687191135
2020-08,naive,3,2020-11,77.38043270178966,25.364511503111405,126,16.86959514972374,-52.01592119867826,3.083412538179974
2020-08,naive,6,2021-02,77.38043270178966,12.194924651216166,126,16.86959514972374,-65.18550805057349,3.8640825385570077
2020-08,naive,12,2021-08,77.38043270178966,33.80709709333861,126,16.86959514972374,-43.573335608451046,2.582950878294469
2020-08,climatology,1,2020-09,68.10299787163942,83.16468280787637,126,16.86959514972374,15.061684936236958,0.8928302548199334
2020-08,climatology,3,2020-11,24.192314709906764,25.364511503111405,126,16.86959514972374,1.172196793204641,0.06948576908935702
2020-08,climatology,6,2021-02,11.04929838963877,12.194924651216166,126,16.86959514972374,1.1456262615773962,0.06791071459685606
2020-08,climatology,12,2021-08,86.49121922066455,33.80709709333861,126,16.86959514972374,-52.684122127325935,3.123022316761923
2020-08,seasonal naive with drift,1,2020-09,60.31542498642603,83.16468280787637,126,16.86959514972374,22.849257821450344,1.3544639108795997
2020-08,seasonal naive with drift,3,2020-11,21.665744528412144,25.364511503111405,126,16.86959514972374,3.698766974699261,0.21925641616597022
2020-08,seasonal naive with drift,6,2021-02,10.898947162241315,12.194924651216166,126,16.86959514972374,1.2959774889748505,0.07682327154105259
2020-08,seasonal naive with drift,12,2021-08,78.14776143500588,33.80709709333861,126,16.86959514972374,-44.340664341667264,2.6284367791952254
2020-09,seasonal naive,1,2020-10,42.639917593372886,44.3611068967849,127,16.92214825174833,1.721189303412011,0.10171222221943273
2020-09,seasonal naive,3,2020-12,16.705329993543785,22.88940983508864,127,16.92214825174833,6.184079841544854,0.3654429537872616
2020-09,seasonal naive,6,2021-03,6.176867992983066,12.39642748230646,127,16.92214825174833,6.2195594893233945,0.3675395934839901
2020-09,seasonal naive,12,2021-09,83.16468280787637,32.655076069205336,127,16.92214825174833,-50.50960673867104,2.9848223752237004
2020-09,naive,1,2020-10,83.16468280787637,44.3611068967849,127,16.92214825174833,-38.80357591109148,2.293064410842899
2020-09,naive,3,2020-12,83.16468280787637,22.88940983508864,127,16.92214825174833,-60.27527297278773,3.5619161394925336
2020-09,naive,6,2021-03,83.16468280787637,12.39642748230646,127,16.92214825174833,-70.76825532556991,4.181990032988773
2020-09,naive,12,2021-09,83.16468280787637,32.655076069205336,127,16.92214825174833,-50.50960673867104,2.9848223752237004
2020-09,climatology,1,2020-10,42.42815311954847,44.3611068967849,127,16.92214825174833,1.9329537772364276,0.11422626421185753
2020-09,climatology,3,2020-12,15.701747934545256,22.88940983508864,127,16.92214825174833,7.187661900543382,0.4247487844695358
2020-09,climatology,6,2021-03,11.045656370919765,12.39642748230646,127,16.92214825174833,1.3507711113866954,0.07982267329723572
2020-09,climatology,12,2021-09,69.47224195675187,32.655076069205336,127,16.92214825174833,-36.81716588754654,2.175679195089355
2020-09,seasonal naive with drift,1,2020-10,42.719909388640424,44.3611068967849,127,16.92214825174833,1.6411975081444723,0.09698517491565589
2020-09,seasonal naive with drift,3,2020-12,16.945305379346394,22.88940983508864,127,16.92214825174833,5.944104455742245,0.35126181187593153
2020-09,seasonal naive with drift,6,2021-03,6.6568187645882855,12.39642748230646,127,16.92214825174833,5.739608717718175,0.3391773096613299
2020-09,seasonal naive with drift,12,2021-09,84.12458435108681,32.655076069205336,127,16.92214825174833,-51.469508281881474,3.041546942869021
2020-10,seasonal naive,1,2020-11,21.47391234510809,25.364511503111405,128,16.791105502193705,3.8905991580033152,0.23170595631687388
2020-10,seasonal naive,3,2021-01,11.279819926687372,16.335370152243723,128,16.791105502193705,5.055550225556351,0.3010850134254626
2020-10,seasonal naive,6,2021-04,20.838584510761713,22.00182242064943,128,16.791105502193705,1.163237909887716,0.06927702942106716
2020-10,seasonal naive,12,2021-10,44.3611068967849,30.3344767857252,128,16.791105502193705,-14.026630111059696,0.8353607276916437
2020-10,naive,1,2020-11,44.3611068967849,25.364511503111405,128,16.791105502193705,-18.99659539367349,1.1313487007268013
2020-10,naive,3,2021-01,44.3611068967849,16.335370152243723,128,16.791105502193705,-28.025736744541174,1.6690822853134775
2020-10,naive,6,2021-04,44.3611068967849,22.00182242064943,128,16.791105502193705,-22.359284476135468,1.3316147929160649
2020-10,naive,12,2021-10,44.3611068967849,30.3344767857252,128,16.791105502193705,-14.026630111059696,0.8353607276916437
2020-10,climatology,1,2020-11,24.192314709906764,25.364511503111405,128,16.791105502193705,1.172196793204641,0.06981057876454276
2020-10,climatology,3,2021-01,12.065276193912823,16.335370152243723,128,16.791105502193705,4.2700939583309,0.2543068982428242
2020-10,climatology,6,2021-04,17.28691906894736,22.00182242064943,128,16.791105502193705,4.71490335170207,0.2807976729754978
2020-10,climatology,12,2021-10,42.60387619020633,30.3344767857252,128,16.791105502193705,-12.269399404481128,0.7307082552056009
2020-10,seasonal naive with drift,1,2020-11,21.55445104250221,25.364511503111405,128,16.791105502193705,3.810060460609197,0.22690944679678324
2020-10,seasonal naive with drift,3,2021-01,11.521436018869727,16.335370152243723,128,16.791105502193705,4.813934133373996,0.2866954848651907
2020-10,seasonal naive with drift,6,2021-04,21.321816695126422,22.00182242064943,128,16.791105502193705,0.6800057255230065,0.04049797230052339
2020-10,seasonal naive with drift,12,2021-10,45.327571265514315,30.3344767857252,128,16.791105502193705,-14.993094479789114,0.8929188419327312
2020-11,seasonal naive,1,2020-12,16.705329993543785,22.88940983508864,129,16.680844764209173,6.184079841544854,0.3707294162231859
2020-11,seasonal naive,3,2021-02,10.515282795633206,12.194924651216166,129,16.680844764209173,1.6796418555829593,0.10069285334918048
2020-11,seasonal naive,6,2021-05,33.51816927694313,26.932322185963937,129,16.680844764209173,-6.58584709097919,0.39481496195624
2020-11,seasonal naive,12,2021-11,25.364511503111405,18.908944354538587,129,16.680844764209173,-6.455567148572818,0.38700480939814513
2020-11,naive,1,2020-12,25.364511503111405,22.88940983508864,129,16.680844764209173,-2.4751016680227664,0.14837987542054254
2020-11,naive,3,2021-02,25.364511503111405,12.194924651216166,129,16.680844764209173,-13.16958685189524,0.7895035915778215
2020-11,naive,6,2021-05,25.364511503111405,26.932322185963937,129,16.680844764209173,1.5678106828525316,0.09398868612556507
2020-11,naive,12,2021-11,25.364511503111405,18.908944354538587,129,16.680844764209173,-6.455567148572818,0.38700480939814513
2020-11,climatology,1,2020-12,15.701747934545256,22.88940983508864,129,16.680844764209173,7.187661900543382,0.43089315931801037
2020-11,climatology,3,2021-02,11.04929838963877,12.194924651216166,129,16.680844764209173,1.1456262615773962,0.06867915131225727
2020-11,climatology,6,2021-05,26.27556797626967,26.932322185963937,129,16.680844764209173,0.6567542096942667,0.03937175958278891
2020-11,climatology,12,2021-11,24.309534389227228,18.908944354538587,129,16.680844764209173,-5.400590034688641,0.3237599840432709
2020-11,seasonal naive with drift,1,2020-12,16.78795140802428,22.88940983508864,129,16.680844764209173,6.101458427064358,0.3657763448620897
2020-11,seasonal naive with drift,3,2021-02,10.763147039074694,12.194924651216166,129,16.680844764209173,1.431777612141472,0.08583363926589191
2020-11,seasonal naive with drift,6,2021-05,34.0138977638261,26.932322185963937,129,16.680844764209173,-7.081575577862164,0.42453339012281716
2020-11,seasonal naive with drift,12,2021-11,26.35596847687735,18.908944354538587,129,16.680844764209173,-7.447024122338764,0.4464416657312992
2020-12,seasonal naive,1,2021-01,11.279819926687372,16.335370152243723,130,16.59188912927134,5.055550225556351,0.30470009690682964
2020-12,seasonal naive,3,2021-03,6.176867992983066,12.39642748230646,130,16.59188912927134,6.2195594893233945,0.3748554152493024
2020-12,seasonal naive,6,2021-06,53.90333150915241,45.84972555421262,130,16.59188912927134,-8.05360595493979,0.48539415205780595
2020-12,seasonal naive,12,2021-12,22.88940983508864,12.212320510766247,130,16.59188912927134,-10.677089324322392,0.6435125766050303
2020-12,naive,1,2021-01,22.88940983508864,16.335370152243723,130,16.59188912927134,-6.554039682844916,0.3950146744461007
2020-12,naive,3,2021-03,22.88940983508864,12.39642748230646,130,16.59188912927134,-10.492982352782178,0.6324163735080958
2020-12,naive,6,2021-06,22.88940983508864,45.84972555421262,130,16.59188912927134,22.96031571912398,1.3838276967881546
2020-12,naive,12,2021-12,22.88940983508864,12.212320510766247,130,16.59188912927134,-10.677089324322392,0.6435125766050303
2020-12,climatology,1,2021-01,12.065276193912823,16.335370152243723,130,16.59188912927134,4.2700939583309,0.25736032377395884
2020-12,climatology,3,2021-03,11.045656370919765,12.39642748230646,130,16.59188912927134,1.3507711113866954,0.08141153191553521
2020-12,climatology,6,2021-06,46.31901426143977,45.84972555421262,130,16.59188912927134,-0.4692887072271503,0.028284223910298025
2020-12,climatology,12,2021-12,16.355171743685563,12.212320510766247,130,16.59188912927134,-4.142851232919316,0.2496913522409281
2020-12,seasonal naive with drift,1,2021-01,11.366108447712909,16.335370152243723,130,16.59188912927134,4.969261704530814,0.2994994521608792
2020-12,seasonal naive with drift,3,2021-03,6.435733556059677,12.39642748230646,130,16.59188912927134,5.960693926246783,0.3592534810114511
2020-12,seasonal naive with drift,6,2021-06,54.42106263530563,45.84972555421262,130,16.59188912927134,-8.571337081093013,0.5165980205335086
2020-12,seasonal naive with drift,12,2021-12,23.924872087395084,12.212320510766247,130,16.59188912927134,-11.712551576628837,0.7059203135564354
2021-01,seasonal naive,1,2021-02,10.515282795633206,12.194924651216166,131,16.494945104870375,1.6796418555829593,0.10182767174454072
2021-01,seasonal naive,3,2021-04,20.838584510761713,22.00182242064943,131,16.494945104870375,1.163237909887716,0.07052087184844603
2021-01,seasonal naive,6,2021-07,72.22878590801174,39.735032057104355,131,16.494945104870375,-32.49375385090739,1.9699219151273883
2021-01,seasonal naive,12,2022-01,16.335370152243723,5.188082145126601,131,16.494945104870375,-11.147288007117123,0.675800248879017
2021-01,naive,1,2021-02,16.335370152243723,12.194924651216166,131,16.494945104870375,-4.140445501027557,0.25101299062856713
2021-01,naive,3,2021-04,16.335370152243723,22.00182242064943,131,16.494945104870375,5.666452268405706,0.34352659147271747
2021-01,naive,6,2021-07,16.335370152243723,39.735032057104355,131,16.494945104870375,23.399661904860633,1.4185959247570663
2021-01,naive,12,2022-01,16.335370152243723,5.188082145126601,131,16.494945104870375,-11.147288007117123,0.675800248879017
2021-01,climatology,1,2021-02,11.04929838963877,12.194924651216166,131,16.494945104870375,1.1456262615773962,0.06945317212599472
2021-01,climatology,3,2021-04,17.28691906894736,22.00182242064943,131,16.494945104870375,4.71490335170207,0.2858392872316941
2021-01,climatology,6,2021-07,83.54665976543576,39.735032057104355,131,16.494945104870375,-43.81162770833141,2.656063868645151
2021-01,climatology,12,2022-01,12.453466553761086,5.188082145126601,131,16.494945104870375,-7.2653844086344845,0.44046126631177895
2021-01,seasonal naive with drift,1,2021-02,10.60438650431508,12.194924651216166,131,16.494945104870375,1.5905381469010855,0.09642579207077541
2021-01,seasonal naive with drift,3,2021-04,21.105895636807336,22.00182242064943,131,16.494945104870375,0.8959267838420928,0.05431523282715001
2021-01,seasonal naive with drift,6,2021-07,72.763408160103,39.735032057104355,131,16.494945104870375,-33.02837610299864,2.002333193169981
2021-01,seasonal naive with drift,12,2022-01,17.40461465642622,5.188082145126601,131,16.494945104870375,-12.216532511299619,0.7406228049642013
2021-02,seasonal naive,1,2021-03,6.176867992983066,12.39642748230646,132,16.37148424445964,6.2195594893233945,0.3799019927853022
2021-02,seasonal naive,3,2021-05,33.51816927694313,26.932322185963937,132,16.37148424445964,-6.58584709097919,0.40227550493523156
2021-02,seasonal naive,6,2021-08,77.38043270178966,33.80709709333861,132,16.37148424445964,-43.573335608451046,2.6615384993695317
2021-02,seasonal naive,12,2022-02,12.194924651216166,3.522447811211238,132,16.37148424445964,-8.672476840004927,0.5297306408207811
2021-02,naive,1,2021-03,12.194924651216166,12.39642748230646,132,16.37148424445964,0.20150283109029488,0.012308158996548312
2021-02,naive,3,2021-05,12.194924651216166,26.932322185963937,132,16.37148424445964,14.737397534747771,0.9001870150982267
2021-02,naive,6,2021-08,12.194924651216166,33.80709709333861,132,16.37148424445964,21.612172442122446,1.320110755958876
2021-02,naive,12,2022-02,12.194924651216166,3.522447811211238,132,16.37148424445964,-8.672476840004927,0.5297306408207811
2021-02,climatology,1,2021-03,11.045656370919765,12.39642748230646,132,16.37148424445964,1.3507711113866954,0.08250755345190018
2021-02,climatology,3,2021-05,26.27556797626967,26.932322185963937,132,16.37148424445964,0.6567542096942667,0.040115740264449286
2021-02,climatology,6,2021-08,86.49121922066455,33.80709709333861,132,16.37148424445964,-52.684122127325935,3.2180418916601923
2021-02,climatology,12,2022-02,11.153446231600352,3.522447811211238,132,16.37148424445964,-7.630998420389114,0.46611524687943673
2021-02,seasonal naive with drift,1,2021-03,6.266395588714524,12.39642748230646,132,16.37148424445964,6.130031893591936,0.37443348459174874
2021-02,seasonal naive with drift,3,2021-05,33.7867520641375,26.932322185963937,132,16.37148424445964,-6.8544298781735655,0.41868102951589187
2021-02,seasonal naive with drift,6,2021-08,77.91759827617841,33.80709709333861,132,16.37148424445964,-44.1105011828398,2.6943495485308526
2021-02,seasonal naive with drift,12,2022-02,13.269255799993664,3.522447811211238,132,16.37148424445964,-9.746807988782425,0.5953527391434221
2021-03,seasonal naive,1,2021-04,20.838584510761713,22.00182242064943,133,16.28758403987174,1.163237909887716,0.07141868966202283
2021-03,seasonal naive,3,2021-06,53.90333150915241,45.84972555421262,133,16.28758403987174,-8.05360595493979,0.49446289487898853
2021-03,seasonal naive,6,2021-09,83.16468280787637,32.655076069205336,133,16.28758403987174,-50.50960673867104,3.101111043542391
2021-03,seasonal naive,12,2022-03,12.39642748230646,2.7599526260155898,133,16.28758403987174,-9.63647485629087,0.5916454418716084
2021-03,naive,1,2021-04,12.39642748230646,22.00182242064943,133,16.28758403987174,9.605394938342968,0.5897372449363343
2021-03,naive,3,2021-06,12.39642748230646,45.84972555421262,133,16.28758403987174,33.45329807190616,2.0539140728307546
2021-03,naive,6,2021-09,12.39642748230646,32.655076069205336,133,16.28758403987174,20.258648586898875,1.2438093051311991
2021-03,naive,12,2022-03,12.39642748230646,2.7599526260155898,133,16.28758403987174,-9.63647485629087,0.5916454418716084
2021-03,climatology,1,2021-04,17.28691906894736,22.00182242064943,133,16.28758403987174,4.71490335170207,0.2894783744575048
2021-03,climatology,3,2021-06,46.31901426143977,45.84972555421262,133,16.28758403987174,-0.4692887072271503,0.028812665284080146
2021-03,climatology,6,2021-09,69.47224195675187,32.655076069205336,133,16.28758403987174,-36.81716588754654,2.2604436482058183
2021-03,climatology,12,2022-03,11.168453744682191,2.7599526260155898,133,16.28758403987174,-8.408501118666601,0.5162522015593429
2021-03,seasonal naive with drift,1,2021-04,20.93165565218225,22.00182242064943,133,16.28758403987174,1.0701667684671783,0.0657044510620745
2021-03,seasonal naive with drift,3,2021-06,54.18254493341403,45.84972555421262,133,16.28758403987174,-8.33281937920141,0.5116056106788339
2021-03,seasonal naive with drift,6,2021-09,83.72310965639961,32.655076069205336,133,16.28758403987174,-51.06803358719428,3.1353964751420818
2021-03,seasonal naive with drift,12,2022-03,13.513281179352933,2.7599526260155898,133,16.28758403987174,-10.753328553337344,0.6602163050709897
2021-04,seasonal naive,1,2021-05,33.51816927694313,26.932322185963937,134,16.16361398962597,-6.58584709097919,0.407448921708108
2021-04,seasonal naive,3,2021-07,72.22878590801174,39.735032057104355,134,16.16361398962597,-32.49375385090739,2.0103025147570546
2021-04,seasonal naive,6,2021-10,44.3611068967849,30.3344767857252,134,16.16361398962597,-14.026630111059696,0.8677904656756948
2021-04,seasonal naive,12,2022-04,22.00182242064943,4.015144130655913,134,16.16361398962597,-17.986678289993517,1.112788161208107
2021-04,naive,1,2021-05,22.00182242064943,26.932322185963937,134,16.16361398962597,4.930499765314508,0.3050369656488314
2021-04,naive,3,2021-07,22.00182242064943,39.735032057104355,134,16.16361398962597,17.733209636454927,1.0971067267404644
2021-04,naive,6,2021-10,22.00182242064943,30.3344767857252,134,16.16361398962597,8.332654365075772,0.5155192626119248
2021-04,naive,12,2022-04,22.00182242064943,4.015144130655913,134,16.16361398962597,-17.986678289993517,1.112788161208107
2021-04,climatology,1,2021-05,26.27556797626967,26.932322185963937,134,16.16361398962597,0.6567542096942667,0.04063164401944891
2021-04,climatology,3,2021-07,83.54665976543576,39.735032057104355,134,16.16361398962597,-43.81162770833141,2.710509403184852
2021-04,climatology,6,2021-10,42.60387619020633,30.3344767857252,134,16.16361398962597,-12.269399404481128,0.7590752546030732
2021-04,climatology,12,2022-04,17.6798276815892,4.015144130655913,134,16.16361398962597,-13.664683550933287,0.8453977903520506
2021-04,seasonal naive with drift,1,2021-05,33.611272101569156,26.932322185963937,134,16.16361398962597,-6.6789499156052194,0.41320894695282023
2021-04,seasonal naive with drift,3,2021-07,72.50809438188983,39.735032057104355,134,16.16361398962597,-32.77306232478548,2.0275825904911913
2021-04,seasonal naive with drift,6,2021-10,44.91972384454109,30.3344767857252,134,16.16361398962597,-14.585247058815888,0.9023506171439692
2021-04,seasonal naive with drift,12,2022-04,23.119056316161814,4.015144130655913,134,16.16361398962597,-19.1039121855059,1.1819084641446558
2021-05,seasonal naive,1,2021-06,53.90333150915241,45.84972555421262,135,16.085745966059736,-8.05360595493979,0.5006672349502826
2021-05,seasonal naive,3,2021-08,77.38043270178966,33.80709709333861,135,16.085745966059736,-43.573335608451046,2.708816594542087
2021-05,seasonal naive,6,2021-11,25.364511503111405,18.908944354538587,135,16.085745966059736,-6.455567148572818,0.4013222117391261
2021-05,seasonal naive,12,2022-05,26.932322185963937,23.35844982643071,135,16.085745966059736,-3.573872359533226,0.22217635209917835
2021-05,naive,1,2021-06,26.932322185963937,45.84972555421262,135,16.085745966059736,18.91740336824868,1.1760351934043733
2021-05,naive,3,2021-08,26.932322185963937,33.80709709333861,135,16.085745966059736,6.874774907374675,0.4273830335180083
2021-05,naive,6,2021-11,26.932322185963937,18.908944354538587,135,16.085745966059736,-8.02337783142535,0.4987880480242786
2021-05,naive,12,2022-05,26.932322185963937,23.35844982643071,135,16.085745966059736,-3.573872359533226,0.22217635209917835
2021-05,climatology,1,2021-06,46.31901426143977,45.84972555421262,135,16.085745966059736,-0.4692887072271503,0.029174196099909212
2021-05,climatology,3,2021-08,86.49121922066455,33.80709709333861,135,16.085745966059736,-52.684122127325935,3.275205404740773
2021-05,climatology,6,2021-11,24.309534389227228,18.908944354538587,135,16.085745966059736,-5.400590034688641,0.3357376180180679
2021-05,climatology,12,2022-05,26.326087530861535,23.35844982643071,135,16.085745966059736,-2.9676377044308246,0.18448865913290055
2021-05,seasonal naive with drift,1,2021-06,53.9912154442212,45.84972555421262,135,16.085745966059736,-8.141489890008579,0.5061307015034794
2021-05,seasonal naive with drift,3,2021-08,77.64408450699602,33.80709709333861,135,16.085745966059736,-43.83698741365741,2.7252069942016774
2021-05,seasonal naive with drift,6,2021-11,25.891815113524135,18.908944354538587,135,16.085745966059736,-6.982870758985548,0.43410301105830706
2021-05,seasonal naive with drift,12,2022-05,27.986929406789397,23.35844982643071,135,16.085745966059736,-4.628479580358686,0.28773795073754044
2021-06,seasonal naive,1,2021-07,72.22878590801174,39.735032057104355,136,16.02097064338941,-32.49375385090739,2.028201322765359
2021-06,seasonal naive,3,2021-09,83.16468280787637,32.655076069205336,136,16.02097064338941,-50.50960673867104,3.152718263016877
2021-06,seasonal naive,6,2021-12,22.88940983508864,12.212320510766247,136,16.02097064338941,-10.677089324322392,0.6664445970212163
2021-06,seasonal naive,12,2022-06,45.84972555421262,56.15363908959766,136,16.02097064338941,10.303913535385043,0.6431516394817597
2021-06,naive,1,2021-07,45.84972555421262,39.735032057104355,136,16.02097064338941,-6.114693497108263,0.3816681044622795
2021-06,naive,3,2021-09,45.84972555421262,32.655076069205336,136,16.02097064338941,-13.194649485007282,0.823586147100998
2021-06,naive,6,2021-12,45.84972555421262,12.212320510766247,136,16.02097064338941,-33.63740504344637,2.099585960937134
2021-06,naive,12,2022-06,45.84972555421262,56.15363908959766,136,16.02097064338941,10.303913535385043,0.6431516394817597
2021-06,climatology,1,2021-07,83.54665976543576,39.735032057104355,136,16.02097064338941,-43.81162770833141,2.7346425309385984
2021-06,climatology,3,2021-09,69.47224195675187,32.655076069205336,136,16.02097064338941,-36.81716588754654,2.2980608795221826
2021-06,climatology,6,2021-12,16.355171743685563,12.212320510766247,136,16.02097064338941,-4.142851232919316,0.2585892780865149
2021-06,climatology,12,2022-06,46.2829151301146,56.15363908959766,136,16.02097064338941,9.870723959483058,0.6161127299459803
2021-06,seasonal naive with drift,1,2021-07,72.31054873207532,39.735032057104355,136,16.02097064338941,-32.57551667497096,2.0333048103057543
2021-06,seasonal naive with drift,3,2021-09,83.40997128006708,32.655076069205336,136,16.02097064338941,-50.75489521086175,3.1680287256380613
2021-06,seasonal naive with drift,6,2021-12,23.37998677947006,12.212320510766247,136,16.02097064338941,-11.167666268703812,0.6970655222635855
2021-06,seasonal naive with drift,12,2022-06,46.83087944297546,56.15363908959766,136,16.02097064338941,9.322759646622202,0.5819097889970212
2021-07,seasonal naive,1,2021-08,77.38043270178966,33.80709709333861,137,16.152752909049557,-43.573335608451046,2.6975795304860477
2021-07,seasonal naive,3,2021-10,44.3611068967849,30.3344767857252,137,16.152752909049557,-14.026630111059696,0.8683739663473274
2021-07,seasonal naive,6,2022-01,16.335370152243723,5.188082145126601,137,16.152752909049557,-11.147288007117123,0.6901169150474573
2021-07,seasonal naive,12,2022-07,39.735032057104355,86.85293371521024,137,16.152752909049557,47.117901658105886,2.917019898924359
2021-07,naive,1,2021-08,39.735032057104355,33.80709709333861,137,16.152752909049557,-5.927934963765743,0.36699223947421533
2021-07,naive,3,2021-10,39.735032057104355,30.3344767857252,137,16.152752909049557,-9.400555271379154,0.5819785224419861
2021-07,naive,6,2022-01,39.735032057104355,5.188082145126601,137,16.152752909049557,-34.546949911977755,2.1387654541922
2021-07,naive,12,2022-07,39.735032057104355,86.85293371521024,137,16.152752909049557,47.117901658105886,2.917019898924359
2021-07,climatology,1,2021-08,86.49121922066455,33.80709709333861,137,16.152752909049557,-52.684122127325935,3.261618773219129
2021-07,climatology,3,2021-10,42.60387619020633,30.3344767857252,137,16.152752909049557,-12.269399404481128,0.759585655371922
2021-07,climatology,6,2022-01,12.453466553761086,5.188082145126601,137,16.152752909049557,-7.2653844086344845,0.4497923325852439
2021-07,climatology,12,2022-07,79.89569078974148,86.85293371521024,137,16.152752909049557,6.957242925468762,0.4307156163808447
2021-07,seasonal naive with drift,1,2021-08,77.43987892069345,33.80709709333861,137,16.152752909049557,-43.63278182735483,2.7012597835821306
2021-07,seasonal naive with drift,3,2021-10,44.539445553496265,30.3344767857252,137,16.152752909049557,-14.204968767771064,0.8794147256355758
2021-07,seasonal naive with drift,6,2022-01,16.692047465666462,5.188082145126601,137,16.152752909049557,-11.503965320539862,0.7121984336239541
2021-07,seasonal naive with drift,12,2022-07,40.448386683949835,86.85293371521024,137,16.152752909049557,46.40454703126041,2.8728568617713655
2021-08,seasonal naive,1,2021-09,83.16468280787637,32.655076069205336,138,16.370376581267028,-50.50960673867104,3.0854272953299233
2021-08,seasonal naive,3,2021-11,25.364511503111405,18.908944354538587,138,16.370376581267028,-6.455567148572818,0.394344449959695
2021-08,seasonal naive,6,2022-02,12.194924651216166,3.522447811211238,138,16.370376581267028,-8.672476840004927,0.5297664838039846
2021-08,seasonal naive,12,2022-08,33.80709709333861,93.98463983219796,138,16.370376581267028,60.177542738859344,3.6760023472961394
2021-08,naive,1,2021-09,33.80709709333861,32.655076069205336,138,16.370376581267028,-1.1520210241332762,0.07037229830446042
2021-08,naive,3,2021-11,33.80709709333861,18.908944354538587,138,16.370376581267028,-14.898152738800025,0.9100678084490922
2021-08,naive,6,2022-02,33.80709709333861,3.522447811211238,138,16.370376581267028,-30.284649282127376,1.849966561965517
2021-08,naive,12,2022-08,33.80709709333861,93.98463983219796,138,16.370376581267028,60.177542738859344,3.6760023472961394
2021-08,climatology,1,2021-09,69.47224195675187,32.655076069205336,138,16.370376581267028,-36.81716588754654,2.2490115425736272
2021-08,climatology,3,2021-11,24.309534389227228,18.908944354538587,138,16.370376581267028,-5.400590034688641,0.32990017107295205
2021-08,climatology,6,2022-02,11.153446231600352,3.522447811211238,138,16.370376581267028,-7.630998420389114,0.4661467854759938
2021-08,climatology,12,2022-08,82.10087571005407,93.98463983219796,138,16.370376581267028,11.883764122143887,0.725931017111893
2021-08,seasonal naive with drift,1,2021-09,83.19483888773566,32.655076069205336,138,16.370376581267028,-50.53976281853032,3.087269408106595
2021-08,seasonal naive with drift,3,2021-11,25.45497974268925,18.908944354538587,138,16.370376581267028,-6.546035388150663,0.39987078828971057
2021-08,seasonal naive with drift,6,2022-02,12.375861130371854,3.522447811211238,138,16.370376581267028,-8.853413319160616,0.5408191604640156
2021-08,seasonal naive with drift,12,2022-08,34.16897005164999,93.98463983219796,138,16.370376581267028,59.815669780547964,3.653896993976077
2021-09,seasonal naive,1,2021-10,44.3611068967849,30.3344767857252,139,16.6391894171521,-14.026630111059696,0.8429875854770118
2021-09,seasonal naive,3,2021-12,22.88940983508864,12.212320510766247,139,16.6391894171521,-10.677089324322392,0.6416832609235265
2021-09,seasonal naive,6,2022-03,12.39642748230646,2.7599526260155898,139,16.6391894171521,-9.63647485629087,0.5791432872539661
2021-09,seasonal naive,12,2022-09,32.655076069205336,85.59321142144317,139,16.6391894171521,52.938135352237836,3.181533308207181
2021-09,naive,1,2021-10,32.655076069205336,30.3344767857252,139,16.6391894171521,-2.320599283480135,0.13946588534463117
2021-09,naive,3,2021-12,32.655076069205336,12.212320510766247,139,16.6391894171521,-20.44275555843909,1.2285908313157476
2021-09,naive,6,2022-03,32.655076069205336,2.7599526260155898,139,16.6391894171521,-29.895123443189746,1.796669458692086
2021-09,naive,12,2022-09,32.655076069205336,85.59321142144317,139,16.6391894171521,52.938135352237836,3.181533308207181
2021-09,climatology,1,2021-10,42.60387619020633,30.3344767857252,139,16.6391894171521,-12.269399404481128,0.737379634120489
2021-09,climatology,3,2021-12,16.355171743685563,12.212320510766247,139,16.6391894171521,-4.142851232919316,0.2489815536716446
2021-09,climatology,6,2022-03,11.168453744682191,2.7599526260155898,139,16.6391894171521,-8.408501118666601,0.5053431935812273
2021-09,climatology,12,2022-09,66.40414479945633,85.59321142144317,139,16.6391894171521,19.18906662198684,1.1532452778142102
2021-09,seasonal naive with drift,1,2021-10,44.357882740622536,30.3344767857252,139,16.6391894171521,-14.023405954897335,0.842793816653211
2021-09,seasonal naive with drift,3,2021-12,22.879737366601557,12.212320510766247,139,16.6391894171521,-10.66741685583531,0.641101954452124
2021-09,seasonal naive with drift,6,2022-03,12.377082545332296,2.7599526260155898,139,16.6391894171521,-9.617129919316707,0.5779806743111612
2021-09,seasonal naive with drift,12,2022-09,32.61638619525701,85.59321142144317,139,16.6391894171521,52.976825226186165,3.183858534092791
2021-10,seasonal naive,1,2021-11,25.364511503111405,18.908944354538587,140,16.618778797573256,-6.455567148572818,0.3884501519158247
2021-10,seasonal naive,3,2022-01,16.335370152243723,5.188082145126601,140,16.618778797573256,-11.147288007117123,0.6707645695810631
2021-10,seasonal naive,6,2022-04,22.00182242064943,4.015144130655913,140,16.618778797573256,-17.986678289993517,1.0823104699257449
2021-10,seasonal naive,12,2022-10,30.3344767857252,51.06565402002149,140,16.618778797573256,20.73117723429629,1.2474549115079108
2021-10,naive,1,2021-11,30.3344767857252,18.908944354538587,140,16.618778797573256,-11.425532431186614,0.687507341565616
2021-10,naive,3,2022-01,30.3344767857252,5.188082145126601,140,16.618778797573256,-25.1463946405986,1.5131313165002582
2021-10,naive,6,2022-04,30.3344767857252,4.015144130655913,140,16.618778797573256,-26.31933265506929,1.5837103902551821
2021-10,naive,12,2022-10,30.3344767857252,51.06565402002149,140,16.618778797573256,20.73117723429629,1.2474549115079108
2021-10,climatology,1,2021-11,24.309534389227228,18.908944354538587,140,16.618778797573256,-5.400590034688641,0.3249691268215964
2021-10,climatology,3,2022-01,12.453466553761086,5.188082145126601,140,16.618778797573256,-7.2653844086344845,0.4371791993341536
2021-10,climatology,6,2022-04,17.6798276815892,4.015144130655913,140,16.618778797573256,-13.664683550933287,0.8222435425236336
2021-10,climatology,12,2022-10,41.5814262398329,51.06565402002149,140,16.618778797573256,9.48422778018859,0.5706934243311258
2021-10,seasonal naive with drift,1,2021-11,25.35218061502384,18.908944354538587,140,16.618778797573256,-6.4432362604852536,0.38770816670513253
2021-10,seasonal naive with drift,3,2022-01,16.298377487981032,5.188082145126601,140,16.618778797573256,-11.110295342854432,0.6685386139489866
2021-10,seasonal naive with drift,6,2022-04,21.92783709212405,4.015144130655913,140,16.618778797573256,-17.91269296146814,1.0778585586615923
2021-10,seasonal naive with drift,12,2022-10,30.18650612867444,51.06565402002149,140,16.618778797573256,20.87914789134705,1.2563587340362163
2021-11,seasonal naive,1,2021-12,22.88940983508864,12.212320510766247,141,16.539994211146894,-10.677089324322392,0.6455316240151232
2021-11,seasonal naive,3,2022-02,12.194924651216166,3.522447811211238,141,16.539994211146894,-8.672476840004927,0.5243337288570654
2021-11,seasonal naive,6,2022-05,26.932322185963937,23.35844982643071,141,16.539994211146894,-3.573872359533226,0.21607458345569827
2021-11,seasonal naive,12,2022-11,18.908944354538587,25.312618286201335,141,16.539994211146894,6.403673931662748,0.38716300924380515
2021-11,naive,1,2021-12,18.908944354538587,12.212320510766247,141,16.539994211146894,-6.69662384377234,0.4048746183513925
2021-11,naive,3,2022-02,18.908944354538587,3.522447811211238,141,16.539994211146894,-15.386496543327349,0.9302600924103007
2021-11,naive,6,2022-05,18.908944354538587,23.35844982643071,141,16.539994211146894,4.449505471892124,0.2690149352587707
2021-11,naive,12,2022-11,18.908944354538587,25.312618286201335,141,16.539994211146894,6.403673931662748,0.38716300924380515
2021-11,climatology,1,2021-12,16.355171743685563,12.212320510766247,141,16.539994211146894,-4.142851232919316,0.25047476921892153
2021-11,climatology,3,2022-02,11.153446231600352,3.522447811211238,141,16.539994211146894,-7.630998420389114,0.4613664504940583
2021-11,climatology,6,2022-05,26.326087530861535,23.35844982643071,141,16.539994211146894,-2.9676377044308246,0.17942193126227501
2021-11,climatology,12,2022-11,23.818571658800987,25.312618286201335,141,16.539994211146894,1.4940466274003477,0.09032933194096623
2021-11,seasonal naive with drift,1,2021-12,22.87300427226495,12.212320510766247,141,16.539994211146894,-10.660683761498703,0.6445397516713813
2021-11,seasonal naive with drift,3,2022-02,12.1457079627451,3.522447811211238,141,16.539994211146894,-8.623260151533861,0.5213581118258396
2021-11,seasonal naive with drift,6,2022-05,26.833888809021804,23.35844982643071,141,16.539994211146894,-3.4754389825910934,0.2101233493932465
2021-11,seasonal naive with drift,12,2022-11,18.71207760065432,25.312618286201335,141,16.539994211146894,6.6005406855470135,0.3990654773687087
2021-12,seasonal naive,1,2022-01,16.335370152243723,5.188082145126601,142,16.494894942786708,-11.147288007117123,0.6758023040329749
2021-12,seasonal naive,3,2022-03,12.39642748230646,2.7599526260155898,142,16.494894942786708,-9.63647485629087,0.5842095320834368
2021-12,seasonal naive,6,2022-06,45.84972555421262,56.15363908959766,142,16.494894942786708,10.303913535385043,0.6246728803744817
2021-12,seasonal naive,12,2022-12,12.212320510766247,15.053569039963536,142,16.494894942786708,2.841248529197289,0.17225017431467665
2021-12,naive,1,2022-01,12.212320510766247,5.188082145126601,142,16.494894942786708,-7.024238365639646,0.425843170872172
2021-12,naive,3,2022-03,12.212320510766247,2.7599526260155898,142,16.494894942786708,-9.452367884750657,0.5730480804840906
2021-12,naive,6,2022-06,12.212320510766247,56.15363908959766,142,16.494894942786708,43.941318578831414,2.6639344313039808
2021-12,naive,12,2022-12,12.212320510766247,15.053569039963536,142,16.494894942786708,2.841248529197289,0.17225017431467665
2021-12,climatology,1,2022-01,12.453466553761086,5.188082145126601,142,16.494894942786708,-7.2653844086344845,0.4404626057840805
2021-12,climatology,3,2022-03,11.168453744682191,2.7599526260155898,142,16.494894942786708,-8.408501118666601,0.5097638480167269
2021-12,climatology,6,2022-06,46.2829151301146,56.15363908959766,142,16.494894942786708,9.870723959483058,0.5984108412766563
2021-12,climatology,12,2022-12,16.00993414094229,15.053569039963536,142,16.494894942786708,-0.9563651009787524,0.05797945996600452
2021-12,seasonal naive with drift,1,2022-01,16.312246498028728,5.188082145126601,142,16.494894942786708,-11.124164352902127,0.6744004367100729
2021-12,seasonal naive with drift,3,2022-03,12.327056519661475,2.7599526260155898,142,16.494894942786708,-9.567103893645886,0.5800039301147306
2021-12,seasonal naive with drift,6,2022-06,45.71098362892265,56.15363908959766,142,16.494894942786708,10.442655460675013,0.6330840843118939
2021-12,seasonal naive with drift,12,2022-12,11.934836660186305,15.053569039963536,142,16.494894942786708,3.1187323797772315,0.18907258218950143
2022-01,seasonal naive,1,2022-02,12.194924651216166,3.522447811211238,143,16.45407351579686,-8.672476840004927,0.5270717206701945
2022-01,seasonal naive,3,2022-04,22.00182242064943,4.015144130655913,143,16.45407351579686,-17.986678289993517,1.0931443981166893
2022-01,seasonal naive,6,2022-07,39.735032057104355,86.85293371521024,143,16.45407351579686,47.117901658105886,2.8636010172721047
2022-01,seasonal naive,12,2023-01,5.188082145126601,10.025569844756562,143,16.45407351579686,4.837487699629961,0.2939993974735614
2022-01,naive,1,2022-02,5.188082145126601,3.522447811211238,143,16.45407351579686,-1.6656343339153632,0.10122929937782629
2022-01,naive,3,2022-04,5.188082145126601,4.015144130655913,143,16.45407351579686,-1.172938014470688,0.0712855703084467
2022-01,naive,6,2022-07,5.188082145126601,86.85293371521024,143,16.45407351579686,81.66485157008364,4.963199629057247
2022-01,naive,12,2023-01,5.188082145126601,10.025569844756562,143,16.45407351579686,4.837487699629961,0.2939993974735614
2022-01,climatology,1,2022-02,11.153446231600352,3.522447811211238,143,16.45407351579686,-7.630998420389114,0.46377563665696003
2022-01,climatology,3,2022-04,17.6798276815892,4.015144130655913,143,16.45407351579686,-13.664683550933287,0.8304742006782941
2022-01,climatology,6,2022-07,79.89569078974148,86.85293371521024,143,16.45407351579686,6.957242925468762,0.4228279956807904
2022-01,climatology,12,2023-01,11.848017853041547,10.025569844756562,143,16.45407351579686,-1.8224480082849848,0.11075968552925994
2022-01,seasonal naive with drift,1,2022-02,12.164886363313807,3.522447811211238,143,16.45407351579686,-8.642438552102568,0.5252461370009881
2022-01,seasonal naive with drift,3,2022-04,21.91170755694235,4.015144130655913,143,16.45407351579686,-17.896563426286438,1.0876676471090703
2022-01,seasonal naive with drift,6,2022-07,39.5548023296902,86.85293371521024,143,16.45407351579686,47.298131385520044,2.8745545192873427
2022-01,seasonal naive with drift,12,2023-01,4.827622690298283,10.025569844756562,143,16.45407351579686,5.197947154458279,0.31590640150403787
2022-02,seasonal naive,1,2022-03,12.39642748230646,2.7599526260155898,144,16.39512202582874,-9.63647485629087,0.5877647535108094
2022-02,seasonal naive,3,2022-05,26.932322185963937,23.35844982643071,144,16.39512202582874,-3.573872359533226,0.21798388288315126
2022-02,seasonal naive,6,2022-08,33.80709709333861,93.98463983219796,144,16.39512202582874,60.177542738859344,3.6704540926292673
2022-02,seasonal naive,12,2023-02,3.522447811211238,7.465975205535738,144,16.39512202582874,3.9435273943245,0.24053053024624638
2022-02,naive,1,2022-03,3.522447811211238,2.7599526260155898,144,16.39512202582874,-0.7624951851956481,0.046507441908295616
2022-02,naive,3,2022-05,3.522447811211238,23.35844982643071,144,16.39512202582874,19.836002015219474,1.2098721792963785
2022-02,naive,6,2022-08,3.522447811211238,93.98463983219796,144,16.39512202582874,90.46219202098672,5.517628467691385
2022-02,naive,12,2023-02,3.522447811211238,7.465975205535738,144,16.39512202582874,3.9435273943245,0.24053053024624638
2022-02,climatology,1,2022-03,11.168453744682191,2.7599526260155898,144,16.39512202582874,-8.408501118666601,0.5128660284089327
2022-02,climatology,3,2022-05,26.326087530861535,23.35844982643071,144,16.39512202582874,-2.9676377044308246,0.181007356929435
2022-02,climatology,6,2022-08,82.10087571005407,93.98463983219796,144,16.39512202582874,11.883764122143887,0.7248353567251469
2022-02,climatology,12,2023-02,10.517529696567925,7.465975205535738,144,16.39512202582874,-3.051554491032187,0.18612575656495833
2022-02,seasonal naive with drift,1,2022-03,12.361141708681135,2.7599526260155898,144,16.39512202582874,-9.601189082665545,0.5856125417999275
2022-02,seasonal naive with drift,3,2022-05,26.826464865087964,23.35844982643071,144,16.39512202582874,-3.468015038657253,0.21152724775050594
2022-02,seasonal naive with drift,6,2022-08,33.595382451586666,93.98463983219796,144,16.39512202582874,60.38925738061129,3.683367362894558
2022-02,seasonal naive with drift,12,2023-02,3.0990185277073397,7.465975205535738,144,16.39512202582874,4.366956677828398,0.266357070776828
2022-03,seasonal naive,1,2022-04,22.00182242064943,4.015144130655913,145,16.34430512981718,-17.986678289993517,1.1004859580833528
2022-03,seasonal naive,3,2022-06,45.84972555421262,56.15363908959766,145,16.34430512981718,10.303913535385043,0.6304283634908068
2022-03,seasonal naive,6,2022-09,32.655076069205336,85.59321142144317,145,16.34430512981718,52.938135352237836,3.2389345972048664
2022-03,seasonal naive,12,2023-03,2.7599526260155898,6.844635239235898,145,16.34430512981718,4.084682613220308,0.24991473059130276
2022-03,naive,1,2022-04,2.7599526260155898,4.015144130655913,145,16.34430512981718,1.2551915046403233,0.07679687173426891
2022-03,naive,3,2022-06,2.7599526260155898,56.15363908959766,145,16.34430512981718,53.39368646358207,3.2668067586535146
2022-03,naive,6,2022-09,2.7599526260155898,85.59321142144317,145,16.34430512981718,82.83325879542758,5.068019603006158
2022-03,naive,12,2023-03,2.7599526260155898,6.844635239235898,145,16.34430512981718,4.084682613220308,0.24991473059130276
2022-03,climatology,1,2022-04,17.6798276815892,4.015144130655913,145,16.34430512981718,-13.664683550933287,0.8360516670729907
2022-03,climatology,3,2022-06,46.2829151301146,56.15363908959766,145,16.34430512981718,9.870723959483058,0.6039243565929112
2022-03,climatology,6,2022-09,66.40414479945633,85.59321142144317,145,16.34430512981718,19.18906662198684,1.1740521526962877
2022-03,climatology,12,2023-03,10.46774531812664,6.844635239235898,145,16.34430512981718,-3.6231100788907424,0.22167415806995944
2022-03,seasonal naive with drift,1,2022-04,21.96076406207875,4.015144130655913,145,16.34430512981718,-17.945619931422836,1.0979738685056946
2022-03,seasonal naive with drift,3,2022-06,45.72655047850058,56.15363908959766,145,16.34430512981718,10.427088611097084,0.6379646322237815
2022-03,seasonal naive with drift,6,2022-09,32.408725917781254,85.59321142144317,145,16.34430512981718,53.18448550366192,3.254007134670816
2022-03,seasonal naive with drift,12,2023-03,2.267252323167429,6.844635239235898,145,16.34430512981718,4.577382916068469,0.2800598055232018
2022-04,seasonal naive,1,2022-05,26.932322185963937,23.35844982643071,146,16.356561645937898,-3.573872359533226,0.2184977770325456
2022-04,seasonal naive,3,2022-07,39.735032057104355,86.85293371521024,146,16.356561645937898,47.117901658105886,2.8806727647315458
2022-04,seasonal naive,6,2022-10,30.3344767857252,51.06565402002149,146,16.356561645937898,20.73117723429629,1.2674532510593273
2022-04,seasonal naive,12,2023-04,4.015144130655913,10.95598798438426,146,16.356561645937898,6.940843853728347,0.4243461433994035
2022-04,naive,1,2022-05,4.015144130655913,23.35844982643071,146,16.356561645937898,19.3433056957748,1.1826021944274976
2022-04,naive,3,2022-07,4.015144130655913,86.85293371521024,146,16.356561645937898,82.83778958455433,5.064498968530274
2022-04,naive,6,2022-10,4.015144130655913,51.06565402002149,146,16.356561645937898,47.05050988936558,2.8765525975350954
2022-04,naive,12,2023-04,4.015144130655913,10.95598798438426,146,16.356561645937898,6.940843853728347,0.4243461433994035
2022-04,climatology,1,2022-05,26.326087530861535,23.35844982643071,146,16.356561645937898,-2.9676377044308246,0.18143407940310172
2022-04,climatology,3,2022-07,79.89569078974148,86.85293371521024,146,16.356561645937898,6.957242925468762,0.42534874236215603
2022-04,climatology,6,2022-10,41.5814262398329,51.06565402002149,146,16.356561645937898,9.48422778018859,0.579842388974456
2022-04,climatology,12,2023-04,16.628698177671257,10.95598798438426,146,16.356561645937898,-5.672710193286997,0.34681556650359935
2022-04,seasonal naive with drift,1,2022-05,26.88038448784901,23.35844982643071,146,16.356561645937898,-3.5219346614182996,0.21532243375202031
2022-04,seasonal naive with drift,3,2022-07,39.57921896275958,86.85293371521024,146,16.356561645937898,47.27371475245066,2.890198794573121
2022-04,seasonal naive with drift,6,2022-10,30.022850597035653,51.06565402002149,146,16.356561645937898,21.042803422985838,1.2865053107424782
2022-04,seasonal naive with drift,12,2023-04,3.3918917532768162,10.95598798438426,146,16.356561645937898,7.564096231107444,0.4624502627657056
2022-05,seasonal naive,1,2022-06,45.84972555421262,56.15363908959766,147,16.261875058631198,10.303913535385043,0.6336239516190422
2022-05,seasonal naive,3,2022-08,33.80709709333861,93.98463983219796,147,16.261875058631198,60.177542738859344,3.700529153119975
2022-05,seasonal naive,6,2022-11,18.908944354538587,25.312618286201335,147,16.261875058631198,6.403673931662748,0.39378447494982544
2022-05,seasonal naive,12,2023-05,23.35844982643071,35.98676752899446,147,16.261875058631198,12.628317702563752,0.7765597544583958
2022-05,naive,1,2022-06,23.35844982643071,56.15363908959766,147,16.261875058631198,32.79518926316695,2.0166917495630665
2022-05,naive,3,2022-08,23.35844982643071,93.98463983219796,147,16.261875058631198,70.62619000576724,4.34305329189462
2022-05,naive,6,2022-11,23.35844982643071,25.312618286201335,147,16.261875058631198,1.9541684597706244,0.1201687045758862
2022-05,naive,12,2023-05,23.35844982643071,35.98676752899446,147,16.261875058631198,12.628317702563752,0.7765597544583958
2022-05,climatology,1,2022-06,46.2829151301146,56.15363908959766,147,16.261875058631198,9.870723959483058,0.6069855981487231
2022-05,climatology,3,2022-08,82.10087571005407,93.98463983219796,147,16.261875058631198,11.883764122143887,0.7307745311839933
2022-05,climatology,6,2022-11,23.818571658800987,25.312618286201335,147,16.261875058631198,1.4940466274003477,0.09187419175302072
2022-05,climatology,12,2023-05,26.114113409116477,35.98676752899446,147,16.261875058631198,9.872654119877986,0.6071042905127935
2022-05,seasonal naive with drift,1,2022-06,45.79596648573834,56.15363908959766,147,16.261875058631198,10.35767260385932,0.6369297861725887
2022-05,seasonal naive with drift,3,2022-08,33.64581988791578,93.98463983219796,147,16.261875058631198,60.33881994428218,3.710446656780614
2022-05,seasonal naive with drift,6,2022-11,18.58638994369291,25.312618286201335,147,16.261875058631198,6.726228342508424,0.41361948227110457
2022-05,seasonal naive with drift,12,2023-05,22.713341004739362,35.98676752899446,147,16.261875058631198,13.2734265242551,0.8162297691009537
2022-06,seasonal naive,1,2022-07,39.735032057104355,86.85293371521024,148,16.21806651801909,47.117901658105886,2.905272438348648
2022-06,seasonal naive,3,2022-09,32.655076069205336,85.59321142144317,148,16.21806651801909,52.938135352237836,3.2641459013268257
2022-06,seasonal naive,6,2022-12,12.212320510766247,15.053569039963536,148,16.21806651801909,2.841248529197289,0.1751903364091224
2022-06,seasonal naive,12,2023-06,56.15363908959766,97.6457402126361,148,16.21806651801909,41.49210112303844,2.5583876522481037
2022-06,naive,1,2022-07,56.15363908959766,86.85293371521024,148,16.21806651801909,30.69929462561258,1.8929071841889487
2022-06,naive,3,2022-09,56.15363908959766,85.59321142144317,148,16.21806651801909,29.43957233184551,1.8152331721624562
2022-06,naive,6,2022-12,56.15363908959766,15.053569039963536,148,16.21806651801909,-41.10007004963413,2.5342151608497767
2022-06,naive,12,2023-06,56.15363908959766,97.6457402126361,148,16.21806651801909,41.49210112303844,2.5583876522481037
2022-06,climatology,1,2022-07,79.89569078974148,86.85293371521024,148,16.21806651801909,6.957242925468762,0.42898103283390254
2022-06,climatology,3,2022-09,66.40414479945633,85.59321142144317,148,16.21806651801909,19.18906662198684,1.1831907706548632
2022-06,climatology,6,2022-12,16.00993414094229,15.053569039963536,148,16.21806651801909,-0.9563651009787524,0.05896911940249983
2022-06,climatology,12,2023-06,46.98796684150625,97.6457402126361,148,16.21806651801909,50.65777337112985,3.123539622608312
2022-06,seasonal naive with drift,1,2022-07,39.687981948407696,86.85293371521024,148,16.21806651801909,47.164951766802545,2.9081735306979972
2022-06,seasonal naive with drift,3,2022-09,32.51392574311536,85.59321142144317,148,16.21806651801909,53.079285678327814,3.272849178374873
2022-06,seasonal naive with drift,6,2022-12,11.930019858586295,15.053569039963536,148,16.21806651801909,3.123549181377241,0.19259689050521653
2022-06,seasonal naive with drift,12,2023-06,55.58903778523776,97.6457402126361,148,16.21806651801909,42.05670242739834,2.593200760440292
2022-07,seasonal naive,1,2022-08,33.80709709333861,93.98463983219796,149,16.443612759917535,60.177542738859344,3.659630253854332
2022-07,seasonal naive,3,2022-10,30.3344767857252,51.06565402002149,149,16.443612759917535,20.73117723429629,1.2607434592980684
2022-07,seasonal naive,6,2023-01,5.188082145126601,10.025569844756562,149,16.443612759917535,4.837487699629961,0.2941864279011531
2022-07,seasonal naive,12,2023-07,86.85293371521024,100.19446543672797,149,16.443612759917535,13.341531721517725,0.8113503958229088
2022-07,naive,1,2022-08,86.85293371521024,93.98463983219796,149,16.443612759917535,7.131706116987715,0.4337067663361516
2022-07,naive,3,2022-10,86.85293371521024,51.06565402002149,149,16.443612759917535,-35.78727969518875,2.176363565458241
2022-07,naive,6,2023-01,86.85293371521024,10.025569844756562,149,16.443612759917535,-76.82736387045368,4.672170586364439
2022-07,naive,12,2023-07,86.85293371521024,100.19446543672797,149,16.443612759917535,13.341531721517725,0.8113503958229088
2022-07,climatology,1,2022-08,82.10087571005407,93.98463983219796,149,16.443612759917535,11.883764122143887,0.72269788249401
2022-07,climatology,3,2022-10,41.5814262398329,51.06565402002149,149,16.443612759917535,9.48422778018859,0.5767727517463233
2022-07,climatology,6,2023-01,11.848017853041547,10.025569844756562,149,16.443612759917535,-1.8224480082849848,0.11083014632449446
2022-07,climatology,12,2023-07,80.43086332246986,100.19446543672797,149,16.443612759917535,19.763602114258106,1.2019014557697003
2022-07,seasonal naive with drift,1,2022-08,33.789050940215226,93.98463983219796,149,16.443612759917535,60.19558889198273,3.6607277105621048
2022-07,seasonal naive with drift,3,2022-10,30.280338326355054,51.06565402002149,149,16.443612759917535,20.785315693666437,1.2640358294213854
2022-07,seasonal naive with drift,6,2023-01,5.079805226386305,10.025569844756562,149,16.443612759917535,4.945764618370258,0.3007711681477873
2022-07,seasonal naive with drift,12,2023-07,86.63637987772965,100.19446543672797,149,16.443612759917535,13.558085558998314,0.824519876316177
2022-08,seasonal naive,1,2022-09,32.655076069205336,85.59321142144317,150,16.76052529599682,52.938135352237836,3.158500966845107
2022-08,seasonal naive,3,2022-11,18.908944354538587,25.312618286201335,150,16.76052529599682,6.403673931662748,0.3820688086185603
2022-08,seasonal naive,6,2023-02,3.522447811211238,7.465975205535738,150,16.76052529599682,3.9435273943245,0.2352866228641649
2022-08,seasonal naive,12,2023-08,93.98463983219796,79.00353870101435,150,16.76052529599682,-14.981101131183607,0.8938324346410418
2022-08,naive,1,2022-09,93.98463983219796,85.59321142144317,150,16.76052529599682,-8.391428410754784,0.5006661940815805
2022-08,naive,3,2022-11,93.98463983219796,25.312618286201335,150,16.76052529599682,-68.67202154599661,4.09724757030131
2022-08,naive,6,2023-02,93.98463983219796,7.465975205535738,150,16.76052529599682,-86.51866462666221,5.162049703020156
2022-08,naive,12,2023-08,93.98463983219796,79.00353870101435,150,16.76052529599682,-14.981101131183607,0.8938324346410418
2022-08,climatology,1,2022-09,66.40414479945633,85.59321142144317,150,16.76052529599682,19.18906662198684,1.1448964923891773
2022-08,climatology,3,2022-11,23.818571658800987,25.312618286201335,150,16.76052529599682,1.4940466274003477,0.08914079964768135
2022-08,climatology,6,2023-02,10.517529696567925,7.465975205535738,150,16.76052529599682,-3.051554491032187,0.18206795056483327
2022-08,climatology,12,2023-08,83.01501141175744,79.00353870101435,150,16.76052529599682,-4.011472710743092,0.23934051229893225
2022-08,seasonal naive with drift,1,2022-09,32.67349978116428,85.59321142144317,150,16.76052529599682,52.91971164027889,3.1574017344741896
2022-08,seasonal naive with drift,3,2022-11,18.96421549041543,25.312618286201335,150,16.76052529599682,6.348402795785905,0.37877111150580667
2022-08,seasonal naive with drift,6,2023-02,3.6329900829649264,7.465975205535738,150,16.76052529599682,3.8329851225708116,0.22869122863865748
2022-08,seasonal naive with drift,12,2023-08,94.20572437570533,79.00353870101435,150,16.76052529599682,-15.20218567469098,0.9070232230920565
2022-09,seasonal naive,1,2022-10,30.3344767857252,51.06565402002149,151,17.020795871941004,20.73117723429629,1.2179910616560472
2022-09,seasonal naive,3,2022-12,12.212320510766247,15.053569039963536,151,17.020795871941004,2.841248529197289,0.16692806556014944
2022-09,seasonal naive,6,2023-03,2.7599526260155898,6.844635239235898,151,17.020795871941004,4.084682613220308,0.2399818812206049
2022-09,seasonal naive,12,2023-09,85.59321142144317,48.236195925316515,151,17.020795871941004,-37.35701549612666,2.1947866467108135
2022-09,naive,1,2022-10,85.59321142144317,51.06565402002149,151,17.020795871941004,-34.52755740142168,2.028551288740898
2022-09,naive,3,2022-12,85.59321142144317,15.053569039963536,151,17.020795871941004,-70.53964238147964,4.144321035996039
2022-09,naive,6,2023-03,85.59321142144317,6.844635239235898,151,17.020795871941004,-78.74857618220727,4.626609517832553
2022-09,naive,12,2023-09,85.59321142144317,48.236195925316515,151,17.020795871941004,-37.35701549612666,2.1947866467108135
2022-09,climatology,1,2022-10,41.5814262398329,51.06565402002149,151,17.020795871941004,9.48422778018859,0.5572141192189173
2022-09,climatology,3,2022-12,16.00993414094229,15.053569039963536,151,17.020795871941004,-0.9563651009787524,0.05618803657444316
2022-09,climatology,6,2023-03,10.46774531812664,6.844635239235898,151,17.020795871941004,-3.6231100788907424,0.21286372894369088
2022-09,climatology,12,2023-09,67.88022684730147,48.236195925316515,151,17.020795871941004,-19.644030921984957,1.1541194119111897
2022-09,seasonal naive with drift,1,2022-10,30.384505444212166,51.06565402002149,151,17.020795871941004,20.681148575809324,1.2150517949576294
2022-09,seasonal naive with drift,3,2022-12,12.362406486227139,15.053569039963536,151,17.020795871941004,2.6911625537363975,0.15811026546489595
2022-09,seasonal naive with drift,6,2023-03,3.0601245769373735,6.844635239235898,151,17.020795871941004,3.7845106622985245,0.22234628103009788
2022-09,seasonal naive with drift,12,2023-09,86.19355532328674,48.236195925316515,151,17.020795871941004,-37.95735939797023,2.230057847091828
2022-10,seasonal naive,1,2022-11,18.908944354538587,25.312618286201335,152,17.047298595957823,6.403673931662748,0.3756415654725
2022-10,seasonal naive,3,2023-01,5.188082145126601,10.025569844756562,152,17.047298595957823,4.837487699629961,0.28376857907428243
2022-10,seasonal naive,6,2023-04,4.015144130655913,10.95598798438426,152,17.047298595957823,6.940843853728347,0.40715212528594574
2022-10,seasonal naive,12,2023-10,51.06565402002149,35.46603970796329,152,17.047298595957823,-15.5996143120582,0.9150783758640274
2022-10,naive,1,2022-11,51.06565402002149,25.312618286201335,152,17.047298595957823,-25.753035733820155,1.5106813310542115
2022-10,naive,3,2023-01,51.06565402002149,10.025569844756562,152,17.047298595957823,-41.04008417526493,2.407424492757824
2022-10,naive,6,2023-04,51.06565402002149,10.95598798438426,152,17.047298595957823,-40.10966603563723,2.35284586644994
2022-10,naive,12,2023-10,51.06565402002149,35.46603970796329,152,17.047298595957823,-15.5996143120582,0.9150783758640274
2022-10,climatology,1,2022-11,23.818571658800987,25.312618286201335,152,17.047298595957823,1.4940466274003477,0.08764125406676511
2022-10,climatology,3,2023-01,11.848017853041547,10.025569844756562,152,17.047298595957823,-1.8224480082849848,0.10690538433562226
2022-10,climatology,6,2023-04,16.628698177671257,10.95598798438426,152,17.047298595957823,-5.672710193286997,0.33276299827540323
2022-10,climatology,12,2023-10,42.31098222292432,35.46603970796329,152,17.047298595957823,-6.8449425149610335,0.4015265220135274
2022-10,seasonal naive with drift,1,2022-11,18.970955651913915,25.312618286201335,152,17.047298595957823,6.34166263428742,0.3720039628912892
2022-10,seasonal naive with drift,3,2023-01,5.374116037252587,10.025569844756562,152,17.047298595957823,4.651453807503976,0.2728557713306498
2022-10,seasonal naive with drift,6,2023-04,4.387211914907885,10.95598798438426,152,17.047298595957823,6.568776069476375,0.3853265097986805
2022-10,seasonal naive with drift,12,2023-10,51.80978958852543,35.46603970796329,152,17.047298595957823,-16.343749880562143,0.9587296068385579
2022-11,seasonal naive,1,2022-12,12.212320510766247,15.053569039963536,153,16.971811896211054,2.841248529197289,0.1674098526764603
2022-11,seasonal naive,3,2023-02,3.522447811211238,7.465975205535738,153,16.971811896211054,3.9435273943245,0.23235747711797877
2022-11,seasonal naive,6,2023-05,23.35844982643071,35.98676752899446,153,16.971811896211054,12.628317702563752,0.7440759878668591
2022-11,seasonal naive,12,2023-11,25.312618286201335,20.8515556944672,153,16.971811896211054,-4.461062591734134,0.26285128653411854
2022-11,naive,1,2022-12,25.312618286201335,15.053569039963536,153,16.971811896211054,-10.2590492462378,0.6044757807225123
2022-11,naive,3,2023-02,25.312618286201335,7.465975205535738,153,16.971811896211054,-17.846643080665597,1.0515461277678813
2022-11,naive,6,2023-05,25.312618286201335,35.98676752899446,153,16.971811896211054,10.674149242793128,0.6289339823036881
2022-11,naive,12,2023-11,25.312618286201335,20.8515556944672,153,16.971811896211054,-4.461062591734134,0.26285128653411854
2022-11,climatology,1,2022-12,16.00993414094229,15.053569039963536,153,16.971811896211054,-0.9563651009787524,0.056350206261257245
2022-11,climatology,3,2023-02,10.517529696567925,7.465975205535738,153,16.971811896211054,-3.051554491032187,0.17980133822443814
2022-11,climatology,6,2023-05,26.114113409116477,35.98676752899446,153,16.971811896211054,9.872654119877986,0.5817089053456955
2022-11,climatology,12,2023-11,23.943075544417685,20.8515556944672,153,16.971811896211054,-3.0915198499504832,0.1821561462533451
2022-11,seasonal naive with drift,1,2022-12,12.277676688970866,15.053569039963536,153,16.971811896211054,2.7758923509926703,0.16355898639274846
2022-11,seasonal naive with drift,3,2023-02,3.718516345825094,7.465975205535738,153,16.971811896211054,3.747458859710644,0.22080487826684325
2022-11,seasonal naive with drift,6,2023-05,23.750586895658422,35.98676752899446,153,16.971811896211054,12.23618063333604,0.7209707901645881
2022-11,seasonal naive with drift,12,2023-11,26.09689242465676,20.8515556944672,153,16.971811896211054,-5.24533673018956,0.3090616819386608
2022-12,seasonal naive,1,2023-01,5.188082145126601,10.025569844756562,154,16.872300886584195,4.837487699629961,0.28671179657994544
2022-12,seasonal naive,3,2023-03,2.7599526260155898,6.844635239235898,154,16.872300886584195,4.084682613220308,0.2420939882875248
2022-12,seasonal naive,6,2023-06,56.15363908959766,97.6457402126361,154,16.872300886584195,41.49210112303844,2.4591845179829845
2022-12,seasonal naive,12,2023-12,15.053569039963536,15.372841060353966,154,16.872300886584195,0.31927202039043046,0.018922850092384005
2022-12,naive,1,2023-01,15.053569039963536,10.025569844756562,154,16.872300886584195,-5.027999195206974,0.2980031727151645
2022-12,naive,3,2023-03,15.053569039963536,6.844635239235898,154,16.872300886584195,-8.208933800727639,0.48653315608275294
2022-12,naive,6,2023-06,15.053569039963536,97.6457402126361,154,16.872300886584195,82.59217117267256,4.895133848540167
2022-12,naive,12,2023-12,15.053569039963536,15.372841060353966,154,16.872300886584195,0.31927202039043046,0.018922850092384005
2022-12,climatology,1,2023-01,11.848017853041547,10.025569844756562,154,16.872300886584195,-1.8224480082849848,0.10801419560589286
2022-12,climatology,3,2023-03,10.46774531812664,6.844635239235898,154,16.872300886584195,-3.6231100788907424,0.21473716615447597
2022-12,climatology,6,2023-06,46.98796684150625,97.6457402126361,154,16.872300886584195,50.65777337112985,3.002422355531234
2022-12,climatology,12,2023-12,15.936367594713154,15.372841060353966,154,16.872300886584195,-0.5635265343591875,0.03339950716545535
2022-12,seasonal naive with drift,1,2023-01,5.254645467926726,10.025569844756562,154,16.872300886584195,4.770924376829837,0.2827666723643708
2022-12,seasonal naive with drift,3,2023-03,2.9596425944159632,6.844635239235898,154,16.872300886584195,3.884992644819935,0.2302586156408009
2022-12,seasonal naive with drift,6,2023-06,56.55301902639841,97.6457402126361,154,16.872300886584195,41.09272118623769,2.4355137726895366
2022-12,seasonal naive with drift,12,2023-12,15.85232891356503,15.372841060353966,154,16.872300886584195,-0.47948785321106335,0.02841864049451147
2023-01,seasonal naive,1,2023-02,3.522447811211238,7.465975205535738,155,16.788141353808292,3.9435273943245,0.23489958246211298
2023-01,seasonal naive,3,2023-04,4.015144130655913,10.95598798438426,155,16.788141353808292,6.940843853728347,0.41343730121463723
2023-01,seasonal naive,6,2023-07,86.85293371521024,100.19446543672797,155,16.788141353808292,13.341531721517725,0.7946997490875473
2023-01,seasonal naive,12,2024-01,10.025569844756562,11.151456915877766,155,16.788141353808292,1.1258870711212037,0.06706442645396256
2023-01,naive,1,2023-02,10.025569844756562,7.465975205535738,155,16.788141353808292,-2.5595946392208244,0.152464444114309
2023-01,naive,3,2023-04,10.025569844756562,10.95598798438426,155,16.788141353808292,0.9304181396276974,0.0554211523491037
2023-01,naive,6,2023-07,10.025569844756562,100.19446543672797,155,16.788141353808292,90.1688955919714,5.370987394713419
2023-01,naive,12,2024-01,10.025569844756562,11.151456915877766,155,16.788141353808292,1.1258870711212037,0.06706442645396256
2023-01,climatology,1,2023-02,10.517529696567925,7.465975205535738,155,16.788141353808292,-3.051554491032187,0.18176845350065862
2023-01,climatology,3,2023-04,16.628698177671257,10.95598798438426,155,16.788141353808292,-5.672710193286997,0.33789983499276266
2023-01,climatology,6,2023-07,80.43086332246986,100.19446543672797,155,16.788141353808292,19.763602114258106,1.1772358653493733
2023-01,climatology,12,2024-01,11.707829544711931,11.151456915877766,155,16.788141353808292,-0.5563726288341648,0.033140811547191014
2023-01,seasonal naive with drift,1,2023-02,3.5913647050055513,7.465975205535738,155,16.788141353808292,3.8746105005301867,0.23079448873303976
2023-01,seasonal naive with drift,3,2023-04,4.221894812038854,10.95598798438426,155,16.788141353808292,6.734093172345406,0.40112202002741754
2023-01,seasonal naive with drift,6,2023-07,87.26643507797613,100.19446543672797,155,16.788141353808292,12.92803035875184,0.7700691867131075
2023-01,seasonal naive with drift,12,2024-01,10.852572570288325,11.151456915877766,155,16.788141353808292,0.29888434558944077,0.017803301705083666
2023-02,seasonal naive,1,2023-03,2.7599526260155898,6.844635239235898,156,16.698942645756322,4.084682613220308,0.2446072604637841
2023-02,seasonal naive,3,2023-05,23.35844982643071,35.98676752899446,156,16.698942645756322,12.628317702563752,0.7562345694847313
2023-02,seasonal naive,6,2023-08,93.98463983219796,79.00353870101435,156,16.698942645756322,-14.981101131183607,0.8971287253921273
2023-02,seasonal naive,12,2024-02,7.465975205535738,13.37131169744724,156,16.698942645756322,5.905336491911502,0.3536353538774634
2023-02,naive,1,2023-03,7.465975205535738,6.844635239235898,156,16.698942645756322,-0.62133996629984,0.03720834183820257
2023-02,naive,3,2023-05,7.465975205535738,35.98676752899446,156,16.698942645756322,28.520792323458725,1.7079400132383036
2023-02,naive,6,2023-08,7.465975205535738,79.00353870101435,156,16.698942645756322,71.53756349547861,4.283957674030239
2023-02,naive,12,2024-02,7.465975205535738,13.37131169744724,156,16.698942645756322,5.905336491911502,0.3536353538774634
2023-02,climatology,1,2023-03,10.46774531812664,6.844635239235898,156,16.698942645756322,-3.6231100788907424,0.2169664364834188
2023-02,climatology,3,2023-05,26.114113409116477,35.98676752899446,156,16.698942645756322,9.872654119877986,0.5912143259194264
2023-02,climatology,6,2023-08,83.01501141175744,79.00353870101435,156,16.698942645756322,-4.011472710743092,0.2402231563902354
2023-02,climatology,12,2024-02,10.282794735719296,13.37131169744724,156,16.698942645756322,3.0885169617279438,0.18495284565294462
2023-02,seasonal naive with drift,1,2023-03,2.8306730641784177,6.844635239235898,156,16.698942645756322,4.013962175057481,0.24037223554855092
2023-02,seasonal naive with drift,3,2023-05,23.570611140919194,35.98676752899446,156,16.698942645756322,12.416156388075269,0.7435294947390317
2023-02,seasonal naive with drift,6,2023-08,94.40896246117492,79.00353870101435,156,16.698942645756322,-15.405423760160573,0.9225388748835264
2023-02,seasonal naive with drift,12,2024-02,8.314620463489673,13.37131169744724,156,16.698942645756322,5.056691233957567,0.30281505489466526
2023-03,seasonal naive,1,2023-04,4.015144130655913,10.95598798438426,157,16.61194774898021,6.940843853728347,0.4178223985898606
2023-03,seasonal naive,3,2023-06,56.15363908959766,97.6457402126361,157,16.61194774898021,41.49210112303844,2.497726440632803
2023-03,seasonal naive,6,2023-09,85.59321142144317,48.236195925316515,157,16.61194774898021,-37.35701549612666,2.2488040572135777
2023-03,seasonal naive,12,2024-03,6.844635239235898,16.921265469384526,157,16.61194774898021,10.076630230148627,0.6065893285010616
2023-03,naive,1,2023-04,6.844635239235898,10.95598798438426,157,16.61194774898021,4.111352745148362,0.24749372001851822
2023-03,naive,3,2023-06,6.844635239235898,97.6457402126361,157,16.61194774898021,90.8011049734002,5.466011953894713
2023-03,naive,6,2023-09,6.844635239235898,48.236195925316515,157,16.61194774898021,41.39156068608062,2.4916741439077548
2023-03,naive,12,2024-03,6.844635239235898,16.921265469384526,157,16.61194774898021,10.076630230148627,0.6065893285010616
2023-03,climatology,1,2023-04,16.628698177671257,10.95598798438426,157,16.61194774898021,-5.672710193286997,0.34148374886594735
2023-03,climatology,3,2023-06,46.98796684150625,97.6457402126361,157,16.61194774898021,50.65777337112985,3.0494782512327414
2023-03,climatology,6,2023-09,67.88022684730147,48.236195925316515,157,16.61194774898021,-19.644030921984957,1.1825242421191027
2023-03,climatology,12,2024-03,10.189044542827354,16.921265469384526,157,16.61194774898021,6.732220926557172,0.4052637913558605
2023-03,seasonal naive with drift,1,2023-04,4.087724360402228,10.95598798438426,157,16.61194774898021,6.868263623982032,0.413453240268208
2023-03,seasonal naive with drift,3,2023-06,56.371379778836605,97.6457402126361,157,16.61194774898021,41.274360433799494,2.484618965667845
2023-03,seasonal naive with drift,6,2023-09,86.02869279992106,48.236195925316515,157,16.61194774898021,-37.792496874604545,2.2750190071434933
2023-03,seasonal naive with drift,12,2024-03,7.71559799619167,16.921265469384526,157,16.61194774898021,9.205667473192856,0.5541594286412309
2023-04,seasonal naive,1,2023-05,23.35844982643071,35.98676752899446,158,16.5457073113415,12.628317702563752,0.7632383109972872
2023-04,seasonal naive,3,2023-07,86.85293371521024,100.19446543672797,158,16.5457073113415,13.341531721517725,0.8063439942741267
2023-04,seasonal naive,6,2023-10,51.06565402002149,35.46603970796329,158,16.5457073113415,-15.5996143120582,0.9428194285393418
2023-04,seasonal naive,12,2024-04,10.95598798438426,16.006468492066475,158,16.5457073113415,5.050480507682215,0.30524415865982885
2023-04,naive,1,2023-05,10.95598798438426,35.98676752899446,158,16.5457073113415,25.030779544610205,1.5128262016004894
2023-04,naive,3,2023-07,10.95598798438426,100.19446543672797,158,16.5457073113415,89.2384774523437,5.3934519554309945
2023-04,naive,6,2023-10,10.95598798438426,35.46603970796329,158,16.5457073113415,24.510051723579032,1.4813541217895385
2023-04,naive,12,2024-04,10.95598798438426,16.006468492066475,158,16.5457073113415,5.050480507682215,0.30524415865982885
2023-04,climatology,1,2023-05,26.114113409116477,35.98676752899446,158,16.5457073113415,9.872654119877986,0.5966897597125165
2023-04,climatology,3,2023-07,80.43086332246986,100.19446543672797,158,16.5457073113415,19.763602114258106,1.1944851762674935
2023-04,climatology,6,2023-10,42.31098222292432,35.46603970796329,158,16.5457073113415,-6.8449425149610335,0.41369899673428084
2023-04,climatology,12,2024-04,16.22350459243647,16.006468492066475,158,16.5457073113415,-0.2170361003699952,0.013117366111101496
2023-04,seasonal naive with drift,1,2023-05,23.43449460018203,35.98676752899446,158,16.5457073113415,12.552272928812432,0.7586422685120443
2023-04,seasonal naive with drift,3,2023-07,87.0810680364642,100.19446543672797,158,16.5457073113415,13.113397400263764,0.7925558668183978
2023-04,seasonal naive with drift,6,2023-10,51.52192266252942,35.46603970796329,158,16.5457073113415,-16.05588295456613,0.9703956834507999
2023-04,seasonal naive with drift,12,2024-04,11.868525269400118,16.006468492066475,158,16.5457073113415,4.137943222666356,0.25009164883691265
2023-05,seasonal naive,1,2023-06,56.15363908959766,97.6457402126361,159,16.51905840243825,41.49210112303844,2.5117715618048853
2023-05,seasonal naive,3,2023-08,93.98463983219796,79.00353870101435,159,16.51905840243825,-14.981101131183607,0.9068980063035773
2023-05,seasonal naive,6,2023-11,25.312618286201335,20.8515556944672,159,16.51905840243825,-4.461062591734134,0.2700555009282896
2023-05,seasonal naive,12,2024-05,35.98676752899446,21.335918619378205,159,16.51905840243825,-14.650848909616258,0.8869058122255781
2023-05,naive,1,2023-06,35.98676752899446,97.6457402126361,159,16.51905840243825,61.658972683641636,3.7325960827489193
2023-05,naive,3,2023-08,35.98676752899446,79.00353870101435,159,16.51905840243825,43.01677117201989,2.6040691983794013
2023-05,naive,6,2023-11,35.98676752899446,20.8515556944672,159,16.51905840243825,-15.135211834527261,0.9162272731170482
2023-05,naive,12,2024-05,35.98676752899446,21.335918619378205,159,16.51905840243825,-14.650848909616258,0.8869058122255781
2023-05,climatology,1,2023-06,46.98796684150625,97.6457402126361,159,16.51905840243825,50.65777337112985,3.066625962388549
2023-05,climatology,3,2023-08,83.01501141175744,79.00353870101435,159,16.51905840243825,-4.011472710743092,0.24283906582417492
2023-05,climatology,6,2023-11,23.943075544417685,20.8515556944672,159,16.51905840243825,-3.0915198499504832,0.18714867243850702
2023-05,climatology,12,2024-05,26.772290350441676,21.335918619378205,159,16.51905840243825,-5.4363717310634705,0.3290969496337061
2023-05,seasonal naive with drift,1,2023-06,56.236325462225146,97.6457402126361,159,16.51905840243825,41.40941475041095,2.5067660481361838
2023-05,seasonal naive with drift,3,2023-08,94.2326989500804,79.00353870101435,159,16.51905840243825,-15.229160249066055,0.9219145473096818
2023-05,seasonal naive with drift,6,2023-11,25.80873652196623,20.8515556944672,159,16.51905840243825,-4.95718082749903,0.30008858294049856
2023-05,seasonal naive with drift,12,2024-05,36.979004000524256,21.335918619378205,159,16.51905840243825,-15.64308538114605,0.946971976249996
2023-06,seasonal naive,1,2023-07,86.85293371521024,100.19446543672797,160,16.687795177577442,13.341531721517725,0.7994783960102816
2023-06,seasonal naive,3,2023-09,85.59321142144317,48.236195925316515,160,16.687795177577442,-37.35701549612666,2.2385830541785063
2023-06,seasonal naive,6,2023-12,15.053569039963536,15.372841060353966,160,16.687795177577442,0.31927202039043046,0.019132067297866907
2023-06,seasonal naive,12,2024-06,97.6457402126361,35.101679818499946,160,16.687795177577442,-62.54406039413615,3.747892380544884
2023-06,naive,1,2023-07,97.6457402126361,100.19446543672797,160,16.687795177577442,2.548725224091868,0.1527298961289064
2023-06,naive,3,2023-09,97.6457402126361,48.236195925316515,160,16.687795177577442,-49.409544287319584,2.9608191951989395
2023-06,naive,6,2023-12,97.6457402126361,15.372841060353966,160,16.687795177577442,-82.27289915228214,4.93012397844073
2023-06,naive,12,2024-06,97.6457402126361,35.101679818499946,160,16.687795177577442,-62.54406039413615,3.747892380544884
2023-06,climatology,1,2023-07,80.43086332246986,100.19446543672797,160,16.687795177577442,19.763602114258106,1.184314758417785
2023-06,climatology,3,2023-09,67.88022684730147,48.236195925316515,160,16.687795177577442,-19.644030921984957,1.1771495702667576
2023-06,climatology,6,2023-12,15.936367594713154,15.372841060353966,160,16.687795177577442,-0.5635265343591875,0.03376878301552802
2023-06,climatology,12,2024-06,50.3651517329149,35.101679818499946,160,16.687795177577442,-15.263471914414957,0.9146488048297551
2023-06,seasonal naive with drift,1,2023-07,86.95842406568204,100.19446543672797,160,16.687795177577442,13.236041371045928,0.7931569886973767
2023-06,seasonal naive with drift,3,2023-09,85.90968247285858,48.236195925316515,160,16.687795177577442,-37.67348654754206,2.2575472761172217
2023-06,seasonal naive with drift,6,2023-12,15.68651114279434,15.372841060353966,160,16.687795177577442,-0.31367008244037287,0.01879637657956371
2023-06,seasonal naive with drift,12,2024-06,98.9116244182977,35.101679818499946,160,16.687795177577442,-63.80994459979776,3.8237492682997454
2023-07,seasonal naive,1,2023-08,93.98463983219796,79.00353870101435,161,16.66533703357704,-14.981101131183607,0.8989377833163492
2023-07,seasonal naive,3,2023-10,51.06565402002149,35.46603970796329,161,16.66533703357704,-15.5996143120582,0.9360515350291663
2023-07,seasonal naive,6,2024-01,10.025569844756562,11.151456915877766,161,16.66533703357704,1.1258870711212037,0.06755861395738864
2023-07,seasonal naive,12,2024-07,100.19446543672797,78.29420250264535,161,16.66533703357704,-21.90026293408262,1.3141206139400805
2023-07,naive,1,2023-08,100.19446543672797,79.00353870101435,161,16.66533703357704,-21.190926735713617,1.2715570464022719
2023-07,naive,3,2023-10,100.19446543672797,35.46603970796329,161,16.66533703357704,-64.72842572876468,3.88401540264988
2023-07,naive,6,2024-01,100.19446543672797,11.151456915877766,161,16.66533703357704,-89.04300852085021,5.343006765566629
2023-07,naive,12,2024-07,100.19446543672797,78.29420250264535,161,16.66533703357704,-21.90026293408262,1.3141206139400805
2023-07,climatology,1,2023-08,83.01501141175744,79.00353870101435,161,16.66533703357704,-4.011472710743092,0.24070756580925096
2023-07,climatology,3,2023-10,42.31098222292432,35.46603970796329,161,16.66533703357704,-6.8449425149610335,0.41072931805519197
2023-07,climatology,6,2024-01,11.707829544711931,11.151456915877766,161,16.66533703357704,-0.5563726288341648,0.03338502111977661
2023-07,climatology,12,2024-07,81.842549187774,78.29420250264535,161,16.66533703357704,-3.5483466851286494,0.21291778725983762
2023-07,seasonal naive with drift,1,2023-08,94.09688390051979,79.00353870101435,161,16.66533703357704,-15.093345199505436,0.9056729647348637
2023-07,seasonal naive with drift,3,2023-10,51.402386224986984,35.46603970796329,161,16.66533703357704,-15.936346517023694,0.95625707928471
2023-07,seasonal naive with drift,6,2024-01,10.699034254687554,11.151456915877766,161,16.66533703357704,0.45242266119021224,0.02714752544630083
2023-07,seasonal naive with drift,12,2024-07,101.54139425658995,78.29420250264535,161,16.66533703357704,-23.247191753944605,1.3949427909622565
2023-08,seasonal naive,1,2023-09,85.59321142144317,48.236195925316515,162,16.65410879422775,-37.35701549612666,2.2431110519149757
2023-08,seasonal naive,3,2023-11,25.312618286201335,20.8515556944672,162,16.65410879422775,-4.461062591734134,0.2678655848147408
2023-08,seasonal naive,6,2024-02,7.465975205535738,13.37131169744724,162,16.65410879422775,5.905336491911502,0.35458736128577883
2023-08,seasonal naive,12,2024-08,79.00353870101435,75.44996583887668,162,16.65410879422775,-3.5535728621376705,0.21337514399865848
2023-08,naive,1,2023-09,79.00353870101435,48.236195925316515,162,16.65410879422775,-30.767342775697834,1.847432555884448
2023-08,naive,3,2023-11,79.00353870101435,20.8515556944672,162,16.65410879422775,-58.15198300654715,3.4917499173959046
2023-08,naive,6,2024-02,79.00353870101435,13.37131169744724,162,16.65410879422775,-65.63222700356711,3.9409029816302743
2023-08,naive,12,2024-08,79.00353870101435,75.44996583887668,162,16.65410879422775,-3.5535728621376705,0.21337514399865848
2023-08,climatology,1,2023-09,67.88022684730147,48.236195925316515,162,16.65410879422775,-19.644030921984957,1.1795305990071052
2023-08,climatology,3,2023-11,23.943075544417685,20.8515556944672,162,16.65410879422775,-3.0915198499504832,0.1856310588665058
2023-08,climatology,6,2024-02,10.282794735719296,13.37131169744724,162,16.65410879422775,3.0885169617279438,0.18545074971519412
2023-08,climatology,12,2024-08,82.72847764670436,75.44996583887668,162,16.65410879422775,-7.278511807827684,0.43704000602844556
2023-08,seasonal naive with drift,1,2023-09,85.69638436201443,48.236195925316515,162,16.65410879422775,-37.46018843669791,2.249306096143762
2023-08,seasonal naive with drift,3,2023-11,25.622137107915087,20.8515556944672,162,16.65410879422775,-4.770581413447886,0.2864507175010981
2023-08,seasonal naive with drift,6,2024-02,8.085012848963244,13.37131169744724,162,16.65410879422775,5.286298848483996,0.3174170959130643
2023-08,seasonal naive with drift,12,2024-08,80.24161398786936,75.44996583887668,162,16.65410879422775,-4.791648148992678,0.2877156747440875
2023-09,seasonal naive,1,2023-10,51.06565402002149,35.46603970796329,163,16.791214136624433,-15.5996143120582,0.9290343262333154
2023-09,seasonal naive,3,2023-12,15.053569039963536,15.372841060353966,163,16.791214136624433,0.31927202039043046,0.0190142307633398
2023-09,seasonal naive,6,2024-03,6.844635239235898,16.921265469384526,163,16.791214136624433,10.076630230148627,0.6001132585266612
2023-09,seasonal naive,12,2024-09,48.236195925316515,70.00341984384741,163,16.791214136624433,21.767223918530895,1.2963460379588012
2023-09,naive,1,2023-10,48.236195925316515,35.46603970796329,163,16.791214136624433,-12.770156217353225,0.7605260771166862
2023-09,naive,3,2023-12,48.236195925316515,15.372841060353966,163,16.791214136624433,-32.863354864962545,1.9571756156263946
2023-09,naive,6,2024-03,48.236195925316515,16.921265469384526,163,16.791214136624433,-31.31493045593199,1.8649592698379633
2023-09,naive,12,2024-09,48.236195925316515,70.00341984384741,163,16.791214136624433,21.767223918530895,1.2963460379588012
2023-09,climatology,1,2023-10,42.31098222292432,35.46603970796329,163,16.791214136624433,-6.8449425149610335,0.4076502425176673
2023-09,climatology,3,2023-12,15.936367594713154,15.372841060353966,163,16.791214136624433,-0.5635265343591875,0.03356079731780934
2023-09,climatology,6,2024-03,10.189044542827354,16.921265469384526,163,16.791214136624433,6.732220926557172,0.40093711340820065
2023-09,climatology,12,2024-09,66.4770817814454,70.00341984384741,163,16.791214136624433,3.5263380624020044,0.21001090413768675
2023-09,seasonal naive with drift,1,2023-10,51.14752724161759,35.46603970796329,163,16.791214136624433,-15.681487533654298,0.9339102822499514
2023-09,seasonal naive with drift,3,2023-12,15.299188704751822,15.372841060353966,163,16.791214136624433,0.07365235560214423,0.004386362713432151
2023-09,seasonal naive with drift,6,2024-03,7.335874568812471,16.921265469384526,163,16.791214136624433,9.585390900572055,0.570857522426846
2023-09,seasonal naive with drift,12,2024-09,49.21867458446966,70.00341984384741,163,16.791214136624433,20.78474525937775,1.2378345657591705
2023-10,seasonal naive,1,2023-11,25.312618286201335,20.8515556944672,164,16.783374664094392,-4.461062591734134,0.26580247900190973
2023-10,seasonal naive,3,2024-01,10.025569844756562,11.151456915877766,164,16.783374664094392,1.1258870711212037,0.06708347359544303
2023-10,seasonal naive,6,2024-04,10.95598798438426,16.006468492066475,164,16.783374664094392,5.050480507682215,0.3009216327921815
2023-10,seasonal naive,12,2024-10,35.46603970796329,41.22407248437504,164,16.783374664094392,5.758032776411753,0.3430795588881319
2023-10,naive,1,2023-11,35.46603970796329,20.8515556944672,164,16.783374664094392,-14.614484013496089,0.87077148106344
2023-10,naive,3,2024-01,35.46603970796329,11.151456915877766,164,16.783374664094392,-24.314582792085524,1.448730263056277
2023-10,naive,6,2024-04,35.46603970796329,16.006468492066475,164,16.783374664094392,-19.459571215896815,1.1594552112053935
2023-10,naive,12,2024-10,35.46603970796329,41.22407248437504,164,16.783374664094392,5.758032776411753,0.3430795588881319
2023-10,climatology,1,2023-11,23.943075544417685,20.8515556944672,164,16.783374664094392,-3.0915198499504832,0.1842013249316506
2023-10,climatology,3,2024-01,11.707829544711931,11.151456915877766,164,16.783374664094392,-0.5563726288341648,0.03315022395492628
2023-10,climatology,6,2024-04,16.22350459243647,16.006468492066475,164,16.783374664094392,-0.2170361003699952,0.012931612665140141
2023-10,climatology,12,2024-10,41.822057757569965,41.22407248437504,164,16.783374664094392,-0.5979852731949222,0.03562962069089868
2023-10,seasonal naive with drift,1,2023-11,25.38540044805444,20.8515556944672,164,16.783374664094392,-4.533844753587239,0.2701390420179766
2023-10,seasonal naive with drift,3,2024-01,10.243916330315884,11.151456915877766,164,16.783374664094392,0.9075405855618826,0.05407378454724214
2023-10,seasonal naive with drift,6,2024-04,11.3926809555029,16.006468492066475,164,16.783374664094392,4.613787536563574,0.2749022546957798
2023-10,seasonal naive with drift,12,2024-10,36.339425650200575,41.22407248437504,164,16.783374664094392,4.884646834174468,0.29104080269532834
2023-11,seasonal naive,1,2023-12,15.053569039963536,15.372841060353966,165,16.70283667669334,0.31927202039043046,0.019114838190086206
2023-11,seasonal naive,3,2024-02,7.465975205535738,13.37131169744724,165,16.70283667669334,5.905336491911502,0.3535529087793596
2023-11,seasonal naive,6,2024-05,35.98676752899446,21.335918619378205,165,16.70283667669334,-14.650848909616258,0.8771473488727596
2023-11,seasonal naive,12,2024-11,20.8515556944672,21.758692637300022,165,16.70283667669334,0.9071369428328211,0.054310352210927976
2023-11,naive,1,2023-12,20.8515556944672,15.372841060353966,165,16.70283667669334,-5.478714634113235,0.3280110283158115
2023-11,naive,3,2024-02,20.8515556944672,13.37131169744724,165,16.70283667669334,-7.4802439970199615,0.44784273125640267
2023-11,naive,6,2024-05,20.8515556944672,21.335918619378205,165,16.70283667669334,0.48436292491100374,0.028998842189894
2023-11,naive,12,2024-11,20.8515556944672,21.758692637300022,165,16.70283667669334,0.9071369428328211,0.054310352210927976
2023-11,climatology,1,2023-12,15.936367594713154,15.372841060353966,165,16.70283667669334,-0.5635265343591875,0.033738373024117294
2023-11,climatology,3,2024-02,10.282794735719296,13.37131169744724,165,16.70283667669334,3.0885169617279438,0.1849097265039759
2023-11,climatology,6,2024-05,26.772290350441676,21.335918619378205,165,16.70283667669334,-5.4363717310634705,0.32547595574883564
2023-11,climatology,12,2024-11,23.70526632519072,21.758692637300022,165,16.70283667669334,-1.946573687890698,0.11654150283388037
2023-11,seasonal naive with drift,1,2023-12,15.123445728758924,15.372841060353966,165,16.70283667669334,0.2493953315950428,0.014931315944856353
2023-11,seasonal naive with drift,3,2024-02,7.675605271921903,13.37131169744724,165,16.70283667669334,5.695706425525337,0.3410023420436699
2023-11,seasonal naive with drift,6,2024-05,36.40602766176679,21.335918619378205,165,16.70283667669334,-15.070109042388587,0.9022484823441389
2023-11,seasonal naive with drift,12,2024-11,21.69007596001186,21.758692637300022,165,16.70283667669334,0.06861667728816201,0.004108085268169313
2023-12,seasonal naive,1,2024-01,10.025569844756562,11.151456915877766,166,16.596449893210856,1.1258870711212037,0.06783903053759543
2023-12,seasonal naive,3,2024-03,6.844635239235898,16.921265469384526,166,16.596449893210856,10.076630230148627,0.6071557649368553
2023-12,seasonal naive,6,2024-06,97.6457402126361,35.101679818499946,166,16.596449893210856,-62.54406039413615,3.768520424342147
2023-12,seasonal naive,12,2024-12,15.372841060353966,13.100032127418036,166,16.596449893210856,-2.2728089329359307,0.13694548819538047
2023-12,naive,1,2024-01,15.372841060353966,11.151456915877766,166,16.596449893210856,-4.2213841444762,0.25435464642369393
2023-12,naive,3,2024-03,15.372841060353966,16.921265469384526,166,16.596449893210856,1.5484244090305594,0.09329853185433208
2023-12,naive,6,2024-06,15.372841060353966,35.101679818499946,166,16.596449893210856,19.72883875814598,1.1887384883568681
2023-12,naive,12,2024-12,15.372841060353966,13.100032127418036,166,16.596449893210856,-2.2728089329359307,0.13694548819538047
2023-12,climatology,1,2024-01,11.707829544711931,11.151456915877766,166,16.596449893210856,-0.5563726288341648,0.033523592841488425
2023-12,climatology,3,2024-03,10.189044542827354,16.921265469384526,166,16.596449893210856,6.732220926557172,0.40564222890288937
2023-12,climatology,6,2024-06,50.3651517329149,35.101679818499946,166,16.596449893210856,-15.263471914414957,0.9196829450049324
2023-12,climatology,12,2024-12,15.896115699401781,13.100032127418036,166,16.596449893210856,-2.796083571983745,0.16847479972976298
2023-12,seasonal naive with drift,1,2024-01,10.095165555064312,11.151456915877766,166,16.596449893210856,1.0562913608134537,0.06364562105812478
2023-12,seasonal naive with drift,3,2024-03,7.05342237015915,16.921265469384526,166,16.596449893210856,9.867843099225375,0.5945755364984432
2023-12,seasonal naive with drift,6,2024-06,98.06331447448261,35.101679818499946,166,16.596449893210856,-62.961634655982664,3.7936808812189713
2023-12,seasonal naive with drift,12,2024-12,16.207989584046974,13.100032127418036,166,16.596449893210856,-3.107957456628938,0.18726640194902866
2024-01,seasonal naive,1,2024-02,7.465975205535738,13.37131169744724,167,16.4966398104877,5.905336491911502,0.3579720815724665
2024-01,seasonal naive,3,2024-04,10.95598798438426,16.006468492066475,167,16.4966398104877,5.050480507682215,0.306152074949917
2024-01,seasonal naive,6,2024-07,100.19446543672797,78.29420250264535,167,16.4966398104877,-21.90026293408262,1.327559017210255
2024-01,seasonal naive,12,2025-01,11.151456915877766,,167,16.4966398104877,,
2024-01,naive,1,2024-02,11.151456915877766,13.37131169744724,167,16.4966398104877,2.219854781569474,0.13456405710926697
2024-01,naive,3,2024-04,11.151456915877766,16.006468492066475,167,16.4966398104877,4.8550115761887085,0.2943030600148126
2024-01,naive,6,2024-07,11.151456915877766,78.29420250264535,167,16.4966398104877,67.14274558676757,4.070086172584173
2024-01,naive,12,2025-01,11.151456915877766,,167,16.4966398104877,,
2024-01,climatology,1,2024-02,10.282794735719296,13.37131169744724,167,16.4966398104877,3.0885169617279438,0.1872209733138761
2024-01,climatology,3,2024-04,16.22350459243647,16.006468492066475,167,16.4966398104877,-0.2170361003699952,0.013156382321690446
2024-01,climatology,6,2024-07,81.842549187774,78.29420250264535,167,16.4966398104877,-3.5483466851286494,0.21509511790836314
2024-01,climatology,12,2025-01,11.668088642652348,,167,16.4966398104877,,
2024-01,seasonal naive with drift,1,2024-02,7.535727226890493,13.37131169744724,167,16.4966398104877,5.835584470556747,0.35374382526354176
2024-01,seasonal naive with drift,3,2024-04,11.165244048448525,16.006468492066475,167,16.4966398104877,4.84122444361795,0.2934673060231425
2024-01,seasonal naive with drift,6,2024-07,100.6129775648565,78.29420250264535,167,16.4966398104877,-22.318775062211145,1.3529285550638037
2024-01,seasonal naive with drift,12,2025-01,11.988481172134826,,167,16.4966398104877,,
2024-02,seasonal naive,1,2024-03,6.844635239235898,16.921265469384526,168,16.428746840496824,10.076630230148627,0.6133535520378071
2024-02,seasonal naive,3,2024-05,35.98676752899446,21.335918619378205,168,16.428746840496824,-14.650848909616258,0.891781281424457
2024-02,seasonal naive,6,2024-08,79.00353870101435,75.44996583887668,168,16.428746840496824,-3.5535728621376705,0.21630212557528256
2024-02,seasonal naive,12,2025-02,13.37131169744724,,168,16.428746840496824,,
2024-02,naive,1,2024-03,13.37131169744724,16.921265469384526,168,16.428746840496824,3.549953771937286,0.2160818354803945
2024-02,naive,3,2024-05,13.37131169744724,21.335918619378205,168,16.428746840496824,7.964606921930965,0.4847969841679115
2024-02,naive,6,2024-08,13.37131169744724,75.44996583887668,168,16.428746840496824,62.07865414142944,3.778660341177435
2024-02,naive,12,2025-02,13.37131169744724,,168,16.428746840496824,,
2024-02,climatology,1,2024-03,10.189044542827354,16.921265469384526,168,16.428746840496824,6.732220926557172,0.4097829853925476
2024-02,climatology,3,2024-05,26.772290350441676,21.335918619378205,168,16.428746840496824,-5.4363717310634705,0.33090605046410637
2024-02,climatology,6,2024-08,82.72847764670436,75.44996583887668,168,16.428746840496824,-7.278511807827684,0.4430351187764467
2024-02,climatology,12,2025-02,10.503403090128433,,168,16.428746840496824,,
2024-02,seasonal naive with drift,1,2024-03,6.917094692340468,16.921265469384526,168,16.428746840496824,10.004170777044058,0.608943023723745
2024-02,seasonal naive with drift,3,2024-05,36.204145888308176,21.335918619378205,168,16.428746840496824,-14.86822726892997,0.9050128663666436
2024-02,seasonal naive with drift,6,2024-08,79.43829541964178,75.44996583887668,168,16.428746840496824,-3.9883295807650967,0.2427652954596557
2024-02,seasonal naive with drift,12,2025-02,14.240825134702085,,168,16.428746840496824,,
2024-03,seasonal naive,1,2024-04,10.95598798438426,16.006468492066475,169,16.38828749902964,5.050480507682215,0.3081762208517062
2024-03,seasonal naive,3,2024-06,97.6457402126361,35.101679818499946,169,16.38828749902964,-62.54406039413615,3.816387795115226
2024-03,seasonal naive,6,2024-09,48.236195925316515,70.00341984384741,169,16.38828749902964,21.767223918530895,1.3282183339668494
2024-03,seasonal naive,12,2025-03,16.921265469384526,,169,16.38828749902964,,
2024-03,naive,1,2024-04,16.921265469384526,16.006468492066475,169,16.38828749902964,-0.9147969773180513,0.055820168969589835
2024-03,naive,3,2024-06,16.921265469384526,35.101679818499946,169,16.38828749902964,18.18041434911542,1.1093541256334374
2024-03,naive,6,2024-09,16.921265469384526,70.00341984384741,169,16.38828749902964,53.08215437446289,3.2390299704960577
2024-03,naive,12,2025-03,16.921265469384526,,169,16.38828749902964,,
2024-03,climatology,1,2024-04,16.22350459243647,16.006468492066475,169,16.38828749902964,-0.2170361003699952,0.013243366665543672
2024-03,climatology,3,2024-06,50.3651517329149,35.101679818499946,169,16.38828749902964,-15.263471914414957,0.9313646660957537
2024-03,climatology,6,2024-09,66.4770817814454,70.00341984384741,169,16.38828749902964,3.5263380624020044,0.21517428606319
2024-03,climatology,12,2025-03,10.669917466152866,,169,16.38828749902964,,
2024-03,seasonal naive with drift,1,2024-04,11.03333444215597,16.006468492066475,169,16.38828749902964,4.973134049910504,0.303456602784456
2024-03,seasonal naive with drift,3,2024-06,97.87777958595123,35.101679818499946,169,16.38828749902964,-62.776099767451285,3.8305466493169766
2024-03,seasonal naive with drift,6,2024-09,48.70027467194679,70.00341984384741,169,16.38828749902964,21.303145171900624,1.2999006255633478
2024-03,seasonal naive with drift,12,2025-03,17.849422962645065,,169,16.38828749902964,,
2024-04,seasonal naive,1,2024-05,35.98676752899446,21.335918619378205,170,16.316529226932506,-14.650848909616258,0.8979145445609333
2024-04,seasonal naive,3,2024-07,100.19446543672797,78.29420250264535,170,16.316529226932506,-21.90026293408262,1.3422133242609862
2024-04,seasonal naive,6,2024-10,35.46603970796329,41.22407248437504,170,16.316529226932506,5.758032776411753,0.35289568610629446
2024-04,seasonal naive,12,2025-04,16.006468492066475,,170,16.316529226932506,,
2024-04,naive,1,2024-05,16.006468492066475,21.335918619378205,170,16.316529226932506,5.3294501273117305,0.32662890821871576
2024-04,naive,3,2024-07,16.006468492066475,78.29420250264535,170,16.316529226932506,62.28773401057887,3.817462227675543
2024-04,naive,6,2024-10,16.006468492066475,41.22407248437504,170,16.316529226932506,25.217603992308568,1.5455250097357536
2024-04,naive,12,2025-04,16.006468492066475,,170,16.316529226932506,,
2024-04,climatology,1,2024-05,26.772290350441676,21.335918619378205,170,16.316529226932506,-5.4363717310634705,0.33318187069404737
2024-04,climatology,3,2024-07,81.842549187774,78.29420250264535,170,16.316529226932506,-3.5483466851286494,0.2174694529564322
2024-04,climatology,6,2024-10,41.822057757569965,41.22407248437504,170,16.316529226932506,-0.5979852731949222,0.036649048635163876
2024-04,climatology,12,2025-04,16.209035519078473,,170,16.316529226932506,,
2024-04,seasonal naive with drift,1,2024-05,36.06628820776534,21.335918619378205,170,16.316529226932506,-14.730369588387134,0.9027881716457681
2024-04,seasonal naive with drift,3,2024-07,100.43302747304061,78.29420250264535,170,16.316529226932506,-22.138824970395262,1.3568342055154914
2024-04,seasonal naive with drift,6,2024-10,35.94316378058856,41.22407248437504,170,16.316529226932506,5.28090870378648,0.32365392359728495
2024-04,seasonal naive with drift,12,2025-04,16.960716637317024,,170,16.316529226932506,,
2024-05,seasonal naive,1,2024-06,97.6457402126361,35.101679818499946,171,16.30605325009404,-62.54406039413615,3.83563449934002
2024-05,seasonal naive,3,2024-08,79.00353870101435,75.44996583887668,171,16.30605325009404,-3.5535728621376705,0.21792967357795037
2024-05,seasonal naive,6,2024-11,20.8515556944672,21.758692637300022,171,16.30605325009404,0.9071369428328211,0.05563191343236841
2024-05,seasonal naive,12,2025-05,21.335918619378205,,171,16.30605325009404,,
2024-05,naive,1,2024-06,21.335918619378205,35.101679818499946,171,16.30605325009404,13.76576119912174,0.8442117162252216
2024-05,naive,3,2024-08,21.335918619378205,75.44996583887668,171,16.30605325009404,54.114047219498474,3.318647767766022
2024-05,naive,6,2024-11,21.335918619378205,21.758692637300022,171,16.30605325009404,0.42277401792181735,0.025927427774061707
2024-05,naive,12,2025-05,21.335918619378205,,171,16.30605325009404,,
2024-05,climatology,1,2024-06,50.3651517329149,35.101679818499946,171,16.30605325009404,-15.263471914414957,0.9360616993156778
2024-05,climatology,3,2024-08,82.72847764670436,75.44996583887668,171,16.30605325009404,-7.278511807827684,0.446368701008977
2024-05,climatology,6,2024-11,23.70526632519072,21.758692637300022,171,16.30605325009404,-1.946573687890698,0.11937736606370226
2024-05,climatology,12,2025-05,26.43251711725021,,171,16.30605325009404,,
2024-05,seasonal naive with drift,1,2024-06,97.71708211936564,35.101679818499946,171,16.30605325009404,-62.615402300865696,3.840009678645235
2024-05,seasonal naive with drift,3,2024-08,79.21756442120298,75.44996583887668,171,16.30605325009404,-3.7675985823263005,0.23105521149359504
2024-05,seasonal naive with drift,6,2024-11,21.27960713484447,21.758692637300022,171,16.30605325009404,0.47908550245555404,0.029380837601078673
2024-05,seasonal naive with drift,12,2025-05,22.192021500132736,,171,16.30605325009404,,
2024-06,seasonal naive,1,2024-07,100.19446543672797,78.29420250264535,172,16.5950407947443,-21.90026293408262,1.319687200830413
2024-06,seasonal naive,3,2024-09,48.236195925316515,70.00341984384741,172,16.5950407947443,21.767223918530895,1.3116704073077448
2024-06,seasonal naive,6,2024-12,15.372841060353966,13.100032127418036,172,16.5950407947443,-2.2728089329359307,0.13695711634862243
2024-06,seasonal naive,12,2025-06,35.101679818499946,,172,16.5950407947443,,
2024-06,naive,1,2024-07,35.101679818499946,78.29420250264535,172,16.5950407947443,43.1925226841454,2.6027367584311456
2024-06,naive,3,2024-09,35.101679818499946,70.00341984384741,172,16.5950407947443,34.901740025347465,2.1031427675912044
2024-06,naive,6,2024-12,35.101679818499946,13.100032127418036,172,16.5950407947443,-22.00164769108191,1.3257965414613442
2024-06,naive,12,2025-06,35.101679818499946,,172,16.5950407947443,,
2024-06,climatology,1,2024-07,81.842549187774,78.29420250264535,172,16.5950407947443,-3.5483466851286494,0.21381970246511364
2024-06,climatology,3,2024-09,66.4770817814454,70.00341984384741,172,16.5950407947443,3.5263380624020044,0.21249348561522105
2024-06,climatology,6,2024-12,15.896115699401781,13.100032127418036,172,16.5950407947443,-2.796083571983745,0.16848910506259637
2024-06,climatology,12,2025-06,49.41118473826397,,172,16.5950407947443,,
2024-06,seasonal naive with drift,1,2024-07,100.23278642508517,78.29420250264535,172,16.5950407947443,-21.93858392243982,1.321996383967181
2024-06,seasonal naive with drift,3,2024-09,48.351158890388135,70.00341984384741,172,16.5950407947443,21.652260953459276,1.3047428578974396
2024-06,seasonal naive with drift,6,2024-12,15.602766990497198,13.100032127418036,172,16.5950407947443,-2.502734863079162,0.15081221516923213
2024-06,seasonal naive with drift,12,2025-06,35.56153167878641,,172,16.5950407947443,,
2024-07,seasonal naive,1,2024-08,79.00353870101435,75.44996583887668,173,16.627992485050747,-3.5535728621376705,0.2137102759297299
2024-07,seasonal naive,3,2024-10,35.46603970796329,41.22407248437504,173,16.627992485050747,5.758032776411753,0.34628550509560685
2024-07,seasonal naive,6,2025-01,11.151456915877766,,173,16.627992485050747,,
2024-07,seasonal naive,12,2025-07,78.29420250264535,,173,16.627992485050747,,
2024-07,naive,1,2024-08,78.29420250264535,75.44996583887668,173,16.627992485050747,-2.844236663768669,0.1710511155406015
2024-07,naive,3,2024-10,78.29420250264535,41.22407248437504,173,16.627992485050747,-37.070130018270305,2.2293809701680996
2024-07,naive,6,2025-01,78.29420250264535,,173,16.627992485050747,,
2024-07,naive,12,2025-07,78.29420250264535,,173,16.627992485050747,,
2024-07,climatology,1,2024-08,82.72847764670436,75.44996583887668,173,16.627992485050747,-7.278511807827684,0.437726431159466
2024-07,climatology,3,2024-10,41.822057757569965,41.22407248437504,173,16.627992485050747,-0.5979852731949222,0.03596256575966917
2024-07,climatology,6,2025-01,11.668088642652348,,173,16.627992485050747,,
2024-07,climatology,12,2025-07,81.60599274209876,,173,16.627992485050747,,
2024-07,seasonal naive with drift,1,2024-08,79.03028613098938,75.44996583887668,173,16.627992485050747,-3.5803202921127024,0.21531885435548268
2024-07,seasonal naive with drift,3,2024-10,35.54628199788837,41.22407248437504,173,16.627992485050747,5.677790486486671,0.34145976981834936
2024-07,seasonal naive with drift,6,2025-01,11.311941495727927,,173,16.627992485050747,,
2024-07,seasonal naive with drift,12,2025-07,78.61517166234567,,173,16.627992485050747,,
2024-08,seasonal naive,1,2024-09,48.236195925316515,70.00341984384741,174,16.54728619108215,21.767223918530895,1.3154558195930601
2024-08,seasonal naive,3,2024-11,20.8515556944672,21.758692637300022,174,16.54728619108215,0.9071369428328211,0.054820889199445014
2024-08,seasonal naive,6,2025-02,13.37131169744724,,174,16.54728619108215,,
2024-08,seasonal naive,12,2025-08,75.44996583887668,,174,16.54728619108215,,
2024-08,naive,1,2024-09,75.44996583887668,70.00341984384741,174,16.54728619108215,-5.446545995029268,0.3291504076338863
2024-08,naive,3,2024-11,75.44996583887668,21.758692637300022,174,16.54728619108215,-53.69127320157666,3.2447177489752104
2024-08,naive,6,2025-02,75.44996583887668,,174,16.54728619108215,,
2024-08,naive,12,2025-08,75.44996583887668,,174,16.54728619108215,,
2024-08,climatology,1,2024-09,66.4770817814454,70.00341984384741,174,16.54728619108215,3.5263380624020044,0.21310673071590785
2024-08,climatology,3,2024-11,23.70526632519072,21.758692637300022,174,16.54728619108215,-1.946573687890698,0.11763703518585225
2024-08,climatology,6,2025-02,10.503403090128433,,174,16.54728619108215,,
2024-08,climatology,12,2025-08,82.24324352618252,,174,16.54728619108215,,
2024-08,seasonal naive with drift,1,2024-09,48.260950278119815,70.00341984384741,174,16.54728619108215,21.742469565727596,1.313959843001041
2024-08,seasonal naive with drift,3,2024-11,20.9258187528771,21.758692637300022,174,16.54728619108215,0.8328738844229235,0.05033295942338782
2024-08,seasonal naive with drift,6,2025-02,13.519837814267037,,174,16.54728619108215,,
2024-08,seasonal naive with drift,12,2025-08,75.74701807251627,,174,16.54728619108215,,
2024-09,seasonal naive,1,2024-10,35.46603970796329,41.22407248437504,175,16.579310348919257,5.758032776411753,0.34730230963962244
2024-09,seasonal naive,3,2024-12,15.372841060353966,13.100032127418036,175,16.579310348919257,-2.2728089329359307,0.1370870612289423
2024-09,seasonal naive,6,2025-03,16.921265469384526,,175,16.579310348919257,,
2024-09,seasonal naive,12,2025-09,70.00341984384741,,175,16.579310348919257,,
2024-09,naive,1,2024-10,70.00341984384741,41.22407248437504,175,16.579310348919257,-28.779347359472368,1.7358591373101586
2024-09,naive,3,2024-12,70.00341984384741,13.100032127418036,175,16.579310348919257,-56.90338771642938,3.432192685876026
2024-09,naive,6,2025-03,70.00341984384741,,175,16.579310348919257,,
2024-09,naive,12,2025-09,70.00341984384741,,175,16.579310348919257,,
2024-09,climatology,1,2024-10,41.822057757569965,41.22407248437504,175,16.579310348919257,-0.5979852731949222,0.036068163307764044
2024-09,climatology,3,2024-12,15.896115699401781,13.100032127418036,175,16.579310348919257,-2.796083571983745,0.16864896748651617
2024-09,climatology,6,2025-03,10.669917466152866,,175,16.579310348919257,,
2024-09,climatology,12,2025-09,66.71217098560554,,175,16.579310348919257,,
2024-09,seasonal naive with drift,1,2024-10,35.50177063115764,41.22407248437504,175,16.579310348919257,5.722301853217402,0.345147158282758
2024-09,seasonal naive with drift,3,2024-12,15.48003382993701,13.100032127418036,175,16.579310348919257,-2.3800017025189746,0.14355251529953525
2024-09,seasonal naive with drift,6,2025-03,17.135651008550614,,175,16.579310348919257,,
2024-09,seasonal naive with drift,12,2025-09,70.43219092217959,,175,16.579310348919257,,
2024-10,seasonal naive,1,2024-11,20.8515556944672,21.758692637300022,176,16.513326949086895,0.9071369428328211,0.05493362698078119
2024-10,seasonal naive,3,2025-01,11.151456915877766,,176,16.513326949086895,,
2024-10,seasonal naive,6,2025-04,16.006468492066475,,176,16.513326949086895,,
2024-10,seasonal naive,12,2025-10,41.22407248437504,,176,16.513326949086895,,
2024-10,naive,1,2024-11,41.22407248437504,21.758692637300022,176,16.513326949086895,-19.46537984707502,1.1787679071025332
2024-10,naive,3,2025-01,41.22407248437504,,176,16.513326949086895,,
2024-10,naive,6,2025-04,41.22407248437504,,176,16.513326949086895,,
2024-10,naive,12,2025-10,41.22407248437504,,176,16.513326949086895,,
2024-10,climatology,1,2024-11,23.70526632519072,21.758692637300022,176,16.513326949086895,-1.946573687890698,0.11787895279323674
2024-10,climatology,3,2025-01,11.668088642652348,,176,16.513326949086895,,
2024-10,climatology,6,2025-04,16.209035519078473,,176,16.513326949086895,,
2024-10,climatology,12,2025-10,41.78219207269031,,176,16.513326949086895,,
2024-10,seasonal naive with drift,1,2024-11,20.889994575841467,21.758692637300022,176,16.513326949086895,0.8686980614585558,0.05260587791526713
2024-10,seasonal naive with drift,3,2025-01,11.266773560000566,,176,16.513326949086895,,
2024-10,seasonal naive with drift,6,2025-04,16.237101780312074,,176,16.513326949086895,,
2024-10,seasonal naive with drift,12,2025-10,41.68533906086624,,176,16.513326949086895,,
2024-11,seasonal naive,1,2024-12,15.372841060353966,13.100032127418036,177,16.418743979352023,-2.2728089329359307,0.13842769798921176
2024-11,seasonal naive,3,2025-02,13.37131169744724,,177,16.418743979352023,,
2024-11,seasonal naive,6,2025-05,21.335918619378205,,177,16.418743979352023,,
2024-11,seasonal naive,12,2025-11,21.758692637300022,,177,16.418743979352023,,
2024-11,naive,1,2024-12,21.758692637300022,13.100032127418036,177,16.418743979352023,-8.658660509881987,0.5273643660423109
2024-11,naive,3,2025-02,21.758692637300022,,177,16.418743979352023,,
2024-11,naive,6,2025-05,21.758692637300022,,177,16.418743979352023,,
2024-11,naive,12,2025-11,21.758692637300022,,177,16.418743979352023,,
2024-11,climatology,1,2024-12,15.896115699401781,13.100032127418036,177,16.418743979352023,-2.796083571983745,0.17029826249194577
2024-11,climatology,3,2025-02,10.503403090128433,,177,16.418743979352023,,
2024-11,climatology,6,2025-05,26.43251711725021,,177,16.418743979352023,,
2024-11,climatology,12,2025-11,23.566225347484245,,177,16.418743979352023,,
2024-11,seasonal naive with drift,1,2024-12,15.411505128781942,13.100032127418036,177,16.418743979352023,-2.3114730013639058,0.14078257169188954
2024-11,seasonal naive with drift,3,2025-02,13.487303902731163,,177,16.418743979352023,,
2024-11,seasonal naive with drift,6,2025-05,21.567903029946052,,177,16.418743979352023,,
2024-11,seasonal naive with drift,12,2025-11,22.222661458435716,,177,16.418743979352023,,
