origin,method,horizon,target,forecast,actual,train_n,mase_scale,error,scaled
2012-12,seasonal naive,1,2013-01,-0.3280064732897268,-0.1819952202292226,48,0.2891144570408768,0.14601125306050422,0.5050292349782434
2012-12,seasonal naive,3,2013-03,-0.4797207014219577,-0.1925970480171465,48,0.2891144570408768,0.2871236534048112,0.993114133217544
2012-12,seasonal naive,6,2013-06,-1.6634078647770292,-1.8743521388207536,48,0.2891144570408768,-0.2109442740437244,0.7296220196069261
2012-12,seasonal naive,12,2013-12,-0.266750224800749,-0.3300164853587963,48,0.2891144570408768,-0.0632662605580473,0.21882773073884132
2012-12,naive,1,2013-01,-0.266750224800749,-0.1819952202292226,48,0.2891144570408768,0.0847550045715264,0.29315380987517764
2012-12,naive,3,2013-03,-0.266750224800749,-0.1925970480171465,48,0.2891144570408768,0.0741531767836025,0.25648380763303813
2012-12,naive,6,2013-06,-0.266750224800749,-1.8743521388207536,48,0.2891144570408768,-1.6076019140200046,5.5604341978398955
2012-12,naive,12,2013-12,-0.266750224800749,-0.3300164853587963,48,0.2891144570408768,-0.0632662605580473,0.21882773073884132
2012-12,climatology,1,2013-01,-0.1385560921995613,-0.1819952202292226,48,0.2891144570408768,-0.043439128029661295,0.15024889614399187
2012-12,climatology,3,2013-03,-0.357344380755905,-0.1925970480171465,48,0.2891144570408768,0.16474733273875852,0.5698342947805807
2012-12,climatology,6,2013-06,-1.7726551997109943,-1.8743521388207536,48,0.2891144570408768,-0.1016969391097593,0.3517532127263382
2012-12,climatology,12,2013-12,-0.2243848594871225,-0.3300164853587963,48,0.2891144570408768,-0.1056316258716738,0.36536265585895256
2012-12,seasonal naive with drift,1,2013-01,-0.3258108562102709,-0.1819952202292226,48,0.2891144570408768,0.1438156359810483,0.49743495172472385
2012-12,seasonal naive with drift,3,2013-03,-0.47313385018358994,-0.1925970480171465,48,0.2891144570408768,0.28053680216644344,0.9703312834569854
2012-12,seasonal naive with drift,6,2013-06,-1.6502341623002936,-1.8743521388207536,48,0.2891144570408768,-0.22411797652045995,0.7751877191280433
2012-12,seasonal naive with drift,12,2013-12,-0.24040281984727785,-0.3300164853587963,48,0.2891144570408768,-0.08961366551151845,0.309959129781076
2013-01,seasonal naive,1,2013-02,-0.2935448657417167,-0.2134840139627155,49,0.2852468028792451,0.08006085177900119,0.28067221427506667
2013-01,seasonal naive,3,2013-04,-0.6594631973071013,-0.1102712846226026,49,0.2852468028792451,0.5491919126844987,1.9253218866645485
2013-01,seasonal naive,6,2013-07,-0.9945031079403152,-2.3274102803441834,49,0.2852468028792451,-1.3329071724038681,4.672820725595071
2013-01,seasonal naive,12,2014-01,-0.1819952202292226,-0.2205127684844346,49,0.2852468028792451,-0.038517548255212,0.1350323574757745
2013-01,naive,1,2013-02,-0.1819952202292226,-0.2134840139627155,49,0.2852468028792451,-0.03148879373349289,0.11039139936240827
2013-01,naive,3,2013-04,-0.1819952202292226,-0.1102712846226026,49,0.2852468028792451,0.07172393560661999,0.25144518670375154
2013-01,naive,6,2013-07,-0.1819952202292226,-2.3274102803441834,49,0.2852468028792451,-2.145415060114961,7.5212589184503145
2013-01,naive,12,2014-01,-0.1819952202292226,-0.2205127684844346,49,0.2852468028792451,-0.038517548255212,0.1350323574757745
2013-01,climatology,1,2013-02,-0.1502937574044691,-0.2134840139627155,49,0.2852468028792451,-0.0631902565582464,0.22152836042476884
2013-01,climatology,3,2013-04,-0.5876865283730281,-0.1102712846226026,49,0.2852468028792451,0.47741524375042554,1.673691830833708
2013-01,climatology,6,2013-07,-1.683433248771456,-2.3274102803441834,49,0.2852468028792451,-0.6439770315727273,2.2576134949542106
2013-01,climatology,12,2014-01,-0.14724391780549356,-0.2205127684844346,49,0.2852468028792451,-0.07326885067894104,0.2568612511669703
2013-01,seasonal naive with drift,1,2013-02,-0.29107973549084853,-0.2134840139627155,49,0.2852468028792451,0.07759572152813304,0.27203011828666146
2013-01,seasonal naive with drift,3,2013-04,-0.6520678065544968,-0.1102712846226026,49,0.2852468028792451,0.5417965219318942,1.8993955986993325
2013-01,seasonal naive with drift,6,2013-07,-0.9797123264351062,-2.3274102803441834,49,0.2852468028792451,-1.3476979539090772,4.7246733015255025
2013-01,seasonal naive with drift,12,2014-01,-0.1524136572188046,-0.2205127684844346,49,0.2852468028792451,-0.06809911126563001,0.23873750933663834
2013-02,seasonal naive,1,2013-03,-0.4797207014219577,-0.1925970480171465,50,0.2798471725871334,0.2871236534048112,1.026001623494739
2013-02,seasonal naive,3,2013-05,-0.9108027141737484,-0.6183280364493146,50,0.2798471725871334,0.2924746777244338,1.045122861240875
2013-02,seasonal naive,6,2013-08,-0.955016270932655,-1.4957553788975266,50,0.2798471725871334,-0.5407391079648717,1.932265754075135
2013-02,seasonal naive,12,2014-02,-0.2134840139627155,-0.1820369855247651,50,0.2798471725871334,0.031447028437950386,0.11237214993894219
2013-02,naive,1,2013-03,-0.2134840139627155,-0.1925970480171465,50,0.2798471725871334,0.02088696594556899,0.07463704475722589
2013-02,naive,3,2013-05,-0.2134840139627155,-0.6183280364493146,50,0.2798471725871334,-0.40484402248659906,1.4466611141498904
2013-02,naive,6,2013-08,-0.2134840139627155,-1.4957553788975266,50,0.2798471725871334,-1.2822713649348112,4.582041523165872
2013-02,naive,12,2014-02,-0.2134840139627155,-0.1820369855247651,50,0.2798471725871334,0.031447028437950386,0.11237214993894219
2013-02,climatology,1,2013-03,-0.357344380755905,-0.1925970480171465,50,0.2798471725871334,0.16474733273875852,0.5887046533852783
2013-02,climatology,3,2013-05,-0.9039098188052955,-0.6183280364493146,50,0.2798471725871334,0.285581782355981,1.0204919339217624
2013-02,climatology,6,2013-08,-1.5380922247276343,-1.4957553788975266,50,0.2798471725871334,0.04233684583010766,0.15128559434319686
2013-02,climatology,12,2014-02,-0.16293180871611837,-0.1820369855247651,50,0.2798471725871334,-0.019105176808646734,0.06827003693488501
2013-02,seasonal naive with drift,1,2013-03,-0.4771448709764216,-0.1925970480171465,50,0.2798471725871334,0.2845478229592751,1.016797205162679
2013-02,seasonal naive with drift,3,2013-05,-0.90307522283714,-0.6183280364493146,50,0.2798471725871334,0.2847471863878255,1.0175096062446958
2013-02,seasonal naive with drift,6,2013-08,-0.9395612882594383,-1.4957553788975266,50,0.2798471725871334,-0.5561940906380883,1.9874922640674935
2013-02,seasonal naive with drift,12,2014-02,-0.18257404861628215,-0.1820369855247651,50,0.2798471725871334,0.0005370630915170482,0.0019191299542246688
2013-03,seasonal naive,1,2013-04,-0.6594631973071013,-0.1102712846226026,51,0.28003374901835587,0.5491919126844987,1.9611633048147346
2013-03,seasonal naive,3,2013-06,-1.6634078647770292,-1.8743521388207536,51,0.28003374901835587,-0.2109442740437244,0.7532816126026912
2013-03,seasonal naive,6,2013-09,-0.3044303441343311,-0.8729548029017856,51,0.28003374901835587,-0.5685244587674545,2.0301997911337053
2013-03,seasonal naive,12,2014-03,-0.1925970480171465,-0.1445974539930555,51,0.28003374901835587,0.047999594024090986,0.17140646151526784
2013-03,naive,1,2013-04,-0.1925970480171465,-0.1102712846226026,51,0.28003374901835587,0.0823257633945439,0.293985148872708
2013-03,naive,3,2013-06,-0.1925970480171465,-1.8743521388207536,51,0.28003374901835587,-1.6817550908036072,6.005544319921847
2013-03,naive,6,2013-09,-0.1925970480171465,-0.8729548029017856,51,0.28003374901835587,-0.6803577548846391,2.4295562848035237
2013-03,naive,12,2014-03,-0.1925970480171465,-0.1445974539930555,51,0.28003374901835587,0.047999594024090986,0.17140646151526784
2013-03,climatology,1,2013-04,-0.5876865283730281,-0.1102712846226026,51,0.28003374901835587,0.47741524375042554,1.7048489527565178
2013-03,climatology,3,2013-06,-1.7726551997109943,-1.8743521388207536,51,0.28003374901835587,-0.1016969391097593,0.36315958153705674
2013-03,climatology,6,2013-09,-0.7165636471089006,-0.8729548029017856,51,0.28003374901835587,-0.15639115579288498,0.5584725281902851
2013-03,climatology,12,2014-03,-0.3243949142081533,-0.1445974539930555,51,0.28003374901835587,0.1797974602150978,0.6420563980069142
2013-03,seasonal naive with drift,1,2013-04,-0.6563399017161413,-0.1102712846226026,51,0.28003374901835587,0.5460686170935387,1.9500100220339678
2013-03,seasonal naive with drift,3,2013-06,-1.6540379780041492,-1.8743521388207536,51,0.28003374901835587,-0.22031416081660438,0.7867414609449915
2013-03,seasonal naive with drift,6,2013-09,-0.28569057058857117,-0.8729548029017856,51,0.28003374901835587,-0.5872642323132145,2.097119487818306
2013-03,seasonal naive with drift,12,2014-03,-0.15511750092562654,-0.1445974539930555,51,0.28003374901835587,0.010520046932571026,0.03756706814606638
2013-04,seasonal naive,1,2013-05,-0.9108027141737484,-0.6183280364493146,52,0.2867627031100094,0.2924746777244338,1.0199188198202789
2013-04,seasonal naive,3,2013-07,-0.9945031079403152,-2.3274102803441834,52,0.2867627031100094,-1.3329071724038681,4.648119012508162
2013-04,seasonal naive,6,2013-10,-0.2911180314589666,-0.549610230725987,52,0.2867627031100094,-0.25849219926702044,0.9014149903861672
2013-04,seasonal naive,12,2014-04,-0.1102712846226026,-0.9542662447285354,52,0.2867627031100094,-0.8439949601059328,2.9431824674290192
2013-04,naive,1,2013-05,-0.1102712846226026,-0.6183280364493146,52,0.2867627031100094,-0.508056751826712,1.7716974568753754
2013-04,naive,3,2013-07,-0.1102712846226026,-2.3274102803441834,52,0.2867627031100094,-2.217138995721581,7.7316156239154665
2013-04,naive,6,2013-10,-0.1102712846226026,-0.549610230725987,52,0.2867627031100094,-0.4393389461033844,1.532064460749775
2013-04,naive,12,2014-04,-0.1102712846226026,-0.9542662447285354,52,0.2867627031100094,-0.8439949601059328,2.9431824674290192
2013-04,climatology,1,2013-05,-0.9039098188052955,-0.6183280364493146,52,0.2867627031100094,0.285581782355981,0.995881888609568
2013-04,climatology,3,2013-07,-1.683433248771456,-2.3274102803441834,52,0.2867627031100094,-0.6439770315727273,2.2456791785983463
2013-04,climatology,6,2013-10,-0.2961577643187718,-0.549610230725987,52,0.2867627031100094,-0.25345246640721525,0.8838404145952847
2013-04,climatology,12,2014-04,-0.492203479622943,-0.9542662447285354,52,0.2867627031100094,-0.4620627651055924,1.6113070496770059
2013-04,seasonal naive with drift,1,2013-05,-0.9066133511544696,-0.6183280364493146,52,0.2867627031100094,0.28828531470515506,1.0053096570043196
2013-04,seasonal naive with drift,3,2013-07,-0.981935018882479,-2.3274102803441834,52,0.2867627031100094,-1.3454752614617043,4.69194650095604
2013-04,seasonal naive with drift,6,2013-10,-0.2659818533432944,-0.549610230725987,52,0.2867627031100094,-0.28362837738269264,0.9890699672819224
2013-04,seasonal naive with drift,12,2014-04,-0.05999892839125817,-0.9542662447285354,52,0.2867627031100094,-0.8942673163372772,3.11849242122053
2013-05,seasonal naive,1,2013-06,-1.6634078647770292,-1.8743521388207536,53,0.2869020195640198,-0.2109442740437244,0.7352484808725926
2013-05,seasonal naive,3,2013-08,-0.955016270932655,-1.4957553788975266,53,0.2869020195640198,-0.5407391079648717,1.884751835440497
2013-05,seasonal naive,6,2013-11,-0.3906395127961159,-0.1819946597507816,53,0.2869020195640198,0.2086448530453343,0.7272338248521006
2013-05,seasonal naive,12,2014-05,-0.6183280364493146,-0.9670759734081892,53,0.2869020195640198,-0.3487479369588746,1.2155645941037179
2013-05,naive,1,2013-06,-0.6183280364493146,-1.8743521388207536,53,0.2869020195640198,-1.256024102371439,4.377885189794447
2013-05,naive,3,2013-08,-0.6183280364493146,-1.4957553788975266,53,0.2869020195640198,-0.8774273424482121,3.0582822100087084
2013-05,naive,6,2013-11,-0.6183280364493146,-0.1819946597507816,53,0.2869020195640198,0.43633337669853295,1.520844563456162
2013-05,naive,12,2014-05,-0.6183280364493146,-0.9670759734081892,53,0.2869020195640198,-0.3487479369588746,1.2155645941037179
2013-05,climatology,1,2013-06,-1.7726551997109943,-1.8743521388207536,53,0.2869020195640198,-0.1016969391097593,0.3544657484959477
2013-05,climatology,3,2013-08,-1.5380922247276343,-1.4957553788975266,53,0.2869020195640198,0.04233684583010766,0.14756552043252713
2013-05,climatology,6,2013-11,-0.2697162275413244,-0.1819946597507816,53,0.2869020195640198,0.0877215677905428,0.3057544451023582
2013-05,climatology,12,2014-05,-0.8467934623340992,-0.9670759734081892,53,0.2869020195640198,-0.12028251107408994,0.4192459546184892
2013-05,seasonal naive with drift,1,2013-06,-1.6587262206165043,-1.8743521388207536,53,0.2869020195640198,-0.21562591820424926,0.751566400724252
2013-05,seasonal naive with drift,3,2013-08,-0.9409713384510805,-1.4957553788975266,53,0.2869020195640198,-0.5547840404464461,1.9337055949954745
2013-05,seasonal naive with drift,6,2013-11,-0.362549647832967,-0.1819946597507816,53,0.2869020195640198,0.1805549880821854,0.6293263057421458
2013-05,seasonal naive with drift,12,2014-05,-0.5621483065230167,-0.9670759734081892,53,0.2869020195640198,-0.40492766688517245,1.4113796323236276
2013-06,seasonal naive,1,2013-07,-0.9945031079403152,-2.3274102803441834,54,0.28509350181353654,-1.3329071724038681,4.675333404391823
2013-06,seasonal naive,3,2013-09,-0.3044303441343311,-0.8729548029017856,54,0.28509350181353654,-0.5685244587674545,1.994168422468268
2013-06,seasonal naive,6,2013-12,-0.266750224800749,-0.3300164853587963,54,0.28509350181353654,-0.0632662605580473,0.2219140743496362
2013-06,seasonal naive,12,2014-06,-1.8743521388207536,-2.167361030522487,54,0.28509350181353654,-0.2930088917017333,1.02776418907427
2013-06,naive,1,2013-07,-1.8743521388207536,-2.3274102803441834,54,0.28509350181353654,-0.4530581415234298,1.5891563246494107
2013-06,naive,3,2013-09,-1.8743521388207536,-0.8729548029017856,54,0.28509350181353654,1.001397335918968,3.512522486653958
2013-06,naive,6,2013-12,-1.8743521388207536,-0.3300164853587963,54,0.28509350181353654,1.5443356534619572,5.416944418719229
2013-06,naive,12,2014-06,-1.8743521388207536,-2.167361030522487,54,0.28509350181353654,-0.2930088917017333,1.02776418907427
2013-06,climatology,1,2013-07,-1.683433248771456,-2.3274102803441834,54,0.28509350181353654,-0.6439770315727273,2.258827463538317
2013-06,climatology,3,2013-09,-0.7165636471089006,-0.8729548029017856,54,0.28509350181353654,-0.15639115579288498,0.5485609275485049
2013-06,climatology,6,2013-12,-0.2243848594871225,-0.3300164853587963,54,0.28509350181353654,-0.1056316258716738,0.37051572624324997
2013-06,climatology,12,2014-06,-1.7929945875329463,-2.167361030522487,54,0.28509350181353654,-0.3743664429895406,1.3131356576285362
2013-06,seasonal naive with drift,1,2013-07,-0.9903514717241753,-2.3274102803441834,54,0.28509350181353654,-1.3370588086200081,4.689895771438882
2013-06,seasonal naive with drift,3,2013-09,-0.29197543548591154,-0.8729548029017856,54,0.28509350181353654,-0.5809793674158741,2.0378555236094424
2013-06,seasonal naive with drift,6,2013-12,-0.2418404075039099,-0.3300164853587963,54,0.28509350181353654,-0.0881760778548864,0.309288276631985
2013-06,seasonal naive with drift,12,2014-06,-1.8245325042270752,-2.167361030522487,54,0.28509350181353654,-0.3428285262954116,1.2025125936389678
2013-07,seasonal naive,1,2013-08,-0.955016270932655,-1.4957553788975266,55,0.30946126159470705,-0.5407391079648717,1.7473563740364468
2013-07,seasonal naive,3,2013-10,-0.2911180314589666,-0.549610230725987,55,0.30946126159470705,-0.25849219926702044,0.8352974389588077
2013-07,seasonal naive,6,2014-01,-0.1819952202292226,-0.2205127684844346,55,0.30946126159470705,-0.038517548255212,0.12446646167188895
2013-07,seasonal naive,12,2014-07,-2.3274102803441834,-2.5473065212326387,55,0.30946126159470705,-0.21989624088845527,0.7105776010712687
2013-07,naive,1,2013-08,-2.3274102803441834,-1.4957553788975266,55,0.30946126159470705,0.8316549014466568,2.6874281361130508
2013-07,naive,3,2013-10,-2.3274102803441834,-0.549610230725987,55,0.30946126159470705,1.7778000496181963,5.74482260059591
2013-07,naive,6,2014-01,-2.3274102803441834,-0.2205127684844346,55,0.30946126159470705,2.106897511859749,6.808275455876267
2013-07,naive,12,2014-07,-2.3274102803441834,-2.5473065212326387,55,0.30946126159470705,-0.21989624088845527,0.7105776010712687
2013-07,climatology,1,2013-08,-1.5380922247276343,-1.4957553788975266,55,0.30946126159470705,0.04233684583010766,0.13680822475788607
2013-07,climatology,3,2013-10,-0.2961577643187718,-0.549610230725987,55,0.30946126159470705,-0.25345246640721525,0.8190119341630392
2013-07,climatology,6,2014-01,-0.14724391780549356,-0.2205127684844346,55,0.30946126159470705,-0.07326885067894104,0.23676259284077775
2013-07,climatology,12,2014-07,-1.8122286550860014,-2.5473065212326387,55,0.30946126159470705,-0.7350778661466373,2.3753469573498625
2013-07,seasonal naive with drift,1,2013-08,-0.9535443378308515,-1.4957553788975266,55,0.30946126159470705,-0.5422110410666752,1.7521128113824926
2013-07,seasonal naive with drift,3,2013-10,-0.286702232153556,-0.549610230725987,55,0.30946126159470705,-0.262907998572431,0.8495667509969452
2013-07,seasonal naive with drift,6,2014-01,-0.17316362161840146,-0.2205127684844346,55,0.30946126159470705,-0.04734914686603314,0.15300508574816393
2013-07,seasonal naive with drift,12,2014-07,-2.309747083122541,-2.5473065212326387,55,0.30946126159470705,-0.2375594381100976,0.7676548492238189
2013-08,seasonal naive,1,2013-09,-0.3044303441343311,-0.8729548029017856,56,0.314717576284938,-0.5685244587674545,1.8064591926468243
2013-08,seasonal naive,3,2013-11,-0.3906395127961159,-0.1819946597507816,56,0.314717576284938,0.2086448530453343,0.6629590107685377
2013-08,seasonal naive,6,2014-02,-0.2134840139627155,-0.1820369855247651,56,0.314717576284938,0.031447028437950386,0.09992142418343669
2013-08,seasonal naive,12,2014-08,-1.4957553788975266,-1.2608568043627584,56,0.314717576284938,0.23489857453476826,0.7463789512731139
2013-08,naive,1,2013-09,-1.4957553788975266,-0.8729548029017856,56,0.314717576284938,0.622800575995741,1.9789189512309657
2013-08,naive,3,2013-11,-1.4957553788975266,-0.1819946597507816,56,0.314717576284938,1.313760719146745,4.174411657127457
2013-08,naive,6,2014-02,-1.4957553788975266,-0.1820369855247651,56,0.314717576284938,1.3137183933727616,4.174277169011213
2013-08,naive,12,2014-08,-1.4957553788975266,-1.2608568043627584,56,0.314717576284938,0.23489857453476826,0.7463789512731139
2013-08,climatology,1,2013-09,-0.7165636471089006,-0.8729548029017856,56,0.314717576284938,-0.15639115579288498,0.4969253946315729
2013-08,climatology,3,2013-11,-0.2697162275413244,-0.1819946597507816,56,0.314717576284938,0.0877215677905428,0.27873107319281626
2013-08,climatology,6,2014-02,-0.16293180871611837,-0.1820369855247651,56,0.314717576284938,-0.019105176808646734,0.060705782734388335
2013-08,climatology,12,2014-08,-1.5296248555616128,-1.2608568043627584,56,0.314717576284938,0.2687680511988544,0.853997588477607
2013-08,seasonal naive with drift,1,2013-09,-0.30401599115598693,-0.8729548029017856,56,0.314717576284938,-0.5689388117457987,1.8077757793568374
2013-08,seasonal naive with drift,3,2013-11,-0.3893964538610833,-0.1819946597507816,56,0.314717576284938,0.20740179411030168,0.6590092506384991
2013-08,seasonal naive with drift,6,2014-02,-0.21099789609265018,-0.1820369855247651,56,0.314717576284938,0.02896091056788508,0.09202190392335934
2013-08,seasonal naive with drift,12,2014-08,-1.4907831431573961,-1.2608568043627584,56,0.314717576284938,0.22992633879463775,0.7305799107529596
2013-09,seasonal naive,1,2013-10,-0.2911180314589666,-0.549610230725987,57,0.32035772922899397,-0.25849219926702044,0.8068861016374866
2013-09,seasonal naive,3,2013-12,-0.266750224800749,-0.3300164853587963,57,0.32035772922899397,-0.0632662605580473,0.19748629355786237
2013-09,seasonal naive,6,2014-03,-0.1925970480171465,-0.1445974539930555,57,0.32035772922899397,0.047999594024090986,0.1498312344128914
2013-09,seasonal naive,12,2014-09,-0.8729548029017856,-1.1031968063449369,57,0.32035772922899397,-0.23024200344315127,0.7187028201169845
2013-09,naive,1,2013-10,-0.8729548029017856,-0.549610230725987,57,0.32035772922899397,0.3233445721757986,1.0093234614753734
2013-09,naive,3,2013-12,-0.8729548029017856,-0.3300164853587963,57,0.32035772922899397,0.5429383175429894,1.6947876327182143
2013-09,naive,6,2014-03,-0.8729548029017856,-0.1445974539930555,57,0.32035772922899397,0.72835734890873,2.273575077029264
2013-09,naive,12,2014-09,-0.8729548029017856,-1.1031968063449369,57,0.32035772922899397,-0.23024200344315127,0.7187028201169845
2013-09,climatology,1,2013-10,-0.2961577643187718,-0.549610230725987,57,0.32035772922899397,-0.25345246640721525,0.7911545228429486
2013-09,climatology,3,2013-12,-0.2243848594871225,-0.3300164853587963,57,0.32035772922899397,-0.1056316258716738,0.3297302241650226
2013-09,climatology,6,2014-03,-0.3243949142081533,-0.1445974539930555,57,0.32035772922899397,0.1797974602150978,0.5612396512105918
2013-09,climatology,12,2014-09,-0.7478418782674776,-1.1031968063449369,57,0.32035772922899397,-0.3553549280774593,1.1092441219779312
2013-09,seasonal naive with drift,1,2013-10,-0.29176570939637714,-0.549610230725987,57,0.32035772922899397,-0.2578445213296099,0.804864368186668
2013-09,seasonal naive with drift,3,2013-12,-0.2686932586129807,-0.3300164853587963,57,0.32035772922899397,-0.061323226745815584,0.19142109320540635
2013-09,seasonal naive with drift,6,2014-03,-0.19648311564160992,-0.1445974539930555,57,0.32035772922899397,0.051885661648554404,0.16196163511780345
2013-09,seasonal naive with drift,12,2014-09,-0.8807269381507125,-1.1031968063449369,57,0.32035772922899397,-0.22246986819422443,0.6944420187071603
2013-10,seasonal naive,1,2013-11,-0.3906395127961159,-0.1819946597507816,58,0.3190128264037337,0.2086448530453343,0.654032802998583
2013-10,seasonal naive,3,2014-01,-0.1819952202292226,-0.2205127684844346,58,0.3190128264037337,-0.038517548255212,0.12073981065095256
2013-10,seasonal naive,6,2014-04,-0.1102712846226026,-0.9542662447285354,58,0.3190128264037337,-0.8439949601059328,2.6456458494800343
2013-10,seasonal naive,12,2014-10,-0.549610230725987,-0.41289199902476,58,0.3190128264037337,0.13671823170122704,0.42856656656243747
2013-10,naive,1,2013-11,-0.549610230725987,-0.1819946597507816,58,0.3190128264037337,0.3676155709752054,1.1523535749937575
2013-10,naive,3,2014-01,-0.549610230725987,-0.2205127684844346,58,0.3190128264037337,0.32909746224155245,1.0316120074277388
2013-10,naive,6,2014-04,-0.549610230725987,-0.9542662447285354,58,0.3190128264037337,-0.40465601400254836,1.2684631479062445
2013-10,naive,12,2014-10,-0.549610230725987,-0.41289199902476,58,0.3190128264037337,0.13671823170122704,0.42856656656243747
2013-10,climatology,1,2013-11,-0.2697162275413244,-0.1819946597507816,58,0.3190128264037337,0.0877215677905428,0.27497818435527366
2013-10,climatology,3,2014-01,-0.14724391780549356,-0.2205127684844346,58,0.3190128264037337,-0.07326885067894104,0.22967368273216085
2013-10,climatology,6,2014-04,-0.492203479622943,-0.9542662447285354,58,0.3190128264037337,-0.4620627651055924,1.4484143798055904
2013-10,climatology,12,2014-10,-0.34684825760021487,-0.41289199902476,58,0.3190128264037337,-0.06604374142454511,0.20702534806848802
2013-10,seasonal naive with drift,1,2013-11,-0.391741393748052,-0.1819946597507816,58,0.3190128264037337,0.2097467339972704,0.6574868363813711
2013-10,seasonal naive with drift,3,2014-01,-0.1853008630850309,-0.2205127684844346,58,0.3190128264037337,-0.03521190539940369,0.11037771050258804
2013-10,seasonal naive with drift,6,2014-04,-0.11688257033421923,-0.9542662447285354,58,0.3190128264037337,-0.8373836743943162,2.6249216491833054
2013-10,seasonal naive with drift,12,2014-10,-0.5628328021492203,-0.41289199902476,58,0.3190128264037337,0.1499408031244603,0.4700149671558955
2013-11,seasonal naive,1,2013-12,-0.266750224800749,-0.3300164853587963,59,0.31666457165142725,-0.0632662605580473,0.19978951301091072
2013-11,seasonal naive,3,2014-02,-0.2134840139627155,-0.1820369855247651,59,0.31666457165142725,0.031447028437950386,0.099307062592926
2013-11,seasonal naive,6,2014-05,-0.6183280364493146,-0.9670759734081892,59,0.31666457165142725,-0.3487479369588746,1.1013165607384825
2013-11,seasonal naive,12,2014-11,-0.1819946597507816,-0.3378808084904101,59,0.31666457165142725,-0.15588614873962847,0.49227530546493287
2013-11,naive,1,2013-12,-0.1819946597507816,-0.3300164853587963,59,0.31666457165142725,-0.1480218256080147,0.46744043653532447
2013-11,naive,3,2014-02,-0.1819946597507816,-0.1820369855247651,59,0.31666457165142725,-4.232577398349813e-05,0.00013366122317620295
2013-11,naive,6,2014-05,-0.1819946597507816,-0.9670759734081892,59,0.31666457165142725,-0.7850813136574075,2.4792205505123452
2013-11,naive,12,2014-11,-0.1819946597507816,-0.3378808084904101,59,0.31666457165142725,-0.15588614873962847,0.49227530546493287
2013-11,climatology,1,2013-12,-0.2243848594871225,-0.3300164853587963,59,0.31666457165142725,-0.1056316258716738,0.3335757622673029
2013-11,climatology,3,2014-02,-0.16293180871611837,-0.1820369855247651,59,0.31666457165142725,-0.019105176808646734,0.06033253644072635
2013-11,climatology,6,2014-05,-0.8467934623340992,-0.9670759734081892,59,0.31666457165142725,-0.12028251107408994,0.3798420216281489
2013-11,climatology,12,2014-11,-0.2521719139832158,-0.3378808084904101,59,0.31666457165142725,-0.08570889450719427,0.270661457517071
2013-11,seasonal naive with drift,1,2013-12,-0.2674587237944075,-0.3300164853587963,59,0.31666457165142725,-0.0625577615643888,0.19755213296563562
2013-11,seasonal naive with drift,3,2014-02,-0.215609510943691,-0.1820369855247651,59,0.31666457165142725,0.033572525418925886,0.10601920272875139
2013-11,seasonal naive with drift,6,2014-05,-0.6225790304112656,-0.9670759734081892,59,0.31666457165142725,-0.34449694299692357,1.0878922804668316
2013-11,seasonal naive with drift,12,2014-11,-0.1904966476746836,-0.3378808084904101,59,0.31666457165142725,-0.14738416081572647,0.46542674492163133
2013-12,seasonal naive,1,2014-01,-0.1819952202292226,-0.2205127684844346,60,0.3113854401703153,-0.038517548255212,0.12369733226493974
2013-12,seasonal naive,3,2014-03,-0.1925970480171465,-0.1445974539930555,60,0.3113854401703153,0.047999594024090986,0.15414848554844807
2013-12,seasonal naive,6,2014-06,-1.8743521388207536,-2.167361030522487,60,0.3113854401703153,-0.2930088917017333,0.9409845609398733
2013-12,seasonal naive,12,2014-12,-0.3300164853587963,-0.3176719443452381,60,0.3113854401703153,0.012344541013558197,0.03964392492727416
2013-12,naive,1,2014-01,-0.3300164853587963,-0.2205127684844346,60,0.3113854401703153,0.1095037168743617,0.3516661434602324
2013-12,naive,3,2014-03,-0.3300164853587963,-0.1445974539930555,60,0.3113854401703153,0.18541903136574078,0.5954646796084109
2013-12,naive,6,2014-06,-0.3300164853587963,-2.167361030522487,60,0.3113854401703153,-1.8373445451636905,5.900547386411957
2013-12,naive,12,2014-12,-0.3300164853587963,-0.3176719443452381,60,0.3113854401703153,0.012344541013558197,0.03964392492727416
2013-12,climatology,1,2014-01,-0.14724391780549356,-0.2205127684844346,60,0.3113854401703153,-0.07326885067894104,0.2352995394995538
2013-12,climatology,3,2014-03,-0.3243949142081533,-0.1445974539930555,60,0.3113854401703153,0.1797974602150978,0.577411262764103
2013-12,climatology,6,2014-06,-1.7929945875329463,-2.167361030522487,60,0.3113854401703153,-0.3743664429895406,1.2022605899131869
2013-12,climatology,12,2014-12,-0.24551118466145727,-0.3176719443452381,60,0.3113854401703153,-0.07216075968378083,0.23174095630261904
2013-12,seasonal naive with drift,1,2014-01,-0.18279879608509317,-0.2205127684844346,60,0.3113854401703153,-0.03771397239934143,0.12111668541314395
2013-12,seasonal naive with drift,3,2014-03,-0.19500777558475818,-0.1445974539930555,60,0.3113854401703153,0.05041032159170267,0.16189042610383533
2013-12,seasonal naive with drift,6,2014-06,-1.8791735939559768,-2.167361030522487,60,0.3113854401703153,-0.28818743656651,0.925500679829099
2013-12,seasonal naive with drift,12,2014-12,-0.33965939562924297,-0.3176719443452381,60,0.3113854401703153,0.021987451284004866,0.07061168714882307
2014-01,seasonal naive,1,2014-02,-0.2134840139627155,-0.1820369855247651,61,0.30581670768225194,0.031447028437950386,0.10282966119243005
2014-01,seasonal naive,3,2014-04,-0.1102712846226026,-0.9542662447285354,61,0.30581670768225194,-0.8439949601059328,2.7598065733637287
2014-01,seasonal naive,6,2014-07,-2.3274102803441834,-2.5473065212326387,61,0.30581670768225194,-0.21989624088845527,0.7190458708257715
2014-01,seasonal naive,12,2015-01,-0.2205127684844346,-0.6013752118055555,61,0.30581670768225194,-0.38086244332112096,1.245394492039469
2014-01,naive,1,2014-02,-0.2205127684844346,-0.1820369855247651,61,0.30581670768225194,0.0384757829596695,0.12581321423303793
2014-01,naive,3,2014-04,-0.2205127684844346,-0.9542662447285354,61,0.30581670768225194,-0.7337534762441008,2.399324359369147
2014-01,naive,6,2014-07,-0.2205127684844346,-2.5473065212326387,61,0.30581670768225194,-2.326793752748204,7.608458577631988
2014-01,naive,12,2015-01,-0.2205127684844346,-0.6013752118055555,61,0.30581670768225194,-0.38086244332112096,1.245394492039469
2014-01,climatology,1,2014-02,-0.16293180871611837,-0.1820369855247651,61,0.30581670768225194,-0.019105176808646734,0.06247263909628278
2014-01,climatology,3,2014-04,-0.492203479622943,-0.9542662447285354,61,0.30581670768225194,-0.4620627651055924,1.5109140655116935
2014-01,climatology,6,2014-07,-1.8122286550860014,-2.5473065212326387,61,0.30581670768225194,-0.7350778661466373,2.4036550249909627
2014-01,climatology,12,2015-01,-0.1594553929186504,-0.6013752118055555,61,0.30581670768225194,-0.4419198188869051,1.4450479904651459
2014-01,seasonal naive with drift,1,2014-02,-0.21433669634577102,-0.1820369855247651,61,0.30581670768225194,0.03229971082100591,0.10561787505267956
2014-01,seasonal naive with drift,3,2014-04,-0.1128293317717692,-0.9542662447285354,61,0.30581670768225194,-0.8414369129567661,2.75144193178298
2014-01,seasonal naive with drift,6,2014-07,-2.3325263746425167,-2.5473065212326387,61,0.30581670768225194,-0.214780146590122,0.7023165876642742
2014-01,seasonal naive with drift,12,2015-01,-0.230744957081101,-0.6013752118055555,61,0.30581670768225194,-0.37063025472445454,1.2119359257164748
2014-02,seasonal naive,1,2014-03,-0.1925970480171465,-0.1445974539930555,62,0.3003293140973659,0.047999594024090986,0.15982320663020477
2014-02,seasonal naive,3,2014-05,-0.6183280364493146,-0.9670759734081892,62,0.3003293140973659,-0.3487479369588746,1.1612184378572235
2014-02,seasonal naive,6,2014-08,-1.4957553788975266,-1.2608568043627584,62,0.3003293140973659,0.23489857453476826,0.7821366863263132
2014-02,seasonal naive,12,2015-02,-0.1820369855247651,-0.6199505983813487,62,0.3003293140973659,-0.4379136128565836,1.458111453997505
2014-02,naive,1,2014-03,-0.1820369855247651,-0.1445974539930555,62,0.3003293140973659,0.03743953153170959,0.12466159570281508
2014-02,naive,3,2014-05,-0.1820369855247651,-0.9670759734081892,62,0.3003293140973659,-0.7850389878834241,2.6139272825992492
2014-02,naive,6,2014-08,-0.1820369855247651,-1.2608568043627584,62,0.3003293140973659,-1.0788198188379932,3.5921229403808477
2014-02,naive,12,2015-02,-0.1820369855247651,-0.6199505983813487,62,0.3003293140973659,-0.4379136128565836,1.458111453997505
2014-02,climatology,1,2014-03,-0.3243949142081533,-0.1445974539930555,62,0.3003293140973659,0.1797974602150978,0.5986677016709996
2014-02,climatology,3,2014-05,-0.8467934623340992,-0.9670759734081892,62,0.3003293140973659,-0.12028251107408994,0.40050206699135166
2014-02,climatology,6,2014-08,-1.5296248555616128,-1.2608568043627584,62,0.3003293140973659,0.2687680511988544,0.8949111478066392
2014-02,climatology,12,2015-02,-0.16611600485089284,-0.6199505983813487,62,0.3003293140973659,-0.45383459353045585,1.511123197861811
2014-02,seasonal naive with drift,1,2014-03,-0.19338026503847766,-0.1445974539930555,62,0.3003293140973659,0.04878281104542215,0.16243106735031165
2014-02,seasonal naive with drift,3,2014-05,-0.6206776875133081,-0.9670759734081892,62,0.3003293140973659,-0.3463982858948811,1.1533948556969027
2014-02,seasonal naive with drift,6,2014-08,-1.5004546810255137,-1.2608568043627584,62,0.3003293140973659,0.23959787666275534,0.7977838506469548
2014-02,seasonal naive with drift,12,2015-02,-0.19143558978073916,-0.6199505983813487,62,0.3003293140973659,-0.42851500860060954,1.426817125356222
2014-03,seasonal naive,1,2014-04,-0.1102712846226026,-0.9542662447285354,63,0.2953816725273017,-0.8439949601059328,2.857303071259181
2014-03,seasonal naive,3,2014-06,-1.8743521388207536,-2.167361030522487,63,0.2953816725273017,-0.2930088917017333,0.9919670682162953
2014-03,seasonal naive,6,2014-09,-0.8729548029017856,-1.1031968063449369,63,0.2953816725273017,-0.23024200344315127,0.7794728815541876
2014-03,seasonal naive,12,2015-03,-0.1445974539930555,-0.407049608213773,63,0.2953816725273017,-0.2624521542207175,0.8885187492343806
2014-03,naive,1,2014-04,-0.1445974539930555,-0.9542662447285354,63,0.2953816725273017,-0.8096687907354798,2.7410935275973944
2014-03,naive,3,2014-06,-0.1445974539930555,-2.167361030522487,63,0.2953816725273017,-2.022763576529431,6.847965749609838
2014-03,naive,6,2014-09,-0.1445974539930555,-1.1031968063449369,63,0.2953816725273017,-0.9585993523518814,3.245290556282836
2014-03,naive,12,2015-03,-0.1445974539930555,-0.407049608213773,63,0.2953816725273017,-0.2624521542207175,0.8885187492343806
2014-03,climatology,1,2014-04,-0.492203479622943,-0.9542662447285354,63,0.2953816725273017,-0.4620627651055924,1.564290570745836
2014-03,climatology,3,2014-06,-1.7929945875329463,-2.167361030522487,63,0.2953816725273017,-0.3743664429895406,1.2673990223782028
2014-03,climatology,6,2014-09,-0.7478418782674776,-1.1031968063449369,63,0.2953816725273017,-0.3553549280774593,1.2030364817052566
2014-03,climatology,12,2015-03,-0.29442867083897034,-0.407049608213773,63,0.2953816725273017,-0.11262093737480267,0.38127259694622145
2014-03,seasonal naive with drift,1,2014-04,-0.1109607137382474,-0.9542662447285354,63,0.2953816725273017,-0.8433055309902879,2.854969043187141
2014-03,seasonal naive with drift,3,2014-06,-1.876420426167688,-2.167361030522487,63,0.2953816725273017,-0.29094060435479885,0.9849649840001757
2014-03,seasonal naive with drift,6,2014-09,-0.8770913775956544,-1.1031968063449369,63,0.2953816725273017,-0.22610542874928252,0.7654687131219489
2014-03,seasonal naive with drift,12,2015-03,-0.152870603380793,-0.407049608213773,63,0.2953816725273017,-0.25417900483298,0.8605104123699029
2014-04,seasonal naive,1,2014-05,-0.6183280364493146,-0.9670759734081892,64,0.30593192805766,-0.3487479369588746,1.13995273122701
2014-04,seasonal naive,3,2014-07,-2.3274102803441834,-2.5473065212326387,64,0.30593192805766,-0.21989624088845527,0.7187750630820419
2014-04,seasonal naive,6,2014-10,-0.549610230725987,-0.41289199902476,64,0.30593192805766,0.13671823170122704,0.44689102104916395
2014-04,seasonal naive,12,2015-04,-0.9542662447285354,-0.6166704869032074,64,0.30593192805766,0.337595757825328,1.1034995921108968
2014-04,naive,1,2014-05,-0.9542662447285354,-0.9670759734081892,64,0.30593192805766,-0.012809728679653798,0.041871172979498585
2014-04,naive,3,2014-07,-0.9542662447285354,-2.5473065212326387,64,0.30593192805766,-1.5930402765041034,5.2071723491503565
2014-04,naive,6,2014-10,-0.9542662447285354,-0.41289199902476,64,0.30593192805766,0.5413742457037753,1.7695905397678555
2014-04,naive,12,2015-04,-0.9542662447285354,-0.6166704869032074,64,0.30593192805766,0.337595757825328,1.1034995921108968
2014-04,climatology,1,2014-05,-0.8467934623340992,-0.9670759734081892,64,0.30593192805766,-0.12028251107408994,0.39316756455514473
2014-04,climatology,3,2014-07,-1.8122286550860014,-2.5473065212326387,64,0.30593192805766,-0.7350778661466373,2.4027497581360477
2014-04,climatology,6,2014-10,-0.34684825760021487,-0.41289199902476,64,0.30593192805766,-0.06604374142454511,0.21587724381646634
2014-04,climatology,12,2015-04,-0.5692139404738751,-0.6166704869032074,64,0.30593192805766,-0.04745654642933228,0.1551212608982348
2014-04,seasonal naive with drift,1,2014-05,-0.6203567633385462,-0.9670759734081892,64,0.30593192805766,-0.346719210069643,1.1333214296099743
2014-04,seasonal naive with drift,3,2014-07,-2.3334964610118782,-2.5473065212326387,64,0.30593192805766,-0.21381006022076043,0.6988811582309348
2014-04,seasonal naive with drift,6,2014-10,-0.5617825920613768,-0.41289199902476,64,0.30593192805766,0.14889059303661684,0.4866788307513786
2014-04,seasonal naive with drift,12,2015-04,-0.9786109673993151,-0.6166704869032074,64,0.30593192805766,0.3619404804961077,1.1830752115153265
2014-05,seasonal naive,1,2014-06,-1.8743521388207536,-2.167361030522487,65,0.3067397772822112,-0.2930088917017333,0.9552360450211678
2014-05,seasonal naive,3,2014-08,-1.4957553788975266,-1.2608568043627584,65,0.3067397772822112,0.23489857453476826,0.7657910448264212
2014-05,seasonal naive,6,2014-11,-0.1819946597507816,-0.3378808084904101,65,0.3067397772822112,-0.15588614873962847,0.5082032402866611
2014-05,seasonal naive,12,2015-05,-0.9670759734081892,-0.6342355885051938,65,0.3067397772822112,0.3328403849029954,1.08509039111928
2014-05,naive,1,2014-06,-0.9670759734081892,-2.167361030522487,65,0.3067397772822112,-1.2002850571142978,3.9130401272020032
2014-05,naive,3,2014-08,-0.9670759734081892,-1.2608568043627584,65,0.3067397772822112,-0.2937808309545692,0.9577526382705842
2014-05,naive,6,2014-11,-0.9670759734081892,-0.3378808084904101,65,0.3067397772822112,0.6291951649177792,2.0512343410189606
2014-05,naive,12,2015-05,-0.9670759734081892,-0.6342355885051938,65,0.3067397772822112,0.3328403849029954,1.08509039111928
2014-05,climatology,1,2014-06,-1.7929945875329463,-2.167361030522487,65,0.3067397772822112,-0.3743664429895406,1.2204691752289776
2014-05,climatology,3,2014-08,-1.5296248555616128,-1.2608568043627584,65,0.3067397772822112,0.2687680511988544,0.8762086664475162
2014-05,climatology,6,2014-11,-0.2521719139832158,-0.3378808084904101,65,0.3067397772822112,-0.08570889450719427,0.2794189109302871
2014-05,climatology,12,2015-05,-0.8668405475131143,-0.6342355885051938,65,0.3067397772822112,0.23260495900792055,0.7583136464036614
2014-05,seasonal naive with drift,1,2014-06,-1.876890933656979,-2.167361030522487,65,0.3067397772822112,-0.29047009686550784,0.9469593394086132
2014-05,seasonal naive with drift,3,2014-08,-1.5033717634062032,-1.2608568043627584,65,0.3067397772822112,0.24251495904344478,0.7906211616640858
2014-05,seasonal naive with drift,6,2014-11,-0.19722742876813462,-0.3378808084904101,65,0.3067397772822112,-0.14065337972227546,0.45854300661133196
2014-05,seasonal naive with drift,12,2015-05,-0.9975415114428952,-0.6342355885051938,65,0.3067397772822112,0.36330592293770136,1.184410858469938
2014-06,seasonal naive,1,2014-07,-2.3274102803441834,-2.5473065212326387,66,0.3064855016233135,-0.21989624088845527,0.7174768128468246
2014-06,seasonal naive,3,2014-09,-0.8729548029017856,-1.1031968063449369,66,0.3064855016233135,-0.23024200344315127,0.7512329367087992
2014-06,seasonal naive,6,2014-12,-0.3300164853587963,-0.3176719443452381,66,0.3064855016233135,0.012344541013558197,0.040277732382689585
2014-06,seasonal naive,12,2015-06,-2.167361030522487,-0.8818818890815007,66,0.3064855016233135,1.285479141440986,4.194257590105865
2014-06,naive,1,2014-07,-2.167361030522487,-2.5473065212326387,66,0.3064855016233135,-0.3799454907101518,1.2396850379471602
2014-06,naive,3,2014-09,-2.167361030522487,-1.1031968063449369,66,0.3064855016233135,1.06416422417755,3.4721519241241716
2014-06,naive,6,2014-12,-2.167361030522487,-0.3176719443452381,66,0.3064855016233135,1.8496890861772488,6.035160150742178
2014-06,naive,12,2015-06,-2.167361030522487,-0.8818818890815007,66,0.3064855016233135,1.285479141440986,4.194257590105865
2014-06,climatology,1,2014-07,-1.8122286550860014,-2.5473065212326387,66,0.3064855016233135,-0.7350778661466373,2.3984099158141774
2014-06,climatology,3,2014-09,-0.7478418782674776,-1.1031968063449369,66,0.3064855016233135,-0.3553549280774593,1.159451021974308
2014-06,climatology,6,2014-12,-0.24551118466145727,-0.3176719443452381,66,0.3064855016233135,-0.07216075968378083,0.2354459160435919
2014-06,climatology,12,2015-06,-1.8553889946978697,-0.8818818890815007,66,0.3064855016233135,0.973507105616369,3.1763561423302153
2014-06,seasonal naive with drift,1,2014-07,-2.3303542346768085,-2.5473065212326387,66,0.3064855016233135,-0.2169522865558302,0.7078712872443662
2014-06,seasonal naive with drift,3,2014-09,-0.8817866658996614,-1.1031968063449369,66,0.3064855016233135,-0.22141014044527552,0.7224163599014221
2014-06,seasonal naive with drift,6,2014-12,-0.3476802113545477,-0.3176719443452381,66,0.3064855016233135,0.030008267009309586,0.09791088599744367
2014-06,seasonal naive with drift,12,2015-06,-2.20268848251399,-0.8818818890815007,66,0.3064855016233135,1.320806593432489,4.3095238973353736
2014-07,seasonal naive,1,2014-08,-1.4957553788975266,-1.2608568043627584,67,0.3049111514281343,0.23489857453476826,0.7703836787685754
2014-07,seasonal naive,3,2014-10,-0.549610230725987,-0.41289199902476,67,0.3049111514281343,0.13671823170122704,0.44838711559373945
2014-07,seasonal naive,6,2015-01,-0.2205127684844346,-0.6013752118055555,67,0.3049111514281343,-0.38086244332112096,1.249093191696165
2014-07,seasonal naive,12,2015-07,-2.5473065212326387,-1.136474650032359,67,0.3049111514281343,1.4108318712002796,4.62702615037943
2014-07,naive,1,2014-08,-2.5473065212326387,-1.2608568043627584,67,0.3049111514281343,1.2864497168698803,4.21909697577292
2014-07,naive,3,2014-10,-2.5473065212326387,-0.41289199902476,67,0.3049111514281343,2.1344145222078788,7.000119583067946
2014-07,naive,6,2015-01,-2.5473065212326387,-0.6013752118055555,67,0.3049111514281343,1.9459313094270831,6.381961762673437
2014-07,naive,12,2015-07,-2.5473065212326387,-1.136474650032359,67,0.3049111514281343,1.4108318712002796,4.62702615037943
2014-07,climatology,1,2014-08,-1.5296248555616128,-1.2608568043627584,67,0.3049111514281343,0.2687680511988544,0.8814635015479301
2014-07,climatology,3,2014-10,-0.34684825760021487,-0.41289199902476,67,0.3049111514281343,-0.06604374142454511,0.21659995416766914
2014-07,climatology,6,2015-01,-0.1594553929186504,-0.6013752118055555,67,0.3049111514281343,-0.4419198188869051,1.4493396414563833
2014-07,climatology,12,2015-07,-1.9347416327771079,-1.136474650032359,67,0.3049111514281343,0.7982669827447488,2.6180314462290024
2014-07,seasonal naive with drift,1,2014-08,-1.4989789829102989,-1.2608568043627584,67,0.3049111514281343,0.23812217854754048,0.7809559520280924
2014-07,seasonal naive with drift,3,2014-10,-0.5592810427643035,-0.41289199902476,67,0.3049111514281343,0.14638904373954348,0.48010393537228985
2014-07,seasonal naive with drift,6,2015-01,-0.2398543925610674,-0.6013752118055555,67,0.3049111514281343,-0.36152081924448815,1.1856595521390643
2014-07,seasonal naive with drift,12,2015-07,-2.5859897693859044,-1.136474650032359,67,0.3049111514281343,1.4495151193535454,4.7538934294936315
2014-08,seasonal naive,1,2014-09,-0.8729548029017856,-1.1031968063449369,68,0.3036609268407527,-0.23024200344315127,0.7582207096532241
2014-08,seasonal naive,3,2014-11,-0.1819946597507816,-0.3378808084904101,68,0.3036609268407527,-0.15588614873962847,0.5133559670038781
2014-08,seasonal naive,6,2015-02,-0.1820369855247651,-0.6199505983813487,68,0.3036609268407527,-0.4379136128565836,1.4421137991396449
2014-08,seasonal naive,12,2015-08,-1.2608568043627584,-1.2211042920623445,68,0.3036609268407527,0.03975251230041388,0.1309108574290201
2014-08,naive,1,2014-09,-1.2608568043627584,-1.1031968063449369,68,0.3036609268407527,0.1576599980178215,0.5191975130224847
2014-08,naive,3,2014-11,-1.2608568043627584,-0.3378808084904101,68,0.3036609268407527,0.9229759958723482,3.039495418376233
2014-08,naive,6,2015-02,-1.2608568043627584,-0.6199505983813487,68,0.3036609268407527,0.6409062059814097,2.110598201254641
2014-08,naive,12,2015-08,-1.2608568043627584,-1.2211042920623445,68,0.3036609268407527,0.03975251230041388,0.1309108574290201
2014-08,climatology,1,2014-09,-0.7478418782674776,-1.1031968063449369,68,0.3036609268407527,-0.3553549280774593,1.1702359331328005
2014-08,climatology,3,2014-11,-0.2521719139832158,-0.3378808084904101,68,0.3036609268407527,-0.08570889450719427,0.2822519689935022
2014-08,climatology,6,2015-02,-0.16611600485089284,-0.6199505983813487,68,0.3036609268407527,-0.45383459353045585,1.494543925200024
2014-08,climatology,12,2015-08,-1.4848301803618036,-1.2211042920623445,68,0.3036609268407527,0.2637258882994591,0.8684880568706276
2014-08,seasonal naive with drift,1,2014-09,-0.8757712911069863,-1.1031968063449369,68,0.3036609268407527,-0.22742551523795063,0.7489456006212423
2014-08,seasonal naive with drift,3,2014-11,-0.19044412436638355,-0.3378808084904101,68,0.3036609268407527,-0.14743668412402652,0.4855306399079325
2014-08,seasonal naive with drift,6,2015-02,-0.19893591475596903,-0.6199505983813487,68,0.3036609268407527,-0.42101468362537964,1.3864631449477534
2014-08,seasonal naive with drift,12,2015-08,-1.2946546628251663,-1.2211042920623445,68,0.3036609268407527,0.07355037076282178,0.24221216581280283
2014-09,seasonal naive,1,2014-10,-0.549610230725987,-0.41289199902476,69,0.30237287555307546,0.13671823170122704,0.45215111127660956
2014-09,seasonal naive,3,2014-12,-0.3300164853587963,-0.3176719443452381,69,0.30237287555307546,0.012344541013558197,0.04082555682608297
2014-09,seasonal naive,6,2015-03,-0.1445974539930555,-0.407049608213773,69,0.30237287555307546,-0.2624521542207175,0.8679751903693799
2014-09,seasonal naive,12,2015-09,-1.1031968063449369,-0.5576488081893868,69,0.30237287555307546,0.5455479981555501,1.8042226742649414
2014-09,naive,1,2014-10,-1.1031968063449369,-0.41289199902476,69,0.30237287555307546,0.690304807320177,2.2829587675730783
2014-09,naive,3,2014-12,-1.1031968063449369,-0.3176719443452381,69,0.30237287555307546,0.7855248619996988,2.597868147276378
2014-09,naive,6,2015-03,-1.1031968063449369,-0.407049608213773,69,0.30237287555307546,0.6961471981311639,2.3022805761192338
2014-09,naive,12,2015-09,-1.1031968063449369,-0.5576488081893868,69,0.30237287555307546,0.5455479981555501,1.8042226742649414
2014-09,climatology,1,2014-10,-0.34684825760021487,-0.41289199902476,69,0.30237287555307546,-0.06604374142454511,0.21841820733339046
2014-09,climatology,3,2014-12,-0.24551118466145727,-0.3176719443452381,69,0.30237287555307546,-0.07216075968378083,0.23864825689735011
2014-09,climatology,6,2015-03,-0.29442867083897034,-0.407049608213773,69,0.30237287555307546,-0.11262093737480267,0.3724571430846955
2014-09,climatology,12,2015-09,-0.8070676996137208,-0.5576488081893868,69,0.30237287555307546,0.24941889142433404,0.8248719101146809
2014-09,seasonal naive with drift,1,2014-10,-0.5527139179735572,-0.41289199902476,69,0.30237287555307546,0.1398219189487972,0.4624155479986308
2014-09,seasonal naive with drift,3,2014-12,-0.33932754710150675,-0.3176719443452381,69,0.30237287555307546,0.021655602756268655,0.07161886699214676
2014-09,seasonal naive with drift,6,2015-03,-0.16321957747847649,-0.407049608213773,69,0.30237287555307546,-0.24383003073529652,0.8063885700372522
2014-09,seasonal naive with drift,12,2015-09,-1.1404410533157787,-0.5576488081893868,69,0.30237287555307546,0.5827922451263919,1.9273959149291964
2014-10,seasonal naive,1,2014-11,-0.1819946597507816,-0.3378808084904101,70,0.2995167610039057,-0.15588614873962847,0.5204588491713682
2014-10,seasonal naive,3,2015-01,-0.2205127684844346,-0.6013752118055555,70,0.2995167610039057,-0.38086244332112096,1.2715897502515878
2014-10,seasonal naive,6,2015-04,-0.9542662447285354,-0.6166704869032074,70,0.2995167610039057,0.337595757825328,1.1271347776791891
2014-10,seasonal naive,12,2015-10,-0.41289199902476,-0.3816889985983566,70,0.2995167610039057,0.031203000426403393,0.10417781069018875
2014-10,naive,1,2014-11,-0.41289199902476,-0.3378808084904101,70,0.2995167610039057,0.0750111905343499,0.25044071084012476
2014-10,naive,3,2015-01,-0.41289199902476,-0.6013752118055555,70,0.2995167610039057,-0.18848321278079555,0.6292910358306717
2014-10,naive,6,2015-04,-0.41289199902476,-0.6166704869032074,70,0.2995167610039057,-0.20377848787844738,0.680357543916516
2014-10,naive,12,2015-10,-0.41289199902476,-0.3816889985983566,70,0.2995167610039057,0.031203000426403393,0.10417781069018875
2014-10,climatology,1,2014-11,-0.2521719139832158,-0.3378808084904101,70,0.2995167610039057,-0.08570889450719427,0.28615725617464405
2014-10,climatology,3,2015-01,-0.1594553929186504,-0.6013752118055555,70,0.2995167610039057,-0.4419198188869051,1.4754427011219666
2014-10,climatology,6,2015-04,-0.5692139404738751,-0.6166704869032074,70,0.2995167610039057,-0.04745654642933228,0.15844370869352933
2014-10,climatology,12,2015-10,-0.35785554783763907,-0.3816889985983566,70,0.2995167610039057,-0.023833450760717523,0.07957301181020296
2014-10,seasonal naive with drift,1,2014-11,-0.1848484009083057,-0.3378808084904101,70,0.2995167610039057,-0.15303240758210437,0.5109310312690943
2014-10,seasonal naive with drift,3,2015-01,-0.22907399195700687,-0.6013752118055555,70,0.2995167610039057,-0.3723012198485487,1.2430062965447664
2014-10,seasonal naive with drift,6,2015-04,-0.9713886916736799,-0.6166704869032074,70,0.2995167610039057,0.35471820477047256,1.184301685092832
2014-10,seasonal naive with drift,12,2015-10,-0.447136892915049,-0.3816889985983566,70,0.2995167610039057,0.0654478943166924,0.2185116255174747
2014-11,seasonal naive,1,2014-12,-0.3300164853587963,-0.3176719443452381,71,0.29708234384688403,0.012344541013558197,0.04155259061750422
2014-11,seasonal naive,3,2015-02,-0.1820369855247651,-0.6199505983813487,71,0.29708234384688403,-0.4379136128565836,1.4740479261947788
2014-11,seasonal naive,6,2015-05,-0.9670759734081892,-0.6342355885051938,71,0.29708234384688403,0.3328403849029954,1.12036407345211
2014-11,seasonal naive,12,2015-11,-0.3378808084904101,-0.2276627347990261,71,0.29708234384688403,0.11021807369138398,0.37100176423877373
2014-11,naive,1,2014-12,-0.3378808084904101,-0.3176719443452381,71,0.29708234384688403,0.02020886414517198,0.06802445370360888
2014-11,naive,3,2015-02,-0.3378808084904101,-0.6199505983813487,71,0.29708234384688403,-0.2820697898909386,0.9494666907445605
2014-11,naive,6,2015-05,-0.3378808084904101,-0.6342355885051938,71,0.29708234384688403,-0.2963547800147837,0.9975509691263399
2014-11,naive,12,2015-11,-0.3378808084904101,-0.2276627347990261,71,0.29708234384688403,0.11021807369138398,0.37100176423877373
2014-11,climatology,1,2014-12,-0.24551118466145727,-0.3176719443452381,71,0.29708234384688403,-0.07216075968378083,0.2428981768131344
2014-11,climatology,3,2015-02,-0.16611600485089284,-0.6199505983813487,71,0.29708234384688403,-0.45383459353045585,1.5276390634791874
2014-11,climatology,6,2015-05,-0.8668405475131143,-0.6342355885051938,71,0.29708234384688403,0.23260495900792055,0.7829646016520084
2014-11,climatology,12,2015-11,-0.26645672973441487,-0.2276627347990261,71,0.29708234384688403,0.038793994935388765,0.13058330708264224
2014-11,seasonal naive with drift,1,2014-12,-0.33304203619831096,-0.3176719443452381,71,0.29708234384688403,0.015370091853072865,0.05173680688676199
2014-11,seasonal naive with drift,3,2015-02,-0.19111363804330914,-0.6199505983813487,71,0.29708234384688403,-0.42883696033803953,1.4434952773870051
2014-11,seasonal naive with drift,6,2015-05,-0.9852292784452773,-0.6342355885051938,71,0.29708234384688403,0.3509936899400835,1.181469371067657
2014-11,seasonal naive with drift,12,2015-11,-0.3741874185645862,-0.2276627347990261,71,0.29708234384688403,0.1465246837655601,0.49321235946986736
2014-12,seasonal naive,1,2015-01,-0.2205127684844346,-0.6013752118055555,72,0.2923367137996619,-0.38086244332112096,1.3028211146347004
2014-12,seasonal naive,3,2015-03,-0.1445974539930555,-0.407049608213773,72,0.2923367137996619,-0.2624521542207175,0.8977734982701342
2014-12,seasonal naive,6,2015-06,-2.167361030522487,-0.8818818890815007,72,0.2923367137996619,1.285479141440986,4.397255222352687
2014-12,seasonal naive,12,2015-12,-0.3176719443452381,-0.3217976024822695,72,0.2923367137996619,-0.004125658137031418,0.014112692461401642
2014-12,naive,1,2015-01,-0.3176719443452381,-0.6013752118055555,72,0.2923367137996619,-0.28370326746031743,0.9704674577916307
2014-12,naive,3,2015-03,-0.3176719443452381,-0.407049608213773,72,0.2923367137996619,-0.0893776638685349,0.30573533753884
2014-12,naive,6,2015-06,-0.3176719443452381,-0.8818818890815007,72,0.2923367137996619,-0.5642099447362625,1.9300002979540745
2014-12,naive,12,2015-12,-0.3176719443452381,-0.3217976024822695,72,0.2923367137996619,-0.004125658137031418,0.014112692461401642
2014-12,climatology,1,2015-01,-0.1594553929186504,-0.6013752118055555,72,0.2923367137996619,-0.4419198188869051,1.5116808735482754
2014-12,climatology,3,2015-03,-0.29442867083897034,-0.407049608213773,72,0.2923367137996619,-0.11262093737480267,0.38524390560120236
2014-12,climatology,6,2015-06,-1.8553889946978697,-0.8818818890815007,72,0.2923367137996619,0.973507105616369,3.3300884208594907
2014-12,climatology,12,2015-12,-0.2575379779420874,-0.3217976024822695,72,0.2923367137996619,-0.06425962454018214,0.21981373363941964
2014-12,seasonal naive with drift,1,2015-01,-0.22347074828077187,-0.6013752118055555,72,0.2923367137996619,-0.3779044635247837,1.292702714664027
2014-12,seasonal naive with drift,3,2015-03,-0.15347139338206733,-0.407049608213773,72,0.2923367137996619,-0.2535782148317057,0.8674182983581138
2014-12,seasonal naive with drift,6,2015-06,-2.1851089093005105,-0.8818818890815007,72,0.2923367137996619,1.3032270202190097,4.457965622176728
2014-12,seasonal naive with drift,12,2015-12,-0.3531677019012853,-0.3217976024822695,72,0.2923367137996619,0.03137009941901581,0.10730810718667963
2015-01,seasonal naive,1,2015-02,-0.1820369855247651,-0.6199505983813487,73,0.29378795526722684,-0.4379136128565836,1.4905771492853115
2015-01,seasonal naive,3,2015-04,-0.9542662447285354,-0.6166704869032074,73,0.29378795526722684,0.337595757825328,1.149113677986744
2015-01,seasonal naive,6,2015-07,-2.5473065212326387,-1.136474650032359,73,0.29378795526722684,1.4108318712002796,4.802211411005601
2015-01,seasonal naive,12,2016-01,-0.6013752118055555,-0.0689653552083333,73,0.29378795526722684,0.5324098565972222,1.8122249297557043
2015-01,naive,1,2015-02,-0.6013752118055555,-0.6199505983813487,73,0.29378795526722684,-0.018575386575793162,0.06322718900744981
2015-01,naive,3,2015-04,-0.6013752118055555,-0.6166704869032074,73,0.29378795526722684,-0.015295275097651828,0.05206229467011125
2015-01,naive,6,2015-07,-0.6013752118055555,-1.136474650032359,73,0.29378795526722684,-0.5350994382268035,1.8213797694329639
2015-01,naive,12,2016-01,-0.6013752118055555,-0.0689653552083333,73,0.29378795526722684,0.5324098565972222,1.8122249297557043
2015-01,climatology,1,2015-02,-0.16611600485089284,-0.6199505983813487,73,0.29378795526722684,-0.45383459353045585,1.544769230303033
2015-01,climatology,3,2015-04,-0.5692139404738751,-0.6166704869032074,73,0.29378795526722684,-0.04745654642933228,0.16153332898268835
2015-01,climatology,6,2015-07,-1.9347416327771079,-1.136474650032359,73,0.29378795526722684,0.7982669827447488,2.7171535402758513
2015-01,climatology,12,2016-01,-0.22258679561677971,-0.0689653552083333,73,0.29378795526722684,0.1536214404084464,0.5228990421636373
2015-01,seasonal naive with drift,1,2015-02,-0.18546677773334974,-0.6199505983813487,73,0.29378795526722684,-0.43448382064799895,1.4789027693555252
2015-01,seasonal naive with drift,3,2015-04,-0.9645556213542893,-0.6166704869032074,73,0.29378795526722684,0.34788513445108193,1.1841368177761025
2015-01,seasonal naive with drift,6,2015-07,-2.5678852744841465,-1.136474650032359,73,0.29378795526722684,1.4314106244517875,4.872257690584318
2015-01,seasonal naive with drift,12,2016-01,-0.6425327183085712,-0.0689653552083333,73,0.29378795526722684,0.5735673631002378,1.9523174889131387
2015-02,seasonal naive,1,2015-03,-0.1445974539930555,-0.407049608213773,74,0.2961125626477003,-0.2624521542207175,0.886325631962362
2015-02,seasonal naive,3,2015-05,-0.9670759734081892,-0.6342355885051938,74,0.2961125626477003,0.3328403849029954,1.1240333133011717
2015-02,seasonal naive,6,2015-08,-1.2608568043627584,-1.2211042920623445,74,0.2961125626477003,0.03975251230041388,0.1342479763268585
2015-02,seasonal naive,12,2016-02,-0.6199505983813487,0.0272336897772366,74,0.2961125626477003,0.6471842881585853,2.18560226682639
2015-02,naive,1,2015-03,-0.6199505983813487,-0.407049608213773,74,0.2961125626477003,0.2129009901675757,0.718986686224706
2015-02,naive,3,2015-05,-0.6199505983813487,-0.6342355885051938,74,0.2961125626477003,-0.014284990123845098,0.048241756432470764
2015-02,naive,6,2015-08,-0.6199505983813487,-1.2211042920623445,74,0.2961125626477003,-0.6011536936809958,2.03015261597063
2015-02,naive,12,2016-02,-0.6199505983813487,0.0272336897772366,74,0.2961125626477003,0.6471842881585853,2.18560226682639
2015-02,climatology,1,2015-03,-0.29442867083897034,-0.407049608213773,74,0.2961125626477003,-0.11262093737480267,0.3803315076125066
2015-02,climatology,3,2015-05,-0.8668405475131143,-0.6342355885051938,74,0.2961125626477003,0.23260495900792055,0.7855288439236606
2015-02,climatology,6,2015-08,-1.4848301803618036,-1.2211042920623445,74,0.2961125626477003,0.2637258882994591,0.8906271518551773
2015-02,climatology,12,2016-02,-0.23094951821238655,0.0272336897772366,74,0.2961125626477003,0.25818320798962313,0.87190899866277
2015-02,seasonal naive with drift,1,2015-03,-0.14856052053813687,-0.407049608213773,74,0.2961125626477003,-0.25848908767563616,0.8729419831578485
2015-02,seasonal naive with drift,3,2015-05,-0.9789651730434333,-0.6342355885051938,74,0.2961125626477003,0.34472958453823954,1.164184259714713
2015-02,seasonal naive with drift,6,2015-08,-1.2846352036332467,-1.2211042920623445,74,0.2961125626477003,0.06353091157090218,0.21454986915394075
2015-02,seasonal naive with drift,12,2016-02,-0.6675073969223251,0.0272336897772366,74,0.2961125626477003,0.6947410866995617,2.346206052480554
2015-03,seasonal naive,1,2015-04,-0.9542662447285354,-0.6166704869032074,75,0.2955782704504466,0.337595757825328,1.1421535057731032
2015-03,seasonal naive,3,2015-06,-2.167361030522487,-0.8818818890815007,75,0.2955782704504466,1.285479141440986,4.349031271757493
2015-03,seasonal naive,6,2015-09,-1.1031968063449369,-0.5576488081893868,75,0.2955782704504466,0.5455479981555501,1.8456972406129926
2015-03,seasonal naive,12,2016-03,-0.407049608213773,-0.3472184700750804,75,0.2955782704504466,0.05983113813869262,0.2024206246538791
2015-03,naive,1,2015-04,-0.407049608213773,-0.6166704869032074,75,0.2955782704504466,-0.20962087868943435,0.7091890698527417
2015-03,naive,3,2015-06,-0.407049608213773,-0.8818818890815007,75,0.2955782704504466,-0.47483228086772766,1.6064519226806044
2015-03,naive,6,2015-09,-0.407049608213773,-0.5576488081893868,75,0.2955782704504466,-0.15059919997561377,0.5095070072171005
2015-03,naive,12,2016-03,-0.407049608213773,-0.3472184700750804,75,0.2955782704504466,0.05983113813869262,0.2024206246538791
2015-03,climatology,1,2015-04,-0.5692139404738751,-0.6166704869032074,75,0.2955782704504466,-0.04745654642933228,0.1605549229211297
2015-03,climatology,3,2015-06,-1.8553889946978697,-0.8818818890815007,75,0.2955782704504466,0.973507105616369,3.2935679071834087
2015-03,climatology,6,2015-09,-0.8070676996137208,-0.5576488081893868,75,0.2955782704504466,0.24941889142433404,0.8438336520618788
2015-03,climatology,12,2016-03,-0.3105173761782279,-0.3472184700750804,75,0.2955782704504466,-0.0367010938968525,0.1241670906353226
2015-03,seasonal naive with drift,1,2015-04,-0.9585135643895952,-0.6166704869032074,75,0.2955782704504466,0.34184307748638787,1.1565230318366637
2015-03,seasonal naive with drift,3,2015-06,-2.1801029895056665,-0.8818818890815007,75,0.2955782704504466,1.2982211004241657,4.392139849948175
2015-03,seasonal naive with drift,6,2015-09,-1.128680724311296,-0.5576488081893868,75,0.2955782704504466,0.5710319161219092,1.931914396994356
2015-03,seasonal naive with drift,12,2016-03,-0.45801744414649137,-0.3472184700750804,75,0.2955782704504466,0.11079897407141098,0.3748549374166066
2015-04,seasonal naive,1,2015-05,-0.9670759734081892,-0.6342355885051938,76,0.2962347936906791,0.3328403849029954,1.1235695198266915
2015-04,seasonal naive,3,2015-07,-2.5473065212326387,-1.136474650032359,76,0.2962347936906791,1.4108318712002796,4.7625461331643395
2015-04,seasonal naive,6,2015-10,-0.41289199902476,-0.3816889985983566,76,0.2962347936906791,0.031203000426403393,0.1053319903366408
2015-04,seasonal naive,12,2016-04,-0.6166704869032074,-0.51700802094324,76,0.2962347936906791,0.0996624659599673,0.3364306559614747
2015-04,naive,1,2015-05,-0.6166704869032074,-0.6342355885051938,76,0.2962347936906791,-0.017565101601986433,0.05929452574813838
2015-04,naive,3,2015-07,-0.6166704869032074,-1.136474650032359,76,0.2962347936906791,-0.5198041631291517,1.754703276590521
2015-04,naive,6,2015-10,-0.6166704869032074,-0.3816889985983566,76,0.2962347936906791,0.23498148830485077,0.7932271742198268
2015-04,naive,12,2016-04,-0.6166704869032074,-0.51700802094324,76,0.2962347936906791,0.0996624659599673,0.3364306559614747
2015-04,climatology,1,2015-05,-0.8668405475131143,-0.6342355885051938,76,0.2962347936906791,0.23260495900792055,0.7852047226120263
2015-04,climatology,3,2015-07,-1.9347416327771079,-1.136474650032359,76,0.2962347936906791,0.7982669827447488,2.694710411290441
2015-04,climatology,6,2015-10,-0.35785554783763907,-0.3816889985983566,76,0.2962347936906791,-0.023833450760717523,0.08045459638209754
2015-04,climatology,12,2016-04,-0.5759934471066368,-0.51700802094324,76,0.2962347936906791,0.05898542616339675,0.19911714430475658
2015-04,seasonal naive with drift,1,2015-05,-0.9708173508898766,-0.6342355885051938,76,0.2962347936906791,0.33658176238468285,1.136199290405208
2015-04,seasonal naive with drift,3,2015-07,-2.558530653677701,-1.136474650032359,76,0.2962347936906791,1.422056003645342,4.800435444899889
2015-04,seasonal naive with drift,6,2015-10,-0.4353402639148844,-0.3816889985983566,76,0.2962347936906791,0.05365126531652781,0.18111061380773893
2015-04,seasonal naive with drift,12,2016-04,-0.6615670166834562,-0.51700802094324,76,0.2962347936906791,0.14455899574021613,0.487987902903671
2015-05,seasonal naive,1,2015-06,-2.167361030522487,-0.8818818890815007,77,0.29679795663240705,1.285479141440986,4.331159001317147
2015-05,seasonal naive,3,2015-08,-1.2608568043627584,-1.2211042920623445,77,0.29679795663240705,0.03975251230041388,0.13393795817013837
2015-05,seasonal naive,6,2015-11,-0.3378808084904101,-0.2276627347990261,77,0.29679795663240705,0.11021807369138398,0.3713572523947403
2015-05,seasonal naive,12,2016-05,-0.6342355885051938,-0.6435365992745102,77,0.29679795663240705,-0.009301010769316442,0.03133785311344315
2015-05,naive,1,2015-06,-0.6342355885051938,-0.8818818890815007,77,0.29679795663240705,-0.24764630057630688,0.8343935496935515
2015-05,naive,3,2015-08,-0.6342355885051938,-1.2211042920623445,77,0.29679795663240705,-0.5868687035571507,1.9773340430507234
2015-05,naive,6,2015-11,-0.6342355885051938,-0.2276627347990261,77,0.29679795663240705,0.4065728537061677,1.369864059440679
2015-05,naive,12,2016-05,-0.6342355885051938,-0.6435365992745102,77,0.29679795663240705,-0.009301010769316442,0.03133785311344315
2015-05,climatology,1,2015-06,-1.8553889946978697,-0.8818818890815007,77,0.29679795663240705,0.973507105616369,3.2800330455848994
2015-05,climatology,3,2015-08,-1.4848301803618036,-1.2211042920623445,77,0.29679795663240705,0.2637258882994591,0.8885704311842393
2015-05,climatology,6,2015-11,-0.26645672973441487,-0.2276627347990261,77,0.29679795663240705,0.038793994935388765,0.13070842998907928
2015-05,climatology,12,2016-05,-0.83361126765484,-0.6435365992745102,77,0.29679795663240705,0.19007466838032971,0.640417712227523
2015-05,seasonal naive with drift,1,2015-06,-2.1706181299084264,-0.8818818890815007,77,0.29679795663240705,1.2887362408269256,4.342133131405157
2015-05,seasonal naive with drift,3,2015-08,-1.2706281025205775,-1.2211042920623445,77,0.29679795663240705,0.04952381045823295,0.16686034843416944
2015-05,seasonal naive with drift,6,2015-11,-0.357423404806048,-0.2276627347990261,77,0.29679795663240705,0.1297606700070219,0.43720203292280174
2015-05,seasonal naive with drift,12,2016-05,-0.6733207811364696,-0.6435365992745102,77,0.29679795663240705,0.029784181861959413,0.10035170794267965
2015-06,seasonal naive,1,2015-07,-2.5473065212326387,-1.136474650032359,78,0.3117779745840522,1.4108318712002796,4.52511718662132
2015-06,seasonal naive,3,2015-09,-1.1031968063449369,-0.5576488081893868,78,0.3117779745840522,0.5455479981555501,1.7497964661659442
2015-06,seasonal naive,6,2015-12,-0.3176719443452381,-0.3217976024822695,78,0.3117779745840522,-0.004125658137031418,0.013232679898365246
2015-06,seasonal naive,12,2016-06,-0.8818818890815007,-1.463420618348939,78,0.3117779745840522,-0.5815387292674384,1.865233520883822
2015-06,naive,1,2015-07,-0.8818818890815007,-1.136474650032359,78,0.3117779745840522,-0.25459276095085837,0.8165835360580377
2015-06,naive,3,2015-09,-0.8818818890815007,-0.5576488081893868,78,0.3117779745840522,0.3242330808921139,1.039948640774507
2015-06,naive,6,2015-12,-0.8818818890815007,-0.3217976024822695,78,0.3117779745840522,0.5600842865992312,1.796420312712751
2015-06,naive,12,2016-06,-0.8818818890815007,-1.463420618348939,78,0.3117779745840522,-0.5815387292674384,1.865233520883822
2015-06,climatology,1,2015-07,-1.9347416327771079,-1.136474650032359,78,0.3117779745840522,0.7982669827447488,2.5603700319425355
2015-06,climatology,3,2015-09,-0.8070676996137208,-0.5576488081893868,78,0.3117779745840522,0.24941889142433404,0.7999888117725046
2015-06,climatology,6,2015-12,-0.2575379779420874,-0.3217976024822695,78,0.3117779745840522,-0.06425962454018214,0.20610700491563552
2015-06,climatology,12,2016-06,-1.7163165510383884,-1.463420618348939,78,0.3117779745840522,0.2528959326894493,0.8111411110000367
2015-06,seasonal naive with drift,1,2015-07,-2.5488911909038405,-1.136474650032359,78,0.3117779745840522,1.4124165408714815,4.530199873021204
2015-06,seasonal naive with drift,3,2015-09,-1.1079508153585427,-0.5576488081893868,78,0.3117779745840522,0.5503020071691559,1.765044525365598
2015-06,seasonal naive with drift,6,2015-12,-0.32717996237244984,-0.3217976024822695,78,0.3117779745840522,0.005382359890180322,0.017263438500942894
2015-06,seasonal naive with drift,12,2016-06,-0.9008979251359241,-1.463420618348939,78,0.3117779745840522,-0.562522693213015,1.8042412840852056
2015-07,seasonal naive,1,2015-08,-1.2608568043627584,-1.2211042920623445,79,0.3281817640857869,0.03975251230041388,0.12112955883198478
2015-07,seasonal naive,3,2015-10,-0.41289199902476,-0.3816889985983566,79,0.3281817640857869,0.031203000426403393,0.09507841032339295
2015-07,seasonal naive,6,2016-01,-0.6013752118055555,-0.0689653552083333,79,0.3281817640857869,0.5324098565972222,1.622301769509807
2015-07,seasonal naive,12,2016-07,-1.136474650032359,-1.237419493203218,79,0.3281817640857869,-0.10094484317085906,0.3075882154880245
2015-07,naive,1,2015-08,-1.136474650032359,-1.2211042920623445,79,0.3281817640857869,-0.08462964202998546,0.2578742979998828
2015-07,naive,3,2015-10,-1.136474650032359,-0.3816889985983566,79,0.3281817640857869,0.7547856514340024,2.2999012560512075
2015-07,naive,6,2016-01,-1.136474650032359,-0.0689653552083333,79,0.3281817640857869,1.0675092948240257,3.2527989414578746
2015-07,naive,12,2016-07,-1.136474650032359,-1.237419493203218,79,0.3281817640857869,-0.10094484317085906,0.3075882154880245
2015-07,climatology,1,2015-08,-1.4848301803618036,-1.2211042920623445,79,0.3281817640857869,0.2637258882994591,0.8035970220164974
2015-07,climatology,3,2015-10,-0.35785554783763907,-0.3816889985983566,79,0.3281817640857869,-0.023833450760717523,0.07262271511980611
2015-07,climatology,6,2016-01,-0.22258679561677971,-0.0689653552083333,79,0.3281817640857869,0.1536214404084464,0.468098649040992
2015-07,climatology,12,2016-07,-1.8207034923850007,-1.237419493203218,79,0.3281817640857869,0.5832839991817826,1.7773199580623615
2015-07,seasonal naive with drift,1,2015-08,-1.2606630562388674,-1.2211042920623445,79,0.3281817640857869,0.03955876417652293,0.12053919049012804
2015-07,seasonal naive with drift,3,2015-10,-0.4123107546530871,-0.3816889985983566,79,0.3281817640857869,0.030621756054730498,0.09330730529782255
2015-07,seasonal naive with drift,6,2016-01,-0.6002127230622097,-0.0689653552083333,79,0.3281817640857869,0.5312473678538765,1.6187595594586666
2015-07,seasonal naive with drift,12,2016-07,-1.1341496725456675,-1.237419493203218,79,0.3281817640857869,-0.10326982065755064,0.3146726355903061
2015-08,seasonal naive,1,2015-09,-1.1031968063449369,-0.5576488081893868,80,0.32394015744188437,0.5455479981555501,1.6841011699928643
2015-08,seasonal naive,3,2015-11,-0.3378808084904101,-0.2276627347990261,80,0.32394015744188437,0.11021807369138398,0.34024208224680313
2015-08,seasonal naive,6,2016-02,-0.6199505983813487,0.0272336897772366,80,0.32394015744188437,0.6471842881585853,1.9978513725168257
2015-08,seasonal naive,12,2016-08,-1.2211042920623445,-1.6186291400790251,80,0.32394015744188437,-0.39752484801668064,1.227155197910273
2015-08,naive,1,2015-09,-1.2211042920623445,-0.5576488081893868,80,0.32394015744188437,0.6634554838729577,2.0480803896379633
2015-08,naive,3,2015-11,-1.2211042920623445,-0.2276627347990261,80,0.32394015744188437,0.9934415572633184,3.066744071214895
2015-08,naive,6,2016-02,-1.2211042920623445,0.0272336897772366,80,0.32394015744188437,1.248337981839581,3.8536067639700886
2015-08,naive,12,2016-08,-1.2211042920623445,-1.6186291400790251,80,0.32394015744188437,-0.39752484801668064,1.227155197910273
2015-08,climatology,1,2015-09,-0.8070676996137208,-0.5576488081893868,80,0.32394015744188437,0.24941889142433404,0.7699536031406676
2015-08,climatology,3,2015-11,-0.26645672973441487,-0.2276627347990261,80,0.32394015744188437,0.038793994935388765,0.11975667123749083
2015-08,climatology,6,2016-02,-0.23094951821238655,0.0272336897772366,80,0.32394015744188437,0.25818320798962313,0.7970089600142947
2015-08,climatology,12,2016-08,-1.447155053461881,-1.6186291400790251,80,0.32394015744188437,-0.17147408661714425,0.5293387765544539
2015-08,seasonal naive with drift,1,2015-09,-1.1029571911440683,-0.5576488081893868,80,0.32394015744188437,0.5453083829546815,1.6833614802836265
2015-08,seasonal naive with drift,3,2015-11,-0.33716196288780437,-0.2276627347990261,80,0.32394015744188437,0.10949922808877827,0.33802301311909033
2015-08,seasonal naive with drift,6,2016-02,-0.6185129071761373,0.0272336897772366,80,0.32394015744188437,0.6457465969533739,1.9934132342614002
2015-08,seasonal naive with drift,12,2016-08,-1.2182289096519217,-1.6186291400790251,80,0.32394015744188437,-0.4004002304271035,1.2360314744211243
2015-09,seasonal naive,1,2015-10,-0.41289199902476,-0.3816889985983566,81,0.3271518652783143,0.031203000426403393,0.09537772434786031
2015-09,seasonal naive,3,2015-12,-0.3176719443452381,-0.3217976024822695,81,0.3271518652783143,-0.004125658137031418,0.012610834829022425
2015-09,seasonal naive,6,2016-03,-0.407049608213773,-0.3472184700750804,81,0.3271518652783143,0.05983113813869262,0.1828849060291713
2015-09,seasonal naive,12,2016-09,-0.5576488081893868,-0.6788522260079829,81,0.3271518652783143,-0.12120341781859612,0.3704805953512937
2015-09,naive,1,2015-10,-0.5576488081893868,-0.3816889985983566,81,0.3271518652783143,0.1759598095910302,0.5378536033757223
2015-09,naive,3,2015-12,-0.5576488081893868,-0.3217976024822695,81,0.3271518652783143,0.23585120570711726,0.7209226990238132
2015-09,naive,6,2016-03,-0.5576488081893868,-0.3472184700750804,81,0.3271518652783143,0.2104303381143064,0.6432191298536211
2015-09,naive,12,2016-09,-0.5576488081893868,-0.6788522260079829,81,0.3271518652783143,-0.12120341781859612,0.3704805953512937
2015-09,climatology,1,2015-10,-0.35785554783763907,-0.3816889985983566,81,0.3271518652783143,-0.023833450760717523,0.07285133691792328
2015-09,climatology,3,2015-12,-0.2575379779420874,-0.3217976024822695,81,0.3271518652783143,-0.06425962454018214,0.19642139128723982
2015-09,climatology,6,2016-03,-0.3105173761782279,-0.3472184700750804,81,0.3271518652783143,-0.0367010938968525,0.11218366083785028
2015-09,climatology,12,2016-09,-0.7714364294102446,-0.6788522260079829,81,0.3271518652783143,0.0925842034022617,0.2830006893694418
2015-09,seasonal naive with drift,1,2015-10,-0.41199698211405433,-0.3816889985983566,81,0.3271518652783143,0.030307983515697745,0.09264194012745172
2015-09,seasonal naive with drift,3,2015-12,-0.3149868936131211,-0.3217976024822695,81,0.3271518652783143,-0.0068107088691484186,0.020818187490248358
2015-09,seasonal naive with drift,6,2016-03,-0.40167950674953895,-0.3472184700750804,81,0.3271518652783143,0.05446103667445856,0.16647020070671925
2015-09,seasonal naive with drift,12,2016-09,-0.5469086052609187,-0.6788522260079829,81,0.3271518652783143,-0.13194362074706423,0.40331000599619776
2015-10,seasonal naive,1,2015-11,-0.3378808084904101,-0.2276627347990261,82,0.3229240243518584,0.11021807369138398,0.34131270942941744
2015-10,seasonal naive,3,2016-01,-0.6013752118055555,-0.0689653552083333,82,0.3229240243518584,0.5324098565972222,1.64871553816977
2015-10,seasonal naive,6,2016-04,-0.6166704869032074,-0.51700802094324,82,0.3229240243518584,0.0996624659599673,0.3086251205991876
2015-10,seasonal naive,12,2016-10,-0.3816889985983566,-0.3350339007469212,82,0.3229240243518584,0.0466550978514354,0.14447701110215308
2015-10,naive,1,2015-11,-0.3816889985983566,-0.2276627347990261,82,0.3229240243518584,0.1540262637993305,0.4769736909741447
2015-10,naive,3,2016-01,-0.3816889985983566,-0.0689653552083333,82,0.3229240243518584,0.3127236433900233,0.9684124431983395
2015-10,naive,6,2016-04,-0.3816889985983566,-0.51700802094324,82,0.3229240243518584,-0.13531902234488347,0.41904290836360847
2015-10,naive,12,2016-10,-0.3816889985983566,-0.3350339007469212,82,0.3229240243518584,0.0466550978514354,0.14447701110215308
2015-10,climatology,1,2015-11,-0.26645672973441487,-0.2276627347990261,82,0.3229240243518584,0.038793994935388765,0.12013350512787732
2015-10,climatology,3,2016-01,-0.22258679561677971,-0.0689653552083333,82,0.3229240243518584,0.1536214404084464,0.47572007290811014
2015-10,climatology,6,2016-04,-0.5759934471066368,-0.51700802094324,82,0.3229240243518584,0.05898542616339675,0.18266038360504933
2015-10,climatology,12,2016-10,-0.36126032651774154,-0.3350339007469212,82,0.3229240243518584,0.02622642577082035,0.0812154680143711
2015-10,seasonal naive with drift,1,2015-11,-0.33696143110649257,-0.2276627347990261,82,0.3229240243518584,0.10929869630746647,0.33846567014281503
2015-10,seasonal naive with drift,3,2016-01,-0.5986170796538031,-0.0689653552083333,82,0.3229240243518584,0.5296517244454697,1.6401744203099629
2015-10,seasonal naive with drift,6,2016-04,-0.6111542225997023,-0.51700802094324,82,0.3229240243518584,0.09414620165646226,0.2915428848795729
2015-10,seasonal naive with drift,12,2016-10,-0.37065646999134655,-0.3350339007469212,82,0.3229240243518584,0.03562256924442536,0.11031253966292383
2015-11,seasonal naive,1,2015-12,-0.3176719443452381,-0.3217976024822695,83,0.31992816589185175,-0.004125658137031418,0.01289557649771309
2015-11,seasonal naive,3,2016-02,-0.6199505983813487,0.0272336897772366,83,0.31992816589185175,0.6471842881585853,2.0229050054234956
2015-11,seasonal naive,6,2016-05,-0.6342355885051938,-0.6435365992745102,83,0.31992816589185175,-0.009301010769316442,0.02907218482432881
2015-11,seasonal naive,12,2016-11,-0.2276627347990261,-0.0458666744633838,83,0.31992816589185175,0.1817960603356423,0.5682402480221028
2015-11,naive,1,2015-12,-0.2276627347990261,-0.3217976024822695,83,0.31992816589185175,-0.09413486768324342,0.2942375124141608
2015-11,naive,3,2016-02,-0.2276627347990261,0.0272336897772366,83,0.31992816589185175,0.2548964245762627,0.7967301780563694
2015-11,naive,6,2016-05,-0.2276627347990261,-0.6435365992745102,83,0.31992816589185175,-0.41587386447548413,1.2998976295699636
2015-11,naive,12,2016-11,-0.2276627347990261,-0.0458666744633838,83,0.31992816589185175,0.1817960603356423,0.5682402480221028
2015-11,climatology,1,2015-12,-0.2575379779420874,-0.3217976024822695,83,0.31992816589185175,-0.06425962454018214,0.20085641525511827
2015-11,climatology,3,2016-02,-0.23094951821238655,0.0272336897772366,83,0.31992816589185175,0.25818320798962313,0.8070036824356976
2015-11,climatology,6,2016-05,-0.83361126765484,-0.6435365992745102,83,0.31992816589185175,0.19007466838032971,0.5941167069503421
2015-11,climatology,12,2016-11,-0.26091473045793073,-0.0458666744633838,83,0.31992816589185175,0.21504805599454693,0.6721760661336758
2015-11,seasonal naive with drift,1,2015-12,-0.3166361520023014,-0.3217976024822695,83,0.31992816589185175,-0.005161450479968133,0.016133154346006862
2015-11,seasonal naive with drift,3,2016-02,-0.6168432213525386,0.0272336897772366,83,0.31992816589185175,0.6440769111297752,2.013192271878614
2015-11,seasonal naive with drift,6,2016-05,-0.6280208344475735,-0.6435365992745102,83,0.31992816589185175,-0.015515764826936729,0.048497651914091444
2015-11,seasonal naive with drift,12,2016-11,-0.21523322668378547,-0.0458666744633838,83,0.31992816589185175,0.16936655222040167,0.5293893138425774
2015-12,seasonal naive,1,2016-01,-0.6013752118055555,-0.0689653552083333,84,0.3155420199508126,0.5324098565972222,1.6872867096439816
2015-12,seasonal naive,3,2016-03,-0.407049608213773,-0.3472184700750804,84,0.3155420199508126,0.05983113813869262,0.1896138528491997
2015-12,seasonal naive,6,2016-06,-0.8818818890815007,-1.463420618348939,84,0.3155420199508126,-0.5815387292674384,1.8429834776303011
2015-12,seasonal naive,12,2016-12,-0.3217976024822695,0.082523546069671,84,0.3155420199508126,0.4043211485519405,1.2813543775087926
2015-12,naive,1,2016-01,-0.3217976024822695,-0.0689653552083333,84,0.3155420199508126,0.2528322472739362,0.8012633224359414
2015-12,naive,3,2016-03,-0.3217976024822695,-0.3472184700750804,84,0.3155420199508126,-0.02542086759281087,0.08056254313379096
2015-12,naive,6,2016-06,-0.3217976024822695,-1.463420618348939,84,0.3155420199508126,-1.1416230158666696,3.617974607770554
2015-12,naive,12,2016-12,-0.3217976024822695,0.082523546069671,84,0.3155420199508126,0.4043211485519405,1.2813543775087926
2015-12,climatology,1,2016-01,-0.22258679561677971,-0.0689653552083333,84,0.3155420199508126,0.1536214404084464,0.48684939150859613
2015-12,climatology,3,2016-03,-0.3105173761782279,-0.3472184700750804,84,0.3155420199508126,-0.0367010938968525,0.11631127259239055
2015-12,climatology,6,2016-06,-1.7163165510383884,-1.463420618348939,84,0.3155420199508126,0.2528959326894493,0.801465151072023
2015-12,climatology,12,2016-12,-0.26671792430497054,0.082523546069671,84,0.3155420199508126,0.34924147037464154,1.106798614108771
2015-12,seasonal naive with drift,1,2016-01,-0.6003585805346701,-0.0689653552083333,84,0.3155420199508126,0.5313932253263367,1.6840648526277784
2015-12,seasonal naive with drift,3,2016-03,-0.4039997144011166,-0.3472184700750804,84,0.3155420199508126,0.056781244326036207,0.17994828180058997
2015-12,seasonal naive with drift,6,2016-06,-0.8757821014561878,-1.463420618348939,84,0.3155420199508126,-0.5876385168927513,1.8623146197275204
2015-12,seasonal naive with drift,12,2016-12,-0.30959802723164376,0.082523546069671,84,0.3155420199508126,0.39212157330131475,1.2426920933143533
2016-01,seasonal naive,1,2016-02,-0.6199505983813487,0.0272336897772366,85,0.31851281223364014,0.6471842881585853,2.03189405041532
2016-01,seasonal naive,3,2016-04,-0.6166704869032074,-0.51700802094324,85,0.31851281223364014,0.0996624659599673,0.3128993940967795
2016-01,seasonal naive,6,2016-07,-1.136474650032359,-1.237419493203218,85,0.31851281223364014,-0.10094484317085906,0.31692553421308695
2016-01,seasonal naive,12,2017-01,-0.0689653552083333,-0.0669318519161353,85,0.31851281223364014,0.002033503292198008,0.006384368898499327
2016-01,naive,1,2016-02,-0.0689653552083333,0.0272336897772366,85,0.31851281223364014,0.0961990449855699,0.30202566832697636
2016-01,naive,3,2016-04,-0.0689653552083333,-0.51700802094324,85,0.31851281223364014,-0.44804266573490675,1.4066707790902049
2016-01,naive,6,2016-07,-0.0689653552083333,-1.237419493203218,85,0.31851281223364014,-1.1684541379948847,3.6684682471667207
2016-01,naive,12,2017-01,-0.0689653552083333,-0.0669318519161353,85,0.31851281223364014,0.002033503292198008,0.006384368898499327
2016-01,climatology,1,2016-02,-0.23094951821238655,0.0272336897772366,85,0.31851281223364014,0.25818320798962313,0.8105897096542442
2016-01,climatology,3,2016-04,-0.5759934471066368,-0.51700802094324,85,0.31851281223364014,0.05898542616339675,0.1851901207670381
2016-01,climatology,6,2016-07,-1.8207034923850007,-1.237419493203218,85,0.31851281223364014,0.5832839991817826,1.8312732699553815
2016-01,climatology,12,2017-01,-0.20338411556572392,-0.0669318519161353,85,0.31851281223364014,0.13645226364958862,0.4284043165883581
2016-01,seasonal naive with drift,1,2016-02,-0.6183401197573278,0.0272336897772366,85,0.31851281223364014,0.6455738095345644,2.0268378060126944
2016-01,seasonal naive with drift,3,2016-04,-0.6118390510311448,-0.51700802094324,85,0.31851281223364014,0.09483103008790472,0.29773066088890293
2016-01,seasonal naive with drift,6,2016-07,-1.1268117782882339,-1.237419493203218,85,0.31851281223364014,-0.11060771491498422,0.34726300062884013
2016-01,seasonal naive with drift,12,2017-01,-0.04963961172008294,-0.0669318519161353,85,0.31851281223364014,-0.017292240196052355,0.05429056393300719
2016-02,seasonal naive,1,2016-03,-0.407049608213773,-0.3472184700750804,86,0.3229543186650583,0.05983113813869262,0.18526192306703462
2016-02,seasonal naive,3,2016-05,-0.6342355885051938,-0.6435365992745102,86,0.3229543186650583,-0.009301010769316442,0.02879977207848608
2016-02,seasonal naive,6,2016-08,-1.2211042920623445,-1.6186291400790251,86,0.3229543186650583,-0.39752484801668064,1.2309011678799093
2016-02,seasonal naive,12,2017-02,0.0272336897772366,-0.0086235809712641,86,0.3229543186650583,-0.0358572707485007,0.11102892476161286
2016-02,naive,1,2016-03,0.0272336897772366,-0.3472184700750804,86,0.3229543186650583,-0.374452159852317,1.1594585927821823
2016-02,naive,3,2016-05,0.0272336897772366,-0.6435365992745102,86,0.3229543186650583,-0.6707702890517468,2.07698194538595
2016-02,naive,6,2016-08,0.0272336897772366,-1.6186291400790251,86,0.3229543186650583,-1.6458628298562616,5.096271313724761
2016-02,naive,12,2017-02,0.0272336897772366,-0.0086235809712641,86,0.3229543186650583,-0.0358572707485007,0.11102892476161286
2016-02,climatology,1,2016-03,-0.3105173761782279,-0.3472184700750804,86,0.3229543186650583,-0.0367010938968525,0.11364174985662867
2016-02,climatology,3,2016-05,-0.83361126765484,-0.6435365992745102,86,0.3229543186650583,0.19007466838032971,0.5885497031469009
2016-02,climatology,6,2016-08,-1.447155053461881,-1.6186291400790251,86,0.3229543186650583,-0.17147408661714425,0.5309546171295609
2016-02,climatology,12,2017-02,-0.19867661721368365,-0.0086235809712641,86,0.3229543186650583,0.19005303624241957,0.5884827211105573
2016-02,seasonal naive with drift,1,2016-03,-0.40473208167908736,-0.3472184700750804,86,0.3229543186650583,0.057513611604006976,0.17808590342355932
2016-02,seasonal naive with drift,3,2016-05,-0.6272830089011369,-0.6435365992745102,86,0.3229543186650583,-0.016253590373373372,0.05032783100891201
2016-02,seasonal naive with drift,6,2016-08,-1.2071991328542306,-1.6186291400790251,86,0.3229543186650583,-0.4114300072247945,1.273957285740761
2016-02,seasonal naive with drift,12,2017-02,0.055044008193464465,-0.0086235809712641,86,0.3229543186650583,-0.06366758916472856,0.197141160483317
2016-03,seasonal naive,1,2016-04,-0.6166704869032074,-0.51700802094324,87,0.3194460095913735,0.0996624659599673,0.3119853213613555
2016-03,seasonal naive,3,2016-06,-0.8818818890815007,-1.463420618348939,87,0.3194460095913735,-0.5815387292674384,1.8204601460238201
2016-03,seasonal naive,6,2016-09,-0.5576488081893868,-0.6788522260079829,87,0.3194460095913735,-0.12120341781859612,0.37941753591987637
2016-03,seasonal naive,12,2017-03,-0.3472184700750804,-0.2953060899263378,87,0.3194460095913735,0.05191238014874261,0.1625075242453255
2016-03,naive,1,2016-04,-0.3472184700750804,-0.51700802094324,87,0.3194460095913735,-0.16978955086815967,0.5315125115676035
2016-03,naive,3,2016-06,-0.3472184700750804,-1.463420618348939,87,0.3194460095913735,-1.1162021482738587,3.494180909323844
2016-03,naive,6,2016-09,-0.3472184700750804,-0.6788522260079829,87,0.3194460095913735,-0.3316337559329025,1.0381527581362473
2016-03,naive,12,2017-03,-0.3472184700750804,-0.2953060899263378,87,0.3194460095913735,0.05191238014874261,0.1625075242453255
2016-03,climatology,1,2016-04,-0.5759934471066368,-0.51700802094324,87,0.3194460095913735,0.05898542616339675,0.1846491250238163
2016-03,climatology,3,2016-06,-1.7163165510383884,-1.463420618348939,87,0.3194460095913735,0.2528959326894493,0.791670345210907
2016-03,climatology,6,2016-09,-0.7714364294102446,-0.6788522260079829,87,0.3194460095913735,0.0925842034022617,0.2898273906150616
2016-03,climatology,12,2017-03,-0.31510501291533444,-0.2953060899263378,87,0.3194460095913735,0.01979892298899666,0.06197893351155926
2016-03,seasonal naive with drift,1,2016-04,-0.6143173816799412,-0.51700802094324,87,0.3194460095913735,0.09730936073670116,0.30461911501469874
2016-03,seasonal naive with drift,3,2016-06,-0.8748225734117021,-1.463420618348939,87,0.3194460095913735,-0.588598044937237,1.842558765063791
2016-03,seasonal naive with drift,6,2016-09,-0.5435301768497898,-0.6788522260079829,87,0.3194460095913735,-0.13532204915819313,0.42361477399981723
2016-03,seasonal naive with drift,12,2017-03,-0.3189812073958863,-0.2953060899263378,87,0.3194460095913735,0.023675117469548534,0.07411304808544358
2016-04,seasonal naive,1,2016-05,-0.6342355885051938,-0.6435365992745102,88,0.3165541208593813,-0.009301010769316442,0.029382055567831668
2016-04,seasonal naive,3,2016-07,-1.136474650032359,-1.237419493203218,88,0.3165541208593813,-0.10094484317085906,0.31888652372243315
2016-04,seasonal naive,6,2016-10,-0.3816889985983566,-0.3350339007469212,88,0.3165541208593813,0.0466550978514354,0.14738426947270855
2016-04,seasonal naive,12,2017-04,-0.51700802094324,-0.2928531806112268,88,0.3165541208593813,0.22415484033201327,0.7081090580134531
2016-04,naive,1,2016-05,-0.51700802094324,-0.6435365992745102,88,0.3165541208593813,-0.12652857833127018,0.3997059902040458
2016-04,naive,3,2016-07,-0.51700802094324,-1.237419493203218,88,0.3165541208593813,-0.720411472259978,2.2757924310200246
2016-04,naive,6,2016-10,-0.51700802094324,-0.3350339007469212,88,0.3165541208593813,0.18197412019631887,0.5748594259404851
2016-04,naive,12,2017-04,-0.51700802094324,-0.2928531806112268,88,0.3165541208593813,0.22415484033201327,0.7081090580134531
2016-04,climatology,1,2016-05,-0.83361126765484,-0.6435365992745102,88,0.3165541208593813,0.19007466838032971,0.6004491992216525
2016-04,climatology,3,2016-07,-1.8207034923850007,-1.237419493203218,88,0.3165541208593813,0.5832839991817826,1.8426043470806286
2016-04,climatology,6,2016-10,-0.36126032651774154,-0.3350339007469212,88,0.3165541208593813,0.02622642577082035,0.08284973735177048
2016-04,climatology,12,2017-04,-0.5686202688362122,-0.2928531806112268,88,0.3165541208593813,0.2757670882249854,0.8711530511001808
2016-04,seasonal naive with drift,1,2016-05,-0.6318041661730671,-0.6435365992745102,88,0.3165541208593813,-0.011732433101443118,0.03706296120736607
2016-04,seasonal naive with drift,3,2016-07,-1.129180383035979,-1.237419493203218,88,0.3165541208593813,-0.10823911016723908,0.34192924064103636
2016-04,seasonal naive with drift,6,2016-10,-0.3671004646055966,-0.3350339007469212,88,0.3165541208593813,0.0320665638586754,0.10129883563550232
2016-04,seasonal naive with drift,12,2017-04,-0.48783095295772005,-0.2928531806112268,88,0.3165541208593813,0.19497777234649327,0.6159381903390406
2016-05,seasonal naive,1,2016-06,-0.8818818890815007,-1.463420618348939,89,0.3125638207283415,-0.5815387292674384,1.860543961589435
2016-05,seasonal naive,3,2016-08,-1.2211042920623445,-1.6186291400790251,89,0.3125638207283415,-0.39752484801668064,1.2718197745675157
2016-05,seasonal naive,6,2016-11,-0.2276627347990261,-0.0458666744633838,89,0.3125638207283415,0.1817960603356423,0.581628609197373
2016-05,seasonal naive,12,2017-05,-0.6435365992745102,-0.8691640653484248,89,0.3125638207283415,-0.2256274660739146,0.7218604685217683
2016-05,naive,1,2016-06,-0.6435365992745102,-1.463420618348939,89,0.3125638207283415,-0.8198840190744289,2.623093156347786
2016-05,naive,3,2016-08,-0.6435365992745102,-1.6186291400790251,89,0.3125638207283415,-0.9750925408045149,3.119659014060993
2016-05,naive,6,2016-11,-0.6435365992745102,-0.0458666744633838,89,0.3125638207283415,0.5976699248111265,1.9121532473541754
2016-05,naive,12,2017-05,-0.6435365992745102,-0.8691640653484248,89,0.3125638207283415,-0.2256274660739146,0.7218604685217683
2016-05,climatology,1,2016-06,-1.7163165510383884,-1.463420618348939,89,0.3125638207283415,0.2528959326894493,0.8091017447257554
2016-05,climatology,3,2016-08,-1.447155053461881,-1.6186291400790251,89,0.3125638207283415,-0.17147408661714425,0.5486050375810368
2016-05,climatology,6,2016-11,-0.26091473045793073,-0.0458666744633838,89,0.3125638207283415,0.21504805599454693,0.6880132687572039
2016-05,climatology,12,2017-05,-0.8098519341072987,-0.8691640653484248,89,0.3125638207283415,-0.05931213124112611,0.18976006596961856
2016-05,seasonal naive with drift,1,2016-06,-0.8794921096917494,-1.463420618348939,89,0.3125638207283415,-0.5839285086571897,1.8681896941767273
2016-05,seasonal naive with drift,3,2016-08,-1.2139349538930906,-1.6186291400790251,89,0.3125638207283415,-0.40469418618593456,1.2947569723293928
2016-05,seasonal naive with drift,6,2016-11,-0.21332405846051827,-0.0458666744633838,89,0.3125638207283415,0.16745738399713447,0.5357542136736185
2016-05,seasonal naive with drift,12,2017-05,-0.6148592465974946,-0.8691640653484248,89,0.3125638207283415,-0.25430481875093025,0.8136092595692773
2016-06,seasonal naive,1,2016-07,-1.136474650032359,-1.237419493203218,90,0.3160122169916632,-0.10094484317085906,0.31943335650697996
2016-06,seasonal naive,3,2016-09,-0.5576488081893868,-0.6788522260079829,90,0.3160122169916632,-0.12120341781859612,0.38354029148750796
2016-06,seasonal naive,6,2016-12,-0.3217976024822695,0.082523546069671,90,0.3160122169916632,0.4043211485519405,1.2794478403428529
2016-06,seasonal naive,12,2017-06,-1.463420618348939,-1.4315393177924614,90,0.3160122169916632,0.031881300556477754,0.10088629123259124
2016-06,naive,1,2016-07,-1.463420618348939,-1.237419493203218,90,0.3160122169916632,0.22600112514572102,0.7151657847192763
2016-06,naive,3,2016-09,-1.463420618348939,-0.6788522260079829,90,0.3160122169916632,0.7845683923409562,2.48271538299943
2016-06,naive,6,2016-12,-1.463420618348939,0.082523546069671,90,0.3160122169916632,1.54594416441861,4.892039235493842
2016-06,naive,12,2017-06,-1.463420618348939,-1.4315393177924614,90,0.3160122169916632,0.031881300556477754,0.10088629123259124
2016-06,climatology,1,2016-07,-1.8207034923850007,-1.237419493203218,90,0.3160122169916632,0.5832839991817826,1.845764080687964
2016-06,climatology,3,2016-09,-0.7714364294102446,-0.6788522260079829,90,0.3160122169916632,0.0925842034022617,0.29297665857236205
2016-06,climatology,6,2016-12,-0.26671792430497054,0.082523546069671,90,0.3160122169916632,0.34924147037464154,1.1051517998237865
2016-06,climatology,12,2017-06,-1.6847045594522072,-1.4315393177924614,90,0.3160122169916632,0.25316524165974585,0.8011248554559036
2016-06,seasonal naive with drift,1,2016-07,-1.1347368109010953,-1.237419493203218,90,0.3160122169916632,-0.10268268230212274,0.3249326348190888
2016-06,seasonal naive with drift,3,2016-09,-0.5524352907955958,-0.6788522260079829,90,0.3160122169916632,-0.12641693521238706,0.4000381264238341
2016-06,seasonal naive with drift,6,2016-12,-0.3113705676946877,0.082523546069671,90,0.3160122169916632,0.3938941137643587,1.2464521704702007
2016-06,seasonal naive with drift,12,2017-06,-1.4425665487737753,-1.4315393177924614,90,0.3160122169916632,0.011027230981313974,0.0348949514872866
2016-07,seasonal naive,1,2016-08,-1.2211042920623445,-1.6186291400790251,91,0.3132898451711467,-0.39752484801668064,1.2688724328090408
2016-07,seasonal naive,3,2016-10,-0.3816889985983566,-0.3350339007469212,91,0.3132898451711467,0.0466550978514354,0.14891991735623683
2016-07,seasonal naive,6,2017-01,-0.0689653552083333,-0.0669318519161353,91,0.3132898451711467,0.002033503292198008,0.006490804995888481
2016-07,seasonal naive,12,2017-07,-1.237419493203218,-1.3716236910436208,91,0.3132898451711467,-0.13420419784040272,0.4283707241359466
2016-07,naive,1,2016-08,-1.237419493203218,-1.6186291400790251,91,0.3132898451711467,-0.38120964687580705,1.2167954140599626
2016-07,naive,3,2016-10,-1.237419493203218,-0.3350339007469212,91,0.3132898451711467,0.9023855924562969,2.880353788560666
2016-07,naive,6,2017-01,-1.237419493203218,-0.0669318519161353,91,0.3132898451711467,1.1704876412870828,3.736117398403573
2016-07,naive,12,2017-07,-1.237419493203218,-1.3716236910436208,91,0.3132898451711467,-0.13420419784040272,0.4283707241359466
2016-07,climatology,1,2016-08,-1.447155053461881,-1.6186291400790251,91,0.3132898451711467,-0.17147408661714425,0.5473336887873588
2016-07,climatology,3,2016-10,-0.36126032651774154,-0.3350339007469212,91,0.3132898451711467,0.02622642577082035,0.08371297753520593
2016-07,climatology,6,2017-01,-0.20338411556572392,-0.0669318519161353,91,0.3132898451711467,0.13645226364958862,0.43554639817657126
2016-07,climatology,12,2017-07,-1.747792992487278,-1.3716236910436208,91,0.3132898451711467,0.3761693014436571,1.2007069722868293
2016-07,seasonal naive with drift,1,2016-08,-1.2194949327968467,-1.6186291400790251,91,0.3132898451711467,-0.3991342072821784,1.2740093987538468
2016-07,seasonal naive with drift,3,2016-10,-0.37686092080186323,-0.3350339007469212,91,0.3132898451711467,0.04182702005494204,0.13350901952181823
2016-07,seasonal naive with drift,6,2017-01,-0.059309199615346544,-0.0669318519161353,91,0.3132898451711467,-0.007622652300788749,0.024330990672948815
2016-07,seasonal naive with drift,12,2017-07,-1.2181071820172447,-1.3716236910436208,91,0.3132898451711467,-0.15351650902637615,0.49001431547362095
2016-08,seasonal naive,1,2016-09,-0.5576488081893868,-0.6788522260079829,92,0.3143427827067159,-0.12120341781859612,0.3855772248847201
2016-08,seasonal naive,3,2016-11,-0.2276627347990261,-0.0458666744633838,92,0.3143427827067159,0.1817960603356423,0.5783369949526067
2016-08,seasonal naive,6,2017-02,0.0272336897772366,-0.0086235809712641,92,0.3143427827067159,-0.0358572707485007,0.1140706029250743
2016-08,seasonal naive,12,2017-08,-1.6186291400790251,-1.283633113388049,92,0.3143427827067159,0.33499602669097617,1.0657029367953705
2016-08,naive,1,2016-09,-1.6186291400790251,-0.6788522260079829,92,0.3143427827067159,0.9397769140710422,2.9896564062291864
2016-08,naive,3,2016-11,-1.6186291400790251,-0.0458666744633838,92,0.3143427827067159,1.5727624656156414,5.003335696379071
2016-08,naive,6,2017-02,-1.6186291400790251,-0.0086235809712641,92,0.3143427827067159,1.610005559107761,5.121814934780634
2016-08,naive,12,2017-08,-1.6186291400790251,-1.283633113388049,92,0.3143427827067159,0.33499602669097617,1.0657029367953705
2016-08,climatology,1,2016-09,-0.7714364294102446,-0.6788522260079829,92,0.3143427827067159,0.0925842034022617,0.2945326201067687
2016-08,climatology,3,2016-11,-0.26091473045793073,-0.0458666744633838,92,0.3143427827067159,0.21504805599454693,0.6841195911763253
2016-08,climatology,6,2017-02,-0.19867661721368365,-0.0086235809712641,92,0.3143427827067159,0.19005303624241957,0.6046044213451544
2016-08,climatology,12,2017-08,-1.468589314289024,-1.283633113388049,92,0.3143427827067159,0.1849562009009751,0.5883901621929095
2016-08,seasonal naive with drift,1,2016-09,-0.5564736542980584,-0.6788522260079829,92,0.3143427827067159,-0.1223785717099245,0.3893156720703354
2016-08,seasonal naive with drift,3,2016-11,-0.224137273125041,-0.0458666744633838,92,0.3143427827067159,0.1782705986616572,0.5671216533957611
2016-08,seasonal naive with drift,6,2017-02,0.03428461312520677,-0.0086235809712641,92,0.3143427827067159,-0.04290819409647087,0.1365012860387653
2016-08,seasonal naive with drift,12,2017-08,-1.6045272933830848,-1.283633113388049,92,0.3143427827067159,0.3208941799950358,1.0208415705679885
2016-09,seasonal naive,1,2016-10,-0.3816889985983566,-0.3350339007469212,93,0.3119583461031588,0.0466550978514354,0.14955553661003007
2016-09,seasonal naive,3,2016-12,-0.3217976024822695,0.082523546069671,93,0.3119583461031588,0.4043211485519405,1.2960741509324423
2016-09,seasonal naive,6,2017-03,-0.3472184700750804,-0.2953060899263378,93,0.3119583461031588,0.05191238014874261,0.16640805029648462
2016-09,seasonal naive,12,2017-09,-0.6788522260079829,-0.7444467340021905,93,0.3119583461031588,-0.06559450799420763,0.21026687958050896
2016-09,naive,1,2016-10,-0.6788522260079829,-0.3350339007469212,93,0.3119583461031588,0.3438183252610617,1.1021289526498752
2016-09,naive,3,2016-12,-0.6788522260079829,0.082523546069671,93,0.3119583461031588,0.761375772077654,2.440632801104418
2016-09,naive,6,2017-03,-0.6788522260079829,-0.2953060899263378,93,0.3119583461031588,0.3835461360816451,1.2294786816019776
2016-09,naive,12,2017-09,-0.6788522260079829,-0.7444467340021905,93,0.3119583461031588,-0.06559450799420763,0.21026687958050896
2016-09,climatology,1,2016-10,-0.36126032651774154,-0.3350339007469212,93,0.3119583461031588,0.02622642577082035,0.08407028085136647
2016-09,climatology,3,2016-12,-0.26671792430497054,0.082523546069671,93,0.3119583461031588,0.34924147037464154,1.1195131489098031
2016-09,climatology,6,2017-03,-0.31510501291533444,-0.2953060899263378,93,0.3119583461031588,0.01979892298899666,0.06346655967476351
2016-09,climatology,12,2017-09,-0.7598634039849619,-0.7444467340021905,93,0.3119583461031588,0.015416669982771358,0.04941900152808655
2016-09,seasonal naive with drift,1,2016-10,-0.38065304765405966,-0.3350339007469212,93,0.3119583461031588,0.045619146907138475,0.14623473767248746
2016-09,seasonal naive with drift,3,2016-12,-0.3186897496493787,0.082523546069671,93,0.3119583461031588,0.4012132957190497,1.2861117541198142
2016-09,seasonal naive with drift,6,2017-03,-0.3410027644092987,-0.2953060899263378,93,0.3119583461031588,0.04569667448296094,0.14648325667122847
2016-09,seasonal naive with drift,12,2017-09,-0.6664208146764196,-0.7444467340021905,93,0.3119583461031588,-0.07802591932577096,0.25011646683102123
2016-10,seasonal naive,1,2016-11,-0.2276627347990261,-0.0458666744633838,94,0.3087229406366744,0.1817960603356423,0.5888647599712777
2016-10,seasonal naive,3,2017-01,-0.0689653552083333,-0.0669318519161353,94,0.3087229406366744,0.002033503292198008,0.006586822760901236
2016-10,seasonal naive,6,2017-04,-0.51700802094324,-0.2928531806112268,94,0.3087229406366744,0.22415484033201327,0.7260712141110808
2016-10,seasonal naive,12,2017-10,-0.3350339007469212,-0.4000628493107893,94,0.3087229406366744,-0.0650289485638681,0.2106385370318122
2016-10,naive,1,2016-11,-0.3350339007469212,-0.0458666744633838,94,0.3087229406366744,0.2891672262835374,0.9366561023524603
2016-10,naive,3,2017-01,-0.3350339007469212,-0.0669318519161353,94,0.3087229406366744,0.2681020488307859,0.8684228268812267
2016-10,naive,6,2017-04,-0.3350339007469212,-0.2928531806112268,94,0.3087229406366744,0.042180720135694405,0.13662969149200827
2016-10,naive,12,2017-10,-0.3350339007469212,-0.4000628493107893,94,0.3087229406366744,-0.0650289485638681,0.2106385370318122
2016-10,climatology,1,2016-11,-0.26091473045793073,-0.0458666744633838,94,0.3087229406366744,0.21504805599454693,0.6965729710628461
2016-10,climatology,3,2017-01,-0.20338411556572392,-0.0669318519161353,94,0.3087229406366744,0.13645226364958862,0.44198938818147204
2016-10,climatology,6,2017-04,-0.5686202688362122,-0.2928531806112268,94,0.3087229406366744,0.2757670882249854,0.8932510413909487
2016-10,climatology,12,2017-10,-0.357982023296389,-0.4000628493107893,94,0.3087229406366744,-0.042080826014400274,0.13630611942092044
2016-10,seasonal naive with drift,1,2016-11,-0.22659200368550164,-0.0458666744633838,94,0.3087229406366744,0.18072532922211784,0.5853965009837329
2016-10,seasonal naive with drift,3,2017-01,-0.06575316186775992,-0.0669318519161353,94,0.3087229406366744,-0.0011786900483753693,0.003817954201733683
2016-10,seasonal naive with drift,6,2017-04,-0.5105836342620933,-0.2928531806112268,94,0.3087229406366744,0.21773045365086652,0.7052616601858109
2016-10,seasonal naive with drift,12,2017-10,-0.3221851273846277,-0.4000628493107893,94,0.3087229406366744,-0.0778777219261616,0.25225764488235186
2016-11,seasonal naive,1,2016-12,-0.3217976024822695,0.082523546069671,95,0.30719370111497524,0.4043211485519405,1.316176559234243
2016-11,seasonal naive,3,2017-02,0.0272336897772366,-0.0086235809712641,95,0.30719370111497524,-0.0358572707485007,0.11672527990761174
2016-11,seasonal naive,6,2017-05,-0.6435365992745102,-0.8691640653484248,95,0.30719370111497524,-0.2256274660739146,0.7344794676941232
2016-11,seasonal naive,12,2017-11,-0.0458666744633838,-0.1306877936767514,95,0.30719370111497524,-0.0848211192133676,0.27611607564056495
2016-11,naive,1,2016-12,-0.0458666744633838,0.082523546069671,95,0.30719370111497524,0.1283902205330548,0.4179454854284314
2016-11,naive,3,2017-02,-0.0458666744633838,-0.0086235809712641,95,0.30719370111497524,0.0372430934921197,0.12123651415033572
2016-11,naive,6,2017-05,-0.0458666744633838,-0.8691640653484248,95,0.30719370111497524,-0.8232973908850411,2.6800594800506685
2016-11,naive,12,2017-11,-0.0458666744633838,-0.1306877936767514,95,0.30719370111497524,-0.0848211192133676,0.27611607564056495
2016-11,climatology,1,2016-12,-0.26671792430497054,0.082523546069671,95,0.30719370111497524,0.34924147037464154,1.1368770554443395
2016-11,climatology,3,2017-02,-0.19867661721368365,-0.0086235809712641,95,0.30719370111497524,0.19005303624241957,0.6186749127752696
2016-11,climatology,6,2017-05,-0.8098519341072987,-0.8691640653484248,95,0.30719370111497524,-0.05931213124112611,0.19307730277622784
2016-11,climatology,12,2017-11,-0.2340337234586124,-0.1306877936767514,95,0.30719370111497524,0.103345929781861,0.3364194298475576
2016-11,seasonal naive with drift,1,2016-12,-0.32055724557861115,0.082523546069671,95,0.30719370111497524,0.40308079164828214,1.312138856315347
2016-11,seasonal naive with drift,3,2017-02,0.030954760488211625,-0.0086235809712641,95,0.30719370111497524,-0.039578341459475724,0.12883838866429914
2016-11,seasonal naive with drift,6,2017-05,-0.6360944578525601,-0.8691640653484248,95,0.30719370111497524,-0.2330696074958647,0.7587056852074983
2016-11,seasonal naive with drift,12,2017-11,-0.0309823916194837,-0.1306877936767514,95,0.30719370111497524,-0.0997054020572677,0.3245685106673146
2016-12,seasonal naive,1,2017-01,-0.0689653552083333,-0.0669318519161353,96,0.30834998025112953,0.002033503292198008,0.006594789759810788
2016-12,seasonal naive,3,2017-03,-0.3472184700750804,-0.2953060899263378,96,0.30834998025112953,0.05191238014874261,0.16835538665014216
2016-12,seasonal naive,6,2017-06,-1.463420618348939,-1.4315393177924614,96,0.30834998025112953,0.031881300556477754,0.10339323041471467
2016-12,seasonal naive,12,2017-12,0.082523546069671,-0.4928311284175383,96,0.30834998025112953,-0.5753546744872093,1.8659144197726982
2016-12,naive,1,2017-01,0.082523546069671,-0.0669318519161353,96,0.30834998025112953,-0.1494553979858063,0.4846940410506441
2016-12,naive,3,2017-03,0.082523546069671,-0.2953060899263378,96,0.30834998025112953,-0.3778296359960088,1.225327258617928
2016-12,naive,6,2017-06,0.082523546069671,-1.4315393177924614,96,0.30834998025112953,-1.5140628638621323,4.910209050861731
2016-12,naive,12,2017-12,0.082523546069671,-0.4928311284175383,96,0.30834998025112953,-0.5753546744872093,1.8659144197726982
2016-12,climatology,1,2017-01,-0.20338411556572392,-0.0669318519161353,96,0.30834998025112953,0.13645226364958862,0.44252399023492
2016-12,climatology,3,2017-03,-0.31510501291533444,-0.2953060899263378,96,0.30834998025112953,0.01979892298899666,0.0642092565495604
2016-12,climatology,6,2017-06,-1.6847045594522072,-1.4315393177924614,96,0.30834998025112953,0.25316524165974585,0.8210321319092041
2016-12,climatology,12,2017-12,-0.22306274050814037,-0.4928311284175383,96,0.30834998025112953,-0.26976838790939794,0.874877266700943
2016-12,seasonal naive with drift,1,2017-01,-0.06733865220774238,-0.0669318519161353,96,0.30834998025112953,0.00040680029160708453,0.0013192810691143035
2016-12,seasonal naive with drift,3,2017-03,-0.3423383610733076,-0.2953060899263378,96,0.30834998025112953,0.04703227114696984,0.1525288605780527
2016-12,seasonal naive with drift,6,2017-06,-1.4536604003453937,-1.4315393177924614,96,0.30834998025112953,0.022121082552932325,0.07174017827053612
2016-12,seasonal naive with drift,12,2017-12,0.10204398207676205,-0.4928311284175383,96,0.30834998025112953,-0.5948751104943003,1.9292205240610558
2017-01,seasonal naive,1,2017-02,0.0272336897772366,-0.0086235809712641,97,0.3047462569927892,-0.0358572707485007,0.11766271094627144
2017-01,seasonal naive,3,2017-04,-0.51700802094324,-0.2928531806112268,97,0.3047462569927892,0.22415484033201327,0.7355458358831202
2017-01,seasonal naive,6,2017-07,-1.237419493203218,-1.3716236910436208,97,0.3047462569927892,-0.13420419784040272,0.44038013514823326
2017-01,seasonal naive,12,2018-01,-0.0669318519161353,-0.3350201368019978,97,0.3047462569927892,-0.26808828488586256,0.8797098528176706
2017-01,naive,1,2017-02,-0.0669318519161353,-0.0086235809712641,97,0.3047462569927892,0.05830827094487119,0.19133383792881453
2017-01,naive,3,2017-04,-0.0669318519161353,-0.2928531806112268,97,0.3047462569927892,-0.2259213286950915,0.7413424234458675
2017-01,naive,6,2017-07,-0.0669318519161353,-1.3716236910436208,97,0.3047462569927892,-1.3046918391274855,4.281239914157032
2017-01,naive,12,2018-01,-0.0669318519161353,-0.3350201368019978,97,0.3047462569927892,-0.26808828488586256,0.8797098528176706
2017-01,climatology,1,2017-02,-0.19867661721368365,-0.0086235809712641,97,0.3047462569927892,0.19005303624241957,0.6236435456758261
2017-01,climatology,3,2017-04,-0.5686202688362122,-0.2928531806112268,97,0.3047462569927892,0.2757670882249854,0.9049072200138968
2017-01,climatology,6,2017-07,-1.747792992487278,-1.3716236910436208,97,0.3047462569927892,0.3761693014436571,1.234368898097928
2017-01,climatology,12,2018-01,-0.18822275293799184,-0.3350201368019978,97,0.3047462569927892,-0.14679738386400598,0.4817036485126689
2017-01,seasonal naive with drift,1,2017-02,0.028843248726146253,-0.0086235809712641,97,0.3047462569927892,-0.03746682969741035,0.12294434742900512
2017-01,seasonal naive with drift,3,2017-04,-0.5121793440965111,-0.2928531806112268,97,0.3047462569927892,0.21932616348528433,0.7197009264349191
2017-01,seasonal naive with drift,6,2017-07,-1.2277621395097602,-1.3716236910436208,97,0.3047462569927892,-0.1438615515338606,0.47206995404463525
2017-01,seasonal naive with drift,12,2018-01,-0.047617144529219446,-0.3350201368019978,97,0.3047462569927892,-0.2874029922727784,0.9430894906104748
2017-02,seasonal naive,1,2017-03,-0.3472184700750804,-0.2953060899263378,98,0.30161964087366955,0.05191238014874261,0.17211206802837353
2017-02,seasonal naive,3,2017-05,-0.6435365992745102,-0.8691640653484248,98,0.30161964087366955,-0.2256274660739146,0.7480529630642205
2017-02,seasonal naive,6,2017-08,-1.6186291400790251,-1.283633113388049,98,0.30161964087366955,0.33499602669097617,1.1106572029614146
2017-02,seasonal naive,12,2018-02,-0.0086235809712641,-0.4316211846913061,98,0.30161964087366955,-0.422997603720042,1.4024206198733937
2017-02,naive,1,2017-03,-0.0086235809712641,-0.2953060899263378,98,0.30161964087366955,-0.2866825089550737,0.9504769255896962
2017-02,naive,3,2017-05,-0.0086235809712641,-0.8691640653484248,98,0.30161964087366955,-0.8605404843771607,2.853065144844429
2017-02,naive,6,2017-08,-0.0086235809712641,-1.283633113388049,98,0.30161964087366955,-1.275009532416785,4.227209901595269
2017-02,naive,12,2018-02,-0.0086235809712641,-0.4316211846913061,98,0.30161964087366955,-0.422997603720042,1.4024206198733937
2017-02,climatology,1,2017-03,-0.31510501291533444,-0.2953060899263378,98,0.30161964087366955,0.01979892298899666,0.06564202162580401
2017-02,climatology,3,2017-05,-0.8098519341072987,-0.8691640653484248,98,0.30161964087366955,-0.05931213124112611,0.1966454540868856
2017-02,climatology,6,2017-08,-1.468589314289024,-1.283633113388049,98,0.30161964087366955,0.1849562009009751,0.6132100693616375
2017-02,climatology,12,2018-02,-0.17755961318674815,-0.4316211846913061,98,0.30161964087366955,-0.254061571504558,0.8423243617976762
2017-02,seasonal naive with drift,1,2017-03,-0.3456623723452942,-0.2953060899263378,98,0.30161964087366955,0.0503562824189564,0.16695292877179585
2017-02,seasonal naive with drift,3,2017-05,-0.6388683060851517,-0.8691640653484248,98,0.30161964087366955,-0.23029575926327317,0.7635303808339534
2017-02,seasonal naive with drift,6,2017-08,-1.609292553700308,-1.283633113388049,98,0.30161964087366955,0.325659440312259,1.0797023674219488
2017-02,seasonal naive with drift,12,2018-02,0.010049591786170157,-0.4316211846913061,98,0.30161964087366955,-0.44167077647747627,1.4643302909523248
2017-03,seasonal naive,1,2017-04,-0.51700802094324,-0.2928531806112268,99,0.29874944247453245,0.22415484033201327,0.7503104892024086
2017-03,seasonal naive,3,2017-06,-1.463420618348939,-1.4315393177924614,99,0.29874944247453245,0.031881300556477754,0.10671584955073363
2017-03,seasonal naive,6,2017-09,-0.6788522260079829,-0.7444467340021905,99,0.29874944247453245,-0.06559450799420763,0.21956361642348296
2017-03,seasonal naive,12,2018-03,-0.2953060899263378,-0.3704083872450299,99,0.29874944247453245,-0.07510229731869211,0.2513889120482438
2017-03,naive,1,2017-04,-0.2953060899263378,-0.2928531806112268,99,0.29874944247453245,0.002452909315110996,0.00821059043589713
2017-03,naive,3,2017-06,-0.2953060899263378,-1.4315393177924614,99,0.29874944247453245,-1.1362332278661236,3.80329823699331
2017-03,naive,6,2017-09,-0.2953060899263378,-0.7444467340021905,99,0.29874944247453245,-0.44914064407585275,1.5034024510828694
2017-03,naive,12,2018-03,-0.2953060899263378,-0.3704083872450299,99,0.29874944247453245,-0.07510229731869211,0.2513889120482438
2017-03,climatology,1,2017-04,-0.5686202688362122,-0.2928531806112268,99,0.29874944247453245,0.2757670882249854,0.9230714740111817
2017-03,climatology,3,2017-06,-1.6847045594522072,-1.4315393177924614,99,0.29874944247453245,0.25316524165974585,0.8474166162881709
2017-03,climatology,6,2017-09,-0.7598634039849619,-0.7444467340021905,99,0.29874944247453245,0.015416669982771358,0.051604012563422896
2017-03,climatology,12,2018-03,-0.31290513258322367,-0.3704083872450299,99,0.29874944247453245,-0.057503254661806225,0.19247987271711214
2017-03,seasonal naive with drift,1,2017-04,-0.5154200848921978,-0.2928531806112268,99,0.29874944247453245,0.22256690428097103,0.7449952121666109
2017-03,seasonal naive with drift,3,2017-06,-1.4586568101958124,-1.4315393177924614,99,0.29874944247453245,0.02711749240335104,0.09077001844334062
2017-03,seasonal naive with drift,6,2017-09,-0.6693246097017295,-0.7444467340021905,99,0.29874944247453245,-0.07512212430046106,0.25145527863826894
2017-03,seasonal naive with drift,12,2018-03,-0.27625085731383103,-0.3704083872450299,99,0.29874944247453245,-0.09415752993119886,0.31517223647781545
2017-04,seasonal naive,1,2017-05,-0.6435365992745102,-0.8691640653484248,100,0.29790177654109473,-0.2256274660739146,0.7573887900020291
2017-04,seasonal naive,3,2017-07,-1.237419493203218,-1.3716236910436208,100,0.29790177654109473,-0.13420419784040272,0.45049814539085037
2017-04,seasonal naive,6,2017-10,-0.3350339007469212,-0.4000628493107893,100,0.29790177654109473,-0.0650289485638681,0.21828989849913677
2017-04,seasonal naive,12,2018-04,-0.2928531806112268,-0.3243152732387839,100,0.29790177654109473,-0.031462092627557114,0.10561230279610972
2017-04,naive,1,2017-05,-0.2928531806112268,-0.8691640653484248,100,0.29790177654109473,-0.576310884737198,1.9345667938898563
2017-04,naive,3,2017-07,-0.2928531806112268,-1.3716236910436208,100,0.29790177654109473,-1.0787705104323941,3.6212288592497894
2017-04,naive,6,2017-10,-0.2928531806112268,-0.4000628493107893,100,0.29790177654109473,-0.1072096686995625,0.359882609443832
2017-04,naive,12,2018-04,-0.2928531806112268,-0.3243152732387839,100,0.29790177654109473,-0.031462092627557114,0.10561230279610972
2017-04,climatology,1,2017-05,-0.8098519341072987,-0.8691640653484248,100,0.29790177654109473,-0.05931213124112611,0.1990996224654745
2017-04,climatology,3,2017-07,-1.747792992487278,-1.3716236910436208,100,0.29790177654109473,0.3761693014436571,1.2627292989364418
2017-04,climatology,6,2017-10,-0.357982023296389,-0.4000628493107893,100,0.29790177654109473,-0.042080826014400274,0.14125738524622508
2017-04,climatology,12,2018-04,-0.5379794812556583,-0.3243152732387839,100,0.29790177654109473,0.2136642080168744,0.717230392170555
2017-04,seasonal naive with drift,1,2017-05,-0.6417544401100973,-0.8691640653484248,100,0.29790177654109473,-0.22740962523832753,0.7633711617257073
2017-04,seasonal naive with drift,3,2017-07,-1.232073015709979,-1.3716236910436208,100,0.29790177654109473,-0.13955067533364174,0.46844526056188557
2017-04,seasonal naive with drift,6,2017-10,-0.3243409457604433,-0.4000628493107893,100,0.29790177654109473,-0.07572190355034597,0.2541841288412066
2017-04,seasonal naive with drift,12,2018-04,-0.2714672706382711,-0.3243152732387839,100,0.29790177654109473,-0.05284800260051281,0.17740076348024925
2017-05,seasonal naive,1,2017-06,-1.463420618348939,-1.4315393177924614,101,0.2970897056369691,0.031881300556477754,0.10731203387920595
2017-05,seasonal naive,3,2017-08,-1.6186291400790251,-1.283633113388049,101,0.2970897056369691,0.33499602669097617,1.1275921727840914
2017-05,seasonal naive,6,2017-11,-0.0458666744633838,-0.1306877936767514,101,0.2970897056369691,-0.0848211192133676,0.285506759756312
2017-05,seasonal naive,12,2018-05,-0.8691640653484248,-0.778073330394462,101,0.2970897056369691,0.0910907349539628,0.3066102029979853
2017-05,naive,1,2017-06,-0.8691640653484248,-1.4315393177924614,101,0.2970897056369691,-0.5623752524440365,1.8929476241470142
2017-05,naive,3,2017-08,-0.8691640653484248,-1.283633113388049,101,0.2970897056369691,-0.41446904803962414,1.3950973062193126
2017-05,naive,6,2017-11,-0.8691640653484248,-0.1306877936767514,101,0.2970897056369691,0.7384762716716734,2.485701313979757
2017-05,naive,12,2018-05,-0.8691640653484248,-0.778073330394462,101,0.2970897056369691,0.0910907349539628,0.3066102029979853
2017-05,climatology,1,2017-06,-1.6847045594522072,-1.4315393177924614,101,0.2970897056369691,0.25316524165974585,0.852150838134738
2017-05,climatology,3,2017-08,-1.468589314289024,-1.283633113388049,101,0.2970897056369691,0.1849562009009751,0.6225601136344442
2017-05,climatology,6,2017-11,-0.2340337234586124,-0.1306877936767514,101,0.2970897056369691,0.103345929781861,0.34786102588201184
2017-05,climatology,12,2018-05,-0.8164421709118683,-0.778073330394462,101,0.2970897056369691,0.0383688405174063,0.12914900714968353
2017-05,seasonal naive with drift,1,2017-06,-1.4618697451171543,-1.4315393177924614,101,0.2970897056369691,0.030330427324692932,0.10209181519657033
2017-05,seasonal naive with drift,3,2017-08,-1.6139765203836707,-1.283633113388049,101,0.2970897056369691,0.3303434069956217,1.1119315167361847
2017-05,seasonal naive with drift,6,2017-11,-0.03656143507267488,-0.1306877936767514,101,0.2970897056369691,-0.09412635860407652,0.3168280718521257
2017-05,seasonal naive with drift,12,2018-05,-0.850553586567007,-0.778073330394462,101,0.2970897056369691,0.07248025617254494,0.24396757880635792
2017-06,seasonal naive,1,2017-07,-1.237419493203218,-1.3716236910436208,102,0.29414294558051923,-0.13420419784040272,0.4562550278931147
2017-06,seasonal naive,3,2017-09,-0.6788522260079829,-0.7444467340021905,102,0.29414294558051923,-0.06559450799420763,0.22300214565659765
2017-06,seasonal naive,6,2017-12,0.082523546069671,-0.4928311284175383,102,0.29414294558051923,-0.5753546744872093,1.9560376447298162
2017-06,seasonal naive,12,2018-06,-1.4315393177924614,-1.451765448609288,102,0.29414294558051923,-0.02022613081682656,0.06876293013557866
2017-06,naive,1,2017-07,-1.4315393177924614,-1.3716236910436208,102,0.29414294558051923,0.059915626748840545,0.20369561007350126
2017-06,naive,3,2017-09,-1.4315393177924614,-0.7444467340021905,102,0.29414294558051923,0.6870925837902708,2.3359138613174215
2017-06,naive,6,2017-12,-1.4315393177924614,-0.4928311284175383,102,0.29414294558051923,0.9387081893749231,3.1913333414210996
2017-06,naive,12,2018-06,-1.4315393177924614,-1.451765448609288,102,0.29414294558051923,-0.02022613081682656,0.06876293013557866
2017-06,climatology,1,2017-07,-1.747792992487278,-1.3716236910436208,102,0.29414294558051923,0.3761693014436571,1.2788656233153952
2017-06,climatology,3,2017-09,-0.7598634039849619,-0.7444467340021905,102,0.29414294558051923,0.015416669982771358,0.05241216971002002
2017-06,climatology,6,2017-12,-0.22306274050814037,-0.4928311284175383,102,0.29414294558051923,-0.26976838790939794,0.9171336316666858
2017-06,climatology,12,2018-06,-1.6565750881566799,-1.451765448609288,102,0.29414294558051923,0.20480963954739195,0.6962928828470816
2017-06,seasonal naive with drift,1,2017-07,-1.2358563321734934,-1.3716236910436208,102,0.29414294558051923,-0.13576735887012736,0.4615693182856298
2017-06,seasonal naive with drift,3,2017-09,-0.6741627429188088,-0.7444467340021905,102,0.29414294558051923,-0.07028399108338168,0.23894501683414335
2017-06,seasonal naive with drift,6,2017-12,0.09190251224801914,-0.4928311284175383,102,0.29414294558051923,-0.5847336406655574,1.9879233870849076
2017-06,seasonal naive with drift,12,2018-06,-1.4127813854357651,-1.451765448609288,102,0.29414294558051923,-0.038984063173522765,0.13253441484576142
2017-07,seasonal naive,1,2017-08,-1.6186291400790251,-1.283633113388049,103,0.29238537692403443,0.33499602669097617,1.1457345446452083
2017-07,seasonal naive,3,2017-10,-0.3350339007469212,-0.4000628493107893,103,0.29238537692403443,-0.0650289485638681,0.2224083476676861
2017-07,seasonal naive,6,2018-01,-0.0669318519161353,-0.3350201368019978,103,0.29238537692403443,-0.26808828488586256,0.9169004541410956
2017-07,seasonal naive,12,2018-07,-1.3716236910436208,-1.0896328102956907,103,0.29238537692403443,0.2819908807479301,0.9644493295613585
2017-07,naive,1,2017-08,-1.3716236910436208,-1.283633113388049,103,0.29238537692403443,0.08799057765557183,0.3009404183658369
2017-07,naive,3,2017-10,-1.3716236910436208,-0.4000628493107893,103,0.29238537692403443,0.9715608417328315,3.3228776758738374
2017-07,naive,6,2018-01,-1.3716236910436208,-0.3350201368019978,103,0.29238537692403443,1.036603554241623,3.5453330982108118
2017-07,naive,12,2018-07,-1.3716236910436208,-1.0896328102956907,103,0.29238537692403443,0.2819908807479301,0.9644493295613585
2017-07,climatology,1,2017-08,-1.468589314289024,-1.283633113388049,103,0.29238537692403443,0.1849562009009751,0.6325767822138011
2017-07,climatology,3,2017-10,-0.357982023296389,-0.4000628493107893,103,0.29238537692403443,-0.042080826014400274,0.14392247128464783
2017-07,climatology,6,2018-01,-0.18822275293799184,-0.3350201368019978,103,0.29238537692403443,-0.14679738386400598,0.5020681451594821
2017-07,climatology,12,2018-07,-1.7059964034379826,-1.0896328102956907,103,0.29238537692403443,0.6163635931422919,2.1080520497522395
2017-07,seasonal naive with drift,1,2017-08,-1.6172060542601037,-1.283633113388049,103,0.29238537692403443,0.3335729408720547,1.1408673866707135
2017-07,seasonal naive with drift,3,2017-10,-0.33076464329015676,-0.4000628493107893,103,0.29238537692403443,-0.06929820602063252,0.23700982159117046
2017-07,seasonal naive with drift,6,2018-01,-0.05839333700260638,-0.3350201368019978,103,0.29238537692403443,-0.2766267997993914,0.9461034019880642
2017-07,seasonal naive with drift,12,2018-07,-1.354546661216563,-1.0896328102956907,103,0.29238537692403443,0.2649138509208724,0.9060434338674211
2017-08,seasonal naive,1,2017-09,-0.6788522260079829,-0.7444467340021905,104,0.2928485361606316,-0.06559450799420763,0.22398782952504875
2017-08,seasonal naive,3,2017-11,-0.0458666744633838,-0.1306877936767514,104,0.2928485361606316,-0.0848211192133676,0.28964160219275265
2017-08,seasonal naive,6,2018-02,-0.0086235809712641,-0.4316211846913061,104,0.2928485361606316,-0.422997603720042,1.4444245112702963
2017-08,seasonal naive,12,2018-08,-1.283633113388049,-0.695494837096196,104,0.2928485361606316,0.588138276291853,2.008336063422392
2017-08,naive,1,2017-09,-1.283633113388049,-0.7444467340021905,104,0.2928485361606316,0.5391863793858584,1.841178332167271
2017-08,naive,3,2017-11,-1.283633113388049,-0.1306877936767514,104,0.2928485361606316,1.1529453197112975,3.9370021610041124
2017-08,naive,6,2018-02,-1.283633113388049,-0.4316211846913061,104,0.2928485361606316,0.8520119286967429,2.9093945281987073
2017-08,naive,12,2018-08,-1.283633113388049,-0.695494837096196,104,0.2928485361606316,0.588138276291853,2.008336063422392
2017-08,climatology,1,2017-09,-0.7598634039849619,-0.7444467340021905,104,0.2928485361606316,0.015416669982771358,0.05264383488096076
2017-08,climatology,3,2017-11,-0.2340337234586124,-0.1306877936767514,104,0.2928485361606316,0.103345929781861,0.35289891196578926
2017-08,climatology,6,2018-02,-0.17755961318674815,-0.4316211846913061,104,0.2928485361606316,-0.254061571504558,0.8675528135991828
2017-08,climatology,12,2018-08,-1.4480386253000268,-0.695494837096196,104,0.2928485361606316,0.7525437882038308,2.569737237105566
2017-08,seasonal naive with drift,1,2017-09,-0.6771411700832064,-0.7444467340021905,104,0.2928485361606316,-0.06730556391898412,0.2298306312245524
2017-08,seasonal naive with drift,3,2017-11,-0.040733506689054344,-0.1306877936767514,104,0.2928485361606316,-0.08995428698769706,0.30717000729126354
2017-08,seasonal naive with drift,6,2018-02,0.0016427545773948053,-0.4316211846913061,104,0.2928485361606316,-0.43326393926870094,1.4794813214673181
2017-08,seasonal naive with drift,12,2018-08,-1.2631004422907313,-0.695494837096196,104,0.2928485361606316,0.5676056051945353,1.9382224430283492
2017-09,seasonal naive,1,2017-10,-0.3350339007469212,-0.4000628493107893,105,0.29040494445991744,-0.0650289485638681,0.22392507360646396
2017-09,seasonal naive,3,2017-12,0.082523546069671,-0.4928311284175383,105,0.29040494445991744,-0.5753546744872093,1.9812151461719396
2017-09,seasonal naive,6,2018-03,-0.2953060899263378,-0.3704083872450299,105,0.29040494445991744,-0.07510229731869211,0.25861232307309406
2017-09,seasonal naive,12,2018-09,-0.7444467340021905,-0.7038415059982875,105,0.29040494445991744,0.04060522800390298,0.13982278462723433
2017-09,naive,1,2017-10,-0.7444467340021905,-0.4000628493107893,105,0.29040494445991744,0.34438388469140124,1.1858747285858768
2017-09,naive,3,2017-12,-0.7444467340021905,-0.4928311284175383,105,0.29040494445991744,0.25161560558465224,0.8664301706453245
2017-09,naive,6,2018-03,-0.7444467340021905,-0.3704083872450299,105,0.29040494445991744,0.37403834675716063,1.2879889061557852
2017-09,naive,12,2018-09,-0.7444467340021905,-0.7038415059982875,105,0.29040494445991744,0.04060522800390298,0.13982278462723433
2017-09,climatology,1,2017-10,-0.357982023296389,-0.4000628493107893,105,0.29040494445991744,-0.042080826014400274,0.14490395847997828
2017-09,climatology,3,2017-12,-0.22306274050814037,-0.4928311284175383,105,0.29040494445991744,-0.26976838790939794,0.9289386873598228
2017-09,climatology,6,2018-03,-0.31290513258322367,-0.3704083872450299,105,0.29040494445991744,-0.057503254661806225,0.1980105909310473
2017-09,climatology,12,2018-09,-0.7581504406535429,-0.7038415059982875,105,0.29040494445991744,0.054308934655255325,0.18701105367285234
2017-09,seasonal naive with drift,1,2017-10,-0.3334000197138038,-0.4000628493107893,105,0.29040494445991744,-0.0666628295969855,0.22955128990989512
2017-09,seasonal naive with drift,3,2017-12,0.08742518916902323,-0.4928311284175383,105,0.29040494445991744,-0.5802563175865615,1.9980937950822328
2017-09,seasonal naive with drift,6,2018-03,-0.2855028037276333,-0.3704083872450299,105,0.29040494445991744,-0.08490558351739658,0.2923696208936811
2017-09,seasonal naive with drift,12,2018-09,-0.7248401616047816,-0.7038415059982875,105,0.29040494445991744,0.020998655606494054,0.0723081889860603
2017-10,seasonal naive,1,2017-11,-0.0458666744633838,-0.1306877936767514,106,0.28800732748229985,-0.0848211192133676,0.29451028192531137
2017-10,seasonal naive,3,2018-01,-0.0669318519161353,-0.3350201368019978,106,0.28800732748229985,-0.26808828488586256,0.9308384173049852
2017-10,seasonal naive,6,2018-04,-0.2928531806112268,-0.3243152732387839,106,0.28800732748229985,-0.031462092627557114,0.10924059780906335
2017-10,seasonal naive,12,2018-10,-0.4000628493107893,-0.476496696993747,106,0.28800732748229985,-0.07643384768295775,0.2653885522674945
2017-10,naive,1,2017-11,-0.4000628493107893,-0.1306877936767514,106,0.28800732748229985,0.26937505563403785,0.9353062576180216
2017-10,naive,3,2018-01,-0.4000628493107893,-0.3350201368019978,106,0.28800732748229985,0.06504271250879146,0.22583700587544533
2017-10,naive,6,2018-04,-0.4000628493107893,-0.3243152732387839,106,0.28800732748229985,0.07574757607200538,0.2630057253548892
2017-10,naive,12,2018-10,-0.4000628493107893,-0.476496696993747,106,0.28800732748229985,-0.07643384768295775,0.2653885522674945
2017-10,climatology,1,2017-11,-0.2340337234586124,-0.1306877936767514,106,0.28800732748229985,0.103345929781861,0.3588309043568079
2017-10,climatology,3,2018-01,-0.18822275293799184,-0.3350201368019978,106,0.28800732748229985,-0.14679738386400598,0.5097001702952427
2017-10,climatology,6,2018-04,-0.5379794812556583,-0.3243152732387839,106,0.28800732748229985,0.2136642080168744,0.7418707360145399
2017-10,climatology,12,2018-10,-0.36265767063132237,-0.476496696993747,106,0.28800732748229985,-0.11383902636242466,0.39526434052071435
2017-10,seasonal naive with drift,1,2017-11,-0.044307824920480285,-0.1306877936767514,106,0.28800732748229985,-0.08637996875627112,0.29992281624008266
2017-10,seasonal naive with drift,3,2018-01,-0.062255303287424756,-0.3350201368019978,106,0.28800732748229985,-0.2727648335145731,0.9470760202492989
2017-10,seasonal naive with drift,6,2018-04,-0.2835000833538057,-0.3243152732387839,106,0.28800732748229985,-0.040815189884978176,0.14171580369769088
2017-10,seasonal naive with drift,12,2018-10,-0.3813566547959471,-0.476496696993747,106,0.28800732748229985,-0.09514004219779992,0.33033896404474977
2017-11,seasonal naive,1,2017-12,0.082523546069671,-0.4928311284175383,107,0.2858685252899953,-0.5753546744872093,2.0126548520987013
2017-11,seasonal naive,3,2018-02,-0.0086235809712641,-0.4316211846913061,107,0.2858685252899953,-0.422997603720042,1.479692817846729
2017-11,seasonal naive,6,2018-05,-0.8691640653484248,-0.778073330394462,107,0.2858685252899953,0.0910907349539628,0.31864555519554694
2017-11,seasonal naive,12,2018-11,-0.1306877936767514,-0.5563420591520679,107,0.2858685252899953,-0.4256542654753165,1.4889861171093164
2017-11,naive,1,2017-12,-0.1306877936767514,-0.4928311284175383,107,0.2858685252899953,-0.36214333474078686,1.2668177945557864
2017-11,naive,3,2018-02,-0.1306877936767514,-0.4316211846913061,107,0.2858685252899953,-0.30093339101455474,1.0526985813120808
2017-11,naive,6,2018-05,-0.1306877936767514,-0.778073330394462,107,0.2858685252899953,-0.6473855367177106,2.2646268457186025
2017-11,naive,12,2018-11,-0.1306877936767514,-0.5563420591520679,107,0.2858685252899953,-0.4256542654753165,1.4889861171093164
2017-11,climatology,1,2017-12,-0.22306274050814037,-0.4928311284175383,107,0.2858685252899953,-0.26976838790939794,0.9436799229146868
2017-11,climatology,3,2018-02,-0.17755961318674815,-0.4316211846913061,107,0.2858685252899953,-0.254061571504558,0.8887357264911512
2017-11,climatology,6,2018-05,-0.8164421709118683,-0.778073330394462,107,0.2858685252899953,0.0383688405174063,0.13421848550302476
2017-11,climatology,12,2018-11,-0.22255084237173894,-0.5563420591520679,107,0.2858685252899953,-0.33379121678032897,1.1676389222693166
2017-11,seasonal naive with drift,1,2017-12,0.08399158217947959,-0.4928311284175383,107,0.2858685252899953,-0.5768227105970178,2.017790206221088
2017-11,seasonal naive with drift,3,2018-02,-0.004219472641838323,-0.4316211846913061,107,0.2858685252899953,-0.4274017120494678,1.4950988802138891
2017-11,seasonal naive with drift,6,2018-05,-0.8603558486895733,-0.778073330394462,107,0.2858685252899953,0.08228251829511124,0.28783343046122656
2017-11,seasonal naive with drift,12,2018-11,-0.1130713603590483,-0.5563420591520679,107,0.2858685252899953,-0.4432706987930196,1.5506103665779571
2017-12,seasonal naive,1,2018-01,-0.0669318519161353,-0.3350201368019978,108,0.2888840060107996,-0.26808828488586256,0.9280135947569226
2017-12,seasonal naive,3,2018-03,-0.2953060899263378,-0.3704083872450299,108,0.2888840060107996,-0.07510229731869211,0.25997388486742495
2017-12,seasonal naive,6,2018-06,-1.4315393177924614,-1.451765448609288,108,0.2888840060107996,-0.02022613081682656,0.07001471315816088
2017-12,seasonal naive,12,2018-12,-0.4928311284175383,-0.3337235904993121,108,0.2888840060107996,0.15910753791822618,0.5507661712233322
2017-12,naive,1,2018-01,-0.4928311284175383,-0.3350201368019978,108,0.2888840060107996,0.15781099161554046,0.5462780504699899
2017-12,naive,3,2018-03,-0.4928311284175383,-0.3704083872450299,108,0.2888840060107996,0.1224227411725084,0.4237781899491236
2017-12,naive,6,2018-06,-0.4928311284175383,-1.451765448609288,108,0.2888840060107996,-0.9589343201917496,3.3194441375750685
2017-12,naive,12,2018-12,-0.4928311284175383,-0.3337235904993121,108,0.2888840060107996,0.15910753791822618,0.5507661712233322
2017-12,climatology,1,2018-01,-0.18822275293799184,-0.3350201368019978,108,0.2888840060107996,-0.14679738386400598,0.5081533792442566
2017-12,climatology,3,2018-03,-0.31290513258322367,-0.3704083872450299,108,0.2888840060107996,-0.057503254661806225,0.19905309212465203
2017-12,climatology,6,2018-06,-1.6565750881566799,-1.451765448609288,108,0.2888840060107996,0.20480963954739195,0.7089684277631326
2017-12,climatology,12,2018-12,-0.2530370058314068,-0.3337235904993121,108,0.2888840060107996,-0.08068658466790529,0.279304437037227
2017-12,seasonal naive with drift,1,2018-01,-0.06597854767074068,-0.3350201368019978,108,0.2888840060107996,-0.26904158913125714,0.9313135498446367
2017-12,seasonal naive with drift,3,2018-03,-0.292446177190154,-0.3704083872450299,108,0.2888840060107996,-0.07796221005487591,0.2698737501305676
2017-12,seasonal naive with drift,6,2018-06,-1.4258194923200938,-1.451765448609288,108,0.2888840060107996,-0.02594595628919416,0.08981444368444613
2017-12,seasonal naive with drift,12,2018-12,-0.48139147747280303,-0.3337235904993121,108,0.2888840060107996,0.14766788697349092,0.5111667101707615
2018-01,seasonal naive,1,2018-02,-0.0086235809712641,-0.4316211846913061,109,0.2886696171332229,-0.422997603720042,1.4653346892576709
2018-01,seasonal naive,3,2018-04,-0.2928531806112268,-0.3243152732387839,109,0.2886696171332229,-0.031462092627557114,0.10898996901720057
2018-01,seasonal naive,6,2018-07,-1.3716236910436208,-1.0896328102956907,109,0.2886696171332229,0.2819908807479301,0.9768637362961183
2018-01,seasonal naive,12,2019-01,-0.3350201368019978,-0.2590929151041666,109,0.2886696171332229,0.07592722169783123,0.26302463851881686
2018-01,naive,1,2018-02,-0.3350201368019978,-0.4316211846913061,109,0.2886696171332229,-0.09660104788930829,0.33464224205045545
2018-01,naive,3,2018-04,-0.3350201368019978,-0.3243152732387839,109,0.2886696171332229,0.010704863563213929,0.037083443936788
2018-01,naive,6,2018-07,-0.3350201368019978,-1.0896328102956907,109,0.2886696171332229,-0.7546126734936929,2.614104944565171
2018-01,naive,12,2019-01,-0.3350201368019978,-0.2590929151041666,109,0.2886696171332229,0.07592722169783123,0.26302463851881686
2018-01,climatology,1,2018-02,-0.17755961318674815,-0.4316211846913061,109,0.2886696171332229,-0.254061571504558,0.8801119218144351
2018-01,climatology,3,2018-04,-0.5379794812556583,-0.3243152732387839,109,0.2886696171332229,0.2136642080168744,0.7401686749675044
2018-01,climatology,6,2018-07,-1.7059964034379826,-1.0896328102956907,109,0.2886696171332229,0.6163635931422919,2.1351869284457328
2018-01,climatology,12,2019-01,-0.20290249132439248,-0.2590929151041666,109,0.2886696171332229,-0.056190423779774124,0.194653058183958
2018-01,seasonal naive with drift,1,2018-02,-0.007910421000638048,-0.4316211846913061,109,0.2886696171332229,-0.42371076369066807,1.4678051950826636
2018-01,seasonal naive with drift,3,2018-04,-0.29071370069934865,-0.3243152732387839,109,0.2886696171332229,-0.03360157253943524,0.11640148649217869
2018-01,seasonal naive with drift,6,2018-07,-1.3673447312198646,-1.0896328102956907,109,0.2886696171332229,0.27771192092417385,0.962040701346162
2018-01,seasonal naive with drift,12,2019-01,-0.3264622171544852,-0.2590929151041666,109,0.2886696171332229,0.0673693020503186,0.23337856861890396
2018-02,seasonal naive,1,2018-03,-0.2953060899263378,-0.3704083872450299,110,0.29004031087390475,-0.07510229731869211,0.25893744594468765
2018-02,seasonal naive,3,2018-05,-0.8691640653484248,-0.778073330394462,110,0.29004031087390475,0.0910907349539628,0.3140623269900044
2018-02,seasonal naive,6,2018-08,-1.283633113388049,-0.695494837096196,110,0.29004031087390475,0.588138276291853,2.0277811540049915
2018-02,seasonal naive,12,2019-02,-0.4316211846913061,-0.3455435721350409,110,0.29004031087390475,0.08607761255626523,0.2967781005919813
2018-02,naive,1,2018-03,-0.4316211846913061,-0.3704083872450299,110,0.29004031087390475,0.061212797446276224,0.2110492753984412
2018-02,naive,3,2018-05,-0.4316211846913061,-0.778073330394462,110,0.29004031087390475,-0.3464521457031559,1.1944965327725643
2018-02,naive,6,2018-08,-0.4316211846913061,-0.695494837096196,110,0.29004031087390475,-0.26387365240488986,0.9097826836891274
2018-02,naive,12,2019-02,-0.4316211846913061,-0.3455435721350409,110,0.29004031087390475,0.08607761255626523,0.2967781005919813
2018-02,climatology,1,2018-03,-0.31290513258322367,-0.3704083872450299,110,0.29004031087390475,-0.057503254661806225,0.19825952636909774
2018-02,climatology,3,2018-05,-0.8164421709118683,-0.778073330394462,110,0.29004031087390475,0.0383688405174063,0.1322879581869128
2018-02,climatology,6,2018-08,-1.4480386253000268,-0.695494837096196,110,0.29004031087390475,0.7525437882038308,2.5946179203034982
2018-02,climatology,12,2019-02,-0.20296577033720392,-0.3455435721350409,110,0.29004031087390475,-0.14257780179783697,0.49157926140764197
2018-02,seasonal naive with drift,1,2018-03,-0.29495989893816715,-0.3704083872450299,110,0.29004031087390475,-0.07544848830686274,0.2601310420594054
2018-02,seasonal naive with drift,3,2018-05,-0.8681254923839129,-0.778073330394462,110,0.29004031087390475,0.09005216198945087,0.31048153864585093
2018-02,seasonal naive with drift,6,2018-08,-1.2815559674590251,-0.695494837096196,110,0.29004031087390475,0.5860611303628291,2.020619577316684
2018-02,seasonal naive with drift,12,2019-02,-0.42746689283325834,-0.3455435721350409,110,0.29004031087390475,0.08192332069821745,0.2824549472153672
2018-03,seasonal naive,1,2018-04,-0.2928531806112268,-0.3243152732387839,111,0.2878692198278925,-0.031462092627557114,0.10929300689517019
2018-03,seasonal naive,3,2018-06,-1.4315393177924614,-1.451765448609288,111,0.2878692198278925,-0.02022613081682656,0.07026152649775859
2018-03,seasonal naive,6,2018-09,-0.7444467340021905,-0.7038415059982875,111,0.2878692198278925,0.04060522800390298,0.14105442752156522
2018-03,seasonal naive,12,2019-03,-0.3704083872450299,-0.2028890063458396,111,0.2878692198278925,0.1675193808991903,0.5819287695966405
2018-03,naive,1,2018-04,-0.3704083872450299,-0.3243152732387839,111,0.2878692198278925,0.046093114006245994,0.16011824408946376
2018-03,naive,3,2018-06,-0.3704083872450299,-1.451765448609288,111,0.2878692198278925,-1.081357061364258,3.7564177997590913
2018-03,naive,6,2018-09,-0.3704083872450299,-0.7038415059982875,111,0.2878692198278925,-0.33343311875325765,1.1582798569176875
2018-03,naive,12,2019-03,-0.3704083872450299,-0.2028890063458396,111,0.2878692198278925,0.1675193808991903,0.5819287695966405
2018-03,climatology,1,2018-04,-0.5379794812556583,-0.3243152732387839,111,0.2878692198278925,0.2136642080168744,0.7422266546754015
2018-03,climatology,3,2018-06,-1.6565750881566799,-1.451765448609288,111,0.2878692198278925,0.20480963954739195,0.7114676576739982
2018-03,climatology,6,2018-09,-0.7581504406535429,-0.7038415059982875,111,0.2878692198278925,0.054308934655255325,0.18865835912476106
2018-03,climatology,12,2019-03,-0.3186554580494043,-0.2028890063458396,111,0.2878692198278925,0.11576645170356473,0.40214946138658964
2018-03,seasonal naive with drift,1,2018-04,-0.29257370392370996,-0.3243152732387839,111,0.2878692198278925,-0.031741569315073936,0.11026385291922204
2018-03,seasonal naive with drift,3,2018-06,-1.4307008877299108,-1.451765448609288,111,0.2878692198278925,-0.021064560879377137,0.07317406456991457
2018-03,seasonal naive with drift,6,2018-09,-0.7427698738770896,-0.7038415059982875,111,0.2878692198278925,0.03892836787880205,0.135229351377254
2018-03,seasonal naive with drift,12,2019-03,-0.36705466699482797,-0.2028890063458396,111,0.2878692198278925,0.16416566064898838,0.5702786173080179
2018-04,seasonal naive,1,2018-05,-0.8691640653484248,-0.778073330394462,112,0.2853051485558892,0.0910907349539628,0.31927476743770994
2018-04,seasonal naive,3,2018-07,-1.3716236910436208,-1.0896328102956907,112,0.2853051485558892,0.2819908807479301,0.9883834279726998
2018-04,seasonal naive,6,2018-10,-0.4000628493107893,-0.476496696993747,112,0.2853051485558892,-0.07643384768295775,0.2679020973502864
2018-04,seasonal naive,12,2019-04,-0.3243152732387839,-0.6355022568951602,112,0.2853051485558892,-0.31118698365637626,1.0907163268223217
2018-04,naive,1,2018-05,-0.3243152732387839,-0.778073330394462,112,0.2853051485558892,-0.45375805715567813,1.5904306650350906
2018-04,naive,3,2018-07,-0.3243152732387839,-1.0896328102956907,112,0.2853051485558892,-0.7653175370569067,2.682452598316804
2018-04,naive,6,2018-10,-0.3243152732387839,-0.476496696993747,112,0.2853051485558892,-0.15218142375496313,0.5333987995844103
2018-04,naive,12,2019-04,-0.3243152732387839,-0.6355022568951602,112,0.2853051485558892,-0.31118698365637626,1.0907163268223217
2018-04,climatology,1,2018-05,-0.8164421709118683,-0.778073330394462,112,0.2853051485558892,0.0383688405174063,0.1344835195285308
2018-04,climatology,3,2018-07,-1.7059964034379826,-1.0896328102956907,112,0.2853051485558892,0.6163635931422919,2.1603661772740526
2018-04,climatology,6,2018-10,-0.36265767063132237,-0.476496696993747,112,0.2853051485558892,-0.11383902636242466,0.39900796371406677
2018-04,climatology,12,2019-04,-0.5166130604539709,-0.6355022568951602,112,0.2853051485558892,-0.11888919644118923,0.4167089063865937
2018-04,seasonal naive with drift,1,2018-05,-0.8689136018383061,-0.778073330394462,112,0.2853051485558892,0.0908402714438441,0.3183968880465161
2018-04,seasonal naive with drift,3,2018-07,-1.3708723005132648,-1.0896328102956907,112,0.2853051485558892,0.2812394902175741,0.9857497897991188
2018-04,seasonal naive with drift,6,2018-10,-0.3985600682500771,-0.476496696993747,112,0.2853051485558892,-0.07793662874366991,0.2731693736974491
2018-04,seasonal naive with drift,12,2019-04,-0.32130971111735956,-0.6355022568951602,112,0.2853051485558892,-0.3141925457778006,1.1012508795166471
2018-05,seasonal naive,1,2018-06,-1.4315393177924614,-1.451765448609288,113,0.28338223356973147,-0.02022613081682656,0.07137402568269878
2018-05,seasonal naive,3,2018-08,-1.283633113388049,-0.695494837096196,113,0.28338223356973147,0.588138276291853,2.0754239561286068
2018-05,seasonal naive,6,2018-11,-0.1306877936767514,-0.5563420591520679,113,0.28338223356973147,-0.4256542654753165,1.502049934865011
2018-05,seasonal naive,12,2019-05,-0.778073330394462,-1.1540291790223325,113,0.28338223356973147,-0.37595584862787046,1.3266740257213745
2018-05,naive,1,2018-06,-0.778073330394462,-1.451765448609288,113,0.28338223356973147,-0.6736921182148259,2.3773265872331106
2018-05,naive,3,2018-08,-0.778073330394462,-0.695494837096196,113,0.28338223356973147,0.08257849329826605,0.29140321274920744
2018-05,naive,6,2018-11,-0.778073330394462,-0.5563420591520679,113,0.28338223356973147,0.2217312712423941,0.7824459157134599
2018-05,naive,12,2019-05,-0.778073330394462,-1.1540291790223325,113,0.28338223356973147,-0.37595584862787046,1.3266740257213745
2018-05,climatology,1,2018-06,-1.6565750881566799,-1.451765448609288,113,0.28338223356973147,0.20480963954739195,0.7227328155595002
2018-05,climatology,3,2018-08,-1.4480386253000268,-0.695494837096196,113,0.28338223356973147,0.7525437882038308,2.6555785757071937
2018-05,climatology,6,2018-11,-0.22255084237173894,-0.5563420591520679,113,0.28338223356973147,-0.33379121678032897,1.17788335766714
2018-05,climatology,12,2019-05,-0.8126052868601278,-1.1540291790223325,113,0.28338223356973147,-0.3414238921622047,1.204817563406603
2018-05,seasonal naive with drift,1,2018-06,-1.4312161767470022,-1.451765448609288,113,0.28338223356973147,-0.020549271862285723,0.07251432668671232
2018-05,seasonal naive with drift,3,2018-08,-1.2826636902516717,-0.695494837096196,113,0.28338223356973147,0.5871688531554757,2.072003053116567
2018-05,seasonal naive with drift,6,2018-11,-0.12874894740399698,-0.5563420591520679,113,0.28338223356973147,-0.4275931117480709,1.5088917408890903
2018-05,seasonal naive with drift,12,2019-05,-0.7741956378489532,-1.1540291790223325,113,0.28338223356973147,-0.3798335411733793,1.340357637769533
2018-06,seasonal naive,1,2018-07,-1.3716236910436208,-1.0896328102956907,114,0.2808022717780363,0.2819908807479301,1.004232903681183
2018-06,seasonal naive,3,2018-09,-0.7444467340021905,-0.7038415059982875,114,0.2808022717780363,0.04060522800390298,0.14460434293067223
2018-06,seasonal naive,6,2018-12,-0.4928311284175383,-0.3337235904993121,114,0.2808022717780363,0.15910753791822618,0.5666177018823935
2018-06,seasonal naive,12,2019-06,-1.451765448609288,-1.6886780421762355,114,0.2808022717780363,-0.2369125935669476,0.8436989917026674
2018-06,naive,1,2018-07,-1.451765448609288,-1.0896328102956907,114,0.2808022717780363,0.3621326383135972,1.289635714200523
2018-06,naive,3,2018-09,-1.451765448609288,-0.7038415059982875,114,0.2808022717780363,0.7479239426110004,2.663525255245108
2018-06,naive,6,2018-12,-1.451765448609288,-0.3337235904993121,114,0.2808022717780363,1.1180418581099758,3.9815983361906206
2018-06,naive,12,2019-06,-1.451765448609288,-1.6886780421762355,114,0.2808022717780363,-0.2369125935669476,0.8436989917026674
2018-06,climatology,1,2018-07,-1.7059964034379826,-1.0896328102956907,114,0.2808022717780363,0.6163635931422919,2.1950092826510477
2018-06,climatology,3,2018-09,-0.7581504406535429,-0.7038415059982875,114,0.2808022717780363,0.054308934655255325,0.19340632221873372
2018-06,climatology,6,2018-12,-0.2530370058314068,-0.3337235904993121,114,0.2808022717780363,-0.08068658466790529,0.28734306228008377
2018-06,climatology,12,2019-06,-1.6360941242019407,-1.6886780421762355,114,0.2808022717780363,-0.05258391797429485,0.18726315012102349
2018-06,seasonal naive with drift,1,2018-07,-1.3713202426643074,-1.0896328102956907,114,0.2808022717780363,0.2816874323686167,1.003152255802546
2018-06,seasonal naive with drift,3,2018-09,-0.7435363888642504,-0.7038415059982875,114,0.2808022717780363,0.0396948828659629,0.1413623992947615
2018-06,seasonal naive with drift,6,2018-12,-0.49101043814165807,-0.3337235904993121,114,0.2808022717780363,0.15728684764234596,0.5601338146105718
2018-06,seasonal naive with drift,12,2019-06,-1.4481240680575274,-1.6886780421762355,114,0.2808022717780363,-0.24055397411870816,0.8566667662463112
2018-07,seasonal naive,1,2018-08,-1.283633113388049,-0.695494837096196,115,0.28081381167094793,0.588138276291853,2.094406513668999
2018-07,seasonal naive,3,2018-10,-0.4000628493107893,-0.476496696993747,115,0.28081381167094793,-0.07643384768295775,0.2721869242404694
2018-07,seasonal naive,6,2019-01,-0.3350201368019978,-0.2590929151041666,115,0.28081381167094793,0.07592722169783123,0.2703827893864467
2018-07,seasonal naive,12,2019-07,-1.0896328102956907,-1.174010175717488,115,0.28081381167094793,-0.08437736542179719,0.30047441370394173
2018-07,naive,1,2018-08,-1.0896328102956907,-0.695494837096196,115,0.28081381167094793,0.39413797319949473,1.4035562241551631
2018-07,naive,3,2018-10,-1.0896328102956907,-0.476496696993747,115,0.28081381167094793,0.6131361133019437,2.183425771166856
2018-07,naive,6,2019-01,-1.0896328102956907,-0.2590929151041666,115,0.28081381167094793,0.8305398951915242,2.957617683580088
2018-07,naive,12,2019-07,-1.0896328102956907,-1.174010175717488,115,0.28081381167094793,-0.08437736542179719,0.30047441370394173
2018-07,climatology,1,2018-08,-1.4480386253000268,-0.695494837096196,115,0.28081381167094793,0.7525437882038308,2.67986743146967
2018-07,climatology,3,2018-10,-0.36265767063132237,-0.476496696993747,115,0.28081381167094793,-0.11383902636242466,0.4053896981955395
2018-07,climatology,6,2019-01,-0.20290249132439248,-0.2590929151041666,115,0.28081381167094793,-0.056190423779774124,0.2000985045764663
2018-07,climatology,12,2019-07,-1.6443600441237536,-1.174010175717488,115,0.28081381167094793,0.4703498684062657,1.6749527582261956
2018-07,seasonal naive with drift,1,2018-08,-1.2831044631477355,-0.695494837096196,115,0.28081381167094793,0.5876096260515395,2.0925239487154887
2018-07,seasonal naive with drift,3,2018-10,-0.39847689858984875,-0.476496696993747,115,0.28081381167094793,-0.07801979840389828,0.2778346191010018
2018-07,seasonal naive with drift,6,2019-01,-0.33184823536011676,-0.2590929151041666,115,0.28081381167094793,0.07275532025595016,0.25908739966538186
2018-07,seasonal naive with drift,12,2019-07,-1.0832890074119286,-1.174010175717488,115,0.28081381167094793,-0.09072116830555932,0.3230651931460714
2018-08,seasonal naive,1,2018-09,-0.7444467340021905,-0.7038415059982875,116,0.28376885459999507,0.04060522800390298,0.14309261691576666
2018-08,seasonal naive,3,2018-11,-0.1306877936767514,-0.5563420591520679,116,0.28376885459999507,-0.4256542654753165,1.5000034661144377
2018-08,seasonal naive,6,2019-02,-0.4316211846913061,-0.3455435721350409,116,0.28376885459999507,0.08607761255626523,0.3033370687477368
2018-08,seasonal naive,12,2019-08,-0.695494837096196,-1.039966131075911,116,0.28376885459999507,-0.344471293979715,1.2139150875640916
2018-08,naive,1,2018-09,-0.695494837096196,-0.7038415059982875,116,0.28376885459999507,-0.00834666890209157,0.029413618749165274
2018-08,naive,3,2018-11,-0.695494837096196,-0.5563420591520679,116,0.28376885459999507,0.13915277794412806,0.4903736815665692
2018-08,naive,6,2019-02,-0.695494837096196,-0.3455435721350409,116,0.28376885459999507,0.3499512649611551,1.2332264774245636
2018-08,naive,12,2019-08,-0.695494837096196,-1.039966131075911,116,0.28376885459999507,-0.344471293979715,1.2139150875640916
2018-08,climatology,1,2018-09,-0.7581504406535429,-0.7038415059982875,116,0.28376885459999507,0.054308934655255325,0.19138440944059923
2018-08,climatology,3,2018-11,-0.22255084237173894,-0.5563420591520679,116,0.28376885459999507,-0.33379121678032897,1.1762785498459518
2018-08,climatology,6,2019-02,-0.20296577033720392,-0.3455435721350409,116,0.28376885459999507,-0.14257780179783697,0.502443448202999
2018-08,climatology,12,2019-08,-1.3727842464796436,-1.039966131075911,116,0.28376885459999507,0.33281811540373263,1.1728493455452613
2018-08,seasonal naive with drift,1,2018-09,-0.7434519022928,-0.7038415059982875,116,0.28376885459999507,0.03961039629451246,0.1395868350328576
2018-08,seasonal naive with drift,3,2018-11,-0.12770329854857987,-0.5563420591520679,116,0.28376885459999507,-0.42863876060348804,1.5105208117631648
2018-08,seasonal naive with drift,6,2019-02,-0.42565219443496305,-0.3455435721350409,116,0.28376885459999507,0.08010862229992216,0.2823023774502826
2018-08,seasonal naive with drift,12,2019-08,-0.68355685658351,-1.039966131075911,116,0.28376885459999507,-0.356409274492401,1.2559844701589997
2018-09,seasonal naive,1,2018-10,-0.4000628493107893,-0.476496696993747,117,0.28145301053717514,-0.07643384768295775,0.27156876928435675
2018-09,seasonal naive,3,2018-12,-0.4928311284175383,-0.3337235904993121,117,0.28145301053717514,0.15910753791822618,0.5653076427022649
2018-09,seasonal naive,6,2019-03,-0.3704083872450299,-0.2028890063458396,117,0.28145301053717514,0.1675193808991903,0.595194844707706
2018-09,seasonal naive,12,2019-09,-0.7038415059982875,-0.8985479651631065,117,0.28145301053717514,-0.194706459164819,0.6917902878111215
2018-09,naive,1,2018-10,-0.7038415059982875,-0.476496696993747,117,0.28145301053717514,0.22734480900454052,0.807754049497055
2018-09,naive,3,2018-12,-0.7038415059982875,-0.3337235904993121,117,0.28145301053717514,0.37011791549897544,1.3150256051359208
2018-09,naive,6,2019-03,-0.7038415059982875,-0.2028890063458396,117,0.28145301053717514,0.5009524996524479,1.7798796989108085
2018-09,naive,12,2019-09,-0.7038415059982875,-0.8985479651631065,117,0.28145301053717514,-0.194706459164819,0.6917902878111215
2018-09,climatology,1,2018-10,-0.36265767063132237,-0.476496696993747,117,0.28145301053717514,-0.11383902636242466,0.4044690307101493
2018-09,climatology,3,2018-12,-0.2530370058314068,-0.3337235904993121,117,0.28145301053717514,-0.08068658466790529,0.2866787053153513
2018-09,climatology,6,2019-03,-0.3186554580494043,-0.2028890063458396,117,0.28145301053717514,0.11576645170356473,0.4113171555088907
2018-09,climatology,12,2019-09,-0.7527195471880173,-0.8985479651631065,117,0.28145301053717514,-0.14582841797508928,0.5181270496867818
2018-09,seasonal naive with drift,1,2018-10,-0.3990452658176756,-0.476496696993747,117,0.28145301053717514,-0.07745143117607145,0.2751842342288303
2018-09,seasonal naive with drift,3,2018-12,-0.48977837793819723,-0.3337235904993121,117,0.28145301053717514,0.15605478743888512,0.5544612478688443
2018-09,seasonal naive with drift,6,2019-03,-0.3643028862863477,-0.2028890063458396,117,0.28145301053717514,0.16141387994050813,0.5735020550408648
2018-09,seasonal naive with drift,12,2019-09,-0.6916305040809232,-0.8985479651631065,117,0.28145301053717514,-0.20691746108218334,0.7351758671448038
2018-10,seasonal naive,1,2018-11,-0.1306877936767514,-0.5563420591520679,118,0.2795188674913806,-0.4256542654753165,1.5228104968207279
2018-10,seasonal naive,3,2019-01,-0.3350201368019978,-0.2590929151041666,118,0.2795188674913806,0.07592722169783123,0.2716354082973399
2018-10,seasonal naive,6,2019-04,-0.3243152732387839,-0.6355022568951602,118,0.2795188674913806,-0.31118698365637626,1.1132950932765646
2018-10,seasonal naive,12,2019-10,-0.476496696993747,-0.5467088262173658,118,0.2795188674913806,-0.0702121292236188,0.2511892304578828
2018-10,naive,1,2018-11,-0.476496696993747,-0.5563420591520679,118,0.2795188674913806,-0.07984536215832089,0.28565285368717747
2018-10,naive,3,2019-01,-0.476496696993747,-0.2590929151041666,118,0.2795188674913806,0.21740378188958043,0.7777785587095812
2018-10,naive,6,2019-04,-0.476496696993747,-0.6355022568951602,118,0.2795188674913806,-0.15900555990141313,0.5688544795864856
2018-10,naive,12,2019-10,-0.476496696993747,-0.5467088262173658,118,0.2795188674913806,-0.0702121292236188,0.2511892304578828
2018-10,climatology,1,2018-11,-0.22255084237173894,-0.5563420591520679,118,0.2795188674913806,-0.33379121678032897,1.1941634558555227
2018-10,climatology,3,2019-01,-0.20290249132439248,-0.2590929151041666,118,0.2795188674913806,-0.056190423779774124,0.20102551317580322
2018-10,climatology,6,2019-04,-0.5166130604539709,-0.6355022568951602,118,0.2795188674913806,-0.11888919644118923,0.4253351392991579
2018-10,climatology,12,2019-10,-0.3740415732675648,-0.5467088262173658,118,0.2795188674913806,-0.172667252949801,0.6177302251524236
2018-10,seasonal naive with drift,1,2018-11,-0.12973989953080778,-0.5563420591520679,118,0.2795188674913806,-0.42660215962126014,1.5262016601953179
2018-10,seasonal naive with drift,3,2019-01,-0.33217645436416693,-0.2590929151041666,118,0.2795188674913806,0.07308353926000033,0.26146191817357006
2018-10,seasonal naive with drift,6,2019-04,-0.3186279083631221,-0.6355022568951602,118,0.2795188674913806,-0.31687434853203805,1.1336420735241042
2018-10,seasonal naive with drift,12,2019-10,-0.4651219672424235,-0.5467088262173658,118,0.2795188674913806,-0.08158685897494233,0.291883190952962
2018-11,seasonal naive,1,2018-12,-0.4928311284175383,-0.3337235904993121,119,0.2808846188744081,0.15910753791822618,0.5664515862627848
2018-11,seasonal naive,3,2019-02,-0.4316211846913061,-0.3455435721350409,119,0.2808846188744081,0.08607761255626523,0.30645185521800716
2018-11,seasonal naive,6,2019-05,-0.778073330394462,-1.1540291790223325,119,0.2808846188744081,-0.37595584862787046,1.3384707576172818
2018-11,seasonal naive,12,2019-11,-0.5563420591520679,-0.5525958037474524,119,0.2808846188744081,0.003746255404615484,0.013337346201539597
2018-11,naive,1,2018-12,-0.5563420591520679,-0.3337235904993121,119,0.2808846188744081,0.2226184686527558,0.7925619763191633
2018-11,naive,3,2019-02,-0.5563420591520679,-0.3455435721350409,119,0.2808846188744081,0.21079848701702703,0.7504807057850374
2018-11,naive,6,2019-05,-0.5563420591520679,-1.1540291790223325,119,0.2808846188744081,-0.5976871198702646,2.1278741508359644
2018-11,naive,12,2019-11,-0.5563420591520679,-0.5525958037474524,119,0.2808846188744081,0.003746255404615484,0.013337346201539597
2018-11,climatology,1,2018-12,-0.2530370058314068,-0.3337235904993121,119,0.2808846188744081,-0.08068658466790529,0.28725882175834866
2018-11,climatology,3,2019-02,-0.20296577033720392,-0.3455435721350409,119,0.2808846188744081,-0.14257780179783697,0.5076027386945946
2018-11,climatology,6,2019-05,-0.8126052868601278,-1.1540291790223325,119,0.2808846188744081,-0.3414238921622047,1.2155307525573893
2018-11,climatology,12,2019-11,-0.2559299640497718,-0.5525958037474524,119,0.2808846188744081,-0.2966658396976806,1.0561839978511918
2018-11,seasonal naive with drift,1,2018-12,-0.4922235995326746,-0.3337235904993121,119,0.2808846188744081,0.15850000903336248,0.5642886736501317
2018-11,seasonal naive with drift,3,2019-02,-0.42979859803671505,-0.3455435721350409,119,0.2808846188744081,0.08425502590167416,0.29996311738004816
2018-11,seasonal naive with drift,6,2019-05,-0.7744281570852799,-1.1540291790223325,119,0.2808846188744081,-0.3796010219370526,1.3514482332931999
2018-11,seasonal naive with drift,12,2019-11,-0.5490517125337037,-0.5525958037474524,119,0.2808846188744081,-0.003544091213748768,0.012617605150296383
2018-12,seasonal naive,1,2019-01,-0.3350201368019978,-0.2590929151041666,120,0.279757053309999,0.07592722169783123,0.2714041372665454
2018-12,seasonal naive,3,2019-03,-0.3704083872450299,-0.2028890063458396,120,0.279757053309999,0.1675193808991903,0.5988030647204521
2018-12,seasonal naive,6,2019-06,-1.451765448609288,-1.6886780421762355,120,0.279757053309999,-0.2369125935669476,0.8468511902161929
2018-12,seasonal naive,12,2019-12,-0.3337235904993121,-0.3407732571124477,120,0.279757053309999,-0.007049666613135608,0.02519924530847795
2018-12,naive,1,2019-01,-0.3337235904993121,-0.2590929151041666,120,0.279757053309999,0.07463067539514551,0.266769593517441
2018-12,naive,3,2019-03,-0.3337235904993121,-0.2028890063458396,120,0.279757053309999,0.13083458415347252,0.467672155555966
2018-12,naive,6,2019-06,-0.3337235904993121,-1.6886780421762355,120,0.279757053309999,-1.3549544516769234,4.843325434141949
2018-12,naive,12,2019-12,-0.3337235904993121,-0.3407732571124477,120,0.279757053309999,-0.007049666613135608,0.02519924530847795
2018-12,climatology,1,2019-01,-0.20290249132439248,-0.2590929151041666,120,0.279757053309999,-0.056190423779774124,0.20085435957716308
2018-12,climatology,3,2019-03,-0.3186554580494043,-0.2028890063458396,120,0.279757053309999,0.11576645170356473,0.4138106629800816
2018-12,climatology,6,2019-06,-1.6360941242019407,-1.6886780421762355,120,0.279757053309999,-0.05258391797429485,0.1879627961194836
2018-12,climatology,12,2019-12,-0.26110566429819737,-0.3407732571124477,120,0.279757053309999,-0.07966759281425034,0.2847742063038197
2018-12,seasonal naive with drift,1,2019-01,-0.33429546502261265,-0.2590929151041666,120,0.279757053309999,0.07520254991844605,0.268813776198572
2018-12,seasonal naive with drift,3,2019-03,-0.3682343719068743,-0.2028890063458396,120,0.279757053309999,0.1653453655610347,0.5910319815165317
2018-12,seasonal naive with drift,6,2019-06,-1.4474174179329768,-1.6886780421762355,120,0.279757053309999,-0.24126062424325867,0.8623933566240333
2018-12,seasonal naive with drift,12,2019-12,-0.3250275291466898,-0.3407732571124477,120,0.279757053309999,-0.015745727965757905,0.056283578124159225
2019-01,seasonal naive,1,2019-02,-0.4316211846913061,-0.3455435721350409,121,0.2778870548548415,0.08607761255626523,0.30975754736480676
2019-01,seasonal naive,3,2019-04,-0.3243152732387839,-0.6355022568951602,121,0.2778870548548415,-0.31118698365637626,1.1198326018422466
2019-01,seasonal naive,6,2019-07,-1.0896328102956907,-1.174010175717488,121,0.2778870548548415,-0.08437736542179719,0.3036390646763772
2019-01,seasonal naive,12,2020-01,-0.2590929151041666,-0.4827268949476449,121,0.2778870548548415,-0.22363397984347833,0.8047657346265983
2019-01,naive,1,2019-02,-0.2590929151041666,-0.3455435721350409,121,0.2778870548548415,-0.08645065703087429,0.31109997936403727
2019-01,naive,3,2019-04,-0.2590929151041666,-0.6355022568951602,121,0.2778870548548415,-0.37640934179099356,1.354540757530489
2019-01,naive,6,2019-07,-0.2590929151041666,-1.174010175717488,121,0.2778870548548415,-0.9149172606133213,3.2924069136334624
2019-01,naive,12,2020-01,-0.2590929151041666,-0.4827268949476449,121,0.2778870548548415,-0.22363397984347833,0.8047657346265983
2019-01,climatology,1,2019-02,-0.20296577033720392,-0.3455435721350409,121,0.2778870548548415,-0.14257780179783697,0.5130782427857773
2019-01,climatology,3,2019-04,-0.5166130604539709,-0.6355022568951602,121,0.2778870548548415,-0.11888919644118923,0.42783279884445424
2019-01,climatology,6,2019-07,-1.6443600441237536,-1.174010175717488,121,0.2778870548548415,0.4703498684062657,1.6925936641847532
2019-01,climatology,12,2020-01,-0.2080107116680083,-0.4827268949476449,121,0.2778870548548415,-0.27471618327963665,0.9885893512496967
2019-01,seasonal naive with drift,1,2019-02,-0.43084511294223804,-0.3455435721350409,121,0.2778870548548415,0.08530154080719715,0.30696478773275604
2019-01,seasonal naive with drift,3,2019-04,-0.3219870579915797,-0.6355022568951602,121,0.2778870548548415,-0.3135151989035805,1.1282108807383988
2019-01,seasonal naive with drift,6,2019-07,-1.0849763798012824,-1.174010175717488,121,0.2778870548548415,-0.08903379591620553,0.3203956224686813
2019-01,seasonal naive with drift,12,2020-01,-0.24978005411534973,-0.4827268949476449,121,0.2778870548548415,-0.2329468408322952,0.8382788502112072
2019-02,seasonal naive,1,2019-03,-0.3704083872450299,-0.2028890063458396,122,0.27614333265212715,0.1675193808991903,0.606639238001171
2019-02,seasonal naive,3,2019-05,-0.778073330394462,-1.1540291790223325,122,0.27614333265212715,-0.37595584862787046,1.36145184103171
2019-02,seasonal naive,6,2019-08,-0.695494837096196,-1.039966131075911,122,0.27614333265212715,-0.344471293979715,1.2474365782123167
2019-02,seasonal naive,12,2020-02,-0.3455435721350409,-0.3859813886092053,122,0.27614333265212715,-0.04043781647416439,0.14643777956104453
2019-02,naive,1,2019-03,-0.3455435721350409,-0.2028890063458396,122,0.27614333265212715,0.1426545657892013,0.5165960894986049
2019-02,naive,3,2019-05,-0.3455435721350409,-1.1540291790223325,122,0.27614333265212715,-0.8084856068872917,2.9277752213767374
2019-02,naive,6,2019-08,-0.3455435721350409,-1.039966131075911,122,0.27614333265212715,-0.6944225589408701,2.5147178179951646
2019-02,naive,12,2020-02,-0.3455435721350409,-0.3859813886092053,122,0.27614333265212715,-0.04043781647416439,0.14643777956104453
2019-02,climatology,1,2019-03,-0.3186554580494043,-0.2028890063458396,122,0.27614333265212715,0.11576645170356473,0.41922595266640766
2019-02,climatology,3,2019-05,-0.8126052868601278,-1.1540291790223325,122,0.27614333265212715,-0.3414238921622047,1.2364009982899535
2019-02,climatology,6,2019-08,-1.3727842464796436,-1.039966131075911,122,0.27614333265212715,0.33281811540373263,1.205236831928156
2019-02,climatology,12,2020-02,-0.21592738868246186,-0.3859813886092053,122,0.27614333265212715,-0.17005399992674342,0.6158178736148221
2019-02,seasonal naive with drift,1,2019-03,-0.369574160381138,-0.2028890063458396,122,0.27614333265212715,0.1666851540352984,0.6036182457654367
2019-02,seasonal naive with drift,3,2019-05,-0.7755706498027863,-1.1540291790223325,122,0.27614333265212715,-0.37845852921954615,1.3705148177389133
2019-02,seasonal naive with drift,6,2019-08,-0.6904894759128446,-1.039966131075911,122,0.27614333265212715,-0.34947665516306636,1.265562531626723
2019-02,seasonal naive with drift,12,2020-02,-0.33553284976833814,-0.3859813886092053,122,0.27614333265212715,-0.05044853884086714,0.18268968638985728
2019-03,seasonal naive,1,2019-04,-0.3243152732387839,-0.6355022568951602,123,0.2751647384921908,-0.31118698365637626,1.1309115599679491
2019-03,seasonal naive,3,2019-06,-1.451765448609288,-1.6886780421762355,123,0.2751647384921908,-0.2369125935669476,0.8609845682450014
2019-03,seasonal naive,6,2019-09,-0.7038415059982875,-0.8985479651631065,123,0.2751647384921908,-0.194706459164819,0.7075996009944594
2019-03,seasonal naive,12,2020-03,-0.2028890063458396,-0.2968551198120847,123,0.2751647384921908,-0.09396611346624509,0.34149038856194813
2019-03,naive,1,2019-04,-0.2028890063458396,-0.6355022568951602,123,0.2751647384921908,-0.43261325054932054,1.5721972696061786
2019-03,naive,3,2019-06,-0.2028890063458396,-1.6886780421762355,123,0.2751647384921908,-1.485789035830396,5.399634575171276
2019-03,naive,6,2019-09,-0.2028890063458396,-0.8985479651631065,123,0.2751647384921908,-0.6956589588172669,2.528154452598983
2019-03,naive,12,2020-03,-0.2028890063458396,-0.2968551198120847,123,0.2751647384921908,-0.09396611346624509,0.34149038856194813
2019-03,climatology,1,2019-04,-0.5166130604539709,-0.6355022568951602,123,0.2751647384921908,-0.11888919644118923,0.43206552224918643
2019-03,climatology,3,2019-06,-1.6360941242019407,-1.6886780421762355,123,0.2751647384921908,-0.05258391797429485,0.19109976904176326
2019-03,climatology,6,2019-09,-0.7527195471880173,-0.8985479651631065,123,0.2751647384921908,-0.14582841797508928,0.529967679631407
2019-03,climatology,12,2020-03,-0.30813123516726204,-0.2968551198120847,123,0.2751647384921908,0.011276115355177363,0.040979507101697114
2019-03,seasonal naive with drift,1,2019-04,-0.323362796631249,-0.6355022568951602,123,0.2751647384921908,-0.31213946026391115,1.1343730376731018
2019-03,seasonal naive with drift,3,2019-06,-1.4489080187866832,-1.6886780421762355,123,0.2751647384921908,-0.23977002338955233,0.8713690013604597
2019-03,seasonal naive with drift,6,2019-09,-0.6981266463530781,-0.8985479651631065,123,0.2751647384921908,-0.20042131881002845,0.7283684672253761
2019-03,seasonal naive with drift,12,2020-03,-0.19145928705542073,-0.2968551198120847,123,0.2751647384921908,-0.10539583275666395,0.38302812102378114
2019-04,seasonal naive,1,2019-05,-0.778073330394462,-1.1540291790223325,124,0.2754863656811567,-0.37595584862787046,1.3646985675617627
2019-04,seasonal naive,3,2019-07,-1.0896328102956907,-1.174010175717488,124,0.2754863656811567,-0.08437736542179719,0.30628508678884725
2019-04,seasonal naive,6,2019-10,-0.476496696993747,-0.5467088262173658,124,0.2754863656811567,-0.0702121292236188,0.25486607676577777
2019-04,seasonal naive,12,2020-04,-0.6355022568951602,-0.6731386759965559,124,0.2754863656811567,-0.0376364191013957,0.13661808274372264
2019-04,naive,1,2019-05,-0.6355022568951602,-1.1540291790223325,124,0.2754863656811567,-0.5185269221271723,1.8822235388857926
2019-04,naive,3,2019-07,-0.6355022568951602,-1.174010175717488,124,0.2754863656811567,-0.5385079188223277,1.954753432137501
2019-04,naive,6,2019-10,-0.6355022568951602,-0.5467088262173658,124,0.2754863656811567,0.08879343067779433,0.3223151550830735
2019-04,naive,12,2020-04,-0.6355022568951602,-0.6731386759965559,124,0.2754863656811567,-0.0376364191013957,0.13661808274372264
2019-04,climatology,1,2019-05,-0.8126052868601278,-1.1540291790223325,124,0.2754863656811567,-0.3414238921622047,1.2393495094322127
2019-04,climatology,3,2019-07,-1.6443600441237536,-1.174010175717488,124,0.2754863656811567,0.4703498684062657,1.7073435458168582
2019-04,climatology,6,2019-10,-0.3740415732675648,-0.5467088262173658,124,0.2754863656811567,-0.172667252949801,0.6267724085831645
2019-04,climatology,12,2020-04,-0.5274211692213517,-0.6731386759965559,124,0.2754863656811567,-0.14571750677520412,0.528946346999456
2019-04,seasonal naive with drift,1,2019-05,-0.7773608959766197,-1.1540291790223325,124,0.2754863656811567,-0.37666828304571276,1.3672846643948338
2019-04,seasonal naive with drift,3,2019-07,-1.0874955070421637,-1.174010175717488,124,0.2754863656811567,-0.0865146686753242,0.31404337728806087
2019-04,seasonal naive with drift,6,2019-10,-0.47222209048669295,-0.5467088262173658,124,0.2754863656811567,-0.07448673573067288,0.2703826577642052
2019-04,seasonal naive with drift,12,2020-04,-0.626953043881052,-0.6731386759965559,124,0.2754863656811567,-0.04618563211550386,0.1676512447405776
2019-05,seasonal naive,1,2019-06,-1.451765448609288,-1.6886780421762355,125,0.2763754761497117,-0.2369125935669476,0.857212792059064
2019-05,seasonal naive,3,2019-08,-0.695494837096196,-1.039966131075911,125,0.2763754761497117,-0.344471293979715,1.2463887852086992
2019-05,seasonal naive,6,2019-11,-0.5563420591520679,-0.5525958037474524,125,0.2763754761497117,0.003746255404615484,0.013554948712548394
2019-05,seasonal naive,12,2020-05,-1.1540291790223325,-0.7575445416881608,125,0.2763754761497117,0.3964846373341717,1.4345868991624904
2019-05,naive,1,2019-06,-1.1540291790223325,-1.6886780421762355,125,0.2763754761497117,-0.534648863153903,1.934501825568219
2019-05,naive,3,2019-08,-1.1540291790223325,-1.039966131075911,125,0.2763754761497117,0.11406304794642153,0.41271045295145486
2019-05,naive,6,2019-11,-1.1540291790223325,-0.5525958037474524,125,0.2763754761497117,0.60143337527488,2.1761459578601885
2019-05,naive,12,2020-05,-1.1540291790223325,-0.7575445416881608,125,0.2763754761497117,0.3964846373341717,1.4345868991624904
2019-05,climatology,1,2019-06,-1.6360941242019407,-1.6886780421762355,125,0.2763754761497117,-0.05258391797429485,0.1902626047247778
2019-05,climatology,3,2019-08,-1.3727842464796436,-1.039966131075911,125,0.2763754761497117,0.33281811540373263,1.2042244848940438
2019-05,climatology,6,2019-11,-0.2559299640497718,-0.5525958037474524,125,0.2763754761497117,-0.2966658396976806,1.073415933391202
2019-05,climatology,12,2020-05,-0.8436438225112372,-0.7575445416881608,125,0.2763754761497117,0.08609928082307639,0.31153010398229647
2019-05,seasonal naive with drift,1,2019-06,-1.4513365724964913,-1.6886780421762355,125,0.2763754761497117,-0.23734146967974423,0.8587645799339197
2019-05,seasonal naive with drift,3,2019-08,-0.6942082087578061,-1.039966131075911,125,0.2763754761497117,-0.34575792231810487,1.2510441488332666
2019-05,seasonal naive with drift,6,2019-11,-0.553768802475288,-0.5525958037474524,125,0.2763754761497117,0.0011729987278356058,0.004244221463413043
2019-05,seasonal naive with drift,12,2020-05,-1.1488826656687727,-0.7575445416881608,125,0.2763754761497117,0.39133812398061196,1.4159654446642196
2019-06,seasonal naive,1,2019-07,-1.0896328102956907,-1.174010175717488,126,0.2760293105130208,-0.08437736542179719,0.30568262937358226
2019-06,seasonal naive,3,2019-09,-0.7038415059982875,-0.8985479651631065,126,0.2760293105130208,-0.194706459164819,0.7053832754316659
2019-06,seasonal naive,6,2019-12,-0.3337235904993121,-0.3407732571124477,126,0.2760293105130208,-0.007049666613135608,0.025539558099947006
2019-06,seasonal naive,12,2020-06,-1.6886780421762355,-1.3029578283193948,126,0.2760293105130208,0.38572021385684074,1.3973886075357407
2019-06,naive,1,2019-07,-1.6886780421762355,-1.174010175717488,126,0.2760293105130208,0.5146678664587476,1.8645406370149584
2019-06,naive,3,2019-09,-1.6886780421762355,-0.8985479651631065,126,0.2760293105130208,0.790130077013129,2.862486145201805
2019-06,naive,6,2019-12,-1.6886780421762355,-0.3407732571124477,126,0.2760293105130208,1.3479047850637877,4.883194406270143
2019-06,naive,12,2020-06,-1.6886780421762355,-1.3029578283193948,126,0.2760293105130208,0.38572021385684074,1.3973886075357407
2019-06,climatology,1,2019-07,-1.6443600441237536,-1.174010175717488,126,0.2760293105130208,0.4703498684062657,1.703985230887567
2019-06,climatology,3,2019-09,-0.7527195471880173,-0.8985479651631065,126,0.2760293105130208,-0.14582841797508928,0.528307728277321
2019-06,climatology,6,2019-12,-0.26110566429819737,-0.3407732571124477,126,0.2760293105130208,-0.07966759281425034,0.2886200478716635
2019-06,climatology,12,2020-06,-1.6408744803814221,-1.3029578283193948,126,0.2760293105130208,0.33791665206202737,1.2242056882799308
2019-06,seasonal naive with drift,1,2019-07,-1.0893808779745027,-1.174010175717488,126,0.2760293105130208,-0.08462929774298522,0.3065953307121459
2019-06,seasonal naive with drift,3,2019-09,-0.7030857090347233,-0.8985479651631065,126,0.2760293105130208,-0.1954622561283832,0.7081213794473572
2019-06,seasonal naive with drift,6,2019-12,-0.3322119965721836,-0.3407732571124477,126,0.2760293105130208,-0.008561260540264126,0.031015766131330013
2019-06,seasonal naive with drift,12,2020-06,-1.6856548543219785,-1.3029578283193948,126,0.2760293105130208,0.3826970260025837,1.3864361914729746
2019-07,seasonal naive,1,2019-08,-0.695494837096196,-1.039966131075911,127,0.27436277186005364,-0.344471293979715,1.2555321979157659
2019-07,seasonal naive,3,2019-10,-0.476496696993747,-0.5467088262173658,127,0.27436277186005364,-0.0702121292236188,0.2559098260584437
2019-07,seasonal naive,6,2020-01,-0.2590929151041666,-0.4827268949476449,127,0.27436277186005364,-0.22363397984347833,0.815103223835153
2019-07,seasonal naive,12,2020-07,-1.174010175717488,-0.8528300989201106,127,0.27436277186005364,0.32118007679737726,1.170640151431347
2019-07,naive,1,2019-08,-1.174010175717488,-1.039966131075911,127,0.27436277186005364,0.13404404464157693,0.48856498909389146
2019-07,naive,3,2019-10,-1.174010175717488,-0.5467088262173658,127,0.27436277186005364,0.6273013495001221,2.2863938326884035
2019-07,naive,6,2020-01,-1.174010175717488,-0.4827268949476449,127,0.27436277186005364,0.691283280769843,2.5195957749051
2019-07,naive,12,2020-07,-1.174010175717488,-0.8528300989201106,127,0.27436277186005364,0.32118007679737726,1.170640151431347
2019-07,climatology,1,2019-08,-1.3727842464796436,-1.039966131075911,127,0.27436277186005364,0.33281811540373263,1.2130585835220231
2019-07,climatology,3,2019-10,-0.3740415732675648,-0.5467088262173658,127,0.27436277186005364,-0.172667252949801,0.6293392204022299
2019-07,climatology,6,2020-01,-0.2080107116680083,-0.4827268949476449,127,0.27436277186005364,-0.27471618327963665,1.0012881172514296
2019-07,climatology,12,2020-07,-1.6016009651777294,-0.8528300989201106,127,0.27436277186005364,0.7487708662576188,2.7291270648029107
2019-07,seasonal naive with drift,1,2019-08,-0.6953062385092659,-1.039966131075911,127,0.27436277186005364,-0.3446598925666451,1.25621960381144
2019-07,seasonal naive with drift,3,2019-10,-0.4759309012329568,-0.5467088262173658,127,0.27436277186005364,-0.07077792498440905,0.25797204374546595
2019-07,seasonal naive with drift,6,2020-01,-0.25796132358258617,-0.4827268949476449,127,0.27436277186005364,-0.22476557136505876,0.8192276592091973
2019-07,seasonal naive with drift,12,2020-07,-1.171746992674327,-0.8528300989201106,127,0.27436277186005364,0.3189168937542163,1.162391280683258
2019-08,seasonal naive,1,2019-09,-0.7038415059982875,-0.8985479651631065,128,0.27496715567143004,-0.194706459164819,0.7081080599949254
2019-08,seasonal naive,3,2019-11,-0.5563420591520679,-0.5525958037474524,128,0.27496715567143004,0.003746255404615484,0.01362437413831361
2019-08,seasonal naive,6,2020-02,-0.3455435721350409,-0.3859813886092053,128,0.27496715567143004,-0.04043781647416439,0.1470641698111947
2019-08,seasonal naive,12,2020-08,-1.039966131075911,-1.4444213407725028,128,0.27496715567143004,-0.4044552096965919,1.4709218950495042
2019-08,naive,1,2019-09,-1.039966131075911,-0.8985479651631065,128,0.27496715567143004,0.14141816591280443,0.5143093020236607
2019-08,naive,3,2019-11,-1.039966131075911,-0.5525958037474524,128,0.27496715567143004,0.48737032732845853,1.772467428476578
2019-08,naive,6,2020-02,-1.039966131075911,-0.3859813886092053,128,0.27496715567143004,0.6539847424667057,2.378410399124832
2019-08,naive,12,2020-08,-1.039966131075911,-1.4444213407725028,128,0.27496715567143004,-0.4044552096965919,1.4709218950495042
2019-08,climatology,1,2019-09,-0.7527195471880173,-0.8985479651631065,128,0.27496715567143004,-0.14582841797508928,0.5303484978742183
2019-08,climatology,3,2019-11,-0.2559299640497718,-0.5525958037474524,128,0.27496715567143004,-0.2966658396976806,1.0789137305263443
2019-08,climatology,6,2020-02,-0.21592738868246186,-0.3859813886092053,128,0.27496715567143004,-0.17005399992674342,0.6184520457052266
2019-08,climatology,12,2020-08,-1.3425280541702134,-1.4444213407725028,128,0.27496715567143004,-0.10189328660228947,0.37056530025733725
2019-08,seasonal naive with drift,1,2019-09,-0.7039019982712877,-0.8985479651631065,128,0.27496715567143004,-0.1946459668918188,0.7078880618178615
2019-08,seasonal naive with drift,3,2019-11,-0.5565235359710684,-0.5525958037474524,128,0.27496715567143004,0.003927732223615976,0.014284368669505353
2019-08,seasonal naive with drift,6,2020-02,-0.3459065257730418,-0.3859813886092053,128,0.27496715567143004,-0.04007486283616346,0.1457441807488114
2019-08,seasonal naive with drift,12,2020-08,-1.0406920383519127,-1.4444213407725028,128,0.27496715567143004,-0.40372930242059013,1.4682819169247379
2019-09,seasonal naive,1,2019-10,-0.476496696993747,-0.5467088262173658,129,0.27428116681239917,-0.0702121292236188,0.2559859652035168
2019-09,seasonal naive,3,2019-12,-0.3337235904993121,-0.3407732571124477,129,0.27428116681239917,-0.007049666613135608,0.025702335654556215
2019-09,seasonal naive,6,2020-03,-0.2028890063458396,-0.2968551198120847,129,0.27428116681239917,-0.09396611346624509,0.34259046859938197
2019-09,seasonal naive,12,2020-09,-0.8985479651631065,-1.1587505858307934,129,0.27428116681239917,-0.26020262066768685,0.9486711161822435
2019-09,naive,1,2019-10,-0.8985479651631065,-0.5467088262173658,129,0.27428116681239917,0.3518391389457407,1.2827681281755268
2019-09,naive,3,2019-12,-0.8985479651631065,-0.3407732571124477,129,0.27428116681239917,0.5577747080506588,2.0335873386165133
2019-09,naive,6,2020-03,-0.8985479651631065,-0.2968551198120847,129,0.27428116681239917,0.6016928453510219,2.1937082022206917
2019-09,naive,12,2020-09,-0.8985479651631065,-1.1587505858307934,129,0.27428116681239917,-0.26020262066768685,0.9486711161822435
2019-09,climatology,1,2019-10,-0.3740415732675648,-0.5467088262173658,129,0.27428116681239917,-0.172667252949801,0.6295264635063358
2019-09,climatology,3,2019-12,-0.26110566429819737,-0.3407732571124477,129,0.27428116681239917,-0.07966759281425034,0.29045958109380804
2019-09,climatology,6,2020-03,-0.30813123516726204,-0.2968551198120847,129,0.27428116681239917,0.011276115355177363,0.041111518833846575
2019-09,climatology,12,2020-09,-0.7659766760948435,-1.1587505858307934,129,0.27428116681239917,-0.39277390973594983,1.4320119543774454
2019-09,seasonal naive with drift,1,2019-10,-0.4766953520529928,-0.5467088262173658,129,0.27428116681239917,-0.07001347416437304,0.25526168995868515
2019-09,seasonal naive with drift,3,2019-12,-0.33431955567704935,-0.3407732571124477,129,0.27428116681239917,-0.006453701435398362,0.023529509920061403
2019-09,seasonal naive with drift,6,2020-03,-0.20408093670131408,-0.2968551198120847,129,0.27428116681239917,-0.0927741831107706,0.33824481713039234
2019-09,seasonal naive with drift,12,2020-09,-0.9009318258740555,-1.1587505858307934,129,0.27428116681239917,-0.25781875995673786,0.9399798132442643
2019-10,seasonal naive,1,2019-11,-0.5563420591520679,-0.5525958037474524,130,0.2725517681887654,0.003746255404615484,0.013745115027178548
2019-10,seasonal naive,3,2020-01,-0.2590929151041666,-0.4827268949476449,130,0.2725517681887654,-0.22363397984347833,0.8205192772354082
2019-10,seasonal naive,6,2020-04,-0.6355022568951602,-0.6731386759965559,130,0.2725517681887654,-0.0376364191013957,0.13808906598371162
2019-10,seasonal naive,12,2020-10,-0.5467088262173658,-0.1992601742012616,130,0.2725517681887654,0.3474486520161042,1.2747987449322518
2019-10,naive,1,2019-11,-0.5467088262173658,-0.5525958037474524,130,0.2725517681887654,-0.005886977530086601,0.021599483904317825
2019-10,naive,3,2020-01,-0.5467088262173658,-0.4827268949476449,130,0.2725517681887654,0.0639819312697209,0.23475148114030192
2019-10,naive,6,2020-04,-0.5467088262173658,-0.6731386759965559,130,0.2725517681887654,-0.12642984977919003,0.46387462689886694
2019-10,naive,12,2020-10,-0.5467088262173658,-0.1992601742012616,130,0.2725517681887654,0.3474486520161042,1.2747987449322518
2019-10,climatology,1,2019-11,-0.2559299640497718,-0.5525958037474524,130,0.2725517681887654,-0.2966658396976806,1.088475197461255
2019-10,climatology,3,2020-01,-0.2080107116680083,-0.4827268949476449,130,0.2725517681887654,-0.27471618327963665,1.0079412990246028
2019-10,climatology,6,2020-04,-0.5274211692213517,-0.6731386759965559,130,0.2725517681887654,-0.14571750677520412,0.5346415755933833
2019-10,climatology,12,2020-10,-0.3897385962630013,-0.1992601742012616,130,0.2725517681887654,0.19047842206173968,0.698870615764331
2019-10,seasonal naive with drift,1,2019-11,-0.5565886155308848,-0.5525958037474524,130,0.2725517681887654,0.0039928117834323595,0.014649737222276965
2019-10,seasonal naive with drift,3,2020-01,-0.2598325842406171,-0.4827268949476449,130,0.2725517681887654,-0.2228943107070278,0.8178054106501134
2019-10,seasonal naive with drift,6,2020-04,-0.6369815951680612,-0.6731386759965559,130,0.2725517681887654,-0.03615708082849467,0.13266133281312192
2019-10,seasonal naive with drift,12,2020-10,-0.549667502763168,-0.1992601742012616,130,0.2725517681887654,0.3504073285619064,1.2856542112734317
2019-11,seasonal naive,1,2019-12,-0.3337235904993121,-0.3407732571124477,131,0.27029289833343645,-0.007049666613135608,0.026081582818498834
2019-11,seasonal naive,3,2020-02,-0.3455435721350409,-0.3859813886092053,131,0.27029289833343645,-0.04043781647416439,0.14960739524972583
2019-11,seasonal naive,6,2020-05,-1.1540291790223325,-0.7575445416881608,131,0.27029289833343645,0.3964846373341717,1.466870346127495
2019-11,seasonal naive,12,2020-11,-0.5525958037474524,-0.4891508229189213,131,0.27029289833343645,0.06344498082853112,0.23472677683993257
2019-11,naive,1,2019-12,-0.5525958037474524,-0.3407732571124477,131,0.27029289833343645,0.21182254663500472,0.7836778100388637
2019-11,naive,3,2020-02,-0.5525958037474524,-0.3859813886092053,131,0.27029289833343645,0.16661441513824715,0.6164217268213599
2019-11,naive,6,2020-05,-0.5525958037474524,-0.7575445416881608,131,0.27029289833343645,-0.20494873794070834,0.7582468470476839
2019-11,naive,12,2020-11,-0.5525958037474524,-0.4891508229189213,131,0.27029289833343645,0.06344498082853112,0.23472677683993257
2019-11,climatology,1,2019-12,-0.26110566429819737,-0.3407732571124477,131,0.27029289833343645,-0.07966759281425034,0.2947454161965124
2019-11,climatology,3,2020-02,-0.21592738868246186,-0.3859813886092053,131,0.27029289833343645,-0.17005399992674342,0.629147125119665
2019-11,climatology,6,2020-05,-0.8436438225112372,-0.7575445416881608,131,0.27029289833343645,0.08609928082307639,0.3185406695993297
2019-11,climatology,12,2020-11,-0.2828995858404701,-0.4891508229189213,131,0.27029289833343645,-0.20625123707845122,0.7630656904052925
2019-11,seasonal naive with drift,1,2019-12,-0.33396545154763146,-0.3407732571124477,131,0.27029289833343645,-0.006807805564816249,0.025186771856721378
2019-11,seasonal naive with drift,3,2020-02,-0.34626915527999896,-0.3859813886092053,131,0.27029289833343645,-0.039712233329206315,0.14692296236439348
2019-11,seasonal naive with drift,6,2020-05,-1.1554803453122486,-0.7575445416881608,131,0.27029289833343645,0.39793580362408787,1.4722392118981598
2019-11,seasonal naive with drift,12,2020-11,-0.5554981363272846,-0.4891508229189213,131,0.27029289833343645,0.0663473134083633,0.24546450838126163
2019-12,seasonal naive,1,2020-01,-0.2590929151041666,-0.4827268949476449,132,0.26809920473576726,-0.22363397984347833,0.8341463752713743
2019-12,seasonal naive,3,2020-03,-0.2028890063458396,-0.2968551198120847,132,0.26809920473576726,-0.09396611346624509,0.35049008652918623
2019-12,seasonal naive,6,2020-06,-1.6886780421762355,-1.3029578283193948,132,0.26809920473576726,0.38572021385684074,1.438721962032667
2019-12,seasonal naive,12,2020-12,-0.3407732571124477,-0.5077590733966878,132,0.26809920473576726,-0.16698581628424009,0.6228508452638555
2019-12,naive,1,2020-01,-0.3407732571124477,-0.4827268949476449,132,0.26809920473576726,-0.1419536378351972,0.5294817564830289
2019-12,naive,3,2020-03,-0.3407732571124477,-0.2968551198120847,132,0.26809920473576726,0.043918137300363036,0.16381300848560068
2019-12,naive,6,2020-06,-0.3407732571124477,-1.3029578283193948,132,0.26809920473576726,-0.962184571206947,3.5889124406588793
2019-12,naive,12,2020-12,-0.3407732571124477,-0.5077590733966878,132,0.26809920473576726,-0.16698581628424009,0.6228508452638555
2019-12,climatology,1,2020-01,-0.2080107116680083,-0.4827268949476449,132,0.26809920473576726,-0.27471618327963665,1.0246810823269354
2019-12,climatology,3,2020-03,-0.30813123516726204,-0.2968551198120847,132,0.26809920473576726,0.011276115355177363,0.042059488264020985
2019-12,climatology,6,2020-06,-1.6408744803814221,-1.3029578283193948,132,0.26809920473576726,0.33791665206202737,1.260416465595527
2019-12,climatology,12,2020-12,-0.2683481727358565,-0.5077590733966878,132,0.26809920473576726,-0.23941090066083132,0.8929936994657984
2019-12,seasonal naive with drift,1,2020-01,-0.25933765624556465,-0.4827268949476449,132,0.26809920473576726,-0.22338923870208027,0.833233499973444
2019-12,seasonal naive with drift,3,2020-03,-0.2036232297700337,-0.2968551198120847,132,0.26809920473576726,-0.09323189004205099,0.3477514606353954
2019-12,seasonal naive with drift,6,2020-06,-1.6901464890246238,-1.3029578283193948,132,0.26809920473576726,0.38718866070522906,1.444199213820249
2019-12,seasonal naive with drift,12,2020-12,-0.3437101508092241,-0.5077590733966878,132,0.26809920473576726,-0.16404892258746367,0.6118963416886921
2020-01,seasonal naive,1,2020-02,-0.3455435721350409,-0.3859813886092053,133,0.2677317235383103,-0.04043781647416439,0.15103856928025958
2020-01,seasonal naive,3,2020-04,-0.6355022568951602,-0.6731386759965559,133,0.2677317235383103,-0.0376364191013957,0.14057511976540285
2020-01,seasonal naive,6,2020-07,-1.174010175717488,-0.8528300989201106,133,0.2677317235383103,0.32118007679737726,1.1996339938827567
2020-01,seasonal naive,12,2021-01,-0.4827268949476449,-0.556625546697367,133,0.2677317235383103,-0.07389865174972204,0.27601754014461316
2020-01,naive,1,2020-02,-0.4827268949476449,-0.3859813886092053,133,0.2677317235383103,0.09674550633843965,0.3613524204747299
2020-01,naive,3,2020-04,-0.4827268949476449,-0.6731386759965559,133,0.2677317235383103,-0.19041178104891093,0.7112036576482297
2020-01,naive,6,2020-07,-0.4827268949476449,-0.8528300989201106,133,0.2677317235383103,-0.3701032039724657,1.3823658962831382
2020-01,naive,12,2021-01,-0.4827268949476449,-0.556625546697367,133,0.2677317235383103,-0.07389865174972204,0.27601754014461316
2020-01,climatology,1,2020-02,-0.21592738868246186,-0.3859813886092053,133,0.2677317235383103,-0.17005399992674342,0.6351656713643425
2020-01,climatology,3,2020-04,-0.5274211692213517,-0.6731386759965559,133,0.2677317235383103,-0.14571750677520412,0.5442668685257729
2020-01,climatology,6,2020-07,-1.6016009651777294,-0.8528300989201106,133,0.2677317235383103,0.7487708662576188,2.796720748523757
2020-01,climatology,12,2021-01,-0.23090372694131134,-0.556625546697367,133,0.2677317235383103,-0.32572181975605563,1.2165977772501337
2020-01,seasonal naive with drift,1,2020-02,-0.345940308514832,-0.3859813886092053,133,0.2677317235383103,-0.040041080094373294,0.14955672628254577
2020-01,seasonal naive with drift,3,2020-04,-0.6366924660345334,-0.6731386759965559,133,0.2677317235383103,-0.03644620996202241,0.13612959077226142
2020-01,seasonal naive with drift,6,2020-07,-1.1763905939962345,-0.8528300989201106,133,0.2677317235383103,0.32356049507612383,1.2085250518690396
2020-01,seasonal naive with drift,12,2021-01,-0.4874877315051379,-0.556625546697367,133,0.2677317235383103,-0.06913781519222906,0.25823542417204803
2020-02,seasonal naive,1,2020-03,-0.2028890063458396,-0.2968551198120847,134,0.26586865872630916,-0.09396611346624509,0.35343057702403274
2020-02,seasonal naive,3,2020-05,-1.1540291790223325,-0.7575445416881608,134,0.26586865872630916,0.3964846373341717,1.4912800900775651
2020-02,seasonal naive,6,2020-08,-1.039966131075911,-1.4444213407725028,134,0.26586865872630916,-0.4044552096965919,1.5212594505655765
2020-02,seasonal naive,12,2021-02,-0.3859813886092053,-0.639737478389319,134,0.26586865872630916,-0.25375608978011377,0.954441531377851
2020-02,naive,1,2020-03,-0.3859813886092053,-0.2968551198120847,134,0.26586865872630916,0.0891262687971206,0.3352266838223646
2020-02,naive,3,2020-05,-0.3859813886092053,-0.7575445416881608,134,0.26586865872630916,-0.3715631530789555,1.3975440161280932
2020-02,naive,6,2020-08,-0.3859813886092053,-1.4444213407725028,134,0.26586865872630916,-1.0584399521632974,3.981063270992306
2020-02,naive,12,2021-02,-0.3859813886092053,-0.639737478389319,134,0.26586865872630916,-0.25375608978011377,0.954441531377851
2020-02,climatology,1,2020-03,-0.30813123516726204,-0.2968551198120847,134,0.26586865872630916,0.011276115355177363,0.04241235281058545
2020-02,climatology,3,2020-05,-0.8436438225112372,-0.7575445416881608,134,0.26586865872630916,0.08609928082307639,0.3238414081432171
2020-02,climatology,6,2020-08,-1.3425280541702134,-1.4444213407725028,134,0.26586865872630916,-0.10189328660228947,0.38324670192578275
2020-02,climatology,12,2021-02,-0.2300985553430238,-0.639737478389319,134,0.26586865872630916,-0.40963892304629523,1.5407567217916658
2020-02,seasonal naive with drift,1,2020-03,-0.20331011224743167,-0.2968551198120847,134,0.26586865872630916,-0.093545007564653,0.3518466900641727
2020-02,seasonal naive with drift,3,2020-05,-1.1552924967271088,-0.7575445416881608,134,0.26586865872630916,0.397747955038948,1.4960317509571452
2020-02,seasonal naive with drift,6,2020-08,-1.0424927664854635,-1.4444213407725028,134,0.26586865872630916,-0.4019285742870393,1.511756128806416
2020-02,seasonal naive with drift,12,2021-02,-0.39103465942831034,-0.639737478389319,134,0.26586865872630916,-0.2487028189610087,0.9354348878595302
2020-03,seasonal naive,1,2020-04,-0.6355022568951602,-0.6731386759965559,135,0.26447107705752815,-0.0376364191013957,0.14230826115329417
2020-03,seasonal naive,3,2020-06,-1.6886780421762355,-1.3029578283193948,135,0.26447107705752815,0.38572021385684074,1.4584589670383439
2020-03,seasonal naive,6,2020-09,-0.8985479651631065,-1.1587505858307934,135,0.26447107705752815,-0.26020262066768685,0.9838604038016875
2020-03,seasonal naive,12,2021-03,-0.2968551198120847,-0.6682454760327975,135,0.26447107705752815,-0.3713903562207128,1.4042758866215357
2020-03,naive,1,2020-04,-0.2968551198120847,-0.6731386759965559,135,0.26447107705752815,-0.3762835561844712,1.4227777206148762
2020-03,naive,3,2020-06,-0.2968551198120847,-1.3029578283193948,135,0.26447107705752815,-1.00610270850731,3.804206946563238
2020-03,naive,6,2020-09,-0.2968551198120847,-1.1587505858307934,135,0.26447107705752815,-0.8618954660187087,3.2589403560043273
2020-03,naive,12,2021-03,-0.2968551198120847,-0.6682454760327975,135,0.26447107705752815,-0.3713903562207128,1.4042758866215357
2020-03,climatology,1,2020-04,-0.5274211692213517,-0.6731386759965559,135,0.26447107705752815,-0.14571750677520412,0.5509770988814305
2020-03,climatology,3,2020-06,-1.6408744803814221,-1.3029578283193948,135,0.26447107705752815,0.33791665206202737,1.2777073993180859
2020-03,climatology,6,2020-09,-0.7659766760948435,-1.1587505858307934,135,0.26447107705752815,-0.39277390973594983,1.485129920843908
2020-03,climatology,12,2021-03,-0.307191558887664,-0.6682454760327975,135,0.26447107705752815,-0.3610539171451335,1.3651924481201267
2020-03,seasonal naive with drift,1,2020-04,-0.6359836018500362,-0.6731386759965559,135,0.26447107705752815,-0.03715507414651964,0.14048823243699202
2020-03,seasonal naive with drift,3,2020-06,-1.6901220770408636,-1.3029578283193948,135,0.26447107705752815,0.3871642487214688,1.46391905318725
2020-03,seasonal naive with drift,6,2020-09,-0.9014360348923629,-1.1587505858307934,135,0.26447107705752815,-0.2573145509384305,0.9729402315038745
2020-03,seasonal naive with drift,12,2021-03,-0.30263125927059736,-0.6682454760327975,135,0.26447107705752815,-0.36561421676220013,1.38243554202591
2020-04,seasonal naive,1,2020-05,-1.1540291790223325,-0.7575445416881608,136,0.26264176529981736,0.3964846373341717,1.5096023927556483
2020-04,seasonal naive,3,2020-07,-1.174010175717488,-0.8528300989201106,136,0.26264176529981736,0.32118007679737726,1.2228827217588025
2020-04,seasonal naive,6,2020-10,-0.5467088262173658,-0.1992601742012616,136,0.26264176529981736,0.3474486520161042,1.3228994696234848
2020-04,seasonal naive,12,2021-04,-0.6731386759965559,-0.6729941668040196,136,0.26264176529981736,0.00014450919253627958,0.000550214061999301
2020-04,naive,1,2020-05,-0.6731386759965559,-0.7575445416881608,136,0.26264176529981736,-0.08440586569160491,0.32137259508308524
2020-04,naive,3,2020-07,-0.6731386759965559,-0.8528300989201106,136,0.26264176529981736,-0.17969142292355478,0.6841692627158097
2020-04,naive,6,2020-10,-0.6731386759965559,-0.1992601742012616,136,0.26264176529981736,0.4738785017952942,1.80427702065717
2020-04,naive,12,2021-04,-0.6731386759965559,-0.6729941668040196,136,0.26264176529981736,0.00014450919253627958,0.000550214061999301
2020-04,climatology,1,2020-05,-0.8436438225112372,-0.7575445416881608,136,0.26264176529981736,0.08609928082307639,0.3278202182535218
2020-04,climatology,3,2020-07,-1.6016009651777294,-0.8528300989201106,136,0.26264176529981736,0.7487708662576188,2.850920779499267
2020-04,climatology,6,2020-10,-0.3897385962630013,-0.1992601742012616,136,0.26264176529981736,0.19047842206173968,0.7252404119516178
2020-04,climatology,12,2021-04,-0.539564294785952,-0.6729941668040196,136,0.26264176529981736,-0.13342987201806755,0.50802990859337
2020-04,seasonal naive with drift,1,2020-05,-1.154531935455463,-0.7575445416881608,136,0.26264176529981736,0.3969873937673023,1.5115166215629239
2020-04,seasonal naive with drift,3,2020-07,-1.1755184450168799,-0.8528300989201106,136,0.26264176529981736,0.3226883460967692,1.2286254081806296
2020-04,seasonal naive with drift,6,2020-10,-0.54972536481615,-0.1992601742012616,136,0.26264176529981736,0.35046519061488834,1.33438484246714
2020-04,seasonal naive with drift,12,2021-04,-0.679171753194124,-0.6729941668040196,136,0.26264176529981736,0.006177586390104461,0.023520959749308984
2020-05,seasonal naive,1,2020-06,-1.6886780421762355,-1.3029578283193948,137,0.2637125082760922,0.38572021385684074,1.4626542228820383
2020-05,seasonal naive,3,2020-08,-1.039966131075911,-1.4444213407725028,137,0.2637125082760922,-0.4044552096965919,1.5336974811719963
2020-05,seasonal naive,6,2020-11,-0.5525958037474524,-0.4891508229189213,137,0.2637125082760922,0.06344498082853112,0.24058388903611572
2020-05,seasonal naive,12,2021-05,-0.7575445416881608,-0.729403319098349,137,0.2637125082760922,0.028141222589811776,0.10671174747748216
2020-05,naive,1,2020-06,-0.7575445416881608,-1.3029578283193948,137,0.2637125082760922,-0.545413286631234,2.068211668064743
2020-05,naive,3,2020-08,-0.7575445416881608,-1.4444213407725028,137,0.2637125082760922,-0.6868767990843421,2.604642470599918
2020-05,naive,6,2020-11,-0.7575445416881608,-0.4891508229189213,137,0.2637125082760922,0.26839371876923945,1.0177511886855448
2020-05,naive,12,2021-05,-0.7575445416881608,-0.729403319098349,137,0.2637125082760922,0.028141222589811776,0.10671174747748216
2020-05,climatology,1,2020-06,-1.6408744803814221,-1.3029578283193948,137,0.2637125082760922,0.33791665206202737,1.28138272344764
2020-05,climatology,3,2020-08,-1.3425280541702134,-1.4444213407725028,137,0.2637125082760922,-0.10189328660228947,0.3863801807065325
2020-05,climatology,6,2020-11,-0.2828995858404701,-0.4891508229189213,137,0.2637125082760922,-0.20625123707845122,0.7821063870907395
2020-05,climatology,12,2021-05,-0.8364688824426475,-0.729403319098349,137,0.2637125082760922,0.10706556334429851,0.4059934966460023
2020-05,seasonal naive with drift,1,2020-06,-1.688912453466345,-1.3029578283193948,137,0.2637125082760922,0.38595462514695034,1.4635431124217948
2020-05,seasonal naive with drift,3,2020-08,-1.0406693649462395,-1.4444213407725028,137,0.2637125082760922,-0.4037519758262633,1.5310308125527274
2020-05,seasonal naive with drift,6,2020-11,-0.5540022714881095,-0.4891508229189213,137,0.2637125082760922,0.06485144856918823,0.2459172262746536
2020-05,seasonal naive with drift,12,2021-05,-0.760357477169475,-0.729403319098349,137,0.2637125082760922,0.030954158071126003,0.11737842195455793
2020-06,seasonal naive,1,2020-07,-1.174010175717488,-0.8528300989201106,138,0.26468082339974897,0.32118007679737726,1.2134618317712316
2020-06,seasonal naive,3,2020-09,-0.8985479651631065,-1.1587505858307934,138,0.26468082339974897,-0.26020262066768685,0.9830807435365324
2020-06,seasonal naive,6,2020-12,-0.3407732571124477,-0.5077590733966878,138,0.26468082339974897,-0.16698581628424009,0.6308950310013222
2020-06,seasonal naive,12,2021-06,-1.3029578283193948,-0.914525658916792,138,0.26468082339974897,0.3884321694026027,1.467549346466825
2020-06,naive,1,2020-07,-1.3029578283193948,-0.8528300989201106,138,0.26468082339974897,0.45012772939928414,1.7006435283732424
2020-06,naive,3,2020-09,-1.3029578283193948,-1.1587505858307934,138,0.26468082339974897,0.1442072424886014,0.544834494000362
2020-06,naive,6,2020-12,-1.3029578283193948,-0.5077590733966878,138,0.26468082339974897,0.795198754922707,3.0043686002960395
2020-06,naive,12,2021-06,-1.3029578283193948,-0.914525658916792,138,0.26468082339974897,0.3884321694026027,1.467549346466825
2020-06,climatology,1,2020-07,-1.6016009651777294,-0.8528300989201106,138,0.26468082339974897,0.7487708662576188,2.828957748581377
2020-06,climatology,3,2020-09,-0.7659766760948435,-1.1587505858307934,138,0.26468082339974897,-0.39277390973594983,1.4839530295050547
2020-06,climatology,6,2020-12,-0.2683481727358565,-0.5077590733966878,138,0.26468082339974897,-0.23941090066083132,0.9045268092552654
2020-06,climatology,12,2021-06,-1.612714759376253,-0.914525658916792,138,0.26468082339974897,0.6981891004594609,2.6378529864439098
2020-06,seasonal naive with drift,1,2020-07,-1.1739876206389874,-0.8528300989201106,138,0.26468082339974897,0.3211575217188768,1.2133766156297268
2020-06,seasonal naive with drift,3,2020-09,-0.8984802999276055,-1.1587505858307934,138,0.26468082339974897,-0.2602702859031879,0.9833363919610458
2020-06,seasonal naive with drift,6,2020-12,-0.3406379266414455,-0.5077590733966878,138,0.26468082339974897,-0.1671211467552423,0.6314063278503493
2020-06,seasonal naive with drift,12,2021-06,-1.3026871673773903,-0.914525658916792,138,0.26468082339974897,0.38816150846059827,1.4665267527687706
2020-07,seasonal naive,1,2020-08,-1.039966131075911,-1.4444213407725028,139,0.26512569941075387,-0.4044552096965919,1.5255224619699264
2020-07,seasonal naive,3,2020-10,-0.5467088262173658,-0.1992601742012616,139,0.26512569941075387,0.3474486520161042,1.3105053670327487
2020-07,seasonal naive,6,2021-01,-0.4827268949476449,-0.556625546697367,139,0.26512569941075387,-0.07389865174972204,0.2787306244319694
2020-07,seasonal naive,12,2021-07,-0.8528300989201106,-0.2688481344333537,139,0.26512569941075387,0.583981964486757,2.2026607220072076
2020-07,naive,1,2020-08,-0.8528300989201106,-1.4444213407725028,139,0.26512569941075387,-0.5915912418523922,2.2313613624300217
2020-07,naive,3,2020-10,-0.8528300989201106,-0.1992601742012616,139,0.26512569941075387,0.653569924718849,2.46513229826991
2020-07,naive,6,2021-01,-0.8528300989201106,-0.556625546697367,139,0.26512569941075387,0.29620455222274367,1.117223086562574
2020-07,naive,12,2021-07,-0.8528300989201106,-0.2688481344333537,139,0.26512569941075387,0.583981964486757,2.2026607220072076
2020-07,climatology,1,2020-08,-1.3425280541702134,-1.4444213407725028,139,0.26512569941075387,-0.10189328660228947,0.3843206706432041
2020-07,climatology,3,2020-10,-0.3897385962630013,-0.1992601742012616,139,0.26512569941075387,0.19047842206173968,0.7184457126754631
2020-07,climatology,6,2021-01,-0.23090372694131134,-0.556625546697367,139,0.26512569941075387,-0.32572181975605563,1.2285561923268005
2020-07,climatology,12,2021-07,-1.5392033929895945,-0.2688481344333537,139,0.26512569941075387,1.2703552585562408,4.791520631080373
2020-07,seasonal naive with drift,1,2020-08,-1.039733005514566,-1.4444213407725028,139,0.26512569941075387,-0.4046883352579369,1.5264017639835115
2020-07,seasonal naive with drift,3,2020-10,-0.5460094495333305,-0.1992601742012616,139,0.26512569941075387,0.3467492753320689,1.3078674609919927
2020-07,seasonal naive with drift,6,2021-01,-0.4813281415795743,-0.556625546697367,139,0.26512569941075387,-0.07529740511779265,0.2840064365134815
2020-07,seasonal naive with drift,12,2021-07,-0.8500325921839694,-0.2688481344333537,139,0.26512569941075387,0.5811844577506158,2.1921090978441833
2020-08,seasonal naive,1,2020-09,-0.8985479651631065,-1.1587505858307934,140,0.26621421120986205,-0.26020262066768685,0.9774182207822251
2020-08,seasonal naive,3,2020-11,-0.5525958037474524,-0.4891508229189213,140,0.26621421120986205,0.06344498082853112,0.2383230427113305
2020-08,seasonal naive,6,2021-02,-0.3859813886092053,-0.639737478389319,140,0.26621421120986205,-0.25375608978011377,0.9532026431904971
2020-08,seasonal naive,12,2021-08,-1.4444213407725028,-0.1087597233384241,140,0.26621421120986205,1.3356616174340787,5.017243862992534
2020-08,naive,1,2020-09,-1.4444213407725028,-1.1587505858307934,140,0.26621421120986205,0.28567075494170946,1.073086044668402
2020-08,naive,3,2020-11,-1.4444213407725028,-0.4891508229189213,140,0.26621421120986205,0.9552705178535815,3.58835282876962
2020-08,naive,6,2021-02,-1.4444213407725028,-0.639737478389319,140,0.26621421120986205,0.8046838623831838,3.0226931114088242
2020-08,naive,12,2021-08,-1.4444213407725028,-0.1087597233384241,140,0.26621421120986205,1.3356616174340787,5.017243862992534
2020-08,climatology,1,2020-09,-0.7659766760948435,-1.1587505858307934,140,0.26621421120986205,-0.39277390973594983,1.4754054937597536
2020-08,climatology,3,2020-11,-0.2828995858404701,-0.4891508229189213,140,0.26621421120986205,-0.20625123707845122,0.7747566748638344
2020-08,climatology,6,2021-02,-0.2300985553430238,-0.639737478389319,140,0.26621421120986205,-0.40963892304629523,1.5387567823092982
2020-08,climatology,12,2021-08,-1.3510191613870708,-0.1087597233384241,140,0.26621421120986205,1.2422594380486467,4.666390394423191
2020-08,seasonal naive with drift,1,2020-09,-0.8985799780890223,-1.1587505858307934,140,0.26621421120986205,-0.26017060774177103,0.977297968276657
2020-08,seasonal naive with drift,3,2020-11,-0.5526918425251998,-0.4891508229189213,140,0.26621421120986205,0.06354101960627845,0.23868380022803432
2020-08,seasonal naive with drift,6,2021-02,-0.38617346616470005,-0.639737478389319,140,0.26621421120986205,-0.253564012224619,0.9524811281570891
2020-08,seasonal naive with drift,12,2021-08,-1.4448054958834924,-0.1087597233384241,140,0.26621421120986205,1.3360457725450683,5.018686893059351
2020-09,seasonal naive,1,2020-10,-0.5467088262173658,-0.1992601742012616,141,0.2661676097327909,0.3474486520161042,1.3053754074919648
2020-09,seasonal naive,3,2020-12,-0.3407732571124477,-0.5077590733966878,141,0.2661676097327909,-0.16698581628424009,0.6273709128315023
2020-09,seasonal naive,6,2021-03,-0.2968551198120847,-0.6682454760327975,141,0.2661676097327909,-0.3713903562207128,1.3953251358929675
2020-09,seasonal naive,12,2021-09,-1.1587505858307934,-0.2755271826053372,141,0.2661676097327909,0.8832234032254562,3.3182978353832593
2020-09,naive,1,2020-10,-1.1587505858307934,-0.1992601742012616,141,0.2661676097327909,0.9594904116295317,3.604835361420484
2020-09,naive,3,2020-12,-1.1587505858307934,-0.5077590733966878,141,0.2661676097327909,0.6509915124341056,2.4457953884307875
2020-09,naive,6,2021-03,-1.1587505858307934,-0.6682454760327975,141,0.2661676097327909,0.4905051097979959,1.8428429751103836
2020-09,naive,12,2021-09,-1.1587505858307934,-0.2755271826053372,141,0.2661676097327909,0.8832234032254562,3.3182978353832593
2020-09,climatology,1,2020-10,-0.3897385962630013,-0.1992601742012616,141,0.2661676097327909,0.19047842206173968,0.7156333644539372
2020-09,climatology,3,2020-12,-0.2683481727358565,-0.5077590733966878,141,0.2661676097327909,-0.23941090066083132,0.8994742106343405
2020-09,climatology,6,2021-03,-0.307191558887664,-0.6682454760327975,141,0.2661676097327909,-0.3610539171451335,1.3564908123403903
2020-09,climatology,12,2021-09,-0.798707835239506,-0.2755271826053372,141,0.2661676097327909,0.5231806526341687,1.9656060072801362
2020-09,seasonal naive with drift,1,2020-10,-0.5469086805293002,-0.1992601742012616,141,0.2661676097327909,0.34764850632803856,1.306126266366698
2020-09,seasonal naive with drift,3,2020-12,-0.3413728200482507,-0.5077590733966878,141,0.2661676097327909,-0.1663862533484371,0.6251183362073034
2020-09,seasonal naive with drift,6,2021-03,-0.29805424568369066,-0.6682454760327975,141,0.2661676097327909,-0.37019123034910684,1.3908199826445695
2020-09,seasonal naive with drift,12,2021-09,-1.1611488375740053,-0.2755271826053372,141,0.2661676097327909,0.8856216549686682,3.327308141880055
2020-10,seasonal naive,1,2020-11,-0.5525958037474524,-0.4891508229189213,142,0.2667928485195856,0.06344498082853112,0.23780615252838583
2020-10,seasonal naive,3,2021-01,-0.4827268949476449,-0.556625546697367,142,0.2667928485195856,-0.07389865174972204,0.27698887792450344
2020-10,seasonal naive,6,2021-04,-0.6731386759965559,-0.6729941668040196,142,0.2667928485195856,0.00014450919253627958,0.0005416531715079723
2020-10,seasonal naive,12,2021-10,-0.1992601742012616,-0.2291692109357248,142,0.2667928485195856,-0.029909036734463185,0.11210584129382134
2020-10,naive,1,2020-11,-0.1992601742012616,-0.4891508229189213,142,0.2667928485195856,-0.2898906487176597,1.0865757846443114
2020-10,naive,3,2021-01,-0.1992601742012616,-0.556625546697367,142,0.2667928485195856,-0.35736537249610534,1.339486326110689
2020-10,naive,6,2021-04,-0.1992601742012616,-0.6729941668040196,142,0.2667928485195856,-0.47373399260275795,1.7756622609319324
2020-10,naive,12,2021-10,-0.1992601742012616,-0.2291692109357248,142,0.2667928485195856,-0.029909036734463185,0.11210584129382134
2020-10,climatology,1,2020-11,-0.2828995858404701,-0.4891508229189213,142,0.2667928485195856,-0.20625123707845122,0.7730763332785138
2020-10,climatology,3,2021-01,-0.23090372694131134,-0.556625546697367,142,0.2667928485195856,-0.32572181975605563,1.2208791261214933
2020-10,climatology,6,2021-04,-0.539564294785952,-0.6729941668040196,142,0.2667928485195856,-0.13342987201806755,0.5001253697708179
2020-10,climatology,12,2021-10,-0.373865394424523,-0.2291692109357248,142,0.2667928485195856,0.1446961834887982,0.5423540559340587
2020-10,seasonal naive with drift,1,2020-11,-0.5525713972236436,-0.4891508229189213,142,0.2667928485195856,0.06342057430472225,0.2377146713513442
2020-10,seasonal naive with drift,3,2021-01,-0.48265367537621845,-0.556625546697367,142,0.2667928485195856,-0.07397187132114852,0.27726332145562793
2020-10,seasonal naive with drift,6,2021-04,-0.6729922368537029,-0.6729941668040196,142,0.2667928485195856,-1.9299503166703147e-06,7.233890740998008e-06
2020-10,seasonal naive with drift,12,2021-10,-0.19896729591555576,-0.2291692109357248,142,0.2667928485195856,-0.03020191502016903,0.11320361541831908
2020-11,seasonal naive,1,2020-12,-0.3407732571124477,-0.5077590733966878,143,0.2652405747204173,-0.16698581628424009,0.6295636195942313
2020-11,seasonal naive,3,2021-02,-0.3859813886092053,-0.639737478389319,143,0.2652405747204173,-0.25375608978011377,0.9567016285030713
2020-11,seasonal naive,6,2021-05,-0.7575445416881608,-0.729403319098349,143,0.2652405747204173,0.028141222589811776,0.10609697486696618
2020-11,seasonal naive,12,2021-11,-0.4891508229189213,-0.2949804127283763,143,0.2652405747204173,0.19417041019054504,0.7320539491185113
2020-11,naive,1,2020-12,-0.4891508229189213,-0.5077590733966878,143,0.2652405747204173,-0.018608250477766486,0.07015612335096516
2020-11,naive,3,2021-02,-0.4891508229189213,-0.639737478389319,143,0.2652405747204173,-0.15058665547039773,0.567736122684574
2020-11,naive,6,2021-05,-0.4891508229189213,-0.729403319098349,143,0.2652405747204173,-0.24025249617942768,0.9057908897711866
2020-11,naive,12,2021-11,-0.4891508229189213,-0.2949804127283763,143,0.2652405747204173,0.19417041019054504,0.7320539491185113
2020-11,climatology,1,2020-12,-0.2683481727358565,-0.5077590733966878,143,0.2652405747204173,-0.23941090066083132,0.9026179381234853
2020-11,climatology,3,2021-02,-0.2300985553430238,-0.639737478389319,143,0.2652405747204173,-0.40963892304629523,1.5444052007430773
2020-11,climatology,6,2021-05,-0.8364688824426475,-0.729403319098349,143,0.2652405747204173,0.10706556334429851,0.4036545443967362
2020-11,climatology,12,2021-11,-0.300087188930341,-0.2949804127283763,143,0.2652405747204173,0.005106776201964702,0.019253374817739
2020-11,seasonal naive with drift,1,2020-12,-0.3407086774954183,-0.5077590733966878,143,0.2652405747204173,-0.16705039590126952,0.6298070952279933
2020-11,seasonal naive with drift,3,2021-02,-0.3857876497581169,-0.639737478389319,143,0.2652405747204173,-0.25394982863120213,0.9574320554043573
2020-11,seasonal naive with drift,6,2021-05,-0.757157063985984,-0.729403319098349,143,0.2652405747204173,0.027753744887635046,0.10463612106439407
2020-11,seasonal naive with drift,12,2021-11,-0.48837586751456796,-0.2949804127283763,143,0.2652405747204173,0.1933954547861917,0.7291322415133674
2020-12,seasonal naive,1,2021-01,-0.4827268949476449,-0.556625546697367,144,0.2644962204898402,-0.07389865174972204,0.27939398004577776
2020-12,seasonal naive,3,2021-03,-0.2968551198120847,-0.6682454760327975,144,0.2644962204898402,-0.3713903562207128,1.4041423939174158
2020-12,seasonal naive,6,2021-06,-1.3029578283193948,-0.914525658916792,144,0.2644962204898402,0.3884321694026027,1.4685736101757385
2020-12,seasonal naive,12,2021-12,-0.5077590733966878,-0.3874575301228863,144,0.2644962204898402,0.12030154327380149,0.4548327497875249
2020-12,naive,1,2021-01,-0.5077590733966878,-0.556625546697367,144,0.2644962204898402,-0.04886647330067917,0.18475301163162075
2020-12,naive,3,2021-03,-0.5077590733966878,-0.6682454760327975,144,0.2644962204898402,-0.1604864026361097,0.6067625553926367
2020-12,naive,6,2021-06,-0.5077590733966878,-0.914525658916792,144,0.2644962204898402,-0.40676658552010425,1.5378918638866863
2020-12,naive,12,2021-12,-0.5077590733966878,-0.3874575301228863,144,0.2644962204898402,0.12030154327380149,0.4548327497875249
2020-12,climatology,1,2021-01,-0.23090372694131134,-0.556625546697367,144,0.2644962204898402,-0.32572181975605563,1.2314800534874457
2020-12,climatology,3,2021-03,-0.307191558887664,-0.6682454760327975,144,0.2644962204898402,-0.3610539171451335,1.3650626707499676
2020-12,climatology,6,2021-06,-1.612714759376253,-0.914525658916792,144,0.2644962204898402,0.6981891004594609,2.6396940537238405
2020-12,climatology,12,2021-12,-0.28829908112425906,-0.3874575301228863,144,0.2644962204898402,-0.09915844899862725,0.3748955233272837
2020-12,seasonal naive with drift,1,2021-01,-0.4827682249087017,-0.556625546697367,144,0.2644962204898402,-0.07385732178866528,0.2792377208713358
2020-12,seasonal naive with drift,3,2021-03,-0.29697910969525504,-0.6682454760327975,144,0.2644962204898402,-0.37126636633754245,1.4036736163940895
2020-12,seasonal naive with drift,6,2021-06,-1.3032058080857354,-0.914525658916792,144,0.2644962204898402,0.38868014916894333,1.4695111652223904
2020-12,seasonal naive with drift,12,2021-12,-0.5082550329293692,-0.3874575301228863,144,0.2644962204898402,0.12079750280648294,0.4567078598808296
2021-01,seasonal naive,1,2021-02,-0.3859813886092053,-0.639737478389319,145,0.2630631560632227,-0.25375608978011377,0.9646204112259941
2021-01,seasonal naive,3,2021-04,-0.6731386759965559,-0.6729941668040196,145,0.2630631560632227,0.00014450919253627958,0.0005493326952313659
2021-01,seasonal naive,6,2021-07,-0.8528300989201106,-0.2688481344333537,145,0.2630631560632227,0.583981964486757,2.21993065553584
2021-01,seasonal naive,12,2022-01,-0.556625546697367,-0.6367744179670853,145,0.2630631560632227,-0.08014887126971837,0.30467539608798716
2021-01,naive,1,2021-02,-0.556625546697367,-0.639737478389319,145,0.2630631560632227,-0.08311193169195208,0.3159390806973271
2021-01,naive,3,2021-04,-0.556625546697367,-0.6729941668040196,145,0.2630631560632227,-0.11636862010665261,0.442360009087268
2021-01,naive,6,2021-07,-0.556625546697367,-0.2688481344333537,145,0.2630631560632227,0.28777741226401327,1.0939479954952371
2021-01,naive,12,2022-01,-0.556625546697367,-0.6367744179670853,145,0.2630631560632227,-0.08014887126971837,0.30467539608798716
2021-01,climatology,1,2021-02,-0.2300985553430238,-0.639737478389319,145,0.2630631560632227,-0.40963892304629523,1.5571885062758295
2021-01,climatology,3,2021-04,-0.539564294785952,-0.6729941668040196,145,0.2630631560632227,-0.13342987201806755,0.507216115000156
2021-01,climatology,6,2021-07,-1.5392033929895945,-0.2688481344333537,145,0.2630631560632227,1.2703552585562408,4.8290884879786535
2021-01,climatology,12,2022-01,-0.255959251537931,-0.6367744179670853,145,0.2630631560632227,-0.38081516642915436,1.4476187852685534
2021-01,seasonal naive with drift,1,2021-02,-0.3860687102320522,-0.639737478389319,145,0.2630631560632227,-0.25366876815726686,0.9642884695578651
2021-01,seasonal naive with drift,3,2021-04,-0.6734006408650965,-0.6729941668040196,145,0.2630631560632227,0.0004064740610769668,0.0015451576996182534
2021-01,seasonal naive with drift,6,2021-07,-0.8533540286571921,-0.2688481344333537,145,0.2630631560632227,0.5845058942238384,2.221922305544614
2021-01,seasonal naive with drift,12,2022-01,-0.5576734061715299,-0.6367744179670853,145,0.2630631560632227,-0.0791010117955554,0.3006920960704388
2021-02,seasonal naive,1,2021-03,-0.2968551198120847,-0.6682454760327975,146,0.2629937003446921,-0.3713903562207128,1.4121644576807386
2021-02,seasonal naive,3,2021-05,-0.7575445416881608,-0.729403319098349,146,0.2629937003446921,0.028141222589811776,0.10700340940839474
2021-02,seasonal naive,6,2021-08,-1.4444213407725028,-0.1087597233384241,146,0.2629937003446921,1.3356616174340787,5.078682933026521
2021-02,seasonal naive,12,2022-02,-0.639737478389319,-0.4098228738124723,146,0.2629937003446921,0.22991460457684676,0.8742209576712663
2021-02,naive,1,2021-03,-0.639737478389319,-0.6682454760327975,146,0.2629937003446921,-0.028507997643478444,0.10839802476680811
2021-02,naive,3,2021-05,-0.639737478389319,-0.729403319098349,146,0.2629937003446921,-0.08966584070902994,0.34094292217459815
2021-02,naive,6,2021-08,-0.639737478389319,-0.1087597233384241,146,0.2629937003446921,0.530977755050895,2.0189751859263936
2021-02,naive,12,2022-02,-0.639737478389319,-0.4098228738124723,146,0.2629937003446921,0.22991460457684676,0.8742209576712663
2021-02,climatology,1,2021-03,-0.307191558887664,-0.6682454760327975,146,0.2629937003446921,-0.3610539171451335,1.3728614665367231
2021-02,climatology,3,2021-05,-0.8364688824426475,-0.729403319098349,146,0.2629937003446921,0.10706556334429851,0.40710314811333226
2021-02,climatology,6,2021-08,-1.3510191613870708,-0.1087597233384241,146,0.2629937003446921,1.2422594380486467,4.723533059615049
2021-02,climatology,12,2022-02,-0.26160924173120037,-0.4098228738124723,146,0.2629937003446921,-0.14821363208127192,0.5635634309377603
2021-02,seasonal naive with drift,1,2021-03,-0.2970995982945746,-0.6682454760327975,146,0.2629937003446921,-0.3711458777382229,1.411234859434965
2021-02,seasonal naive with drift,3,2021-05,-0.7582779771356305,-0.729403319098349,146,0.2629937003446921,0.02887465803728151,0.10979220414571529
2021-02,seasonal naive with drift,6,2021-08,-1.4458882116674423,-0.1087597233384241,146,0.2629937003446921,1.3371284883290182,5.084260522501162
2021-02,seasonal naive with drift,12,2022-02,-0.6426712201791981,-0.4098228738124723,146,0.2629937003446921,0.2328483463667258,0.8853761366205488
2021-03,seasonal naive,1,2021-04,-0.6731386759965559,-0.6729941668040196,147,0.26379663853636626,0.00014450919253627958,0.000547805284169146
2021-03,seasonal naive,3,2021-06,-1.3029578283193948,-0.914525658916792,147,0.26379663853636626,0.3884321694026027,1.4724682299128484
2021-03,seasonal naive,6,2021-09,-1.1587505858307934,-0.2755271826053372,147,0.26379663853636626,0.8832234032254562,3.348122281337173
2021-03,seasonal naive,12,2022-03,-0.6682454760327975,-0.2920263128367595,147,0.26379663853636626,0.376219163196038,1.426171179752063
2021-03,naive,1,2021-04,-0.6682454760327975,-0.6729941668040196,147,0.26379663853636626,-0.004748690771222086,0.018001331622606878
2021-03,naive,3,2021-06,-0.6682454760327975,-0.914525658916792,147,0.26379663853636626,-0.24628018288399456,0.9335986396583407
2021-03,naive,6,2021-09,-0.6682454760327975,-0.2755271826053372,147,0.26379663853636626,0.3927182934274603,1.4887160640347632
2021-03,naive,12,2022-03,-0.6682454760327975,-0.2920263128367595,147,0.26379663853636626,0.376219163196038,1.426171179752063
2021-03,climatology,1,2021-04,-0.539564294785952,-0.6729941668040196,147,0.26379663853636626,-0.13342987201806755,0.5058058084378254
2021-03,climatology,3,2021-06,-1.612714759376253,-0.914525658916792,147,0.26379663853636626,0.6981891004594609,2.646694454990982
2021-03,climatology,6,2021-09,-0.798707835239506,-0.2755271826053372,147,0.26379663853636626,0.5231806526341687,1.9832726282524047
2021-03,climatology,12,2022-03,-0.3349649371295973,-0.2920263128367595,147,0.26379663853636626,0.04293862429283779,0.16277168856690488
2021-03,seasonal naive with drift,1,2021-04,-0.6736105968336327,-0.6729941668040196,147,0.26379663853636626,0.0006164300296130909,0.002336762261389133
2021-03,seasonal naive with drift,3,2021-06,-1.3043735908306253,-0.914525658916792,147,0.26379663853636626,0.38984793191383327,1.4778351008445088
2021-03,seasonal naive with drift,6,2021-09,-1.1615821108532545,-0.2755271826053372,147,0.26379663853636626,0.8860549282479173,3.358856023200494
2021-03,seasonal naive with drift,12,2022-03,-0.6739085260777197,-0.2920263128367595,147,0.26379663853636626,0.38188221324096017,1.4476386634787046
2021-04,seasonal naive,1,2021-05,-0.7575445416881608,-0.729403319098349,148,0.26185801993824986,0.028141222589811776,0.10746748408335138
2021-04,seasonal naive,3,2021-07,-0.8528300989201106,-0.2688481344333537,148,0.26185801993824986,0.583981964486757,2.230147331842152
2021-04,seasonal naive,6,2021-10,-0.1992601742012616,-0.2291692109357248,148,0.26185801993824986,-0.029909036734463185,0.11421852476206837
2021-04,seasonal naive,12,2022-04,-0.6729941668040196,-0.533056791595462,148,0.26185801993824986,0.13993737520855754,0.5344017160198374
2021-04,naive,1,2021-05,-0.6729941668040196,-0.729403319098349,148,0.26185801993824986,-0.05640915229432941,0.21541884532553768
2021-04,naive,3,2021-07,-0.6729941668040196,-0.2688481344333537,148,0.26185801993824986,0.4041460323706659,1.5433784784058542
2021-04,naive,6,2021-10,-0.6729941668040196,-0.2291692109357248,148,0.26185801993824986,0.4438249558682948,1.6949068658388065
2021-04,naive,12,2022-04,-0.6729941668040196,-0.533056791595462,148,0.26185801993824986,0.13993737520855754,0.5344017160198374
2021-04,climatology,1,2021-05,-0.8364688824426475,-0.729403319098349,148,0.26185801993824986,0.10706556334429851,0.4088687578465086
2021-04,climatology,3,2021-07,-1.5392033929895945,-0.2688481344333537,148,0.26185801993824986,1.2703552585562408,4.8513131614445495
2021-04,climatology,6,2021-10,-0.373865394424523,-0.2291692109357248,148,0.26185801993824986,0.1446961834887982,0.5525749546373252
2021-04,climatology,12,2022-04,-0.5498281310950341,-0.533056791595462,148,0.26185801993824986,0.016771339499572102,0.06404745404982075
2021-04,seasonal naive with drift,1,2021-05,-0.7580129039717833,-0.729403319098349,148,0.26185801993824986,0.028609584873434346,0.10925609565130343
2021-04,seasonal naive with drift,3,2021-07,-0.8542351857709782,-0.2688481344333537,148,0.26185801993824986,0.5853870513376245,2.2355131665460073
2021-04,seasonal naive with drift,6,2021-10,-0.20207034790299674,-0.2291692109357248,148,0.26185801993824986,-0.027098863032728043,0.10348685535435719
2021-04,seasonal naive with drift,12,2022-04,-0.6786145142074899,-0.533056791595462,148,0.26185801993824986,0.14555772261202782,0.5558650548352598
2021-05,seasonal naive,1,2021-06,-1.3029578283193948,-0.914525658916792,149,0.26015205791380874,0.3884321694026027,1.4930966624576716
2021-05,seasonal naive,3,2021-08,-1.4444213407725028,-0.1087597233384241,149,0.26015205791380874,1.3356616174340787,5.134157416031659
2021-05,seasonal naive,6,2021-11,-0.4891508229189213,-0.2949804127283763,149,0.26015205791380874,0.19417041019054504,0.7463727627127817
2021-05,seasonal naive,12,2022-05,-0.729403319098349,-1.0223302559755232,149,0.26015205791380874,-0.2929269368771742,1.1259835468002493
2021-05,naive,1,2021-06,-0.729403319098349,-0.914525658916792,149,0.26015205791380874,-0.18512233981844306,0.7115928326800941
2021-05,naive,3,2021-08,-0.729403319098349,-0.1087597233384241,149,0.26015205791380874,0.6206435957599249,2.385695507223514
2021-05,naive,6,2021-11,-0.729403319098349,-0.2949804127283763,149,0.26015205791380874,0.4344229063699727,1.6698807222732093
2021-05,naive,12,2022-05,-0.729403319098349,-1.0223302559755232,149,0.26015205791380874,-0.2929269368771742,1.1259835468002493
2021-05,climatology,1,2021-06,-1.612714759376253,-0.914525658916792,149,0.26015205791380874,0.6981891004594609,2.6837731212212
2021-05,climatology,3,2021-08,-1.3510191613870708,-0.1087597233384241,149,0.26015205791380874,1.2422594380486467,4.775128238502042
2021-05,climatology,6,2021-11,-0.300087188930341,-0.2949804127283763,149,0.26015205791380874,0.005106776201964702,0.019629966577687553
2021-05,climatology,12,2022-05,-0.8282330698777015,-1.0223302559755232,149,0.26015205791380874,-0.19409718609782167,0.7460912961992722
2021-05,seasonal naive with drift,1,2021-06,-1.3034056543682282,-0.914525658916792,149,0.26015205791380874,0.38887999545143614,1.494818063596777
2021-05,seasonal naive with drift,3,2021-08,-1.445764818919003,-0.1087597233384241,149,0.26015205791380874,1.337005095580579,5.139321619448975
2021-05,seasonal naive with drift,6,2021-11,-0.49183777921192184,-0.2949804127283763,149,0.26015205791380874,0.19685736648354557,0.7567011695474136
2021-05,seasonal naive with drift,12,2022-05,-0.73477723168435,-1.0223302559755232,149,0.26015205791380874,-0.28755302429117313,1.1053267331309853
2021-06,seasonal naive,1,2021-07,-0.8528300989201106,-0.2688481344333537,150,0.26108162393908985,0.583981964486757,2.2367792710796053
2021-06,seasonal naive,3,2021-09,-1.1587505858307934,-0.2755271826053372,150,0.26108162393908985,0.8832234032254562,3.3829397484960935
2021-06,seasonal naive,6,2021-12,-0.5077590733966878,-0.3874575301228863,150,0.26108162393908985,0.12030154327380149,0.46078135051690866
2021-06,seasonal naive,12,2022-06,-0.914525658916792,-1.893611989926682,150,0.26108162393908985,-0.9790863310098898,3.750115830589096
2021-06,naive,1,2021-07,-0.914525658916792,-0.2688481344333537,150,0.26108162393908985,0.6456775244834383,2.473086825268386
2021-06,naive,3,2021-09,-0.914525658916792,-0.2755271826053372,150,0.26108162393908985,0.6389984763114549,2.4475046028537526
2021-06,naive,6,2021-12,-0.914525658916792,-0.3874575301228863,150,0.26108162393908985,0.5270681287939057,2.018786771898088
2021-06,naive,12,2022-06,-0.914525658916792,-1.893611989926682,150,0.26108162393908985,-0.9790863310098898,3.750115830589096
2021-06,climatology,1,2021-07,-1.5392033929895945,-0.2688481344333537,150,0.26108162393908985,1.2703552585562408,4.865739837946671
2021-06,climatology,3,2021-09,-0.798707835239506,-0.2755271826053372,150,0.26108162393908985,0.5231806526341687,2.003896883819852
2021-06,climatology,6,2021-12,-0.28829908112425906,-0.3874575301228863,150,0.26108162393908985,-0.09915844899862725,0.37979865263041584
2021-06,climatology,12,2022-06,-1.559007905494756,-1.893611989926682,150,0.26108162393908985,-0.3346040844319258,1.2816071823959112
2021-06,seasonal naive with drift,1,2021-07,-0.8530401193638785,-0.2688481344333537,150,0.26108162393908985,0.5841919849305248,2.2375836955373636
2021-06,seasonal naive with drift,3,2021-09,-1.1593806471620969,-0.2755271826053372,150,0.26108162393908985,0.8838534645567597,3.385353021869368
2021-06,seasonal naive with drift,6,2021-12,-0.5090191960592948,-0.3874575301228863,150,0.26108162393908985,0.12156166593640849,0.46560789726345786
2021-06,seasonal naive with drift,12,2022-06,-0.9170459042420062,-1.893611989926682,150,0.26108162393908985,-0.9765660856846757,3.7404627370959966
2021-07,seasonal naive,1,2021-08,-1.4444213407725028,-0.1087597233384241,151,0.26340464797180685,1.3356616174340787,5.070759486283019
2021-07,seasonal naive,3,2021-10,-0.1992601742012616,-0.2291692109357248,151,0.26340464797180685,-0.029909036734463185,0.11354787003479322
2021-07,seasonal naive,6,2022-01,-0.556625546697367,-0.6367744179670853,151,0.26340464797180685,-0.08014887126971837,0.3042803985687337
2021-07,seasonal naive,12,2022-07,-0.2688481344333537,-2.2561137688923565,151,0.26340464797180685,-1.9872656344590027,7.5445351847842375
2021-07,naive,1,2021-08,-0.2688481344333537,-0.1087597233384241,151,0.26340464797180685,0.1600884110949296,0.6077660828219874
2021-07,naive,3,2021-10,-0.2688481344333537,-0.2291692109357248,151,0.26340464797180685,0.039678923497628915,0.15063866109862986
2021-07,naive,6,2022-01,-0.2688481344333537,-0.6367744179670853,151,0.26340464797180685,-0.36792628353373164,1.3968101412284575
2021-07,naive,12,2022-07,-0.2688481344333537,-2.2561137688923565,151,0.26340464797180685,-1.9872656344590027,7.5445351847842375
2021-07,climatology,1,2021-08,-1.3510191613870708,-0.1087597233384241,151,0.26340464797180685,1.2422594380486467,4.716163695720397
2021-07,climatology,3,2021-10,-0.373865394424523,-0.2291692109357248,151,0.26340464797180685,0.1446961834887982,0.5493304108448593
2021-07,climatology,6,2022-01,-0.255959251537931,-0.6367744179670853,151,0.26340464797180685,-0.38081516642915436,1.4457420146584292
2021-07,climatology,12,2022-07,-1.4414837577160375,-2.2561137688923565,151,0.26340464797180685,-0.814630011176319,3.0926941397917616
2021-07,seasonal naive with drift,1,2021-08,-1.4442797411864075,-0.1087597233384241,151,0.26340464797180685,1.3355200178479834,5.0702219119190675
2021-07,seasonal naive with drift,3,2021-10,-0.19883537544297525,-0.2291692109357248,151,0.26340464797180685,-0.03033383549274954,0.11516059312664931
2021-07,seasonal naive with drift,6,2022-01,-0.5557759491807943,-0.6367744179670853,151,0.26340464797180685,-0.08099846878629102,0.3075058447524456
2021-07,seasonal naive with drift,12,2022-07,-0.2671489394002083,-2.2561137688923565,151,0.26340464797180685,-1.9889648294921483,7.550986077151662
2021-08,seasonal naive,1,2021-09,-1.1587505858307934,-0.2755271826053372,152,0.27106362632510883,0.8832234032254562,3.258361939591755
2021-08,seasonal naive,3,2021-11,-0.4891508229189213,-0.2949804127283763,152,0.27106362632510883,0.19417041019054504,0.7163277966246218
2021-08,seasonal naive,6,2022-02,-0.639737478389319,-0.4098228738124723,152,0.27106362632510883,0.22991460457684676,0.8481942328222648
2021-08,seasonal naive,12,2022-08,-0.1087597233384241,-1.6698799503701345,152,0.27106362632510883,-1.5611202270317104,5.75923906942546
2021-08,naive,1,2021-09,-0.1087597233384241,-0.2755271826053372,152,0.27106362632510883,-0.1667674592669131,0.6152336317780064
2021-08,naive,3,2021-11,-0.1087597233384241,-0.2949804127283763,152,0.27106362632510883,-0.18622068938995218,0.6869999192241398
2021-08,naive,6,2022-02,-0.1087597233384241,-0.4098228738124723,152,0.27106362632510883,-0.3010631504740482,1.1106733668240625
2021-08,naive,12,2022-08,-0.1087597233384241,-1.6698799503701345,152,0.27106362632510883,-1.5611202270317104,5.75923906942546
2021-08,climatology,1,2021-09,-0.798707835239506,-0.2755271826053372,152,0.27106362632510883,0.5231806526341687,1.9301027575226017
2021-08,climatology,3,2021-11,-0.300087188930341,-0.2949804127283763,152,0.27106362632510883,0.005106776201964702,0.018839769360422143
2021-08,climatology,6,2022-02,-0.26160924173120037,-0.4098228738124723,152,0.27106362632510883,-0.14821363208127192,0.546785395335585
2021-08,climatology,12,2022-08,-1.2554607430756366,-1.6698799503701345,152,0.27106362632510883,-0.4144192072944979,1.5288632153007904
2021-08,seasonal naive with drift,1,2021-09,-1.1578149609932689,-0.2755271826053372,152,0.27106362632510883,0.8822877783879317,3.2549102598138036
2021-08,seasonal naive with drift,3,2021-11,-0.4863439484063476,-0.2949804127283763,152,0.27106362632510883,0.19136353567797132,0.7059727572907674
2021-08,seasonal naive with drift,6,2022-02,-0.6341237293641716,-0.4098228738124723,152,0.27106362632510883,0.22430085555169932,0.827484154154556
2021-08,seasonal naive with drift,12,2022-08,-0.09753222528812917,-1.6698799503701345,152,0.27106362632510883,-1.5723477250820053,5.800659226760877
2021-09,seasonal naive,1,2021-10,-0.1992601742012616,-0.2291692109357248,153,0.2754051850265298,-0.029909036734463185,0.10860012214941432
2021-09,seasonal naive,3,2021-12,-0.5077590733966878,-0.3874575301228863,153,0.2754051850265298,0.12030154327380149,0.4368165518097012
2021-09,seasonal naive,6,2022-03,-0.6682454760327975,-0.2920263128367595,153,0.2754051850265298,0.376219163196038,1.3660569359280466
2021-09,seasonal naive,12,2022-09,-0.2755271826053372,-1.3113884430394886,153,0.2754051850265298,-1.0358612604341515,3.761226428378126
2021-09,naive,1,2021-10,-0.2755271826053372,-0.2291692109357248,153,0.2754051850265298,0.04635797166961242,0.16832643025637573
2021-09,naive,3,2021-12,-0.2755271826053372,-0.3874575301228863,153,0.2754051850265298,-0.1119303475175491,0.4064206253297913
2021-09,naive,6,2022-03,-0.2755271826053372,-0.2920263128367595,153,0.2754051850265298,-0.0164991302314223,0.05990856791542591
2021-09,naive,12,2022-09,-0.2755271826053372,-1.3113884430394886,153,0.2754051850265298,-1.0358612604341515,3.761226428378126
2021-09,climatology,1,2021-10,-0.373865394424523,-0.2291692109357248,153,0.2754051850265298,0.1446961834887982,0.5253938246473451
2021-09,climatology,3,2021-12,-0.28829908112425906,-0.3874575301228863,153,0.2754051850265298,-0.09915844899862725,0.36004568682712096
2021-09,climatology,6,2022-03,-0.3349649371295973,-0.2920263128367595,153,0.2754051850265298,0.04293862429283779,0.15591073308478748
2021-09,climatology,12,2022-09,-0.7584631696522622,-1.3113884430394886,153,0.2754051850265298,-0.5529252733872264,2.007679242981439
2021-09,seasonal naive with drift,1,2021-10,-0.19780918535358621,-0.2291692109357248,153,0.2754051850265298,-0.03136002558213857,0.11386868253449063
2021-09,seasonal naive with drift,3,2021-12,-0.5034061068536616,-0.3874575301228863,153,0.2754051850265298,0.1159485767307753,0.4210108706544722
2021-09,seasonal naive with drift,6,2022-03,-0.6595395429467452,-0.2920263128367595,153,0.2754051850265298,0.3675132301099857,1.3344455736175889
2021-09,seasonal naive with drift,12,2022-09,-0.25811531643323266,-1.3113884430394886,153,0.2754051850265298,-1.053273126606256,3.8244491529990414
2021-10,seasonal naive,1,2021-11,-0.4891508229189213,-0.2949804127283763,154,0.2736763389117969,0.19417041019054504,0.7094892125589425
2021-10,seasonal naive,3,2022-01,-0.556625546697367,-0.6367744179670853,154,0.2736763389117969,-0.08014887126971837,0.2928600681681493
2021-10,seasonal naive,6,2022-04,-0.6729941668040196,-0.533056791595462,154,0.2736763389117969,0.13993737520855754,0.5113243467264371
2021-10,seasonal naive,12,2022-10,-0.2291692109357248,-0.594230815262143,154,0.2736763389117969,-0.36506160432641827,1.333917304572223
2021-10,naive,1,2021-11,-0.2291692109357248,-0.2949804127283763,154,0.2736763389117969,-0.06581120179265149,0.24047092289502517
2021-10,naive,3,2022-01,-0.2291692109357248,-0.6367744179670853,154,0.2736763389117969,-0.40760520703136055,1.4893695547525123
2021-10,naive,6,2022-04,-0.2291692109357248,-0.533056791595462,154,0.2736763389117969,-0.30388758065973726,1.1103904044758401
2021-10,naive,12,2022-10,-0.2291692109357248,-0.594230815262143,154,0.2736763389117969,-0.36506160432641827,1.333917304572223
2021-10,climatology,1,2021-11,-0.300087188930341,-0.2949804127283763,154,0.2736763389117969,0.005106776201964702,0.018659911274282886
2021-10,climatology,3,2022-01,-0.255959251537931,-0.6367744179670853,154,0.2736763389117969,-0.38081516642915436,1.391480052471351
2021-10,climatology,6,2022-04,-0.5498281310950341,-0.533056791595462,154,0.2736763389117969,0.016771339499572102,0.06128165688805613
2021-10,climatology,12,2022-10,-0.3627349187715385,-0.594230815262143,154,0.2736763389117969,-0.23149589649060454,0.8458747197915905
2021-10,seasonal naive with drift,1,2021-11,-0.4877276045541723,-0.2949804127283763,154,0.2736763389117969,0.19274719182579603,0.7042888420394885
2021-10,seasonal naive with drift,3,2022-01,-0.55235589160312,-0.6367744179670853,154,0.2736763389117969,-0.0844185263639653,0.30846117972651094
2021-10,seasonal naive with drift,6,2022-04,-0.6644548566155256,-0.533056791595462,154,0.2736763389117969,0.13139806502006357,0.48012212360971346
2021-10,seasonal naive with drift,12,2022-10,-0.21209059055873689,-0.594230815262143,154,0.2736763389117969,-0.38214022470340614,1.39632175080567
2021-11,seasonal naive,1,2021-12,-0.5077590733966878,-0.3874575301228863,155,0.2731203533962636,0.12030154327380149,0.44047080994823895
2021-11,seasonal naive,3,2022-02,-0.639737478389319,-0.4098228738124723,155,0.2731203533962636,0.22991460457684676,0.8418069240093187
2021-11,seasonal naive,6,2022-05,-0.729403319098349,-1.0223302559755232,155,0.2731203533962636,-0.2929269368771742,1.0725196172112947
2021-11,seasonal naive,12,2022-11,-0.2949804127283763,-0.3151836671305359,155,0.2731203533962636,-0.020203254402159643,0.07397198396579122
2021-11,naive,1,2021-12,-0.2949804127283763,-0.3874575301228863,155,0.2731203533962636,-0.09247711739451003,0.3385947485954562
2021-11,naive,3,2022-02,-0.2949804127283763,-0.4098228738124723,155,0.2731203533962636,-0.11484246108409601,0.4204829836225128
2021-11,naive,6,2022-05,-0.2949804127283763,-1.0223302559755232,155,0.2731203533962636,-0.7273498432471469,2.663111094440673
2021-11,naive,12,2022-11,-0.2949804127283763,-0.3151836671305359,155,0.2731203533962636,-0.020203254402159643,0.07397198396579122
2021-11,climatology,1,2021-12,-0.28829908112425906,-0.3874575301228863,155,0.2731203533962636,-0.09915844899862725,0.3630577061196193
2021-11,climatology,3,2022-02,-0.26160924173120037,-0.4098228738124723,155,0.2731203533962636,-0.14821363208127192,0.5426678394276695
2021-11,climatology,6,2022-05,-0.8282330698777015,-1.0223302559755232,155,0.2731203533962636,-0.19409718609782167,0.7106654033074233
2021-11,climatology,12,2022-11,-0.29969435999172833,-0.3151836671305359,155,0.2731203533962636,-0.015489307138807584,0.056712386851427835
2021-11,seasonal naive with drift,1,2021-12,-0.5062326546882246,-0.3874575301228863,155,0.2731203533962636,0.11877512456533834,0.4348819964838374
2021-11,seasonal naive with drift,3,2022-02,-0.6351582222639295,-0.4098228738124723,155,0.2731203533962636,0.2253353484514572,0.8250404836161136
2021-11,seasonal naive with drift,6,2022-05,-0.7202448068475699,-1.0223302559755232,155,0.2731203533962636,-0.3020854491279533,1.1060524979977049
2021-11,seasonal naive with drift,12,2022-11,-0.276663388226818,-0.3151836671305359,155,0.2731203533962636,-0.0385202789037179,0.1410377455386116
2021-12,seasonal naive,1,2022-01,-0.556625546697367,-0.6367744179670853,156,0.2720591116593021,-0.08014887126971837,0.29460094455534463
2021-12,seasonal naive,3,2022-03,-0.6682454760327975,-0.2920263128367595,156,0.2720591116593021,0.376219163196038,1.382858162336334
2021-12,seasonal naive,6,2022-06,-0.914525658916792,-1.893611989926682,156,0.2720591116593021,-0.9790863310098898,3.598799999891176
2021-12,seasonal naive,12,2022-12,-0.3874575301228863,-0.489564100646511,156,0.2720591116593021,-0.1021065705236247,0.37531024011977265
2021-12,naive,1,2022-01,-0.3874575301228863,-0.6367744179670853,156,0.2720591116593021,-0.24931688784419903,0.9164070496430092
2021-12,naive,3,2022-03,-0.3874575301228863,-0.2920263128367595,156,0.2720591116593021,0.0954312172861268,0.35077383258398165
2021-12,naive,6,2022-06,-0.3874575301228863,-1.893611989926682,156,0.2720591116593021,-1.5061544598037955,5.5361294485513985
2021-12,naive,12,2022-12,-0.3874575301228863,-0.489564100646511,156,0.2720591116593021,-0.1021065705236247,0.37531024011977265
2021-12,climatology,1,2022-01,-0.255959251537931,-0.6367744179670853,156,0.2720591116593021,-0.38081516642915436,1.3997515617343
2021-12,climatology,3,2022-03,-0.3349649371295973,-0.2920263128367595,156,0.2720591116593021,0.04293862429283779,0.15782828970863347
2021-12,climatology,6,2022-06,-1.559007905494756,-1.893611989926682,156,0.2720591116593021,-0.3346040844319258,1.229894791580987
2021-12,climatology,12,2022-12,-0.2959266541241535,-0.489564100646511,156,0.2720591116593021,-0.19363744652235754,0.7117476982900999
2021-12,seasonal naive with drift,1,2022-01,-0.5550401091701699,-0.6367744179670853,156,0.2720591116593021,-0.08173430879691546,0.3004284925375733
2021-12,seasonal naive with drift,3,2022-03,-0.6634891634512061,-0.2920263128367595,156,0.2720591116593021,0.3714628506144466,1.3653755183896477
2021-12,seasonal naive with drift,6,2022-06,-0.9050130337536093,-1.893611989926682,156,0.2720591116593021,-0.9885989561730726,3.633765287784549
2021-12,seasonal naive with drift,12,2022-12,-0.3684322797965208,-0.489564100646511,156,0.2720591116593021,-0.12113182084999019,0.4452408159065182
2022-01,seasonal naive,1,2022-02,-0.639737478389319,-0.4098228738124723,157,0.2707355927600636,0.22991460457684676,0.8492219372892209
2022-01,seasonal naive,3,2022-04,-0.6729941668040196,-0.533056791595462,157,0.2707355927600636,0.13993737520855754,0.5168783822693586
2022-01,seasonal naive,6,2022-07,-0.2688481344333537,-2.2561137688923565,157,0.2707355927600636,-1.9872656344590027,7.340245197166206
2022-01,seasonal naive,12,2023-01,-0.6367744179670853,-0.2368399592309178,157,0.2707355927600636,0.3999344587361675,1.4772141876838667
2022-01,naive,1,2022-02,-0.6367744179670853,-0.4098228738124723,157,0.2707355927600636,0.22695154415461305,0.8382774567647865
2022-01,naive,3,2022-04,-0.6367744179670853,-0.533056791595462,157,0.2707355927600636,0.1037176263716233,0.38309564440439825
2022-01,naive,6,2022-07,-0.6367744179670853,-2.2561137688923565,157,0.2707355927600636,-1.6193393509252711,5.981257707627651
2022-01,naive,12,2023-01,-0.6367744179670853,-0.2368399592309178,157,0.2707355927600636,0.3999344587361675,1.4772141876838667
2022-01,climatology,1,2022-02,-0.26160924173120037,-0.4098228738124723,157,0.2707355927600636,-0.14821363208127192,0.5474479013648738
2022-01,climatology,3,2022-04,-0.5498281310950341,-0.533056791595462,157,0.2707355927600636,0.016771339499572102,0.0619473018992206
2022-01,climatology,6,2022-07,-1.4414837577160375,-2.2561137688923565,157,0.2707355927600636,-0.814630011176319,3.0089505516117185
2022-01,climatology,12,2023-01,-0.28316033485429914,-0.2368399592309178,157,0.2707355927600636,0.046320375623381344,0.1710908238963329
2022-01,seasonal naive with drift,1,2022-02,-0.6382090374837288,-0.4098228738124723,157,0.2707355927600636,0.22838616367125653,0.8435764257773866
2022-01,seasonal naive with drift,3,2022-04,-0.668408844087249,-0.533056791595462,157,0.2707355927600636,0.13535205249178694,0.49994184773385597
2022-01,seasonal naive with drift,6,2022-07,-0.25967748899981263,-2.2561137688923565,157,0.2707355927600636,-1.996436279892544,7.374118266237212
2022-01,seasonal naive with drift,12,2023-01,-0.6184331271000032,-0.2368399592309178,157,0.2707355927600636,0.38159316786908537,1.4094680495418572
2022-02,seasonal naive,1,2022-03,-0.6682454760327975,-0.2920263128367595,158,0.27045599695058953,0.376219163196038,1.391054986533616
2022-02,seasonal naive,3,2022-05,-0.729403319098349,-1.0223302559755232,158,0.27045599695058953,-0.2929269368771742,1.0830853823910214
2022-02,seasonal naive,6,2022-08,-0.1087597233384241,-1.6698799503701345,158,0.27045599695058953,-1.5611202270317104,5.7721782642405834
2022-02,seasonal naive,12,2023-02,-0.4098228738124723,-0.2115590515819148,158,0.27045599695058953,0.1982638222305575,0.7330723831824626
2022-02,naive,1,2022-03,-0.4098228738124723,-0.2920263128367595,158,0.27045599695058953,0.11779656097571278,0.4355479719580166
2022-02,naive,3,2022-05,-0.4098228738124723,-1.0223302559755232,158,0.27045599695058953,-0.6125073821630509,2.264721023268535
2022-02,naive,6,2022-08,-0.4098228738124723,-1.6698799503701345,158,0.27045599695058953,-1.2600570765576622,4.659009564457415
2022-02,naive,12,2023-02,-0.4098228738124723,-0.2115590515819148,158,0.27045599695058953,0.1982638222305575,0.7330723831824626
2022-02,climatology,1,2022-03,-0.3349649371295973,-0.2920263128367595,158,0.27045599695058953,0.04293862429283779,0.15876380918513108
2022-02,climatology,3,2022-05,-0.8282330698777015,-1.0223302559755232,158,0.27045599695058953,-0.19409718609782167,0.7176664162979604
2022-02,climatology,6,2022-08,-1.2554607430756366,-1.6698799503701345,158,0.27045599695058953,-0.4144192072944979,1.5322980890315012
2022-02,climatology,12,2023-02,-0.2721959297370055,-0.2115590515819148,158,0.27045599695058953,0.06063687815509072,0.22420237982805266
2022-02,seasonal naive with drift,1,2022-03,-0.6665962741034004,-0.2920263128367595,158,0.27045599695058953,0.3745699612666409,1.3849571297732113
2022-02,seasonal naive with drift,3,2022-05,-0.7244557133101577,-1.0223302559755232,158,0.27045599695058953,-0.2978745426653655,1.101378952672235
2022-02,seasonal naive with drift,6,2022-08,-0.09886451176204136,-1.6698799503701345,158,0.27045599695058953,-1.571015438608093,5.808765404803011
2022-02,seasonal naive with drift,12,2023-02,-0.3900324506597068,-0.2115590515819148,158,0.27045599695058953,0.17847339907779203,0.6598981020576072
2022-03,seasonal naive,1,2022-04,-0.6729941668040196,-0.533056791595462,159,0.2711754742719871,0.13993737520855754,0.5160399390256115
2022-03,seasonal naive,3,2022-06,-0.914525658916792,-1.893611989926682,159,0.2711754742719871,-0.9790863310098898,3.6105268503296615
2022-03,seasonal naive,6,2022-09,-0.2755271826053372,-1.3113884430394886,159,0.2711754742719871,-1.0358612604341515,3.819892869054927
2022-03,seasonal naive,12,2023-03,-0.2920263128367595,-0.3858673612316364,159,0.2711754742719871,-0.09384104839487689,0.34605285985691675
2022-03,naive,1,2022-04,-0.2920263128367595,-0.533056791595462,159,0.2711754742719871,-0.24103047875870254,0.8888358337190576
2022-03,naive,3,2022-06,-0.2920263128367595,-1.893611989926682,159,0.2711754742719871,-1.6015856770899224,5.90608601824936
2022-03,naive,6,2022-09,-0.2920263128367595,-1.3113884430394886,159,0.2711754742719871,-1.0193621302027291,3.759049865919349
2022-03,naive,12,2023-03,-0.2920263128367595,-0.3858673612316364,159,0.2711754742719871,-0.09384104839487689,0.34605285985691675
2022-03,climatology,1,2022-04,-0.5498281310950341,-0.533056791595462,159,0.2711754742719871,0.016771339499572102,0.06184681540466511
2022-03,climatology,3,2022-06,-1.559007905494756,-1.893611989926682,159,0.2711754742719871,-0.3346040844319258,1.2339024586578955
2022-03,climatology,6,2022-09,-0.7584631696522622,-1.3113884430394886,159,0.2711754742719871,-0.5529252733872264,2.0389943997392854
2022-03,climatology,12,2023-03,-0.33189789253725177,-0.3858673612316364,159,0.2711754742719871,-0.053969468694384626,0.19902046392386363
2022-03,seasonal naive with drift,1,2022-04,-0.6711429077657544,-0.533056791595462,159,0.2711754742719871,0.13808611617029232,0.5092131452558756
2022-03,seasonal naive with drift,3,2022-06,-0.9089718818019965,-1.893611989926682,159,0.2711754742719871,-0.9846401081246854,3.6310072316388693
2022-03,seasonal naive with drift,6,2022-09,-0.26441962837574606,-1.3113884430394886,159,0.2711754742719871,-1.0469688146637426,3.8608536316733426
2022-03,seasonal naive with drift,12,2023-03,-0.2698112043775772,-0.3858673612316364,159,0.2711754742719871,-0.11605615685405918,0.427974385093748
2022-04,seasonal naive,1,2022-05,-0.729403319098349,-1.0223302559755232,160,0.2702887303593963,-0.2929269368771742,1.083755643410202
2022-04,seasonal naive,3,2022-07,-0.2688481344333537,-2.2561137688923565,160,0.2702887303593963,-1.9872656344590027,7.352380662769714
2022-04,seasonal naive,6,2022-10,-0.2291692109357248,-0.594230815262143,160,0.2702887303593963,-0.36506160432641827,1.3506356844438345
2022-04,seasonal naive,12,2023-04,-0.533056791595462,-0.3454022931067169,160,0.2702887303593963,0.18765449848874516,0.6942742238613706
2022-04,naive,1,2022-05,-0.533056791595462,-1.0223302559755232,160,0.2702887303593963,-0.48927346438006114,1.810188178136344
2022-04,naive,3,2022-07,-0.533056791595462,-2.2561137688923565,160,0.2702887303593963,-1.7230569772968944,6.374875397156913
2022-04,naive,6,2022-10,-0.533056791595462,-0.594230815262143,160,0.2702887303593963,-0.06117402366668101,0.2263284288077398
2022-04,naive,12,2023-04,-0.533056791595462,-0.3454022931067169,160,0.2702887303593963,0.18765449848874516,0.6942742238613706
2022-04,climatology,1,2022-05,-0.8282330698777015,-1.0223302559755232,160,0.2702887303593963,-0.19409718609782167,0.7181105399390325
2022-04,climatology,3,2022-07,-1.4414837577160375,-2.2561137688923565,160,0.2702887303593963,-0.814630011176319,3.013925183240623
2022-04,climatology,6,2022-10,-0.3627349187715385,-0.594230815262143,160,0.2702887303593963,-0.23149589649060454,0.856476317687349
2022-04,climatology,12,2023-04,-0.5486301782736361,-0.3454022931067169,160,0.2702887303593963,0.20322788516691925,0.7518918191546207
2022-04,seasonal naive with drift,1,2022-05,-0.7274857749999771,-1.0223302559755232,160,0.2702887303593963,-0.29484448097554605,1.0908500720081764
2022-04,seasonal naive with drift,3,2022-07,-0.26309550213823824,-2.2561137688923565,160,0.2702887303593963,-1.9930182667541183,7.373663948563636
2022-04,seasonal naive with drift,6,2022-10,-0.21766394634549385,-0.594230815262143,160,0.2702887303593963,-0.3765668689166492,1.3932022560316792
2022-04,seasonal naive with drift,12,2023-04,-0.5100462624150002,-0.3454022931067169,160,0.2702887303593963,0.1646439693082833,0.609141080685681
2022-05,seasonal naive,1,2022-06,-0.914525658916792,-1.893611989926682,161,0.27044066463132777,-0.9790863310098898,3.620336950231237
2022-05,seasonal naive,3,2022-08,-0.1087597233384241,-1.6698799503701345,161,0.27044066463132777,-1.5611202270317104,5.7725055111806975
2022-05,seasonal naive,6,2022-11,-0.2949804127283763,-0.3151836671305359,161,0.27044066463132777,-0.020203254402159643,0.07470494287425776
2022-05,seasonal naive,12,2023-05,-1.0223302559755232,-0.9962000211333736,161,0.27044066463132777,0.026130234842149602,0.09662095335319142
2022-05,naive,1,2022-06,-1.0223302559755232,-1.893611989926682,161,0.27044066463132777,-0.8712817339511587,3.2217112583232046
2022-05,naive,3,2022-08,-1.0223302559755232,-1.6698799503701345,161,0.27044066463132777,-0.6475496943946113,2.394424282595848
2022-05,naive,6,2022-11,-1.0223302559755232,-0.3151836671305359,161,0.27044066463132777,0.7071465888449873,2.614793858050117
2022-05,naive,12,2023-05,-1.0223302559755232,-0.9962000211333736,161,0.27044066463132777,0.026130234842149602,0.09662095335319142
2022-05,climatology,1,2022-06,-1.559007905494756,-1.893611989926682,161,0.27044066463132777,-0.3346040844319258,1.2372550736334988
2022-05,climatology,3,2022-08,-1.2554607430756366,-1.6698799503701345,161,0.27044066463132777,-0.4144192072944979,1.532384960891313
2022-05,climatology,6,2022-11,-0.29969435999172833,-0.3151836671305359,161,0.27044066463132777,-0.015489307138807584,0.057274327290694385
2022-05,climatology,12,2023-05,-0.8420971545989744,-0.9962000211333736,161,0.27044066463132777,-0.1541028665343992,0.5698213570968571
2022-05,seasonal naive with drift,1,2022-06,-0.9127848136249401,-1.893611989926682,161,0.27044066463132777,-0.9808271763017418,3.6267740195019584
2022-05,seasonal naive with drift,3,2022-08,-0.10353718746286843,-1.6698799503701345,161,0.27044066463132777,-1.5663427629072662,5.791816718992863
2022-05,seasonal naive with drift,6,2022-11,-0.28453534097726496,-0.3151836671305359,161,0.27044066463132777,-0.030648326153270955,0.11332735849858824
2022-05,seasonal naive with drift,12,2023-05,-1.0014401124733006,-0.9962000211333736,161,0.27044066463132777,0.005240091339926978,0.019376122104530456
2022-06,seasonal naive,1,2022-07,-0.2688481344333537,-2.2561137688923565,162,0.27516496907385146,-1.9872656344590027,7.22208804829964
2022-06,seasonal naive,3,2022-09,-0.2755271826053372,-1.3113884430394886,162,0.27516496907385146,-1.0358612604341515,3.7645099371502373
2022-06,seasonal naive,6,2022-12,-0.3874575301228863,-0.489564100646511,162,0.27516496907385146,-0.1021065705236247,0.3710740174059742
2022-06,seasonal naive,12,2023-06,-1.893611989926682,-1.7184221382138851,162,0.27516496907385146,0.17518985171279677,0.63667207458293
2022-06,naive,1,2022-07,-1.893611989926682,-2.2561137688923565,162,0.27516496907385146,-0.3625017789656746,1.3173979965029008
2022-06,naive,3,2022-09,-1.893611989926682,-1.3113884430394886,162,0.27516496907385146,0.5822235468871932,2.1159072277508204
2022-06,naive,6,2022-12,-1.893611989926682,-0.489564100646511,162,0.27516496907385146,1.4040478892801709,5.102567721486883
2022-06,naive,12,2023-06,-1.893611989926682,-1.7184221382138851,162,0.27516496907385146,0.17518985171279677,0.63667207458293
2022-06,climatology,1,2022-07,-1.4414837577160375,-2.2561137688923565,162,0.27516496907385146,-0.814630011176319,2.960514973683589
2022-06,climatology,3,2022-09,-0.7584631696522622,-1.3113884430394886,162,0.27516496907385146,-0.5529252733872264,2.0094319245951215
2022-06,climatology,6,2022-12,-0.2959266541241535,-0.489564100646511,162,0.27516496907385146,-0.19363744652235754,0.7037140198990491
2022-06,climatology,12,2023-06,-1.5829081972398935,-1.7184221382138851,162,0.27516496907385146,-0.1355139409739916,0.4924825330422822
2022-06,seasonal naive with drift,1,2022-07,-0.2676628316273419,-2.2561137688923565,162,0.27516496907385146,-1.9884509372650145,7.226395656241165
2022-06,seasonal naive with drift,3,2022-09,-0.2719712741873017,-1.3113884430394886,162,0.27516496907385146,-1.039417168852187,3.77743276097481
2022-06,seasonal naive with drift,6,2022-12,-0.3803457132868153,-0.489564100646511,162,0.27516496907385146,-0.10921838735969569,0.39691966505512044
2022-06,seasonal naive with drift,12,2023-06,-1.87938835625454,-1.7184221382138851,162,0.27516496907385146,0.1609662180406548,0.5849807792846375
2022-07,seasonal naive,1,2022-08,-0.1087597233384241,-1.6698799503701345,163,0.2865033840764022,-1.5611202270317104,5.448871859103083
2022-07,seasonal naive,3,2022-10,-0.2291692109357248,-0.594230815262143,163,0.2865033840764022,-0.36506160432641827,1.2741964828906414
2022-07,seasonal naive,6,2023-01,-0.6367744179670853,-0.2368399592309178,163,0.2865033840764022,0.3999344587361675,1.3959153048939783
2022-07,seasonal naive,12,2023-07,-2.2561137688923565,-2.1616796028068137,163,0.2865033840764022,0.09443416608554278,0.32960925187661977
2022-07,naive,1,2022-08,-2.2561137688923565,-1.6698799503701345,163,0.2865033840764022,0.586233818522222,2.0461671697598183
2022-07,naive,3,2022-10,-2.2561137688923565,-0.594230815262143,163,0.2865033840764022,1.6618829536302133,5.800570066519833
2022-07,naive,6,2023-01,-2.2561137688923565,-0.2368399592309178,163,0.2865033840764022,2.019273809661439,7.047992875096221
2022-07,naive,12,2023-07,-2.2561137688923565,-2.1616796028068137,163,0.2865033840764022,0.09443416608554278,0.32960925187661977
2022-07,climatology,1,2022-08,-1.2554607430756366,-1.6698799503701345,163,0.2865033840764022,-0.4144192072944979,1.4464722943167199
2022-07,climatology,3,2022-10,-0.3627349187715385,-0.594230815262143,163,0.2865033840764022,-0.23149589649060454,0.8080040563460544
2022-07,climatology,6,2023-01,-0.28316033485429914,-0.2368399592309178,163,0.2865033840764022,0.046320375623381344,0.16167479407862434
2022-07,climatology,12,2023-07,-1.4996716156572032,-2.1616796028068137,163,0.2865033840764022,-0.6620079871496105,2.310646309759022
2022-07,seasonal naive with drift,1,2022-08,-0.10867899518369878,-1.6698799503701345,163,0.2865033840764022,-1.5612009551864356,5.449153629438835
2022-07,seasonal naive with drift,3,2022-10,-0.2289270264715488,-0.594230815262143,163,0.2865033840764022,-0.3653037887905942,1.2750417938978977
2022-07,seasonal naive with drift,6,2023-01,-0.6362900490387334,-0.2368399592309178,163,0.2865033840764022,0.3994500898078156,1.3942246828794658
2022-07,seasonal naive with drift,12,2023-07,-2.2551450310356524,-2.1616796028068137,163,0.2865033840764022,0.09346542822883874,0.3262280078475939
2022-08,seasonal naive,1,2022-09,-0.2755271826053372,-1.3113884430394886,164,0.29488902120110816,-1.0358612604341515,3.5127155843747597
2022-08,seasonal naive,3,2022-11,-0.2949804127283763,-0.3151836671305359,164,0.29488902120110816,-0.020203254402159643,0.06851138207814608
2022-08,seasonal naive,6,2023-02,-0.4098228738124723,-0.2115590515819148,164,0.29488902120110816,0.1982638222305575,0.6723336847977996
2022-08,seasonal naive,12,2023-08,-1.6698799503701345,-0.6601478104623976,164,0.29488902120110816,1.009732139907737,3.42410896070329
2022-08,naive,1,2022-09,-1.6698799503701345,-1.3113884430394886,164,0.29488902120110816,0.35849150733064583,1.2156827876144025
2022-08,naive,3,2022-11,-1.6698799503701345,-0.3151836671305359,164,0.29488902120110816,1.3546962832395986,4.5939190198461946
2022-08,naive,6,2023-02,-1.6698799503701345,-0.2115590515819148,164,0.29488902120110816,1.4583208987882197,4.945321100284962
2022-08,naive,12,2023-08,-1.6698799503701345,-0.6601478104623976,164,0.29488902120110816,1.009732139907737,3.42410896070329
2022-08,climatology,1,2022-09,-0.7584631696522622,-1.3113884430394886,164,0.29488902120110816,-0.5529252733872264,1.875028345019813
2022-08,climatology,3,2022-11,-0.29969435999172833,-0.3151836671305359,164,0.29488902120110816,-0.015489307138807584,0.05252588609680453
2022-08,climatology,6,2023-02,-0.2721959297370055,-0.2115590515819148,164,0.29488902120110816,0.06063687815509072,0.20562609590588196
2022-08,climatology,12,2023-08,-1.2850621150252437,-0.6601478104623976,164,0.29488902120110816,0.6249143045628461,2.1191507978747963
2022-08,seasonal naive with drift,1,2022-09,-0.2763028628743446,-1.3113884430394886,164,0.29488902120110816,-1.035085580165144,3.510085170174027
2022-08,seasonal naive with drift,3,2022-11,-0.29730745353539834,-0.3151836671305359,164,0.29488902120110816,-0.01787621359513758,0.06062013947595009
2022-08,seasonal naive with drift,6,2023-02,-0.41447695542651647,-0.2115590515819148,164,0.29488902120110816,0.20291790384460168,0.6881161700021918
2022-08,seasonal naive with drift,12,2023-08,-1.6791881135982227,-0.6601478104623976,164,0.29488902120110816,1.0190403031358253,3.4556739311120745
2022-09,seasonal naive,1,2022-10,-0.2291692109357248,-0.594230815262143,165,0.29973197701308885,-0.36506160432641827,1.2179601521477856
2022-09,seasonal naive,3,2022-12,-0.3874575301228863,-0.489564100646511,165,0.29973197701308885,-0.1021065705236247,0.3406595837425977
2022-09,seasonal naive,6,2023-03,-0.2920263128367595,-0.3858673612316364,165,0.29973197701308885,-0.09384104839487689,0.3130832063032734
2022-09,seasonal naive,12,2023-09,-1.3113884430394886,0.1682091816025094,165,0.29973197701308885,1.479597624641998,4.936402313115181
2022-09,naive,1,2022-10,-1.3113884430394886,-0.594230815262143,165,0.29973197701308885,0.7171576277773456,2.3926630549199905
2022-09,naive,3,2022-12,-1.3113884430394886,-0.489564100646511,165,0.29973197701308885,0.8218243423929776,2.7418640833143066
2022-09,naive,6,2023-03,-1.3113884430394886,-0.3858673612316364,165,0.29973197701308885,0.9255210818078523,3.0878289698380637
2022-09,naive,12,2023-09,-1.3113884430394886,0.1682091816025094,165,0.29973197701308885,1.479597624641998,4.936402313115181
2022-09,climatology,1,2022-10,-0.3627349187715385,-0.594230815262143,165,0.29973197701308885,-0.23149589649060454,0.7723430072344115
2022-09,climatology,3,2022-12,-0.2959266541241535,-0.489564100646511,165,0.29973197701308885,-0.19363744652235754,0.6460353294700407
2022-09,climatology,6,2023-03,-0.33189789253725177,-0.3858673612316364,165,0.29973197701308885,-0.053969468694384626,0.18005909556999938
2022-09,climatology,12,2023-09,-0.7979578320370642,0.1682091816025094,165,0.29973197701308885,0.9661670136395736,3.223436562450534
2022-09,seasonal naive with drift,1,2022-10,-0.23050401598534548,-0.594230815262143,165,0.29973197701308885,-0.3637267992767976,1.2135068233340822
2022-09,seasonal naive with drift,3,2022-12,-0.3914619452717484,-0.489564100646511,165,0.29973197701308885,-0.09810215537476263,0.32729959730148733
2022-09,seasonal naive with drift,6,2023-03,-0.3000351431344836,-0.3858673612316364,165,0.29973197701308885,-0.0858322180971528,0.28636323342105285
2022-09,seasonal naive with drift,12,2023-09,-1.327406103634937,0.1682091816025094,165,0.29973197701308885,1.4956152852374462,4.989842258879622
2022-10,seasonal naive,1,2022-11,-0.2949804127283763,-0.3151836671305359,166,0.3001561953722663,-0.020203254402159643,0.0673091367549576
2022-10,seasonal naive,3,2023-01,-0.6367744179670853,-0.2368399592309178,166,0.3001561953722663,0.3999344587361675,1.3324211357361857
2022-10,seasonal naive,6,2023-04,-0.533056791595462,-0.3454022931067169,166,0.3001561953722663,0.18765449848874516,0.6251894892791008
2022-10,seasonal naive,12,2023-10,-0.594230815262143,-0.3185750976111358,166,0.3001561953722663,0.27565571765100727,0.9183742394826384
2022-10,naive,1,2022-11,-0.594230815262143,-0.3151836671305359,166,0.3001561953722663,0.27904714813160714,0.9296731249725536
2022-10,naive,3,2023-01,-0.594230815262143,-0.2368399592309178,166,0.3001561953722663,0.3573908560312252,1.1906829228961078
2022-10,naive,6,2023-04,-0.594230815262143,-0.3454022931067169,166,0.3001561953722663,0.24882852215542617,0.8289967889778806
2022-10,naive,12,2023-10,-0.594230815262143,-0.3185750976111358,166,0.3001561953722663,0.27565571765100727,0.9183742394826384
2022-10,climatology,1,2022-11,-0.29969435999172833,-0.3151836671305359,166,0.3001561953722663,-0.015489307138807584,0.05160415602815426
2022-10,climatology,3,2023-01,-0.28316033485429914,-0.2368399592309178,166,0.3001561953722663,0.046320375623381344,0.154320904707407
2022-10,climatology,6,2023-04,-0.5486301782736361,-0.3454022931067169,166,0.3001561953722663,0.20322788516691925,0.6770737645940225
2022-10,climatology,12,2023-10,-0.3792703399494388,-0.3185750976111358,166,0.3001561953722663,0.060695242338303035,0.20221219243209773
2022-10,seasonal naive with drift,1,2022-11,-0.29650409437092495,-0.3151836671305359,166,0.3001561953722663,-0.018679572759610963,0.06223284092618436
2022-10,seasonal naive with drift,3,2023-01,-0.6413454628947314,-0.2368399592309178,166,0.3001561953722663,0.40450550366381355,1.3476500232225055
2022-10,seasonal naive with drift,6,2023-04,-0.5421988814507542,-0.3454022931067169,166,0.3001561953722663,0.19679658834403735,0.6556472642517406
2022-10,seasonal naive with drift,12,2023-10,-0.6125149949727274,-0.3185750976111358,166,0.3001561953722663,0.29393989736159165,0.9792897894279179
2022-11,seasonal naive,1,2022-12,-0.3874575301228863,-0.489564100646511,167,0.29835004736600756,-0.1021065705236247,0.34223748722373487
2022-11,seasonal naive,3,2023-02,-0.4098228738124723,-0.2115590515819148,167,0.29835004736600756,0.1982638222305575,0.6645342408386915
2022-11,seasonal naive,6,2023-05,-1.0223302559755232,-0.9962000211333736,167,0.29835004736600756,0.026130234842149602,0.0875824725782388
2022-11,seasonal naive,12,2023-11,-0.3151836671305359,0.0523201067137854,167,0.29835004736600756,0.3675037738443213,1.231787214678997
2022-11,naive,1,2022-12,-0.3151836671305359,-0.489564100646511,167,0.29835004736600756,-0.1743804335159751,0.5844826741456823
2022-11,naive,3,2023-02,-0.3151836671305359,-0.2115590515819148,167,0.29835004736600756,0.10362461554862112,0.34732562124080146
2022-11,naive,6,2023-05,-0.3151836671305359,-0.9962000211333736,167,0.29835004736600756,-0.6810163540028377,2.2826084996976244
2022-11,naive,12,2023-11,-0.3151836671305359,0.0523201067137854,167,0.29835004736600756,0.3675037738443213,1.231787214678997
2022-11,climatology,1,2022-12,-0.2959266541241535,-0.489564100646511,167,0.29835004736600756,-0.19363744652235754,0.6490277049790727
2022-11,climatology,3,2023-02,-0.2721959297370055,-0.2115590515819148,167,0.29835004736600756,0.06063687815509072,0.20324071904940266
2022-11,climatology,6,2023-05,-0.8420971545989744,-0.9962000211333736,167,0.29835004736600756,-0.1541028665343992,0.5165169836401938
2022-11,climatology,12,2023-11,-0.30080073907307175,0.0523201067137854,167,0.29835004736600756,0.35312084578685715,1.1835789834940373
2022-11,seasonal naive with drift,1,2022-12,-0.3889822435260219,-0.489564100646511,167,0.29835004736600756,-0.10058185712048912,0.33712700235337345
2022-11,seasonal naive with drift,3,2023-02,-0.414397014021879,-0.2115590515819148,167,0.29835004736600756,0.20283796243996421,0.6798656954497756
2022-11,seasonal naive with drift,6,2023-05,-1.0314785363943366,-0.9962000211333736,167,0.29835004736600756,0.03527851526096304,0.11824538180040688
2022-11,seasonal naive with drift,12,2023-11,-0.33348022796816273,0.0523201067137854,167,0.29835004736600756,0.38580033468194813,1.2931130331233331
2022-12,seasonal naive,1,2023-01,-0.6367744179670853,-0.2368399592309178,168,0.29709207636060764,0.3999344587361675,1.3461633296834572
2022-12,seasonal naive,3,2023-03,-0.2920263128367595,-0.3858673612316364,168,0.29709207636060764,-0.09384104839487689,0.31586520093175924
2022-12,seasonal naive,6,2023-06,-1.893611989926682,-1.7184221382138851,168,0.29709207636060764,0.17518985171279677,0.5896820065310424
2022-12,seasonal naive,12,2023-12,-0.489564100646511,-0.009766995136692,168,0.29709207636060764,0.479797105509819,1.6149777920278348
2022-12,naive,1,2023-01,-0.489564100646511,-0.2368399592309178,168,0.29709207636060764,0.2527241414155932,0.8506593124645941
2022-12,naive,3,2023-03,-0.489564100646511,-0.3858673612316364,168,0.29709207636060764,0.10369673941487462,0.349039061173104
2022-12,naive,6,2023-06,-0.489564100646511,-1.7184221382138851,168,0.29709207636060764,-1.228858037567374,4.136286812563111
2022-12,naive,12,2023-12,-0.489564100646511,-0.009766995136692,168,0.29709207636060764,0.479797105509819,1.6149777920278348
2022-12,climatology,1,2023-01,-0.28316033485429914,-0.2368399592309178,168,0.29709207636060764,0.046320375623381344,0.15591252446315026
2022-12,climatology,3,2023-03,-0.33189789253725177,-0.3858673612316364,168,0.29709207636060764,-0.053969468694384626,0.18165906460890252
2022-12,climatology,6,2023-06,-1.5829081972398935,-1.7184221382138851,168,0.29709207636060764,-0.1355139409739916,0.45613448407659996
2022-12,climatology,12,2023-12,-0.3097579003043219,-0.009766995136692,168,0.29709207636060764,0.2999909051676299,1.0097573413688208
2022-12,seasonal naive with drift,1,2023-01,-0.6383439016745404,-0.2368399592309178,168,0.29709207636060764,0.40150394244362253,1.3514461488238438
2022-12,seasonal naive with drift,3,2023-03,-0.2967347639591245,-0.3858673612316364,168,0.29709207636060764,-0.08913259727251188,0.3000167435105996
2022-12,seasonal naive with drift,6,2023-06,-1.903028892171412,-1.7184221382138851,168,0.29709207636060764,0.1846067539575269,0.6213789213733621
2022-12,seasonal naive with drift,12,2023-12,-0.5083979051359712,-0.009766995136692,168,0.29709207636060764,0.49863090999927917,1.678371621712474
2023-01,seasonal naive,1,2023-02,-0.4098228738124723,-0.2115590515819148,169,0.29774712338210807,0.1982638222305575,0.6658798915619394
2023-01,seasonal naive,3,2023-04,-0.533056791595462,-0.3454022931067169,169,0.29774712338210807,0.18765449848874516,0.6302478974680885
2023-01,seasonal naive,6,2023-07,-2.2561137688923565,-2.1616796028068137,169,0.29774712338210807,0.09443416608554278,0.3171623121421479
2023-01,seasonal naive,12,2024-01,-0.2368399592309178,-0.0759113839450774,169,0.29774712338210807,0.1609285752858404,0.5404874225411602
2023-01,naive,1,2023-02,-0.2368399592309178,-0.2115590515819148,169,0.29774712338210807,0.02528090764900301,0.08490731114993591
2023-01,naive,3,2023-04,-0.2368399592309178,-0.3454022931067169,169,0.29774712338210807,-0.10856233387579908,0.3646125364458272
2023-01,naive,6,2023-07,-0.2368399592309178,-2.1616796028068137,169,0.29774712338210807,-1.9248396435758959,6.464679227499
2023-01,naive,12,2024-01,-0.2368399592309178,-0.0759113839450774,169,0.29774712338210807,0.1609285752858404,0.5404874225411602
2023-01,climatology,1,2023-02,-0.2721959297370055,-0.2115590515819148,169,0.29774712338210807,0.06063687815509072,0.20365227198945443
2023-01,climatology,3,2023-04,-0.5486301782736361,-0.3454022931067169,169,0.29774712338210807,0.20322788516691925,0.6825519684571751
2023-01,climatology,6,2023-07,-1.4996716156572032,-2.1616796028068137,169,0.29774712338210807,-0.6620079871496105,2.2233900352415334
2023-01,climatology,12,2024-01,-0.2800723098127404,-0.0759113839450774,169,0.29774712338210807,0.204160925867663,0.6856856366859235
2023-01,seasonal naive with drift,1,2023-02,-0.41117008137171834,-0.2115590515819148,169,0.29774712338210807,0.19961102978980355,0.6704045618389957
2023-01,seasonal naive with drift,3,2023-04,-0.5370984142732003,-0.3454022931067169,169,0.29774712338210807,0.19169612116648338,0.6438219082992578
2023-01,seasonal naive with drift,6,2023-07,-2.264197014247833,-2.1616796028068137,169,0.29774712338210807,0.10251741144101922,0.3443103338044864
2023-01,seasonal naive with drift,12,2024-01,-0.2530064499418707,-0.0759113839450774,169,0.29774712338210807,0.1770950659967933,0.5947834658658373
2023-02,seasonal naive,1,2023-03,-0.2920263128367595,-0.3858673612316364,170,0.29711748223557927,-0.09384104839487689,0.315838191979804
2023-02,seasonal naive,3,2023-05,-1.0223302559755232,-0.9962000211333736,170,0.29711748223557927,0.026130234842149602,0.08794580058211249
2023-02,seasonal naive,6,2023-08,-1.6698799503701345,-0.6601478104623976,170,0.29711748223557927,1.009732139907737,3.398427222492206
2023-02,seasonal naive,12,2024-02,-0.2115590515819148,-0.3395512541636505,170,0.29711748223557927,-0.12799220258173571,0.4307797764665121
2023-02,naive,1,2023-03,-0.2115590515819148,-0.3858673612316364,170,0.29711748223557927,-0.1743083096497216,0.5866646026285172
2023-02,naive,3,2023-05,-0.2115590515819148,-0.9962000211333736,170,0.29711748223557927,-0.7846409695514588,2.640844165909196
2023-02,naive,6,2023-08,-0.2115590515819148,-0.6601478104623976,170,0.29711748223557927,-0.4485887588804828,1.5098026393640633
2023-02,naive,12,2024-02,-0.2115590515819148,-0.3395512541636505,170,0.29711748223557927,-0.12799220258173571,0.4307797764665121
2023-02,climatology,1,2023-03,-0.33189789253725177,-0.3858673612316364,170,0.29711748223557927,-0.053969468694384626,0.18164353133415817
2023-02,climatology,3,2023-05,-0.8420971545989744,-0.9962000211333736,170,0.29711748223557927,-0.1541028665343992,0.5186597078532516
2023-02,climatology,6,2023-08,-1.2850621150252437,-0.6601478104623976,170,0.29711748223557927,0.6249143045628461,2.1032565968883734
2023-02,climatology,12,2024-02,-0.26815347119333277,-0.3395512541636505,170,0.29711748223557927,-0.07139778297031774,0.24030152124709941
2023-02,seasonal naive with drift,1,2023-03,-0.29326042423939086,-0.3858673612316364,170,0.29711748223557927,-0.09260693699224554,0.31168457774833697
2023-02,seasonal naive with drift,3,2023-05,-1.0260325901834173,-0.9962000211333736,170,0.29711748223557927,0.029832569050043722,0.10040664327651376
2023-02,seasonal naive with drift,6,2023-08,-1.6772846187859227,-0.6601478104623976,170,0.29711748223557927,1.0171368083235253,3.4233489078810084
2023-02,seasonal naive with drift,12,2024-02,-0.22636838841349108,-0.3395512541636505,170,0.29711748223557927,-0.11318286575015943,0.38093640568890763
2023-03,seasonal naive,1,2023-04,-0.533056791595462,-0.3454022931067169,171,0.29583901409821634,0.18765449848874516,0.63431288486665
2023-03,seasonal naive,3,2023-06,-1.893611989926682,-1.7184221382138851,171,0.29583901409821634,0.17518985171279677,0.5921796766623724
2023-03,seasonal naive,6,2023-09,-1.3113884430394886,0.1682091816025094,171,0.29583901409821634,1.479597624641998,5.001360720296285
2023-03,seasonal naive,12,2024-03,-0.3858673612316364,-0.4292202609040998,171,0.29583901409821634,-0.04335289967246342,0.14654219898823276
2023-03,naive,1,2023-04,-0.3858673612316364,-0.3454022931067169,171,0.29583901409821634,0.04046506812491951,0.1367807023298334
2023-03,naive,3,2023-06,-0.3858673612316364,-1.7184221382138851,171,0.29583901409821634,-1.3325547769822488,4.504324019075627
2023-03,naive,6,2023-09,-0.3858673612316364,0.1682091816025094,171,0.29583901409821634,0.5540765428341458,1.872898828178884
2023-03,naive,12,2024-03,-0.3858673612316364,-0.4292202609040998,171,0.29583901409821634,-0.04335289967246342,0.14654219898823276
2023-03,climatology,1,2023-04,-0.5486301782736361,-0.3454022931067169,171,0.29583901409821634,0.20322788516691925,0.6869543078569385
2023-03,climatology,3,2023-06,-1.5829081972398935,-1.7184221382138851,171,0.29583901409821634,-0.1355139409739916,0.45806649737212146
2023-03,climatology,6,2023-09,-0.7979578320370642,0.1682091816025094,171,0.29583901409821634,0.9661670136395736,3.2658539529840827
2023-03,climatology,12,2024-03,-0.3354958571168774,-0.4292202609040998,171,0.29583901409821634,-0.09372440378722241,0.3168088024931918
2023-03,seasonal naive with drift,1,2023-04,-0.534332324230569,-0.3454022931067169,171,0.29583901409821634,0.1889300311238521,0.6386244616848565
2023-03,seasonal naive with drift,3,2023-06,-1.8974385878320026,-1.7184221382138851,171,0.29583901409821634,0.17901644961811747,0.6051144071169915
2023-03,seasonal naive with drift,6,2023-09,-1.31904163885013,0.1682091816025094,171,0.29583901409821634,1.4872508204526393,5.027230181205523
2023-03,seasonal naive with drift,12,2024-03,-0.40117375285291895,-0.4292202609040998,171,0.29583901409821634,-0.028046508051180863,0.09480327716975703
2023-04,seasonal naive,1,2023-05,-1.0223302559755232,-0.9962000211333736,172,0.29516286087565713,0.026130234842149602,0.08852819343405623
2023-04,seasonal naive,3,2023-07,-2.2561137688923565,-2.1616796028068137,172,0.29516286087565713,0.09443416608554278,0.31993918816678274
2023-04,seasonal naive,6,2023-10,-0.594230815262143,-0.3185750976111358,172,0.29516286087565713,0.27565571765100727,0.9339105768023179
2023-04,seasonal naive,12,2024-04,-0.3454022931067169,-0.2914046391285222,172,0.29516286087565713,0.05399765397819467,0.18294189796778731
2023-04,naive,1,2023-05,-0.3454022931067169,-0.9962000211333736,172,0.29516286087565713,-0.6507977280266567,2.204876745319315
2023-04,naive,3,2023-07,-0.3454022931067169,-2.1616796028068137,172,0.29516286087565713,-1.8162773097000968,6.153475082575642
2023-04,naive,6,2023-10,-0.3454022931067169,-0.3185750976111358,172,0.29516286087565713,0.026827195495581102,0.09088946832942699
2023-04,naive,12,2024-04,-0.3454022931067169,-0.2914046391285222,172,0.29516286087565713,0.05399765397819467,0.18294189796778731
2023-04,climatology,1,2023-05,-0.8420971545989744,-0.9962000211333736,172,0.29516286087565713,-0.1541028665343992,0.5220943653860229
2023-04,climatology,3,2023-07,-1.4996716156572032,-2.1616796028068137,172,0.29516286087565713,-0.6620079871496105,2.24285665610381
2023-04,climatology,6,2023-10,-0.3792703399494388,-0.3185750976111358,172,0.29516286087565713,0.060695242338303035,0.20563306019679772
2023-04,climatology,12,2024-04,-0.5350816525958416,-0.2914046391285222,172,0.29516286087565713,0.2436770134673194,0.825568002506836
2023-04,seasonal naive with drift,1,2023-05,-1.0235000798136977,-0.9962000211333736,172,0.29516286087565713,0.027300058680324146,0.0924915099390665
2023-04,seasonal naive with drift,3,2023-07,-2.25962324040688,-2.1616796028068137,172,0.29516286087565713,0.09794363760006641,0.33182913768181355
2023-04,seasonal naive with drift,6,2023-10,-0.6012497582911905,-0.3185750976111358,172,0.29516286087565713,0.28267466068005476,0.9576904758323803
2023-04,seasonal naive with drift,12,2024-04,-0.3594401791648118,-0.2914046391285222,172,0.29516286087565713,0.06803554003628959,0.23050169602791196
2023-05,seasonal naive,1,2023-06,-1.893611989926682,-1.7184221382138851,173,0.29349185077607015,0.17518985171279677,0.5969155574492049
2023-05,seasonal naive,3,2023-08,-1.6698799503701345,-0.6601478104623976,173,0.29349185077607015,1.009732139907737,3.4404094602209154
2023-05,seasonal naive,6,2023-11,-0.3151836671305359,0.0523201067137854,173,0.29349185077607015,0.3675037738443213,1.252177097498769
2023-05,seasonal naive,12,2024-05,-0.9962000211333736,-0.462627913604086,173,0.29349185077607015,0.5335721075292876,1.8180133660215154
2023-05,naive,1,2023-06,-0.9962000211333736,-1.7184221382138851,173,0.29349185077607015,-0.7222221170805115,2.460791041287058
2023-05,naive,3,2023-08,-0.9962000211333736,-0.6601478104623976,173,0.29349185077607015,0.336052210670976,1.145013770509692
2023-05,naive,6,2023-11,-0.9962000211333736,0.0523201067137854,173,0.29349185077607015,1.048520127847159,3.57256981778061
2023-05,naive,12,2024-05,-0.9962000211333736,-0.462627913604086,173,0.29349185077607015,0.5335721075292876,1.8180133660215154
2023-05,climatology,1,2023-06,-1.5829081972398935,-1.7184221382138851,173,0.29349185077607015,-0.1355139409739916,0.46172982525973677
2023-05,climatology,3,2023-08,-1.2850621150252437,-0.6601478104623976,173,0.29349185077607015,0.6249143045628461,2.129239033078456
2023-05,climatology,6,2023-11,-0.30080073907307175,0.0523201067137854,173,0.29349185077607015,0.35312084578685715,1.2031708711949314
2023-05,climatology,12,2024-05,-0.8523706790346011,-0.462627913604086,173,0.29349185077607015,0.38974276543051506,1.3279508933550694
2023-05,seasonal naive with drift,1,2023-06,-1.8947610228120095,-1.7184221382138851,173,0.29349185077607015,0.1763388845981244,0.6008305993227332
2023-05,seasonal naive with drift,3,2023-08,-1.6733270490261174,-0.6601478104623976,173,0.29349185077607015,1.01317923856372,3.4521545858415004
2023-05,seasonal naive with drift,6,2023-11,-0.32207786444250186,0.0523201067137854,173,0.29349185077607015,0.37439797115628726,1.275667348739939
2023-05,seasonal naive with drift,12,2024-05,-1.0099884157573056,-0.462627913604086,173,0.29349185077607015,0.5473605021532195,1.864993868503856
2023-06,seasonal naive,1,2023-07,-2.2561137688923565,-2.1616796028068137,174,0.2927615915225932,0.09443416608554278,0.3225633717674849
2023-06,seasonal naive,3,2023-09,-1.3113884430394886,0.1682091816025094,174,0.2927615915225932,1.479597624641998,5.05393353324428
2023-06,seasonal naive,6,2023-12,-0.489564100646511,-0.009766995136692,174,0.2927615915225932,0.479797105509819,1.6388662973667152
2023-06,seasonal naive,12,2024-06,-1.7184221382138851,-1.316400707779799,174,0.2927615915225932,0.4020214304340861,1.3732041431502502
2023-06,naive,1,2023-07,-1.7184221382138851,-2.1616796028068137,174,0.2927615915225932,-0.4432574645929286,1.5140560696081653
2023-06,naive,3,2023-09,-1.7184221382138851,0.1682091816025094,174,0.2927615915225932,1.8866313198163944,6.4442583127261015
2023-06,naive,6,2023-12,-1.7184221382138851,-0.009766995136692,174,0.2927615915225932,1.708655143077193,5.836336433993363
2023-06,naive,12,2024-06,-1.7184221382138851,-1.316400707779799,174,0.2927615915225932,0.4020214304340861,1.3732041431502502
2023-06,climatology,1,2023-07,-1.4996716156572032,-2.1616796028068137,174,0.2927615915225932,-0.6620079871496105,2.2612528634874622
2023-06,climatology,3,2023-09,-0.7979578320370642,0.1682091816025094,174,0.2927615915225932,0.9661670136395736,3.3001836361618904
2023-06,climatology,6,2023-12,-0.3097579003043219,-0.009766995136692,174,0.2927615915225932,0.2999909051676299,1.024693518051458
2023-06,climatology,12,2024-06,-1.5919424599714929,-1.316400707779799,174,0.2927615915225932,0.27554175219169386,0.9411813577001599
2023-06,seasonal naive with drift,1,2023-07,-2.257165590745618,-2.1616796028068137,174,0.2927615915225932,0.09548598793880414,0.32615613080322814
2023-06,seasonal naive with drift,3,2023-09,-1.314543908599273,0.1682091816025094,174,0.2927615915225932,1.4827530902017823,5.06471181035151
2023-06,seasonal naive with drift,6,2023-12,-0.49587503176607967,-0.009766995136692,174,0.2927615915225932,0.4861080366293877,1.6604228515811763
2023-06,seasonal naive with drift,12,2024-06,-1.7310440004530223,-1.316400707779799,174,0.2927615915225932,0.4146432926732233,1.4163172515791718
2023-07,seasonal naive,1,2023-08,-1.6698799503701345,-0.6601478104623976,175,0.2915448588512002,1.009732139907737,3.46338516784852
2023-07,seasonal naive,3,2023-10,-0.594230815262143,-0.3185750976111358,175,0.2915448588512002,0.27565571765100727,0.9455001838728959
2023-07,seasonal naive,6,2024-01,-0.2368399592309178,-0.0759113839450774,175,0.2915448588512002,0.1609285752858404,0.5519856392596371
2023-07,seasonal naive,12,2024-07,-2.1616796028068137,-2.0345546008174256,175,0.2915448588512002,0.12712500198938814,0.436039251353325
2023-07,naive,1,2023-08,-2.1616796028068137,-0.6601478104623976,175,0.2915448588512002,1.5015317923444162,5.150259888859073
2023-07,naive,3,2023-10,-2.1616796028068137,-0.3185750976111358,175,0.2915448588512002,1.843104505195678,6.321855622692935
2023-07,naive,6,2024-01,-2.1616796028068137,-0.0759113839450774,175,0.2915448588512002,2.085768218861736,7.154193104555065
2023-07,naive,12,2024-07,-2.1616796028068137,-2.0345546008174256,175,0.2915448588512002,0.12712500198938814,0.436039251353325
2023-07,climatology,1,2023-08,-1.2850621150252437,-0.6601478104623976,175,0.2915448588512002,0.6249143045628461,2.143458495633402
2023-07,climatology,3,2023-10,-0.3792703399494388,-0.3185750976111358,175,0.2915448588512002,0.060695242338303035,0.20818491733130137
2023-07,climatology,6,2024-01,-0.2800723098127404,-0.0759113839450774,175,0.2915448588512002,0.204160925867663,0.7002727699337118
2023-07,climatology,12,2024-07,-1.5438054814671773,-2.0345546008174256,175,0.2915448588512002,-0.49074911935024823,1.6832713884374093
2023-07,seasonal naive with drift,1,2023-08,-1.6708770401025754,-0.6601478104623976,175,0.2915448588512002,1.010729229640178,3.4668051895095773
2023-07,seasonal naive with drift,3,2023-10,-0.5972220844594662,-0.3185750976111358,175,0.2915448588512002,0.27864698684833045,0.9557602488560685
2023-07,seasonal naive with drift,6,2024-01,-0.2428224976255641,-0.0759113839450774,175,0.2915448588512002,0.1669111136804867,0.572505769225982
2023-07,seasonal naive with drift,12,2024-07,-2.1736446795961064,-2.0345546008174256,175,0.2915448588512002,0.13909007877868085,0.4770795112860151
2023-08,seasonal naive,1,2023-09,-1.3113884430394886,0.1682091816025094,176,0.2959240495893498,1.479597624641998,4.999923550300212
2023-08,seasonal naive,3,2023-11,-0.3151836671305359,0.0523201067137854,176,0.2959240495893498,0.3675037738443213,1.2418854579555187
2023-08,seasonal naive,6,2024-02,-0.2115590515819148,-0.3395512541636505,176,0.2959240495893498,-0.12799220258173571,0.43251706902277437
2023-08,seasonal naive,12,2024-08,-0.6601478104623976,-1.110117807704205,176,0.2959240495893498,-0.44996999724180753,1.5205590686739567
2023-08,naive,1,2023-09,-0.6601478104623976,0.1682091816025094,176,0.2959240495893498,0.828356992064907,2.7992216016724827
2023-08,naive,3,2023-11,-0.6601478104623976,0.0523201067137854,176,0.2959240495893498,0.712467917176183,2.407603971913962
2023-08,naive,6,2024-02,-0.6601478104623976,-0.3395512541636505,176,0.2959240495893498,0.32059655629874706,1.083374456194537
2023-08,naive,12,2024-08,-0.6601478104623976,-1.110117807704205,176,0.2959240495893498,-0.44996999724180753,1.5205590686739567
2023-08,climatology,1,2023-09,-0.7979578320370642,0.1682091816025094,176,0.2959240495893498,0.9661670136395736,3.264915490918402
2023-08,climatology,3,2023-11,-0.30080073907307175,0.0523201067137854,176,0.2959240495893498,0.35312084578685715,1.1932820136682998
2023-08,climatology,6,2024-02,-0.26815347119333277,-0.3395512541636505,176,0.2959240495893498,-0.07139778297031774,0.24127063369602966
2023-08,climatology,12,2024-08,-1.2434011613877205,-1.110117807704205,176,0.2959240495893498,0.1332833536835154,0.45039716734233354
2023-08,seasonal naive with drift,1,2023-09,-1.3118663776821446,0.1682091816025094,176,0.2959240495893498,1.480075559284654,5.001538608769841
2023-08,seasonal naive with drift,3,2023-11,-0.31661747105850385,0.0523201067137854,176,0.2959240495893498,0.36893757777228925,1.2467306333644035
2023-08,seasonal naive with drift,6,2024-02,-0.21442665943785064,-0.3395512541636505,176,0.2959240495893498,-0.12512459472579987,0.4228267182050048
2023-08,seasonal naive with drift,12,2024-08,-0.6658830261742693,-1.110117807704205,176,0.2959240495893498,-0.4442347815299358,1.5011783670384173
2023-09,seasonal naive,1,2023-10,-0.594230815262143,-0.3185750976111358,177,0.30309782883209313,0.27565571765100727,0.9094612083272693
2023-09,seasonal naive,3,2023-12,-0.489564100646511,-0.009766995136692,177,0.30309782883209313,0.479797105509819,1.5829777051145155
2023-09,seasonal naive,6,2024-03,-0.3858673612316364,-0.4292202609040998,177,0.30309782883209313,-0.04335289967246342,0.1430326962074004
2023-09,seasonal naive,12,2024-09,0.1682091816025094,-0.5806609640082306,177,0.30309782883209313,-0.7488701456107401,2.470720917059393
2023-09,naive,1,2023-10,0.1682091816025094,-0.3185750976111358,177,0.30309782883209313,-0.4867842792136452,1.6060302414218504
2023-09,naive,3,2023-12,0.1682091816025094,-0.009766995136692,177,0.30309782883209313,-0.17797617673920138,0.5871905365504769
2023-09,naive,6,2024-03,0.1682091816025094,-0.4292202609040998,177,0.30309782883209313,-0.5974294425066092,1.9710779348326073
2023-09,naive,12,2024-09,0.1682091816025094,-0.5806609640082306,177,0.30309782883209313,-0.7488701456107401,2.470720917059393
2023-09,climatology,1,2023-10,-0.3792703399494388,-0.3185750976111358,177,0.30309782883209313,0.060695242338303035,0.2002496770503966
2023-09,climatology,3,2023-12,-0.3097579003043219,-0.009766995136692,177,0.30309782883209313,0.2999909051676299,0.9897494360931751
2023-09,climatology,6,2024-03,-0.3354958571168774,-0.4292202609040998,177,0.30309782883209313,-0.09372440378722241,0.30922162705145223
2023-09,climatology,12,2024-09,-0.7335466977944259,-0.5806609640082306,177,0.30309782883209313,0.1528857337861953,0.5044105211023775
2023-09,seasonal naive with drift,1,2023-10,-0.5939585818036102,-0.3185750976111358,177,0.30309782883209313,0.2753834841924744,0.9085630380580137
2023-09,seasonal naive with drift,3,2023-12,-0.48874740027091246,-0.009766995136692,177,0.30309782883209313,0.47898040513422047,1.5802831943067492
2023-09,seasonal naive with drift,6,2024-03,-0.3842339604804393,-0.4292202609040998,177,0.30309782883209313,-0.04498630042366053,0.14842171782293287
2023-09,seasonal naive with drift,12,2024-09,0.17147598310490358,-0.5806609640082306,177,0.30309782883209313,-0.7521369471131343,2.481498960290458
2023-10,seasonal naive,1,2023-11,-0.3151836671305359,0.0523201067137854,178,0.3029325149093155,0.3675037738443213,1.2131539394321391
2023-10,seasonal naive,3,2024-01,-0.2368399592309178,-0.0759113839450774,178,0.3029325149093155,0.1609285752858404,0.5312357286374995
2023-10,seasonal naive,6,2024-04,-0.3454022931067169,-0.2914046391285222,178,0.3029325149093155,0.05399765397819467,0.1782497794743465
2023-10,seasonal naive,12,2024-10,-0.3185750976111358,-0.1131641748771449,178,0.3029325149093155,0.20541092273399086,0.678074860321553
2023-10,naive,1,2023-11,-0.3185750976111358,0.0523201067137854,178,0.3029325149093155,0.3708952043249212,1.2243492727611318
2023-10,naive,3,2024-01,-0.3185750976111358,-0.0759113839450774,178,0.3029325149093155,0.24266371366605838,0.801048754171209
2023-10,naive,6,2024-04,-0.3185750976111358,-0.2914046391285222,178,0.3029325149093155,0.02717045848261357,0.08969145649732316
2023-10,naive,12,2024-10,-0.3185750976111358,-0.1131641748771449,178,0.3029325149093155,0.20541092273399086,0.678074860321553
2023-10,climatology,1,2023-11,-0.30080073907307175,0.0523201067137854,178,0.3029325149093155,0.35312084578685715,1.1656749553363916
2023-10,climatology,3,2024-01,-0.2800723098127404,-0.0759113839450774,178,0.3029325149093155,0.204160925867663,0.6739485390955133
2023-10,climatology,6,2024-04,-0.5350816525958416,-0.2914046391285222,178,0.3029325149093155,0.2436770134673194,0.8043937229394654
2023-10,climatology,12,2024-10,-0.37522399046021865,-0.1131641748771449,178,0.3029325149093155,0.26205981558307373,0.8650765523189967
2023-10,seasonal naive with drift,1,2023-11,-0.3147746922482337,0.0523201067137854,178,0.3029325149093155,0.3670947989620191,1.2118038866574323
2023-10,seasonal naive with drift,3,2024-01,-0.23561303458401112,-0.0759113839450774,178,0.3029325149093155,0.1597016506389337,0.5271855703133791
2023-10,seasonal naive with drift,6,2024-04,-0.3429484438129035,-0.2914046391285222,178,0.3029325149093155,0.0515438046843813,0.17014946282610574
2023-10,seasonal naive with drift,12,2024-10,-0.313667399023509,-0.1131641748771449,178,0.3029325149093155,0.20050322414636407,0.6618742270250713
2023-11,seasonal naive,1,2023-12,-0.489564100646511,-0.009766995136692,179,0.30331916915443524,0.479797105509819,1.5818225628381892
2023-11,seasonal naive,3,2024-02,-0.2115590515819148,-0.3395512541636505,179,0.30331916915443524,-0.12799220258173571,0.4219720202272095
2023-11,seasonal naive,6,2024-05,-0.9962000211333736,-0.462627913604086,179,0.30331916915443524,0.5335721075292876,1.7591110677796262
2023-11,seasonal naive,12,2024-11,0.0523201067137854,-0.3129651032522975,179,0.30331916915443524,-0.3652852099660829,1.2042931905174037
2023-11,naive,1,2023-12,0.0523201067137854,-0.009766995136692,179,0.30331916915443524,-0.062087101850477396,0.20469231148020747
2023-11,naive,3,2024-02,0.0523201067137854,-0.3395512541636505,179,0.30331916915443524,-0.3918713608774359,1.291943934733364
2023-11,naive,6,2024-05,0.0523201067137854,-0.462627913604086,179,0.30331916915443524,-0.5149480203178713,1.6977101109481316
2023-11,naive,12,2024-11,0.0523201067137854,-0.3129651032522975,179,0.30331916915443524,-0.3652852099660829,1.2042931905174037
2023-11,climatology,1,2023-12,-0.3097579003043219,-0.009766995136692,179,0.30331916915443524,0.2999909051676299,0.989027188765934
2023-11,climatology,3,2024-02,-0.26815347119333277,-0.3395512541636505,179,0.30331916915443524,-0.07139778297031774,0.23538829797455196
2023-11,climatology,6,2024-05,-0.8523706790346011,-0.462627913604086,179,0.30331916915443524,0.38974276543051506,1.284926259415135
2023-11,climatology,12,2024-11,-0.27725934935394797,-0.3129651032522975,179,0.30331916915443524,-0.03570575389834951,0.11771677338391329
2023-11,seasonal naive with drift,1,2023-12,-0.48897418959891104,-0.009766995136692,179,0.30331916915443524,0.47920719446221904,1.5798777103277315
2023-11,seasonal naive with drift,3,2024-02,-0.20978931843911483,-0.3395512541636505,179,0.30331916915443524,-0.12976193572453568,0.42780657775858294
2023-11,seasonal naive with drift,6,2024-05,-0.9926605548477737,-0.462627913604086,179,0.30331916915443524,0.5300326412436878,1.7474419527168794
2023-11,seasonal naive with drift,12,2024-11,0.05939903928498521,-0.3129651032522975,179,0.30331916915443524,-0.37236414253728267,1.2276314206428975
2023-12,seasonal naive,1,2024-01,-0.2368399592309178,-0.0759113839450774,180,0.3043696330613126,0.1609285752858404,0.5287274346893297
2023-12,seasonal naive,3,2024-03,-0.3858673612316364,-0.4292202609040998,180,0.3043696330613126,-0.04335289967246342,0.14243503609878966
2023-12,seasonal naive,6,2024-06,-1.7184221382138851,-1.316400707779799,180,0.3043696330613126,0.4020214304340861,1.320832917497727
2023-12,seasonal naive,12,2024-12,-0.009766995136692,-0.2834830014504014,180,0.3043696330613126,-0.2737160063137094,0.8992881568397847
2023-12,naive,1,2024-01,-0.009766995136692,-0.0759113839450774,180,0.3043696330613126,-0.0661443888083854,0.2173159922135241
2023-12,naive,3,2024-03,-0.009766995136692,-0.4292202609040998,180,0.3043696330613126,-0.4194532657674078,1.3781048442599155
2023-12,naive,6,2024-06,-0.009766995136692,-1.316400707779799,180,0.3043696330613126,-1.306633712643107,4.2929174619069075
2023-12,naive,12,2024-12,-0.009766995136692,-0.2834830014504014,180,0.3043696330613126,-0.2737160063137094,0.8992881568397847
2023-12,climatology,1,2024-01,-0.2800723098127404,-0.0759113839450774,180,0.3043696330613126,0.204160925867663,0.6707664092972657
2023-12,climatology,3,2024-03,-0.3354958571168774,-0.4292202609040998,180,0.3043696330613126,-0.09372440378722241,0.3079295488336133
2023-12,climatology,6,2024-06,-1.5919424599714929,-1.316400707779799,180,0.3043696330613126,0.27554175219169386,0.9052866063553336
2023-12,climatology,12,2024-12,-0.2897585066264799,-0.2834830014504014,180,0.3043696330613126,0.0062755051760785,0.020618039693908474
2023-12,seasonal naive with drift,1,2024-01,-0.23601556496261414,-0.0759113839450774,180,0.3043696330613126,0.16010418101753673,0.5260189047351026
2023-12,seasonal naive with drift,3,2024-03,-0.3833941784267254,-0.4292202609040998,180,0.3043696330613126,-0.04582608247737441,0.15056062596147082
2023-12,seasonal naive with drift,6,2024-06,-1.713475772604063,-1.316400707779799,180,0.3043696330613126,0.397075064824264,1.3045817377723643
2023-12,seasonal naive with drift,12,2024-12,0.00012573608295197297,-0.2834830014504014,180,0.3043696330613126,-0.28360873753335336,0.9317905162905094
2024-01,seasonal naive,1,2024-02,-0.2115590515819148,-0.3395512541636505,181,0.30352086940583645,-0.12799220258173571,0.4216916050362188
2024-01,seasonal naive,3,2024-04,-0.3454022931067169,-0.2914046391285222,181,0.30352086940583645,0.05399765397819467,0.17790425443857913
2024-01,seasonal naive,6,2024-07,-2.1616796028068137,-2.0345546008174256,181,0.30352086940583645,0.12712500198938814,0.41883446841149446
2024-01,seasonal naive,12,2025-01,-0.0759113839450774,,181,0.30352086940583645,,
2024-01,naive,1,2024-02,-0.0759113839450774,-0.3395512541636505,181,0.30352086940583645,-0.2636398702185731,0.8686054133103492
2024-01,naive,3,2024-04,-0.0759113839450774,-0.2914046391285222,181,0.30352086940583645,-0.2154932551834448,0.7099783800873004
2024-01,naive,6,2024-07,-0.0759113839450774,-2.0345546008174256,181,0.30352086940583645,-1.9586432168723482,6.453075930846306
2024-01,naive,12,2025-01,-0.0759113839450774,,181,0.30352086940583645,,
2024-01,climatology,1,2024-02,-0.26815347119333277,-0.3395512541636505,181,0.30352086940583645,-0.07139778297031774,0.23523187420385275
2024-01,climatology,3,2024-04,-0.5350816525958416,-0.2914046391285222,181,0.30352086940583645,0.2436770134673194,0.8028344605902532
2024-01,climatology,6,2024-07,-1.5438054814671773,-2.0345546008174256,181,0.30352086940583645,-0.49074911935024823,1.6168546179737964
2024-01,climatology,12,2025-01,-0.2673122519460115,,181,0.30352086940583645,,
2024-01,seasonal naive with drift,1,2024-02,-0.2106601820453339,-0.3395512541636505,181,0.30352086940583645,-0.1288910721183166,0.42465308026637505
2024-01,seasonal naive with drift,3,2024-04,-0.34270568449697425,-0.2914046391285222,181,0.30352086940583645,0.051301045368452036,0.16901982874811033
2024-01,seasonal naive with drift,6,2024-07,-2.1562863855873284,-2.0345546008174256,181,0.30352086940583645,0.12173178476990287,0.4010656170305569
2024-01,seasonal naive with drift,12,2025-01,-0.06512494950610682,,181,0.30352086940583645,,
2024-02,seasonal naive,1,2024-03,-0.3858673612316364,-0.4292202609040998,182,0.3024883478362829,-0.04335289967246342,0.14332089147423124
2024-02,seasonal naive,3,2024-05,-0.9962000211333736,-0.462627913604086,182,0.3024883478362829,0.5335721075292876,1.7639426819114208
2024-02,seasonal naive,6,2024-08,-0.6601478104623976,-1.110117807704205,182,0.3024883478362829,-0.44996999724180753,1.48756142330926
2024-02,seasonal naive,12,2025-02,-0.3395512541636505,,182,0.3024883478362829,,
2024-02,naive,1,2024-03,-0.3395512541636505,-0.4292202609040998,182,0.3024883478362829,-0.08966900674044931,0.2964378872173326
2024-02,naive,3,2024-05,-0.3395512541636505,-0.462627913604086,182,0.3024883478362829,-0.1230766594404355,0.40688066274555745
2024-02,naive,6,2024-08,-0.3395512541636505,-1.110117807704205,182,0.3024883478362829,-0.7705665535405546,2.547425575406335
2024-02,naive,12,2025-02,-0.3395512541636505,,182,0.3024883478362829,,
2024-02,climatology,1,2024-03,-0.3354958571168774,-0.4292202609040998,182,0.3024883478362829,-0.09372440378722241,0.3098446748697549
2024-02,climatology,3,2024-05,-0.8523706790346011,-0.462627913604086,182,0.3024883478362829,0.38974276543051506,1.28845546685804
2024-02,climatology,6,2024-08,-1.2434011613877205,-1.110117807704205,182,0.3024883478362829,0.1332833536835154,0.4406231004827099
2024-02,climatology,12,2025-02,-0.27261583262897765,,182,0.3024883478362829,,
2024-02,seasonal naive with drift,1,2024-03,-0.38503652043869313,-0.4292202609040998,182,0.3024883478362829,-0.044183740465406685,0.14606757840907128
2024-02,seasonal naive with drift,3,2024-05,-0.9937074987545438,-0.462627913604086,182,0.3024883478362829,0.5310795851504577,1.7557026211069005
2024-02,seasonal naive with drift,6,2024-08,-0.6551627657047379,-1.110117807704205,182,0.3024883478362829,-0.45495504199946724,1.5040415449183004
2024-02,seasonal naive with drift,12,2025-02,-0.32958116464833115,,182,0.3024883478362829,,
2024-03,seasonal naive,1,2024-04,-0.3454022931067169,-0.2914046391285222,183,0.30097293585871665,0.05399765397819467,0.17941033077984914
2024-03,seasonal naive,3,2024-06,-1.7184221382138851,-1.316400707779799,183,0.30097293585871665,0.4020214304340861,1.335739472012872
2024-03,seasonal naive,6,2024-09,0.1682091816025094,-0.5806609640082306,183,0.30097293585871665,-0.7488701456107401,2.488164404131926
2024-03,seasonal naive,12,2025-03,-0.4292202609040998,,183,0.30097293585871665,,
2024-03,naive,1,2024-04,-0.4292202609040998,-0.2914046391285222,183,0.30097293585871665,0.1378156217755776,0.4579003802530315
2024-03,naive,3,2024-06,-0.4292202609040998,-1.316400707779799,183,0.30097293585871665,-0.8871804468756992,2.9477083856209627
2024-03,naive,6,2024-09,-0.4292202609040998,-0.5806609640082306,183,0.30097293585871665,-0.15144070310413082,0.5031705016002517
2024-03,naive,12,2025-03,-0.4292202609040998,,183,0.30097293585871665,,
2024-03,climatology,1,2024-04,-0.5350816525958416,-0.2914046391285222,183,0.30097293585871665,0.2436770134673194,0.809630981510267
2024-03,climatology,3,2024-06,-1.5919424599714929,-1.316400707779799,183,0.30097293585871665,0.27554175219169386,0.9155034202844047
2024-03,climatology,6,2024-09,-0.7335466977944259,-0.5806609640082306,183,0.30097293585871665,0.1528857337861953,0.5079716996812074
2024-03,climatology,12,2025-03,-0.3413536323535788,,183,0.30097293585871665,,
2024-03,seasonal naive with drift,1,2024-04,-0.3445974381759509,-0.2914046391285222,183,0.30097293585871665,0.053192799047428685,0.1767361536865845
2024-03,seasonal naive with drift,3,2024-06,-1.7160075734215872,-1.316400707779799,183,0.30097293585871665,0.39960686564178816,1.327716940733078
2024-03,seasonal naive with drift,6,2024-09,0.1730383111871054,-0.5806609640082306,183,0.30097293585871665,-0.753699275195336,2.504209466691514
2024-03,seasonal naive with drift,12,2025-03,-0.4195620017349078,,183,0.30097293585871665,,
2024-04,seasonal naive,1,2024-05,-0.9962000211333736,-0.462627913604086,184,0.29953703305708573,0.5335721075292876,1.7813226701340783
2024-04,seasonal naive,3,2024-07,-2.1616796028068137,-2.0345546008174256,184,0.29953703305708573,0.12712500198938814,0.4244049581847887
2024-04,seasonal naive,6,2024-10,-0.3185750976111358,-0.1131641748771449,184,0.29953703305708573,0.20541092273399086,0.6857613585791366
2024-04,seasonal naive,12,2025-04,-0.2914046391285222,,184,0.29953703305708573,,
2024-04,naive,1,2024-05,-0.2914046391285222,-0.462627913604086,184,0.29953703305708573,-0.1712232744755638,0.5716263953343361
2024-04,naive,3,2024-07,-0.2914046391285222,-2.0345546008174256,184,0.29953703305708573,-1.7431499616889035,5.819480629484282
2024-04,naive,6,2024-10,-0.2914046391285222,-0.1131641748771449,184,0.29953703305708573,0.1782404642513773,0.5950531806776902
2024-04,naive,12,2025-04,-0.2914046391285222,,184,0.29953703305708573,,
2024-04,climatology,1,2024-05,-0.8523706790346011,-0.462627913604086,184,0.29953703305708573,0.38974276543051506,1.3011505170255122
2024-04,climatology,3,2024-07,-1.5438054814671773,-2.0345546008174256,184,0.29953703305708573,-0.49074911935024823,1.6383587509752804
2024-04,climatology,6,2024-10,-0.37522399046021865,-0.1131641748771449,184,0.29953703305708573,0.26205981558307373,0.874882858084297
2024-04,climatology,12,2025-04,-0.519851839254134,,184,0.29953703305708573,,
2024-04,seasonal naive with drift,1,2024-05,-0.9953736839376808,-0.462627913604086,184,0.29953703305708573,0.5327457703335947,1.7785639555028379
2024-04,seasonal naive with drift,3,2024-07,-2.159200591219735,-2.0345546008174256,184,0.29953703305708573,0.12464599040230961,0.4161288142910683
2024-04,seasonal naive with drift,6,2024-10,-0.3136170744369787,-0.1131641748771449,184,0.29953703305708573,0.2004528995598338,0.6692090707916958
2024-04,seasonal naive with drift,12,2025-04,-0.2814885927802081,,184,0.29953703305708573,,
2024-05,seasonal naive,1,2024-06,-1.7184221382138851,-1.316400707779799,185,0.300889836955769,0.4020214304340861,1.336108372756982
2024-05,seasonal naive,3,2024-08,-0.6601478104623976,-1.110117807704205,185,0.300889836955769,-0.44996999724180753,1.4954642595919696
2024-05,seasonal naive,6,2024-11,0.0523201067137854,-0.3129651032522975,185,0.300889836955769,-0.3652852099660829,1.2140164442303183
2024-05,seasonal naive,12,2025-05,-0.462627913604086,,185,0.300889836955769,,
2024-05,naive,1,2024-06,-0.462627913604086,-1.316400707779799,185,0.300889836955769,-0.853772794175713,2.837492960259798
2024-05,naive,3,2024-08,-0.462627913604086,-1.110117807704205,185,0.300889836955769,-0.647489894100119,2.1519167966955974
2024-05,naive,6,2024-11,-0.462627913604086,-0.3129651032522975,185,0.300889836955769,0.14966281035178852,0.4974006828080041
2024-05,naive,12,2025-05,-0.462627913604086,,185,0.300889836955769,,
2024-05,climatology,1,2024-06,-1.5919424599714929,-1.316400707779799,185,0.300889836955769,0.27554175219169386,0.9157562614260005
2024-05,climatology,3,2024-08,-1.2434011613877205,-1.110117807704205,185,0.300889836955769,0.1332833536835154,0.4429639599396245
2024-05,climatology,6,2024-11,-0.27725934935394797,-0.3129651032522975,185,0.300889836955769,-0.03570575389834951,0.11866719813337624
2024-05,climatology,12,2025-05,-0.8280117561951938,,185,0.300889836955769,,
2024-05,seasonal naive with drift,1,2024-06,-1.7173435582141552,-1.316400707779799,185,0.300889836955769,0.4009428504343562,1.3325237385578266
2024-05,seasonal naive with drift,3,2024-08,-0.6569120704632078,-1.110117807704205,185,0.300889836955769,-0.45320573724099733,1.5062181621894357
2024-05,seasonal naive with drift,6,2024-11,0.05879158671216491,-0.3129651032522975,185,0.300889836955769,-0.3717566899644624,1.23552424942525
2024-05,seasonal naive with drift,12,2025-05,-0.44968495360732696,,185,0.300889836955769,,
2024-06,seasonal naive,1,2024-07,-2.1616796028068137,-2.0345546008174256,186,0.3014710530102421,0.12712500198938814,0.4216822833237964
2024-06,seasonal naive,3,2024-09,0.1682091816025094,-0.5806609640082306,186,0.3014710530102421,-0.7488701456107401,2.4840532387210597
2024-06,seasonal naive,6,2024-12,-0.009766995136692,-0.2834830014504014,186,0.3014710530102421,-0.2737160063137094,0.9079346211870307
2024-06,seasonal naive,12,2025-06,-1.316400707779799,,186,0.3014710530102421,,
2024-06,naive,1,2024-07,-1.316400707779799,-2.0345546008174256,186,0.3014710530102421,-0.7181538930376266,2.3821653384851786
2024-06,naive,3,2024-09,-1.316400707779799,-0.5806609640082306,186,0.3014710530102421,0.7357397437715684,2.4404988022069656
2024-06,naive,6,2024-12,-1.316400707779799,-0.2834830014504014,186,0.3014710530102421,1.0329177063293975,3.426258329002173
2024-06,naive,12,2025-06,-1.316400707779799,,186,0.3014710530102421,,
2024-06,climatology,1,2024-07,-1.5438054814671773,-2.0345546008174256,186,0.3014710530102421,-0.49074911935024823,1.6278482277155004
2024-06,climatology,3,2024-09,-0.7335466977944259,-0.5806609640082306,186,0.3014710530102421,0.1528857337861953,0.5071323838876206
2024-06,climatology,6,2024-12,-0.2897585066264799,-0.2834830014504014,186,0.3014710530102421,0.0062755051760785,0.020816277760058434
2024-06,climatology,12,2025-06,-1.574721100459512,,186,0.3014710530102421,,
2024-06,seasonal naive with drift,1,2024-07,-2.1604146825434642,-2.0345546008174256,186,0.3014710530102421,0.1258600817260387,0.41748645672379947
2024-06,seasonal naive with drift,3,2024-09,0.17200394239255737,-0.5806609640082306,186,0.3014710530102421,-0.752664906400788,2.496640718521049
2024-06,seasonal naive with drift,6,2024-12,-0.0021774735565960306,-0.2834830014504014,186,0.3014710530102421,-0.28130552789380536,0.9331095807870097
2024-06,seasonal naive with drift,12,2025-06,-1.301221664619607,,186,0.3014710530102421,,
2024-07,seasonal naive,1,2024-08,-0.6601478104623976,-1.110117807704205,187,0.30047478986155146,-0.44996999724180753,1.4975299506795174
2024-07,seasonal naive,3,2024-10,-0.3185750976111358,-0.1131641748771449,187,0.30047478986155146,0.20541092273399086,0.6836211544690229
2024-07,seasonal naive,6,2025-01,-0.0759113839450774,,187,0.30047478986155146,,
2024-07,seasonal naive,12,2025-07,-2.0345546008174256,,187,0.30047478986155146,,
2024-07,naive,1,2024-08,-2.0345546008174256,-1.110117807704205,187,0.30047478986155146,0.9244367931132205,3.0765868695312824
2024-07,naive,3,2024-10,-2.0345546008174256,-0.1131641748771449,187,0.30047478986155146,1.9213904259402808,6.394514584153939
2024-07,naive,6,2025-01,-2.0345546008174256,,187,0.30047478986155146,,
2024-07,naive,12,2025-07,-2.0345546008174256,,187,0.30047478986155146,,
2024-07,climatology,1,2024-08,-1.2434011613877205,-1.110117807704205,187,0.30047478986155146,0.1332833536835154,0.4435758279252906
2024-07,climatology,3,2024-10,-0.37522399046021865,-0.1131641748771449,187,0.30047478986155146,0.26205981558307373,0.872152421518697
2024-07,climatology,6,2025-01,-0.2673122519460115,,187,0.30047478986155146,,
2024-07,climatology,12,2025-07,-1.5744773014265676,,187,0.30047478986155146,,
2024-07,seasonal naive with drift,1,2024-08,-0.6588295825996058,-1.110117807704205,187,0.30047478986155146,-0.4512882251045993,1.5019171003082739
2024-07,seasonal naive with drift,3,2024-10,-0.31462041402276036,-0.1131641748771449,187,0.30047478986155146,0.20145623914561545,0.6704597055827533
2024-07,seasonal naive with drift,6,2025-01,-0.0680020167683266,,187,0.30047478986155146,,
2024-07,seasonal naive with drift,12,2025-07,-2.018735866463924,,187,0.30047478986155146,,
2024-08,seasonal naive,1,2024-09,0.1682091816025094,-0.5806609640082306,188,0.30132419444893926,-0.7488701456107401,2.48526390979082
2024-08,seasonal naive,3,2024-11,0.0523201067137854,-0.3129651032522975,188,0.30132419444893926,-0.3652852099660829,1.2122664448970495
2024-08,seasonal naive,6,2025-02,-0.3395512541636505,,188,0.30132419444893926,,
2024-08,seasonal naive,12,2025-08,-1.110117807704205,,188,0.30132419444893926,,
2024-08,naive,1,2024-09,-1.110117807704205,-0.5806609640082306,188,0.30132419444893926,0.5294568436959745,1.7571003372770762
2024-08,naive,3,2024-11,-1.110117807704205,-0.3129651032522975,188,0.30132419444893926,0.7971527044519076,2.64549850007809
2024-08,naive,6,2025-02,-1.110117807704205,,188,0.30132419444893926,,
2024-08,naive,12,2025-08,-1.110117807704205,,188,0.30132419444893926,,
2024-08,climatology,1,2024-09,-0.7335466977944259,-0.5806609640082306,188,0.30132419444893926,0.1528857337861953,0.5073795486810883
2024-08,climatology,3,2024-11,-0.27725934935394797,-0.3129651032522975,188,0.30132419444893926,-0.03570575389834951,0.11849613989227809
2024-08,climatology,6,2025-02,-0.27261583262897765,,188,0.30132419444893926,,
2024-08,climatology,12,2025-08,-1.2350709517825007,,188,0.30132419444893926,,
2024-08,seasonal naive with drift,1,2024-09,0.16930686555829583,-0.5806609640082306,188,0.30132419444893926,-0.7499678295665264,2.4889067767626996
2024-08,seasonal naive with drift,3,2024-11,0.05561315858114474,-0.3129651032522975,188,0.30132419444893926,-0.3685782618334422,1.2231950458126901
2024-08,seasonal naive with drift,6,2025-02,-0.3329651504289318,,188,0.30132419444893926,,
2024-08,seasonal naive with drift,12,2025-08,-1.0969456002347677,,188,0.30132419444893926,,
2024-09,seasonal naive,1,2024-10,-0.3185750976111358,-0.1131641748771449,189,0.30385270264759356,0.20541092273399086,0.6760213779379318
2024-09,seasonal naive,3,2024-12,-0.009766995136692,-0.2834830014504014,189,0.30385270264759356,-0.2737160063137094,0.9008180737861117
2024-09,seasonal naive,6,2025-03,-0.4292202609040998,,189,0.30385270264759356,,
2024-09,seasonal naive,12,2025-09,-0.5806609640082306,,189,0.30385270264759356,,
2024-09,naive,1,2024-10,-0.5806609640082306,-0.1131641748771449,189,0.30385270264759356,0.4674967891310857,1.5385638668262416
2024-09,naive,3,2024-12,-0.5806609640082306,-0.2834830014504014,189,0.30385270264759356,0.29717796255782924,0.9780329744260803
2024-09,naive,6,2025-03,-0.5806609640082306,,189,0.30385270264759356,,
2024-09,naive,12,2025-09,-0.5806609640082306,,189,0.30385270264759356,,
2024-09,climatology,1,2024-10,-0.37522399046021865,-0.1131641748771449,189,0.30385270264759356,0.26205981558307373,0.8624567538798859
2024-09,climatology,3,2024-12,-0.2897585066264799,-0.2834830014504014,189,0.30385270264759356,0.0062755051760785,0.020653116202019737
2024-09,climatology,6,2025-03,-0.3413536323535788,,189,0.30385270264759356,,
2024-09,climatology,12,2025-09,-0.7239913394327887,,189,0.30385270264759356,,
2024-09,seasonal naive with drift,1,2024-10,-0.31783619065774116,-0.1131641748771449,189,0.30385270264759356,0.20467201578059624,0.6735895846810142
2024-09,seasonal naive with drift,3,2024-12,-0.007550274276508049,-0.2834830014504014,189,0.30385270264759356,-0.27593272717389333,0.9081134535568649
2024-09,seasonal naive with drift,6,2025-03,-0.4247868191837319,,189,0.30385270264759356,,
2024-09,seasonal naive with drift,12,2025-09,-0.5717940805674948,,189,0.30385270264759356,,
2024-10,seasonal naive,1,2024-11,0.0523201067137854,-0.3129651032522975,190,0.30329965894021377,-0.3652852099660829,1.2043706585179104
2024-10,seasonal naive,3,2025-01,-0.0759113839450774,,190,0.30329965894021377,,
2024-10,seasonal naive,6,2025-04,-0.2914046391285222,,190,0.30329965894021377,,
2024-10,seasonal naive,12,2025-10,-0.1131641748771449,,190,0.30329965894021377,,
2024-10,naive,1,2024-11,-0.1131641748771449,-0.3129651032522975,190,0.30329965894021377,-0.19980092837515256,0.6587575108831137
2024-10,naive,3,2025-01,-0.1131641748771449,,190,0.30329965894021377,,
2024-10,naive,6,2025-04,-0.1131641748771449,,190,0.30329965894021377,,
2024-10,naive,12,2025-10,-0.1131641748771449,,190,0.30329965894021377,,
2024-10,climatology,1,2024-11,-0.27725934935394797,-0.3129651032522975,190,0.30329965894021377,-0.03570575389834951,0.11772434569531715
2024-10,climatology,3,2025-01,-0.2673122519460115,,190,0.30329965894021377,,
2024-10,climatology,6,2025-04,-0.519851839254134,,190,0.30329965894021377,,
2024-10,climatology,12,2025-10,-0.35884525198627654,,190,0.30329965894021377,,
2024-10,seasonal naive with drift,1,2024-11,0.053151028666849176,-0.3129651032522975,190,0.30329965894021377,-0.36611613191914666,1.207110265795964
2024-10,seasonal naive with drift,3,2025-01,-0.07341861808588607,,190,0.30329965894021377,,
2024-10,seasonal naive with drift,6,2025-04,-0.28641910741013954,,190,0.30329965894021377,,
2024-10,seasonal naive with drift,12,2025-10,-0.10319311144037957,,190,0.30329965894021377,,
2024-11,seasonal naive,1,2024-12,-0.009766995136692,-0.2834830014504014,191,0.30364594693477165,-0.2737160063137094,0.9014314502689815
2024-11,seasonal naive,3,2025-02,-0.3395512541636505,,191,0.30364594693477165,,
2024-11,seasonal naive,6,2025-05,-0.462627913604086,,191,0.30364594693477165,,
2024-11,seasonal naive,12,2025-11,-0.3129651032522975,,191,0.30364594693477165,,
2024-11,naive,1,2024-12,-0.3129651032522975,-0.2834830014504014,191,0.30364594693477165,0.029482101801896088,0.09709367801385259
2024-11,naive,3,2025-02,-0.3129651032522975,,191,0.30364594693477165,,
2024-11,naive,6,2025-05,-0.3129651032522975,,191,0.30364594693477165,,
2024-11,naive,12,2025-11,-0.3129651032522975,,191,0.30364594693477165,,
2024-11,climatology,1,2024-12,-0.2897585066264799,-0.2834830014504014,191,0.30364594693477165,0.0062755051760785,0.020667179125649866
2024-11,climatology,3,2025-02,-0.27261583262897765,,191,0.30364594693477165,,
2024-11,climatology,6,2025-05,-0.8280117561951938,,191,0.30364594693477165,,
2024-11,climatology,12,2025-11,-0.2794909589725948,,191,0.30364594693477165,,
2024-11,seasonal naive with drift,1,2024-12,-0.00911077349713048,-0.2834830014504014,191,0.30364594693477165,-0.27437222795327093,0.9035925910521401
2024-11,seasonal naive with drift,3,2025-02,-0.3375825892449659,,191,0.30364594693477165,,
2024-11,seasonal naive with drift,6,2025-05,-0.4586905837667169,,191,0.30364594693477165,,
2024-11,seasonal naive with drift,12,2025-11,-0.30509044357755927,,191,0.30364594693477165,,
