{"type": "FeatureCollection", "properties": {"source": "US Fish and Wildlife Service, National Wetlands Inventory", "retrieved": "2026-08-09", "crs": "EPSG:4326", "query_bbox": [-93.5, 47.497, -93.478, 47.515]}, "features": [{"type": "Feature", "properties": {"code": "PUBH", "type": "Freshwater Pond", "acres": 0.51}, "geometry": {"type": "Polygon", "coordinates": [[[-93.49128111201226, 47.49852168993444], [-93.49126136344906, 47.49851780874423], [-93.49116446038273, 47.49851803451479], [-93.49115031281532, 47.49851673147871], [-93.49109137345121, 47.498503400088566], [-93.49102081976879, 47.498483876994094], [-93.49095615813634, 47.49845393869582], [-93.49089241188713, 47.49841940181388], [-93.49077465353318, 47.498340722990434], [-93.49077183372148, 47.49833627128931], [-93.49077141510658, 47.49832690056348], [-93.49077750478588, 47.498289762369886], [-93.49078724521851, 47.49828590847361], [-93.49083721849776, 47.49828550244893], [-93.49110128007216, 47.49828430258225], [-93.49133984925543, 47.49828332120416], [-93.49168648307243, 47.49822185849667], [-93.49178206651361, 47.49833697287984], [-93.4916543081139, 47.498587403084144], [-93.49164856787922, 47.49859054869513], [-93.49157219760535, 47.498623560909316], [-93.49141636325975, 47.4986568140454], [-93.49130447809111, 47.498535457688206], [-93.49129583090819, 47.49852850674822], [-93.49128111201226, 47.49852168993444]]]}}, {"type": "Feature", "properties": {"code": "PSS3Dg", "type": "Freshwater Forested/Shrub Wetland", "acres": 4.0}, "geometry": {"type": "Polygon", "coordinates": [[[-93.48086457496437, 47.50149046757125], [-93.4808774891449, 47.501479008541516], [-93.48089429572553, 47.50145331887095], [-93.48090163226647, 47.50142557673146], [-93.48089904332181, 47.5013974734856], [-93.48088860040664, 47.501375055449756], [-93.48087758077305, 47.501361315143214], [-93.48086363352994, 47.50134833949864], [-93.48083498805218, 47.50132797632967], [-93.48078520162251, 47.501297719221505], [-93.48075873815253, 47.501280670801755], [-93.48073252351594, 47.501262329725414], [-93.48070702124333, 47.50124273665204], [-93.48068012388708, 47.50121970378182], [-93.48065456681725, 47.50119543893675], [-93.4806302790669, 47.50117015755736], [-93.48060728758553, 47.50114407022941], [-93.48058137118957, 47.501111726561355], [-93.48055767722566, 47.50107859150114], [-93.48053661802045, 47.50104476518265], [-93.4805188241913, 47.50101028219673], [-93.48050517429056, 47.50097511826686], [-93.48049624413832, 47.50093848323115], [-93.48049150822014, 47.500901284375914], [-93.48048993347345, 47.50086371165438], [-93.48049076711003, 47.500825923462344], [-93.48049349080196, 47.500788067878986], [-93.48049780002039, 47.500750291163264], [-93.48050358157757, 47.500712755353675], [-93.48051091093195, 47.50067565283325], [-93.48052006117145, 47.500639225750305], [-93.48052680392595, 47.50061836587361], [-93.48050274434772, 47.50060839048978], [-93.48049901274602, 47.50060126868235], [-93.48048352668884, 47.50053550282651], [-93.48048423366296, 47.50052931743566], [-93.48058108552533, 47.50044038354853], [-93.48059036242726, 47.5004372186279], [-93.48060801701754, 47.500437940824575], [-93.4806441131223, 47.50046672126382], [-93.4806573965104, 47.50045884628953], [-93.48068849798216, 47.50044357638574], [-93.4807216898336, 47.50042940555178], [-93.48075646271992, 47.50041599271739], [-93.4808023935804, 47.500399561216774], [-93.4809454448995, 47.50035104592955], [-93.48099803047961, 47.50033242293189], [-93.48105017947849, 47.50031305648811], [-93.48110165833414, 47.500292928390714], [-93.48115219036552, 47.50027199676343], [-93.48120142702624, 47.500250199095646], [-93.48124891915869, 47.50022745466977], [-93.48138447403674, 47.50015585490771], [-93.48141775302474, 47.50013989305965], [-93.48145044451456, 47.50012643706195], [-93.48148250538706, 47.50011642941939], [-93.48151383503092, 47.50011100744896], [-93.481525112481, 47.50011043029492], [-93.48155204397321, 47.50011258900878], [-93.4815663730003, 47.500116076208435], [-93.48159175130539, 47.500126957774896], [-93.48161468709124, 47.50014248630649], [-93.48163916348778, 47.500165819453514], [-93.48166109495712, 47.50019308827698], [-93.48168104384465, 47.50022322828502], [-93.48169940091746, 47.50025543170197], [-93.48171640153421, 47.50028909831017], [-93.48173214361125, 47.50032379418099], [-93.48174658941934, 47.50035920676465], [-93.48175956827858, 47.50039512850381], [-93.48177076667692, 47.50043142527516], [-93.4817814808833, 47.50047693639512], [-93.4817871232016, 47.50051498822735], [-93.48179016399884, 47.50055319114676], [-93.48179100392363, 47.500591438947936], [-93.4817898675548, 47.50062964363236], [-93.48178682046934, 47.500667734801446], [-93.48176392241277, 47.5008329924404], [-93.48175631278397, 47.50090627901939], [-93.48175481798734, 47.500942577258044], [-93.48175573067567, 47.500978527121475], [-93.48175991233333, 47.501014010875494], [-93.48176844812515, 47.5010488701251], [-93.48178310683396, 47.501084932795536], [-93.48180240803616, 47.50112032969376], [-93.48182492161382, 47.5011552623052], [-93.48191941180528, 47.501285114970656], [-93.48194103874575, 47.50131666898391], [-93.48196084030955, 47.50134805244565], [-93.48197804574218, 47.50137914762198], [-93.48199167857494, 47.50140980522184], [-93.4820004982344, 47.501439834079875], [-93.4820018501989, 47.501447705872614], [-93.48200272156471, 47.50147666114544], [-93.48199679807375, 47.50150389894427], [-93.4819835829576, 47.5015286163758], [-93.4819727905978, 47.50154093897809], [-93.48196865295759, 47.50154479263547], [-93.48194265122169, 47.50156380724428], [-93.48188104296287, 47.501598786896835], [-93.4818507463816, 47.501618423532285], [-93.48182287076001, 47.50164238171049], [-93.48179840873651, 47.50166962367148], [-93.481776884204, 47.50169936532977], [-93.48175799982008, 47.50173097796073], [-93.48174165138023, 47.501763973028474], [-93.48172793769909, 47.501797965773456], [-93.48171716689885, 47.501832650937196], [-93.4817098824602, 47.501867793052156], [-93.48170689196863, 47.50190319306379], [-93.48170916380796, 47.501941195919514], [-93.48171607993736, 47.5019790773737], [-93.48172644919067, 47.50201660742295], [-93.48173935438805, 47.50205353482421], [-93.48175407867387, 47.50208956767483], [-93.48178345178702, 47.502152251728305], [-93.48179633811978, 47.50218538975209], [-93.48180212686347, 47.50221822856932], [-93.48180086652712, 47.50225206323475], [-93.48179347788391, 47.502286109067946], [-93.48178080894345, 47.50231997706725], [-93.48176329808364, 47.502353255778075], [-93.48174100459323, 47.50238549369352], [-93.4817181460625, 47.50241174789935], [-93.48170072233926, 47.50242908481951], [-93.48163040940533, 47.50249198511812], [-93.4816081257964, 47.50251309791946], [-93.48158727679697, 47.50253470651999], [-93.48156375351294, 47.50256312108487], [-93.48154471282218, 47.50259266561337], [-93.48153013316512, 47.502626172938534], [-93.48152124523368, 47.502660707053224], [-93.48151719113683, 47.502695829194344], [-93.48151750375054, 47.502731149148744], [-93.48152206988713, 47.50276630097893], [-93.48153112760015, 47.502800924816796], [-93.48153826830833, 47.50282021084414], [-93.48154629116213, 47.50283842029442], [-93.48151088137027, 47.5027907774992], [-93.48147022272218, 47.50273268208071], [-93.48142255182502, 47.50262536581119], [-93.481419665538, 47.502616787806765], [-93.48142063751513, 47.50257946634063], [-93.48142424065773, 47.5025653774029], [-93.48148658823004, 47.502408592807434], [-93.48151673479265, 47.502365577579916], [-93.4815498395075, 47.50231091534052], [-93.48153495801651, 47.5022971073099], [-93.48148513834917, 47.50221997756103], [-93.48145837843516, 47.50214959364582], [-93.48137854246093, 47.50193713777585], [-93.4813729396685, 47.501917401125944], [-93.48137046660652, 47.50185377796175], [-93.4813726468177, 47.50184339438801], [-93.48137804569257, 47.5018330708925], [-93.4810498165591, 47.50159685339456], [-93.48086457496437, 47.50149046757125]]]}}, {"type": "Feature", "properties": {"code": "PSS3Dg", "type": "Freshwater Forested/Shrub Wetland", "acres": 21.74}, "geometry": {"type": "Polygon", "coordinates": [[[-93.48848257154303, 47.499643954850725], [-93.48860614559013, 47.499622459763955], [-93.488709774343, 47.49961420899353], [-93.48879571167465, 47.49960736683104], [-93.48894736526091, 47.49959529260293], [-93.48898554276217, 47.499620842382456], [-93.48913388425999, 47.49970591536928], [-93.48926114678964, 47.499791079252525], [-93.48940948738915, 47.499876151963505], [-93.48957850630818, 47.49991828377251], [-93.48976834009063, 47.499931757423404], [-93.48991508797715, 47.49984542428211], [-93.48995618140984, 47.49973097411602], [-93.49008184942986, 47.49964473107217], [-93.4902508701455, 47.49968686124616], [-93.49039934459398, 47.49978621680619], [-93.49052674366757, 47.49988566199855], [-93.49065414184287, 47.499985108216336], [-93.49078167386712, 47.50009883805466], [-93.49088799397256, 47.50019837247472], [-93.49101526189213, 47.500283533738504], [-93.49114252891339, 47.50036869425728], [-93.49129074105379, 47.50043948231994], [-93.49148057663288, 47.50045295401648], [-93.49158489978348, 47.500338230860855], [-93.49156248771544, 47.50019548306791], [-93.49151886642358, 47.50003854270621], [-93.49145403321289, 47.49986740722078], [-93.4913671894811, 47.49959637712909], [-93.49132343523857, 47.499425152201944], [-93.49128021369697, 47.49931106283271], [-93.4912369930537, 47.49919697321551], [-93.49121471663129, 47.49906850944336], [-93.49112934164502, 47.498954599549926], [-93.49096112042996, 47.49899817288994], [-93.49079316601456, 47.49907031498207], [-93.4906036035233, 47.4990854098901], [-93.49041403833711, 47.49910050479381], [-93.49022447404921, 47.49911560030009], [-93.49005545513019, 47.49907346966769], [-93.48988643710948, 47.499031337180796], [-93.48969687192329, 47.499046432100045], [-93.48950717558304, 47.499047241103106], [-93.48933895346967, 47.49909081375932], [-93.48914912417878, 47.49907733867878], [-93.48900224334163, 47.49914938659217], [-93.4888553643011, 47.49922143501361], [-93.48881566685039, 47.499240907460944], [-93.48876233836354, 47.49919097823437], [-93.48876484286654, 47.4991895847865], [-93.48911094757585, 47.498861546957826], [-93.48912038527621, 47.498844072912526], [-93.48912045175153, 47.4988278478751], [-93.48908304590312, 47.49874131567358], [-93.48907745838204, 47.49873180967959], [-93.48907062399937, 47.49872521380662], [-93.48906542095725, 47.49872205970699], [-93.48914501169142, 47.49863454110432], [-93.4892361475736, 47.49853432215969], [-93.4892937691092, 47.498537487194994], [-93.48946940052703, 47.498548786035656], [-93.48952747032193, 47.498553490193174], [-93.48958509814574, 47.49855906890714], [-93.48964208367408, 47.498565906957886], [-93.48969815920907, 47.49857450990056], [-93.48975296811952, 47.498585552617506], [-93.48980277431212, 47.498598706162404], [-93.48984328743312, 47.498611783233486], [-93.48988619725931, 47.4986279907373], [-93.48992794286887, 47.49864590182879], [-93.48996865541586, 47.498665210017414], [-93.49000840766381, 47.498685701063025], [-93.49005292188107, 47.49871040525557], [-93.49018309225733, 47.4987873647644], [-93.49022648537714, 47.49881230378202], [-93.49027038155349, 47.49883596100131], [-93.49031508980686, 47.49885762755763], [-93.49035978278889, 47.49887625411295], [-93.49040478029977, 47.49889221573832], [-93.49044928283895, 47.49890537345472], [-93.49049243521026, 47.49891533763095], [-93.49053326453823, 47.498921443100386], [-93.49057064433552, 47.498922700001636], [-93.49060323251906, 47.49891775493568], [-93.49060993484942, 47.49891555733077], [-93.49061638026157, 47.498912962202574], [-93.49064152859795, 47.49889863801527], [-93.49069273975567, 47.49886037380819], [-93.49070869383512, 47.49884972503125], [-93.49073689464683, 47.498833490891954], [-93.49076829974916, 47.498818366173055], [-93.49081204411024, 47.498801440757155], [-93.4908535067505, 47.49878916849201], [-93.49089730680713, 47.49877923160267], [-93.49094284690045, 47.49877157850332], [-93.49098963924529, 47.49876630387252], [-93.49103760838314, 47.49876358917623], [-93.49107732200355, 47.498763328206095], [-93.4911271668237, 47.49876544874017], [-93.49117671070826, 47.49877003877974], [-93.49122556019509, 47.498776926569384], [-93.49127325894005, 47.498786121818775], [-93.49131044829448, 47.49879528307974], [-93.49134628837938, 47.49880605264223], [-93.49138045669953, 47.498818506368515], [-93.49142456397998, 47.49883878493702], [-93.49145719258772, 47.498857791422324], [-93.4914862072731, 47.49887893967195], [-93.49149809467926, 47.498889318976765], [-93.49152586160467, 47.49891837458621], [-93.4915762319393, 47.498979577330005], [-93.4915976495723, 47.499002734384625], [-93.49162117914453, 47.49902489914057], [-93.49165416348512, 47.49905096931437], [-93.49169026767471, 47.49907451050755], [-93.49172895811401, 47.49909509546347], [-93.49176982247629, 47.499112116675406], [-93.49179991693661, 47.49912176340206], [-93.49183029167132, 47.499129778771476], [-93.49187966577428, 47.499141528413595], [-93.49191373438143, 47.499151236431985], [-93.49194713643863, 47.49916382845019], [-93.49197659848501, 47.49917902104267], [-93.49199641172693, 47.49919312242035], [-93.49201211068481, 47.49920877685685], [-93.49202294975704, 47.49922582777015], [-93.49202601660541, 47.499233934159], [-93.49202853907474, 47.49925392975091], [-93.49202794079676, 47.49926073311778], [-93.49201990177328, 47.49928716306695], [-93.49200470497362, 47.49931439350514], [-93.49198460786408, 47.49934233096842], [-93.49191288457517, 47.499430562712064], [-93.49189035662448, 47.49946186233539], [-93.49187416898305, 47.49948824545208], [-93.49185998458472, 47.49951535562005], [-93.49184773425918, 47.49954307024475], [-93.49183425773329, 47.49958076893236], [-93.49182340877961, 47.49961911151107], [-93.49181456845889, 47.499657902558624], [-93.49180728851184, 47.49969699763267], [-93.49180126979942, 47.49973628445679], [-93.49179251302205, 47.4998151329403], [-93.49178984233069, 47.49985457868237], [-93.49178858648594, 47.49989396856058], [-93.49178890898112, 47.49992848808642], [-93.49179072088305, 47.49996288074886], [-93.4917942270076, 47.49999709374841], [-93.49179976601964, 47.50003105911344], [-93.4918078212128, 47.50006469430713], [-93.49181934210631, 47.50009940731923], [-93.49183356064063, 47.50013373007718], [-93.49184991806364, 47.5001677178088], [-93.49186801911662, 47.5002013996455], [-93.49188762305106, 47.500234776194795], [-93.49190862296746, 47.500267822574784], [-93.49193167553427, 47.500301463685695], [-93.49195608455717, 47.50033469694552], [-93.4919818347648, 47.500367484121114], [-93.49200393152415, 47.50039393414733], [-93.49205065829199, 47.500445863139234], [-93.49207522901162, 47.50047133118192], [-93.49210441258026, 47.500500147409184], [-93.49216508479455, 47.50055676146058], [-93.49225947796798, 47.50064013972005], [-93.49232633059141, 47.5006972767553], [-93.49242786537135, 47.50078228730951], [-93.4924898284647, 47.50083295359989], [-93.49255289648586, 47.500882852741505], [-93.49262194459186, 47.500934253262294], [-93.49268513388559, 47.50097759919937], [-93.49271771667925, 47.50099843587182], [-93.49275605947052, 47.50102147854919], [-93.49279548922328, 47.50104347373999], [-93.49283612002358, 47.501064233312434], [-93.49288023898214, 47.501084420588434], [-93.49292602611216, 47.501102683439306], [-93.4929440067909, 47.501109095735806], [-93.49299537515378, 47.50112567630684], [-93.49304810895589, 47.50114075909322], [-93.4931018335998, 47.50115476345013], [-93.49315627060768, 47.50116800252828], [-93.49326650916441, 47.50119306057717], [-93.4936015106968, 47.501265033975585], [-93.49376798468863, 47.50130223135932], [-93.4939324635222, 47.501341387110436], [-93.4940392624297, 47.50136929618562], [-93.49409081135396, 47.50138425085101], [-93.49414048639254, 47.50140027786347], [-93.4941874682819, 47.501417797787546], [-93.49423065478919, 47.50143737440992], [-93.49426857447395, 47.50145975115151], [-93.49427402275614, 47.50146364304802], [-93.494301884903, 47.501488179042646], [-93.4943063917508, 47.50149320640154], [-93.49431114653358, 47.50149900752654], [-93.49432872386875, 47.50152688678103], [-93.49434074242893, 47.50155684820896], [-93.49434825234471, 47.50158833590957], [-93.49435196238683, 47.50162090261375], [-93.4943522839837, 47.50165418722954], [-93.49434934649274, 47.50168788631884], [-93.49434151138682, 47.50172776274749], [-93.49433066512809, 47.501762599675764], [-93.494316849039, 47.50179729882089], [-93.49430075392405, 47.50183182983959], [-93.49428285589033, 47.50186616117488], [-93.49426345228021, 47.50190024124316], [-93.49424267245107, 47.501934000861574], [-93.49422049753825, 47.501967345965866], [-93.49419675326868, 47.50200014243863], [-93.49417397468801, 47.50202893658633], [-93.49414981629509, 47.502057139020714], [-93.49412431402247, 47.50208469755208], [-93.49409740408981, 47.50211151811675], [-93.49406891941048, 47.50213745324685], [-93.49403148301933, 47.50216795443882], [-93.49399254644165, 47.50219631276351], [-93.49395158236639, 47.502223130843696], [-93.49390860516657, 47.50224820780874], [-93.49386343607745, 47.50227117711354], [-93.49382495494564, 47.50228799945731], [-93.49378504459419, 47.50230320206935], [-93.49374389366933, 47.502316829859126], [-93.49370161176553, 47.502328832457984], [-93.49365182174259, 47.50234052251817], [-93.49360091691038, 47.502350173506514], [-93.49354912274605, 47.502357924396506], [-93.49349333377364, 47.50236418967815], [-93.49343696538789, 47.50236889045948], [-93.4933802008451, 47.5023724770352], [-93.49326600161628, 47.5023775571068], [-93.49309408293551, 47.50238276219214], [-93.49252134136486, 47.50239761461541], [-93.49234583121961, 47.50240086377212], [-93.49216829986496, 47.50240318927971], [-93.49193195221538, 47.50240509483652], [-93.49181501581991, 47.5024042664655], [-93.49175736553823, 47.50240275112301], [-93.49170061986005, 47.50240003418728], [-93.49164518302725, 47.502395600429466], [-93.49158247073895, 47.50238725481699], [-93.49155558146754, 47.50238218566996], [-93.49151797709142, 47.502373762983375], [-93.49148167706912, 47.50236375758979], [-93.49144718535545, 47.502351693098596], [-93.49143143160032, 47.50234500604362], [-93.49139174043782, 47.50232389681585], [-93.49135653186856, 47.50229893943969], [-93.491328257395, 47.50227314578927], [-93.49130714698582, 47.50225019711878], [-93.49128750981372, 47.50222630111843], [-93.49124500243278, 47.50217185477898], [-93.49122013437076, 47.50214368153585], [-93.49119291541766, 47.50211614852395], [-93.49116355308429, 47.50208935587762], [-93.49113213989712, 47.50206343650236], [-93.49109865339827, 47.50203856821215], [-93.49106396495357, 47.5020154810728], [-93.49102754006545, 47.50199345655264], [-93.49098613581567, 47.50197048530568], [-93.49094337690647, 47.50194844741545], [-93.49089954181555, 47.501927199054826], [-93.49085482727396, 47.50190665465591], [-93.4908093491644, 47.50188678569665], [-93.490763164979, 47.501867610990764], [-93.49071520662092, 47.50184870451512], [-93.49052144630235, 47.50177557339734], [-93.49047379067653, 47.50175665475107], [-93.49042700911149, 47.501736930170786], [-93.49038146183162, 47.50171605070346], [-93.49033609062157, 47.501693043529556], [-93.4902920174771, 47.50166881288818], [-93.49024946248545, 47.501644100377675], [-93.49008135625476, 47.501542383341075], [-93.49003814459466, 47.50151742013145], [-93.48999397982203, 47.50149338421616], [-93.4899484280506, 47.50147069373399], [-93.48990346916727, 47.501450675318125], [-93.48985714933626, 47.501432007801675], [-93.48980975242524, 47.501414442366595], [-93.4897614895383, 47.501397815764115], [-93.48971250530417, 47.50138203028798], [-93.48966289763923, 47.5013670543813], [-93.48961272134072, 47.501352916567996], [-93.48956199347663, 47.50133970241847], [-93.4893577156827, 47.50129242785189], [-93.48930790589682, 47.50127972103733], [-93.48925950826258, 47.501265614151286], [-93.48921756143038, 47.50125122688361], [-93.48917757202722, 47.501235096049385], [-93.48914035302835, 47.50121734545033], [-93.48910568973648, 47.50119781244124], [-93.489073976512, 47.5011764684967], [-93.48904577300534, 47.501153183135486], [-93.48903569211122, 47.501143334691136], [-93.48900925109915, 47.50111179999383], [-93.488987408563, 47.50107798826188], [-93.48896881074168, 47.50104254399837], [-93.48895238504673, 47.50100596241523], [-93.488924865158, 47.50093636460548], [-93.48888477694013, 47.50089436591392], [-93.48885056190758, 47.50084166055501], [-93.48877796815115, 47.50074197927475], [-93.48868179092358, 47.50059954512591], [-93.4885864482309, 47.50054709921854], [-93.48849141186372, 47.50052750587829], [-93.48834992361323, 47.50049953991505], [-93.48822258203181, 47.50040580488419], [-93.48812701565862, 47.50032907654488], [-93.48795747841167, 47.50023123681048], [-93.48788960620038, 47.50018581529741], [-93.48779210485607, 47.500127664803514], [-93.48773467825491, 47.500072199743215], [-93.48768555118866, 47.50000241498634], [-93.48766591940642, 47.499931076488565], [-93.48768033197686, 47.49989387631267], [-93.48776221610996, 47.49985924509548], [-93.48787188603309, 47.49986592093602], [-93.48797101871794, 47.49987264107908], [-93.48812990823383, 47.49988301229783], [-93.48826071282068, 47.4998957862088], [-93.48838165749895, 47.499905747162586], [-93.48845181951592, 47.49989497297054], [-93.48848357226625, 47.499833890852095], [-93.48850640025425, 47.4997195189505], [-93.48848257154303, 47.499643954850725]]]}}, {"type": "Feature", "properties": {"code": "PABH", "type": "Freshwater Pond", "acres": 17.94}, "geometry": {"type": "Polygon", "coordinates": [[[-93.48748953699702, 47.51288571751106], [-93.4872742440611, 47.51298330977253], [-93.48723425825116, 47.513007064965734], [-93.48701657489825, 47.513167781743604], [-93.48700747855769, 47.51317815094252], [-93.48700253692532, 47.51319148224664], [-93.48700368497224, 47.513205007704265], [-93.48701171950415, 47.51322257647495], [-93.4870063215276, 47.51324004452089], [-93.48698351959075, 47.51325874666961], [-93.48691157801122, 47.5132971466063], [-93.48684385042868, 47.51333000334851], [-93.48681373890037, 47.513337102193226], [-93.48677574824868, 47.51333710765388], [-93.48674100321011, 47.51333028426863], [-93.48669564637311, 47.513329474272226], [-93.48666820643444, 47.51333097413077], [-93.48664726940012, 47.513336997834145], [-93.48652726525793, 47.513389865995], [-93.48651583150101, 47.513395238661595], [-93.48635305227995, 47.513477868445165], [-93.48631447053681, 47.513502250173715], [-93.48627671704035, 47.51353060055511], [-93.48619859145842, 47.51357732289185], [-93.48597764452607, 47.513709458915045], [-93.48577911056007, 47.513791300056894], [-93.4857645416828, 47.51379269008352], [-93.48565094702019, 47.51379268340942], [-93.48564554634869, 47.51379090021948], [-93.48534143967555, 47.51379287513722], [-93.48521410528066, 47.5138275032299], [-93.48496047494335, 47.513895532533915], [-93.48492804396497, 47.51390403892099], [-93.4846444242702, 47.51391078821032], [-93.48461649474972, 47.51391081551328], [-93.48420293195245, 47.51385402292263], [-93.48406224410087, 47.51381750426661], [-93.48401166266216, 47.513797678039836], [-93.48390426457837, 47.51374714257571], [-93.4838599264309, 47.513746473347986], [-93.48385250544833, 47.51374485882857], [-93.48368246065324, 47.51361070185807], [-93.48363257361227, 47.513567291117084], [-93.483522561431, 47.51345811125813], [-93.4834798680988, 47.513379640634895], [-93.48343122881775, 47.513222532182894], [-93.48342428933218, 47.51317605526025], [-93.48343285476841, 47.513146786081414], [-93.48343937653738, 47.51314196127659], [-93.48351601900079, 47.513092057405814], [-93.48358958742928, 47.51304031202485], [-93.48378246739888, 47.51289328421548], [-93.4839103794105, 47.51277725037331], [-93.48395356142622, 47.51272962569989], [-93.48409700081753, 47.512563980181795], [-93.48411392597579, 47.51253985042452], [-93.4841563327454, 47.51247923201293], [-93.48435450469034, 47.512347626225576], [-93.4844976170949, 47.512259286953366], [-93.48467525894233, 47.51216123828112], [-93.48480003942687, 47.51211708064179], [-93.48516157629443, 47.51198953556037], [-93.48539029904387, 47.51192608539377], [-93.48547558150368, 47.51191122171108], [-93.48554599954048, 47.51189375382954], [-93.48568481081146, 47.51185540140643], [-93.48575449582299, 47.51183221422254], [-93.48580474488504, 47.511807727962704], [-93.48586474426118, 47.51177709706511], [-93.4859535184725, 47.51172986648311], [-93.48628477223352, 47.51151911979669], [-93.48668172518117, 47.511259087974715], [-93.48704085456376, 47.51105294353256], [-93.48705275185138, 47.511046833406326], [-93.48723130459052, 47.51096214953174], [-93.48730129413092, 47.510936089520236], [-93.48749183398921, 47.510897885055215], [-93.48764990424155, 47.51089675950235], [-93.48785872391755, 47.510904589223614], [-93.48806355956526, 47.51093174264427], [-93.48844607478965, 47.511163965676694], [-93.48851280434391, 47.51120464797017], [-93.48867509038988, 47.51136995253151], [-93.48868011017568, 47.51137587391732], [-93.48868035811071, 47.5113828814054], [-93.48867413278579, 47.51156183142491], [-93.48866997987422, 47.5116013890857], [-93.48865474714195, 47.51167498464033], [-93.48863376788681, 47.511725913458456], [-93.48861057967439, 47.51177534899853], [-93.48851716117304, 47.51196688480682], [-93.4884919041405, 47.511981305543], [-93.4884517027349, 47.51201188292705], [-93.48840474150681, 47.51207607990336], [-93.48832779181957, 47.51229106068828], [-93.48820451062323, 47.51256637986916], [-93.48817331482836, 47.51259740165812], [-93.48783963471777, 47.512763793974415], [-93.48777798962803, 47.512792095608376], [-93.48774401893724, 47.51279289287144], [-93.48768860456232, 47.51279938322355], [-93.48767546131138, 47.51280210993569], [-93.48766376165312, 47.51280674122015], [-93.48748953699702, 47.51288571751106]]]}}, {"type": "Feature", "properties": {"code": "PEM1D", "type": "Freshwater Emergent Wetland", "acres": 0.9}, "geometry": {"type": "Polygon", "coordinates": [[[-93.49876639059252, 47.51055099762779], [-93.49872502137706, 47.51051815249457], [-93.49865559058875, 47.510494339745016], [-93.49862311828785, 47.51049157650667], [-93.49848546764022, 47.51053063014047], [-93.49847170455176, 47.510533550530546], [-93.49845700362215, 47.5105346378646], [-93.4982936961917, 47.51053112829971], [-93.49827114218985, 47.51053063560142], [-93.49825662900813, 47.51052818121156], [-93.49821617427762, 47.51052123367976], [-93.49802109613053, 47.51058648219271], [-93.49800215245781, 47.51061984303782], [-93.49775949773665, 47.51060413193367], [-93.49775866230343, 47.51051582127875], [-93.49775744688284, 47.51038726748976], [-93.49775609671497, 47.51024443052099], [-93.49776161326912, 47.510204461050655], [-93.49798113277848, 47.510296266034196], [-93.49799488778211, 47.51030422144724], [-93.49799641042652, 47.510305659501306], [-93.49808653031414, 47.51029540866256], [-93.49809237924495, 47.510288119486084], [-93.4981168259971, 47.51027273472719], [-93.49836368303717, 47.51015587958445], [-93.49837681371169, 47.5101518050861], [-93.49839250009316, 47.51014951693508], [-93.4984463684675, 47.51014989981054], [-93.49846101909147, 47.510151331194336], [-93.4984767782365, 47.51015483107618], [-93.49851753480092, 47.51017017946314], [-93.49860605928059, 47.51020501321593], [-93.49870604716162, 47.51024435710125], [-93.49892650361382, 47.510331943118565], [-93.49893729956689, 47.5103364623679], [-93.49895386360242, 47.510348444323135], [-93.49898041510727, 47.51037885579599], [-93.4990259965231, 47.51043215349794], [-93.49903696225778, 47.51045159266201], [-93.4990596572951, 47.510503166452054], [-93.49906316162304, 47.51051506827539], [-93.49906552329392, 47.51061349500719], [-93.49906279600872, 47.510638174170325], [-93.49905470667959, 47.51065666123628], [-93.49902401843285, 47.51071685155374], [-93.49900443695628, 47.510749684427196], [-93.49899543493882, 47.510760430300486], [-93.49898244260487, 47.51077004090766], [-93.49896747038403, 47.51077745015734], [-93.49894821230096, 47.51078277637021], [-93.49893201837133, 47.51078389949845], [-93.4989135319411, 47.51078162229678], [-93.49889717092483, 47.51077620021439], [-93.49888388933337, 47.51076861075426], [-93.49887170368653, 47.510755658671854], [-93.49886633625272, 47.51074037659396], [-93.49886607394465, 47.510698158814215], [-93.4988722247094, 47.51067020312322], [-93.49886733877257, 47.510648847254046], [-93.49883113846325, 47.510605877612164], [-93.4988153658435, 47.51058988071484], [-93.49876639059252, 47.51055099762779]]]}}, {"type": "Feature", "properties": {"code": "PEM1D", "type": "Freshwater Emergent Wetland", "acres": 0.16}, "geometry": {"type": "Polygon", "coordinates": [[[-93.49639934688685, 47.51285346662835], [-93.49642410715101, 47.51285384159641], [-93.49643484022205, 47.51285479357836], [-93.49645446032616, 47.5128576131195], [-93.49647409121008, 47.51286162066592], [-93.49649364483886, 47.51286661781187], [-93.49651304216079, 47.5128724662195], [-93.49653567341775, 47.512880329623705], [-93.49655795073846, 47.51288902851323], [-93.49660124414527, 47.51290837575571], [-93.49664210940587, 47.512929996459114], [-93.49666312818687, 47.512942958319535], [-93.4966828003933, 47.51295655422345], [-93.49670087898839, 47.51297068951842], [-93.49672182770081, 47.5129904153383], [-93.49673210173272, 47.5130026515196], [-93.49674038869121, 47.513014979316104], [-93.49674644872611, 47.51302720881749], [-93.49674989286692, 47.51303913009094], [-93.49675049024658, 47.51304544627759], [-93.49674884273634, 47.51305684999587], [-93.49674337109795, 47.513066990475004], [-93.4967370433651, 47.51307312099531], [-93.49672876538975, 47.51307820185149], [-93.49671332784159, 47.51308385425794], [-93.49669512168573, 47.51308748378698], [-93.49667497786379, 47.5130894016975], [-93.49665356292573, 47.51308979061895], [-93.49663142214894, 47.513088721540065], [-93.49660263653396, 47.51308531893253], [-93.49654895231427, 47.51307693618806], [-93.49650363410481, 47.51306890353234], [-93.49646502092065, 47.51306053838075], [-93.49643979982072, 47.51305423069032], [-93.49639107699635, 47.51303994676602], [-93.49636812324421, 47.51303187891357], [-93.49634663644093, 47.51302303139584], [-93.49632717893188, 47.51301319791995], [-93.49631050709851, 47.51300208967586], [-93.4962998557742, 47.5129921348475], [-93.49629528065444, 47.51298646483561], [-93.49628710329041, 47.51297189451013], [-93.49628242486442, 47.51295646139175], [-93.49628082047332, 47.512940642379995], [-93.49628215177657, 47.51292489556601], [-93.49628656070799, 47.51290969420991], [-93.49629447037407, 47.51289555950527], [-93.49629845440235, 47.51289067521641], [-93.49630794869657, 47.512881920506715], [-93.49632188875317, 47.51287293947998], [-93.49633810244572, 47.51286552627895], [-93.4963560750396, 47.5128597306573], [-93.49637541217443, 47.512855703694946], [-93.49639934688685, 47.51285346662835]]]}}, {"type": "Feature", "properties": {"code": "PEM1D", "type": "Freshwater Emergent Wetland", "acres": 3.68}, "geometry": {"type": "Polygon", "coordinates": [[[-93.47888449404206, 47.51557946510946], [-93.47898557157953, 47.515553303036114], [-93.47916336883551, 47.51552240069691], [-93.47934102775092, 47.515476417249594], [-93.47947389486964, 47.515400459624324], [-93.47960676019174, 47.51532450310254], [-93.47978441910718, 47.51527851887508], [-93.47996276433548, 47.515307934296935], [-93.48014110956377, 47.515337347882124], [-93.48031904246538, 47.51532152170083], [-93.48040711419414, 47.51521559203495], [-93.48036149504908, 47.51509514035003], [-93.48031587680231, 47.51497469020877], [-93.48022574343997, 47.514854426054434], [-93.4801357448249, 47.5147492411076], [-93.48006786991867, 47.51462888300115], [-93.47993362927588, 47.51455404294949], [-93.47977727031416, 47.51449437638989], [-93.47959865379462, 47.51443480319832], [-93.47942017471735, 47.51439030831187], [-93.47924251849686, 47.514436291497475], [-93.47917684086983, 47.514557207625714], [-93.4791556810533, 47.51467793842471], [-93.47909000342625, 47.514798855209555], [-93.47897980888698, 47.514919956765546], [-93.47886961255108, 47.51504105925547], [-93.47875927877294, 47.51514708149482], [-93.47870704712905, 47.515190080787946], [-93.47864958818853, 47.515101555184266], [-93.47860355581844, 47.51501542961336], [-93.47859140969749, 47.51490605801], [-93.47859095425163, 47.514888259855745], [-93.47859043233044, 47.51487956311778], [-93.47858959150734, 47.51487108358457], [-93.47858829703503, 47.51486291347776], [-93.47858637823357, 47.514855172321624], [-93.4785835997444, 47.514848020290785], [-93.47857966153019, 47.514841662457336], [-93.47854370556263, 47.51479245429288], [-93.4785395014471, 47.514787543484815], [-93.47853342883577, 47.514782606587254], [-93.47850196624127, 47.51475851789375], [-93.47849478960046, 47.514754271443614], [-93.47846585486516, 47.514737447027706], [-93.47845817696441, 47.51473361678757], [-93.47845005978752, 47.51473107037245], [-93.478440960752, 47.51472930359587], [-93.47843117540361, 47.51472816659748], [-93.47842095796557, 47.51472755744785], [-93.47841053750828, 47.51472741304783], [-93.47840012603415, 47.514727713375606], [-93.47838994003713, 47.514728477846226], [-93.47838020319777, 47.51472976349171], [-93.47837117063759, 47.514731672241346], [-93.47836313880063, 47.51473434910184], [-93.47835556959605, 47.514738303720044], [-93.478326738167, 47.51475532896082], [-93.47828388762963, 47.51477835953228], [-93.47817955010602, 47.51482872351457], [-93.47817043579914, 47.51483172739301], [-93.47816004588456, 47.514833861232624], [-93.47814873519683, 47.51483534041971], [-93.47813679209511, 47.514836320274924], [-93.4781244483448, 47.51483690758132], [-93.47811190966006, 47.51483715997743], [-93.47809935570397, 47.51483709809183], [-93.4780869796143, 47.51483669765565], [-93.47807497991873, 47.51483589496314], [-93.4780635991624, 47.514834577164024], [-93.47805312929778, 47.514832578623356], [-93.47804394132905, 47.514829668786774], [-93.47803806634707, 47.51482677836518], [-93.47803280491446, 47.514823462024815], [-93.47801212300166, 47.514809926670026], [-93.47800697745173, 47.514806524174084], [-93.47800236639938, 47.51480275339775], [-93.47799739063102, 47.51479692280021], [-93.47796217307861, 47.51474835711292], [-93.47795874061592, 47.51474232629089], [-93.47795679845828, 47.51473573728328], [-93.4779561947904, 47.51472889466475], [-93.47795689367967, 47.514722089662186], [-93.47795898316103, 47.51471561653613], [-93.47796267613516, 47.51470979684988], [-93.47796807411171, 47.51470482960883], [-93.47799265201789, 47.5146856019464], [-93.47799890249563, 47.5146807396662], [-93.47811870541518, 47.514599029143746], [-93.47815412059695, 47.514577952753136], [-93.47816163141104, 47.51457401753801], [-93.47816961024739, 47.51457129031124], [-93.47829013092085, 47.51454310855487], [-93.47830067085408, 47.51454120829249], [-93.47831201298285, 47.51453990262049], [-93.47832390667723, 47.514539058059434], [-93.4783361426297, 47.51453858663413], [-93.47834854207558, 47.51453843495291], [-93.47836093882648, 47.51453858724087], [-93.47837316849078, 47.51453906534011], [-93.47838505499863, 47.51453992082222], [-93.47839639443245, 47.51454124894306], [-93.47840694065388, 47.514543183182035], [-93.47841639542226, 47.51454590919683], [-93.4784246266852, 47.51454950161454], [-93.47843238812925, 47.51455343622473], [-93.4784406436467, 47.51455704623696], [-93.47845015051736, 47.51455980744108], [-93.47846078567201, 47.51456180235177], [-93.47847226434472, 47.51456322208749], [-93.4784843538718, 47.514564213475566], [-93.47849687998014, 47.51456488815334], [-93.47850969354933, 47.514565320748], [-93.47853572043807, 47.51456562714392], [-93.4785487181619, 47.51456552339402], [-93.47856155778227, 47.51456521942499], [-93.47857409916195, 47.5145646582047], [-93.47858617790925, 47.514563751758075], [-93.47859757303864, 47.51456237024609], [-93.47860800427571, 47.514560336504964], [-93.47861710331124, 47.514557410878496], [-93.47862464107477, 47.514553444112146], [-93.47865101201826, 47.5145351131338], [-93.47865665882814, 47.514529914713954], [-93.4786605296687, 47.51452409379368], [-93.47866320844489, 47.514517478669504], [-93.47866500148218, 47.51451027502102], [-93.47866615042744, 47.514502644236856], [-93.47866684572347, 47.514494711909094], [-93.47870228695636, 47.51438143675409], [-93.47879218226517, 47.51419944450311], [-93.47879604771582, 47.51419377644189], [-93.47887441135133, 47.51411205241981], [-93.47888038963954, 47.51410710514429], [-93.47891122161671, 47.514082964568665], [-93.47899022754764, 47.514027905594354], [-93.47899729908556, 47.51402364148984], [-93.47902516482569, 47.5140069224109], [-93.47903235044961, 47.514003260181966], [-93.47904080449477, 47.51400074710164], [-93.47905023500863, 47.51399931764302], [-93.47906016768071, 47.513998826797504], [-93.47907017670961, 47.51399921328525], [-93.47926910862928, 47.5140245898102], [-93.47927952818827, 47.51402653074223], [-93.47928866674965, 47.51402934536657], [-93.47929632039586, 47.51403317080428], [-93.47932487155055, 47.514049855897944], [-93.47933197093623, 47.51405404901284], [-93.47933820344768, 47.51405883429635], [-93.47935717766312, 47.51407299235014], [-93.47938974159216, 47.5140959334251], [-93.47939500661803, 47.514099113903924], [-93.47942497621254, 47.5141170379189], [-93.4794322444815, 47.51412110543532], [-93.47944076859524, 47.51412431442895], [-93.47952994794676, 47.514153684386365], [-93.47958406515441, 47.51417089001536], [-93.47962341765208, 47.514180112904846], [-93.47977175735325, 47.51420512105795], [-93.47978314619444, 47.51420636424524], [-93.47979515038156, 47.5142071839358], [-93.47980760282805, 47.514207696014864], [-93.47982037687136, 47.51420798906484], [-93.47984652413435, 47.514208161375834], [-93.47991292939679, 47.51420788349406], [-93.47993906857491, 47.51420806247905], [-93.47995183453341, 47.5142083591694], [-93.47996428069168, 47.51420887670902], [-93.4799762776923, 47.5142097018601], [-93.47998765844864, 47.51421094990111], [-93.48018839957528, 47.51423623106732], [-93.48019885686351, 47.51423811071196], [-93.4802080017131, 47.51424089377508], [-93.48021560235873, 47.514244733152076], [-93.48024226884792, 47.5142626583308], [-93.48024800009944, 47.514267782149524], [-93.48025218445203, 47.51427396531482], [-93.48025504917948, 47.51428105371748], [-93.48025695899777, 47.514288798598685], [-93.48025818879141, 47.51429700883888], [-93.48025895685097, 47.5143055370031], [-93.48025942846648, 47.51431426599273], [-93.48026035193459, 47.514340794540345], [-93.4802608747541, 47.51434948833392], [-93.48026171557721, 47.51435796795146], [-93.48026303160908, 47.51436611872162], [-93.48026502946229, 47.51437380109738], [-93.48026797324147, 47.51438083670134], [-93.48027219801824, 47.514386992550605], [-93.48034850810501, 47.51448947526157], [-93.48035253435411, 47.51449486116354], [-93.48035840753943, 47.514499887276834], [-93.48038493568808, 47.514517910051126], [-93.48039221024527, 47.51452197571631], [-93.48040079454611, 47.5145251434281], [-93.48041035980728, 47.51452763706814], [-93.48043044254375, 47.514531975152146], [-93.4804400131948, 47.514534468791865], [-93.48044861186868, 47.51453762922221], [-93.48045591247701, 47.51454168032449], [-93.4804829598519, 47.51455938516069], [-93.48048918966839, 47.51456418313931], [-93.48056999492482, 47.51464517414171], [-93.48057418107405, 47.51465121528925], [-93.48057699010594, 47.51465805731118], [-93.48057870229488, 47.51466543506902], [-93.48057950538875, 47.514673127715255], [-93.4805794973039, 47.51468093806473], [-93.48057868882015, 47.51468867985329], [-93.48057701346214, 47.514696167423715], [-93.4805743257028, 47.51470319691717], [-93.4805703928785, 47.51470954141953], [-93.48056512785261, 47.514715091720795], [-93.48055932832914, 47.514720345940795], [-93.48055398964141, 47.514725946598915], [-93.48055011430927, 47.51473197438926], [-93.48054725137845, 47.51473868656203], [-93.48054516189711, 47.51474591687495], [-93.48054366440554, 47.51475353306238], [-93.48054261517329, 47.51476142712754], [-93.48054191269073, 47.514769514129206], [-93.48054149048255, 47.51477772368746], [-93.48054134495548, 47.514794263537866], [-93.48054162612816, 47.514802476125865], [-93.48054219386343, 47.514810563727934], [-93.48054312631467, 47.51481844807693], [-93.48054453666968, 47.51482603270432], [-93.48054659021841, 47.514833195052425], [-93.4805494989633, 47.51483977798056], [-93.48055354946692, 47.514845584911214], [-93.48055929419316, 47.51485080210815], [-93.48058424669682, 47.514870321542865], [-93.48059054837853, 47.51487515710977], [-93.48059776724016, 47.51487936168643], [-93.48062680977328, 47.51489592941394], [-93.48063449036896, 47.514899679555036], [-93.48064356874323, 47.514902375215314], [-93.48065381223242, 47.51490412621129], [-93.480664831866, 47.51490512972732], [-93.48067629796229, 47.514905514994965], [-93.48068792216208, 47.51490535300056], [-93.48069943047918, 47.51490465223813], [-93.48071055072408, 47.51490337205747], [-93.48072098106283, 47.51490141356295], [-93.48073038103396, 47.514898622040754], [-93.48073859073736, 47.51489494167247], [-93.48074635487635, 47.514890904552004], [-93.48075463195337, 47.51488718413956], [-93.48076417745159, 47.514884304035384], [-93.48077484853886, 47.51488219750027], [-93.48078633978795, 47.51488068312473], [-93.48079839967066, 47.51487963410416], [-93.48081082247272, 47.5148789588237], [-93.48082341954796, 47.51487861238597], [-93.48083602201307, 47.51487857901635], [-93.48084844751008, 47.514878888444045], [-93.4808604975113, 47.514879606194974], [-93.48087193036991, 47.51488084572594], [-93.48088245054021, 47.51488277145829], [-93.48089167533986, 47.514885614552576], [-93.48089936312208, 47.51488951152091], [-93.48092602152643, 47.514907294506735], [-93.48093149046989, 47.51491217011379], [-93.48093519152884, 47.514917944273556], [-93.48093725406076, 47.51492439735286], [-93.48093790713597, 47.51493120111577], [-93.48093725226411, 47.51493805402217], [-93.48093526788566, 47.51494466848659], [-93.48093181745665, 47.51495074903645], [-93.48092688750236, 47.51495614156502], [-93.4809059944855, 47.51499648176253], [-93.4808690611509, 47.515115424158886], [-93.48086710641685, 47.515122679902085], [-93.48086573379109, 47.515130330011026], [-93.48086479056003, 47.515138273163636], [-93.4808641644343, 47.51514642623947], [-93.48086354908833, 47.51516313221429], [-93.48086365239458, 47.51518853365853], [-93.4808644006912, 47.51520526874237], [-93.48086509059735, 47.51521344304289], [-93.48086609581215, 47.515221404991195], [-93.48086753401492, 47.51522907025365], [-93.48086955971588, 47.51523632719459], [-93.48087237952755, 47.51524303687596], [-93.48087625396138, 47.515249017283004], [-93.48091273813834, 47.515296804696746], [-93.48091775612751, 47.515302469605295], [-93.48092402367324, 47.51530728329059], [-93.4809438396101, 47.515321087292214], [-93.48096906969317, 47.51534047671486], [-93.48097497970943, 47.5153456174164], [-93.48097912543446, 47.51535125501747], [-93.48098215006203, 47.51535764676527], [-93.48098431051028, 47.51536459790385], [-93.48098579991702, 47.51537194704675], [-93.4809867566228, 47.515379563749995], [-93.48098726776419, 47.515387337591385], [-93.48098737825697, 47.515395165429275], [-93.4809870854062, 47.5154029495825], [-93.48098634699105, 47.515410589943166], [-93.48098507228163, 47.51541797608922], [-93.48098312293746, 47.515424975150275], [-93.48098029953253, 47.51543142938066], [-93.48097633975875, 47.515437144025256], [-93.48097061299882, 47.51544238118494], [-93.48093964807099, 47.51546694826198], [-93.48089965507452, 47.5154943784104], [-93.48086377546377, 47.515515655861876], [-93.48085611552933, 47.515519600713795], [-93.48084772795954, 47.51552235215981], [-93.48083823725855, 47.51552434400043], [-93.48082792819235, 47.51552575036236], [-93.48081704061111, 47.51552670411602], [-93.48080576765263, 47.515527295661656], [-93.48079427909843, 47.515527589310985], [-93.480782721374, 47.51552760811911], [-93.48077123551478, 47.515527353906144], [-93.4807599751327, 47.51552679572972], [-93.48074909922954, 47.515525871705044], [-93.4807388054347, 47.51552448779153], [-93.48072932102194, 47.51552251051207], [-93.48072093345212, 47.51551976209958], [-93.48071325465307, 47.515515808753726], [-93.48068419325531, 47.51549887233991], [-93.48066340174807, 47.51548550157885], [-93.48065614156394, 47.51548126550164], [-93.48064763721315, 47.515477880643964], [-93.48057678349342, 47.515453842020236], [-93.48056924842481, 47.51545179557268], [-93.4805610593827, 47.5154505184389], [-93.4805525074212, 47.51544992931924], [-93.48054386203489, 47.51544999120412], [-93.48053539631167, 47.51545071440766], [-93.48052739052585, 47.515452150500586], [-93.4805201527996, 47.51545440080416], [-93.48051289620874, 47.515458089020484], [-93.48048478163528, 47.51547486709506], [-93.48047765709677, 47.51547913532864], [-93.48043195800165, 47.51551175105276], [-93.48040718875433, 47.51553110400217], [-93.48040119878799, 47.515536063884454], [-93.48039648622601, 47.51554187195149], [-93.48032058666934, 47.515651777349696], [-93.48031629901048, 47.51566044605087], [-93.48031353579267, 47.515669238519884], [-93.48031197182578, 47.51567740364743], [-93.4803113088691, 47.51568420367247], [-93.48031127024153, 47.51568891842875], [-93.48031164394071, 47.51569086657979], [-93.4802682867535, 47.51570871057184], [-93.4802566257228, 47.51571248856364], [-93.48024418315781, 47.515714918442576], [-93.48023197325645, 47.51571594196455], [-93.48022107220048, 47.51571553061427], [-93.4802115464652, 47.51571390462791], [-93.48020305648745, 47.51571119444827], [-93.48019586637191, 47.515707356392014], [-93.48016770149282, 47.51569057414476], [-93.48016059581894, 47.51568633687071], [-93.48012941888867, 47.515662170326266], [-93.48012342443079, 47.515657187400855], [-93.48011869749577, 47.51565134112371], [-93.48011493445304, 47.51564484020349], [-93.4800962773429, 47.51561454766427], [-93.48006506358173, 47.515570267341126], [-93.48006035191807, 47.515564441075846], [-93.48005438800288, 47.51555947209557], [-93.48002344193966, 47.51553538497214], [-93.4800163677068, 47.51553116770707], [-93.47998776624645, 47.515514467916574], [-93.47998010002384, 47.515510631666004], [-93.47997095337762, 47.51550780195328], [-93.47996052483548, 47.51550584105447], [-93.47994915575724, 47.515504513564814], [-93.47993710126445, 47.51550364475068], [-93.4799245616814, 47.51550309688813], [-93.47989855725056, 47.51550259634924], [-93.47987190243946, 47.51550250776907], [-93.47984502933771, 47.515502601809665], [-93.47981824067764, 47.515502837821344], [-93.47979188051393, 47.51550334503406], [-93.47977902741886, 47.51550379946269], [-93.4797665291583, 47.515504476555236], [-93.47975452856441, 47.51550547520608], [-93.47974322865646, 47.51550692767882], [-93.47973288814921, 47.51550901052703], [-93.47972385019916, 47.5155119555153], [-93.47956528138182, 47.5155938696851], [-93.47955815953824, 47.51559804690205], [-93.47953186405326, 47.51561623675184], [-93.47952584623917, 47.5156211590099], [-93.47952114805024, 47.51562696464064], [-93.47951744339801, 47.51563343765428], [-93.47951103212182, 47.51564705712962], [-93.47950738945335, 47.51565357989119], [-93.47950280445212, 47.51565947591846], [-93.4794969663011, 47.5156645383229], [-93.47946656102367, 47.51568914473217], [-93.47945955685941, 47.51569347725976], [-93.4794311269773, 47.51571063870065], [-93.47942348770412, 47.51571458778491], [-93.47941511540567, 47.51571734043416], [-93.4794056309929, 47.51571932984047], [-93.47939532911322, 47.51572073255691], [-93.47938444782018, 47.5157216808466], [-93.47937318114991, 47.51572226935653], [-93.47936169708731, 47.51572255693765], [-93.47935014654938, 47.51572257210546], [-93.47933867146995, 47.51572231485988], [-93.479327420071, 47.51572175365197], [-93.47931655764259, 47.51572082963072], [-93.47930627552584, 47.51571944632902], [-93.47929680728275, 47.5157174726972], [-93.47928843408599, 47.51571473218216], [-93.47915525076029, 47.515666505282866], [-93.47891478433515, 47.51558692889099], [-93.47890497563056, 47.51558550736284], [-93.47889585773041, 47.51558361320539], [-93.47888772079057, 47.51558104498981], [-93.47888449404206, 47.51557946510946]]]}}, {"type": "Feature", "properties": {"code": "PSS3Dg", "type": "Freshwater Forested/Shrub Wetland", "acres": 1.3}, "geometry": {"type": "Polygon", "coordinates": [[[-93.47747768649307, 47.51011128216543], [-93.47751463959058, 47.510111429005256], [-93.47755819889872, 47.51011258066632], [-93.4776016441208, 47.51011485425631], [-93.47765091671414, 47.51011893361174], [-93.47769953982552, 47.510124564492976], [-93.47774720173955, 47.510131782092614], [-93.47779350360423, 47.510140744171615], [-93.47783794326135, 47.510151739554345], [-93.4778776191525, 47.510164257941334], [-93.47791465938661, 47.5101788690935], [-93.47794849533011, 47.51019560334787], [-93.47797836610992, 47.510214610575815], [-93.47798366078021, 47.51021861164947], [-93.47801263683802, 47.51024630666794], [-93.47801748774054, 47.5102524520803], [-93.47803446679774, 47.51028123077955], [-93.47804513339342, 47.51031216290327], [-93.47805043165697, 47.51034463439297], [-93.47805090057754, 47.51037814769187], [-93.47804612872676, 47.51041675967966], [-93.47803688865575, 47.510455829752026], [-93.4780241792911, 47.510495063016855], [-93.47800859172429, 47.5105341900674], [-93.47799035682235, 47.51057292390134], [-93.47797591191257, 47.5105997704677], [-93.47796007371579, 47.510626137065174], [-93.47794271556957, 47.510651877462834], [-93.47792152790527, 47.51067945575293], [-93.4778982085388, 47.51070583323218], [-93.47787261284142, 47.51073072836162], [-93.47783858376013, 47.51075804387944], [-93.477803751585, 47.51078016362564], [-93.4777614813593, 47.51080090114466], [-93.47772372696454, 47.51081517779043], [-93.47768423882128, 47.510826593521955], [-93.47764338434048, 47.510834880149815], [-93.4775965955889, 47.510840089250735], [-93.47754924718691, 47.510841208737126], [-93.47750206946482, 47.510838318702575], [-93.47745579005802, 47.51083120556417], [-93.47742104681608, 47.51082260280969], [-93.47738287200978, 47.51081020593332], [-93.47734540417758, 47.51079554762901], [-93.47729736676777, 47.510773709429884], [-93.47725040553965, 47.51074962435711], [-93.47720455373091, 47.510723885220905], [-93.47716000358103, 47.5106968767106], [-93.4771171314841, 47.51066880694623], [-93.4770765420063, 47.510639731748974], [-93.47703912986968, 47.51060957102347], [-93.47700614732568, 47.5105781136116], [-93.47697930476669, 47.510545013044734], [-93.47697018866319, 47.510530170207886], [-93.47695717387134, 47.510501020907654], [-93.47694920222152, 47.510470940196335], [-93.47694576436893, 47.510440292742395], [-93.4769466501078, 47.510409422585], [-93.47695193040504, 47.51037866162859], [-93.47696124144296, 47.51034969670337], [-93.47697448710183, 47.510321367660985], [-93.47699150568488, 47.51029393602204], [-93.47701397704171, 47.510265670054075], [-93.47704019976318, 47.510238924648185], [-93.47706973457308, 47.51021391521173], [-93.47710859659058, 47.51018710060705], [-93.47715081561232, 47.51016433924923], [-93.47719703662862, 47.51014579982716], [-93.47720748403539, 47.51014246438093], [-93.47725744294159, 47.510130035184815], [-93.47731017764204, 47.510121449911885], [-93.47736487156811, 47.51011582873868], [-93.47742087793281, 47.5101125630698], [-93.47747768649307, 47.51011128216543]]]}}, {"type": "Feature", "properties": {"code": "PSS3Dg", "type": "Freshwater Forested/Shrub Wetland", "acres": 2.38}, "geometry": {"type": "Polygon", "coordinates": [[[-93.47863480191896, 47.503682503853796], [-93.47863763969694, 47.503684716430435], [-93.47867750243768, 47.50369361649787], [-93.47872735444436, 47.503699278411005], [-93.47901769353744, 47.503714401116966], [-93.47904037599838, 47.50371149430502], [-93.47910901087934, 47.5037184057204], [-93.47913721887758, 47.50372530135681], [-93.47936198454819, 47.50380731220811], [-93.47940385143032, 47.503825975845686], [-93.47942113411807, 47.503839141428365], [-93.47947499440757, 47.50389193783942], [-93.47949932437872, 47.50392583757252], [-93.47950551916092, 47.50393315918864], [-93.47974105383516, 47.50407168409445], [-93.48014214262636, 47.504216269795634], [-93.48021870873296, 47.50423293980509], [-93.48022313652902, 47.50423361340202], [-93.48019121399707, 47.50424214744948], [-93.48015180041399, 47.50425693077336], [-93.4801198688989, 47.504272675333375], [-93.48008999362749, 47.504290557798065], [-93.48006187096921, 47.504310018048955], [-93.47998601183671, 47.50436918826048], [-93.47995362128252, 47.50439199157621], [-93.47991199964045, 47.50441570211081], [-93.47986425508142, 47.50443519265741], [-93.47982013881781, 47.50444814023118], [-93.47977363213725, 47.50445793283297], [-93.47971176606195, 47.504466025670276], [-93.47965637594153, 47.50446964426535], [-93.4796167961701, 47.50447054117683], [-93.47957687593718, 47.504470158259934], [-93.47953674729513, 47.5044684991557], [-93.47948170661938, 47.50446420939398], [-93.4794266012649, 47.50445801475661], [-93.47937151387671, 47.50445033881818], [-93.4793159413983, 47.504441398220685], [-93.47926045156488, 47.50443159833368], [-93.47914965515439, 47.5044104462523], [-93.47876232585838, 47.5043316550383], [-93.47865173246711, 47.504308392316055], [-93.47854163584421, 47.5042839001186], [-93.47848702905472, 47.50427078987022], [-93.47843294418641, 47.504256772387116], [-93.47837857904373, 47.50424131182529], [-93.47832501070671, 47.504224740127285], [-93.47827234068497, 47.50420713800227], [-93.47822167390632, 47.50418887137655], [-93.47817226926063, 47.50416972967428], [-93.47812447619258, 47.50414975415991], [-93.47807885704749, 47.50412889749864], [-93.47803623647886, 47.50410702132857], [-93.47799777331332, 47.504083879875914], [-93.47796504948414, 47.504059115099814], [-93.47794016525246, 47.504032232418155], [-93.4779311452687, 47.50401713407763], [-93.47792344311344, 47.50399400714964], [-93.47792223487941, 47.503985997984465], [-93.47792316553404, 47.50395431510344], [-93.4779313150503, 47.50392153805692], [-93.47794498112071, 47.50388808435437], [-93.4779629600028, 47.50385432174461], [-93.47798445668755, 47.503820606447384], [-93.47800904178025, 47.503787306820215], [-93.47803659760159, 47.503754836735354], [-93.47806308263111, 47.50372757218927], [-93.47809172361731, 47.50370152011574], [-93.47812244061014, 47.50367697059117], [-93.47815423827625, 47.503654868484304], [-93.47818764482504, 47.50363470889821], [-93.47822235842256, 47.503616764918135], [-93.47825815089674, 47.503601451632704], [-93.4782927548998, 47.50358988200994], [-93.4783278143487, 47.503581586955946], [-93.47836298968029, 47.503577150263666], [-93.47837196744324, 47.503576720005825], [-93.47840480356182, 47.5035777674318], [-93.47841718414307, 47.50357926878277], [-93.47846052516059, 47.503589259987145], [-93.4785007454308, 47.50360451077042], [-93.47853713708128, 47.503622850421635], [-93.47856863740502, 47.50364234793795], [-93.47860320817041, 47.503667402378426], [-93.47861438411087, 47.503674698542845], [-93.47862866642558, 47.503681488593], [-93.47863480191896, 47.503682503853796]]]}}, {"type": "Feature", "properties": {"code": "PSS3Dg", "type": "Freshwater Forested/Shrub Wetland", "acres": 1.12}, "geometry": {"type": "Polygon", "coordinates": [[[-93.48066551548393, 47.504253443848754], [-93.48073515378307, 47.50423880738014], [-93.48132344339466, 47.50409584383952], [-93.48138843920039, 47.504075131586156], [-93.48141551532137, 47.504064403763195], [-93.48151967497857, 47.50402032912469], [-93.48165392460452, 47.50395813338648], [-93.48170833466297, 47.50392638859018], [-93.48180345457347, 47.503869397678606], [-93.48180791650547, 47.50386126894529], [-93.48182953805605, 47.50381360462498], [-93.48183148201034, 47.50380052945641], [-93.4818367218834, 47.5038101395175], [-93.48185744242372, 47.50383823540335], [-93.48190567207303, 47.50389825148582], [-93.48193037933659, 47.50393193274974], [-93.48197850208636, 47.50400250785951], [-93.48204827423447, 47.504113070971336], [-93.48209278665512, 47.50418815529993], [-93.48211390694576, 47.50422572685587], [-93.48213375971355, 47.5042631114771], [-93.48215173679901, 47.504300101016675], [-93.48216697851443, 47.50433641450723], [-93.4821783026769, 47.50437166721205], [-93.48218410130207, 47.50440533603535], [-93.48218222741639, 47.50443671340281], [-93.48217372755717, 47.50445913437907], [-93.4821705618941, 47.504464281001255], [-93.48216746001142, 47.504468610814484], [-93.48214558603426, 47.50448940058832], [-93.48214089682847, 47.50449260592297], [-93.48211587156129, 47.50450575980847], [-93.4820866906876, 47.50451566102404], [-93.48207775963705, 47.504517857180886], [-93.48204502053652, 47.504523367294915], [-93.48202443923503, 47.50452522362065], [-93.48201100942154, 47.50452595729103], [-93.48196036689738, 47.504526697029824], [-93.48190668716929, 47.50452498998695], [-93.48185099701156, 47.504521193591415], [-93.4817949053069, 47.504515640998264], [-93.4817380473393, 47.50450875032043], [-93.48162315730605, 47.50449250458051], [-93.48150780553873, 47.50447452084212], [-93.48139273045251, 47.50445568509211], [-93.48122176757921, 47.50442592679007], [-93.48110880712719, 47.5044039063154], [-93.48105287622097, 47.504391844113584], [-93.48099802329308, 47.50437902517652], [-93.48094460677136, 47.50436528262199], [-93.48089311084769, 47.5043503694643], [-93.48084376279587, 47.50433384210018], [-93.48079781846067, 47.504315545176425], [-93.48075885583185, 47.504297066800085], [-93.48070085700385, 47.50426758755624], [-93.48067862909045, 47.50425776214937], [-93.48066551548393, 47.504253443848754]]]}}, {"type": "Feature", "properties": {"code": "PSS3Dg", "type": "Freshwater Forested/Shrub Wetland", "acres": 0.6}, "geometry": {"type": "Polygon", "coordinates": [[[-93.4911405616029, 47.49741231756486], [-93.49118140710057, 47.49741268718089], [-93.49122227325947, 47.49741544564551], [-93.49126284477094, 47.497420359899856], [-93.49130278027523, 47.49742735165038], [-93.4913416988866, 47.49743649858231], [-93.49137184814417, 47.49744548225048], [-93.4914009140335, 47.4974559055371], [-93.49142870431513, 47.49746773991598], [-93.4914598129734, 47.49748360911043], [-93.49148874321713, 47.49750119406831], [-93.4915153297563, 47.497520269619955], [-93.49154448727379, 47.497545549722346], [-93.49156939845493, 47.4975723665367], [-93.49158943717397, 47.49760033830757], [-93.49160288405545, 47.49762707437352], [-93.49161080539963, 47.49765406593925], [-93.49161239182442, 47.497680834144596], [-93.49160636682382, 47.49770733347096], [-93.49160307809156, 47.497714754275286], [-93.49158921439178, 47.497736167602085], [-93.49157018088754, 47.49775627300984], [-93.49154683726655, 47.49777496732383], [-93.49151529292537, 47.49779471463482], [-93.49147998194817, 47.4978124578942], [-93.49144178917554, 47.497828164330414], [-93.49140131198716, 47.497841614241004], [-93.49135891869227, 47.497852377929924], [-93.49134371650273, 47.49785539066996], [-93.49129745236728, 47.49786197147922], [-93.49125015516925, 47.49786538296364], [-93.49120242228832, 47.497865932224165], [-93.49115480978162, 47.49786364778597], [-93.49109869741572, 47.49785680296764], [-93.49105513361602, 47.497847768995676], [-93.49101308796914, 47.49783592256411], [-93.4909729126147, 47.49782157441311], [-93.49093513755868, 47.497804811936945], [-93.4909052407277, 47.497788576260746], [-93.49087775228003, 47.49777078565365], [-93.49084719159404, 47.497746630887654], [-93.49082777091591, 47.49772769683044], [-93.49081860810001, 47.497717170421495], [-93.49080170360301, 47.49769268971497], [-93.49078971558555, 47.497667171770836], [-93.4907829719327, 47.49764105357013], [-93.49078205385449, 47.49761412329668], [-93.49078742757649, 47.4975875371336], [-93.49079019977748, 47.49758001738317], [-93.49080220665957, 47.49755720564614], [-93.49081866918546, 47.497535371042865], [-93.49083890553386, 47.49751467744339], [-93.49086247373366, 47.497495363369374], [-93.49088915729087, 47.49747775049109], [-93.49089786735586, 47.49747280043369], [-93.49093169431619, 47.497456505783354], [-93.49096834647811, 47.49744266673675], [-93.49100711507083, 47.49743118497432], [-93.49104748086812, 47.49742214182525], [-93.49109814315518, 47.49741485207491], [-93.4911405616029, 47.49741231756486]]]}}, {"type": "Feature", "properties": {"code": "PSS1C", "type": "Freshwater Forested/Shrub Wetland", "acres": 0.26}, "geometry": {"type": "Polygon", "coordinates": [[[-93.49559662402706, 47.511525088492924], [-93.49576461168013, 47.5114529410657], [-93.49580785388297, 47.51156702953197], [-93.49570338161206, 47.51166747054819], [-93.49557769293075, 47.511753719324815], [-93.49540957142871, 47.51181158329339], [-93.4952198283761, 47.51181240302135], [-93.4951555063068, 47.511698406708945], [-93.49512610085428, 47.51164629407854], [-93.49523916371427, 47.51162662357516], [-93.49542850342331, 47.511582952713574], [-93.49559662402706, 47.511525088492924]]]}}, {"type": "Feature", "properties": {"code": "PEM1D", "type": "Freshwater Emergent Wetland", "acres": 0.25}, "geometry": {"type": "Polygon", "coordinates": [[[-93.48424452934, 47.510516545763856], [-93.48443426790107, 47.51051574482556], [-93.48458263275506, 47.51060082321447], [-93.48473086465842, 47.510671618716806], [-93.48475313030104, 47.51080008382796], [-93.48456352289404, 47.510815169902436], [-93.48437351932998, 47.51078740358552], [-93.48424623703737, 47.51070223448368], [-93.48414645756549, 47.510624350733735], [-93.48424452934, 47.510516545763856]]]}}, {"type": "Feature", "properties": {"code": "PSS1C", "type": "Freshwater Forested/Shrub Wetland", "acres": 0.2}, "geometry": {"type": "Polygon", "coordinates": [[[-93.48978906332594, 47.513517498683626], [-93.48981518274114, 47.513517689198935], [-93.4898279406148, 47.513517991960576], [-93.48984037509497, 47.51351851496763], [-93.4898523559259, 47.51351935165758], [-93.48986370703784, 47.513520619130546], [-93.48987420025868, 47.51352247635158], [-93.48988353285617, 47.5135251277908], [-93.48995609247662, 47.51354909934358], [-93.48996332301634, 47.51355190610597], [-93.48997059487856, 47.51355597912686], [-93.48999895648869, 47.51357279664075], [-93.49004678369275, 47.51360368617316], [-93.49005307279803, 47.51360851275573], [-93.49007832264405, 47.513627898564046], [-93.4900841733715, 47.51363308736545], [-93.4900885517602, 47.513639282133525], [-93.49009164196477, 47.51364634331882], [-93.49009376917536, 47.51365402458651], [-93.49009516066573, 47.51366213299457], [-93.49009597813266, 47.51367050715126], [-93.49009630781437, 47.51367901236135], [-93.49009618205022, 47.51368752303068], [-93.49009556850089, 47.51369591659885], [-93.4900943764365, 47.513704055943876], [-93.49009244595696, 47.51371178331491], [-93.49008953990702, 47.51371890698411], [-93.49008533309653, 47.513725184257915], [-93.49007963777763, 47.51373047376757], [-93.49005489008988, 47.513750301233244], [-93.4900486503919, 47.513755210318145], [-93.49004148363257, 47.5137594981071], [-93.49001257494842, 47.51377648422771], [-93.49000485931845, 47.51378039766023], [-93.48999642862951, 47.51378311946749], [-93.48998689391108, 47.51378508285761], [-93.48997655250552, 47.513786464996855], [-93.48996563258493, 47.513787396939705], [-93.48995432818538, 47.513787976370295], [-93.48994280549525, 47.51378826274853], [-93.48993120554998, 47.51378828701788], [-93.48991966848679, 47.51378805524565], [-93.48990832725632, 47.51378753891537], [-93.4898973408604, 47.51378668888156], [-93.48988687997891, 47.51378541898804], [-93.4898771575126, 47.51378360970833], [-93.48986843307455, 47.51378110329148], [-93.4897964142399, 47.513757214967235], [-93.4897878613801, 47.51375397561449], [-93.48978056526335, 47.513749884406955], [-93.48975234379037, 47.513732921333606], [-93.48973906040227, 47.513723897374376], [-93.48971254123677, 47.51370357905047], [-93.48970813050875, 47.513699811228555], [-93.48959355578414, 47.513597302706025], [-93.48958732237439, 47.513591710421714], [-93.48958292332442, 47.513584744486636], [-93.48957971454223, 47.51357633391207], [-93.48957750558495, 47.51356700170397], [-93.48957611139964, 47.51355727147514], [-93.48957535052658, 47.51354766441207], [-93.48957505857412, 47.513538688959905], [-93.48957507923538, 47.513530848710374], [-93.48957545383284, 47.513519171456764], [-93.48974916914418, 47.51351770436738], [-93.48978906332594, 47.513517498683626]]]}}, {"type": "Feature", "properties": {"code": "PEM1D", "type": "Freshwater Emergent Wetland", "acres": 0.24}, "geometry": {"type": "Polygon", "coordinates": [[[-93.49606838777324, 47.50477580635894], [-93.49614355160969, 47.50474627034115], [-93.49631612067073, 47.50476012930882], [-93.49646754788154, 47.50481789539832], [-93.49649034173356, 47.50494924881181], [-93.49636184312206, 47.50503743957718], [-93.49618968638775, 47.50506739536058], [-93.49603811993806, 47.50499502302281], [-93.4960368820596, 47.50486357748464], [-93.49606838777324, 47.50477580635894]]]}}, {"type": "Feature", "properties": {"code": "PEM1D", "type": "Freshwater Emergent Wetland", "acres": 0.52}, "geometry": {"type": "Polygon", "coordinates": [[[-93.48283662404971, 47.49896146182538], [-93.48301715398078, 47.4989607013734], [-93.48319779620127, 47.49897217551849], [-93.48337855160948, 47.498995882431956], [-93.48354147725594, 47.4990441337544], [-93.48354260015005, 47.49916647575959], [-93.48336240798551, 47.49920393923955], [-93.48318198854723, 47.49921693483499], [-93.48300145771785, 47.4992176952833], [-93.48280298483728, 47.49923076552427], [-93.4826224549062, 47.499231525972334], [-93.4824415890052, 47.49919558219546], [-93.48244046790774, 47.49907324086501], [-93.48245236339874, 47.49903159329437], [-93.48247612473631, 47.499024152041414], [-93.48265620640805, 47.49897445566013], [-93.48283662404971, 47.49896146182538]]]}}, {"type": "Feature", "properties": {"code": "PSS1D", "type": "Freshwater Forested/Shrub Wetland", "acres": 1.31}, "geometry": {"type": "Polygon", "coordinates": [[[-93.48689177285415, 47.51357842593797], [-93.48704782908362, 47.51360415517987], [-93.48715995679738, 47.51369415949521], [-93.48724996798886, 47.51379933866938], [-93.4873622358398, 47.513904423589246], [-93.48754057927147, 47.51393382643326], [-93.48771836574767, 47.51390290979223], [-93.48787347425451, 47.513826848564825], [-93.48798392661028, 47.51373589736498], [-93.48798280730942, 47.51361526026289], [-93.48780432374058, 47.51357077863642], [-93.48762598120722, 47.51354137740922], [-93.4874696159573, 47.51348172061947], [-93.48737960656246, 47.513376541415425], [-93.48737848905824, 47.51325590470063], [-93.48739292049328, 47.51325093792871], [-93.4873991574963, 47.51327707384666], [-93.48741276697285, 47.51330595888693], [-93.48743269699574, 47.51333199769929], [-93.4874579198923, 47.513355548870464], [-93.48748708190135, 47.51337643280923], [-93.48751912301091, 47.51339428486926], [-93.48755322036415, 47.51340852683216], [-93.487588746937, 47.51341834567229], [-93.48762522302913, 47.513422658364995], [-93.48765852178006, 47.513421251339935], [-93.48769300451056, 47.513416302179046], [-93.48775594497096, 47.513404614585404], [-93.48780425277366, 47.51339656135077], [-93.48785474707579, 47.513389850826556], [-93.48790665802112, 47.51338522505421], [-93.48795340904344, 47.513383461266066], [-93.48800713278901, 47.51338439746321], [-93.48806001840641, 47.51338846018256], [-93.48811111817305, 47.51339577805181], [-93.48815930649984, 47.513406745449416], [-93.48820318740482, 47.513422063155176], [-93.48823166399934, 47.51343652596309], [-93.48825637934775, 47.51345351582869], [-93.48828352014742, 47.513479509669246], [-93.4883050482732, 47.513508549922726], [-93.48832155661317, 47.51353975074874], [-93.48833320416915, 47.513572400442065], [-93.48833972683644, 47.513605919567354], [-93.48834041494594, 47.51363981666735], [-93.48833374585327, 47.513675322806456], [-93.48833130153737, 47.51368276319617], [-93.48831589543026, 47.51371654496698], [-93.48829491617511, 47.513749768520725], [-93.4882697660421, 47.51378249028469], [-93.48824147090728, 47.51381473149549], [-93.48821073774478, 47.51384647395198], [-93.48817801750887, 47.513877654554925], [-93.48814574014239, 47.5139063074929], [-93.48811212608278, 47.513934296043765], [-93.48807724360198, 47.51396149461516], [-93.48804104598763, 47.51398770541392], [-93.48800336255977, 47.5140126426712], [-93.48795843960903, 47.514038991172264], [-93.48791114600428, 47.51406274164049], [-93.48786263877555, 47.51408299733211], [-93.48781255500352, 47.514100624054876], [-93.4877617256298, 47.51411588331205], [-93.48771093398531, 47.514128787847], [-93.48766098765553, 47.51413910467726], [-93.4876127723793, 47.514146322938224], [-93.48757845673542, 47.514149233419396], [-93.48754625213247, 47.51414956166006], [-93.48751681164569, 47.514146787086304], [-93.48751273059935, 47.51414570771457], [-93.48734235073267, 47.51416087291559], [-93.48716400370773, 47.51413147019878], [-93.48713989382384, 47.5141222709632], [-93.48714081280036, 47.51413666683788], [-93.48713994233285, 47.514142916152174], [-93.48713410597846, 47.51415876513795], [-93.48712837023537, 47.514167036071434], [-93.48711104892006, 47.514181985877485], [-93.48708815445673, 47.514193011356696], [-93.48706139544105, 47.51419918118281], [-93.48705622383996, 47.51419969265522], [-93.48703277331946, 47.51419950881638], [-93.48700910989824, 47.51419525868062], [-93.48699969914732, 47.51419233546066], [-93.48699330673577, 47.51418990975831], [-93.4869649792616, 47.514174730004214], [-93.48693891823689, 47.5141542286226], [-93.48691522876453, 47.51412963605505], [-93.48689416596605, 47.514101878772486], [-93.48687615025304, 47.5140716344877], [-93.4868593670286, 47.514033247859075], [-93.48684884775662, 47.51399967561441], [-93.48684109619403, 47.513965209025905], [-93.48683592638956, 47.513930208490684], [-93.48683332936008, 47.513894978587246], [-93.48683347937873, 47.51385979416516], [-93.48683672948343, 47.51382491915336], [-93.48684431575599, 47.513787626285], [-93.48686660744978, 47.51371918486848], [-93.48687762438841, 47.51368199810357], [-93.48688593021153, 47.5136456746966], [-93.48689097784512, 47.51361110533724], [-93.48689193185596, 47.51357941734461], [-93.48689177285415, 47.51357842593797]]]}}, {"type": "Feature", "properties": {"code": "PSS2Dg", "type": "Freshwater Forested/Shrub Wetland", "acres": 1.47}, "geometry": {"type": "Polygon", "coordinates": [[[-93.48689177285415, 47.51357842593797], [-93.48688757592514, 47.513552057790086], [-93.48687828195521, 47.51353324896023], [-93.48686282823738, 47.51352072834315], [-93.48684611238657, 47.51351637682738], [-93.48682185428063, 47.51351720198936], [-93.48679409993161, 47.51352342104057], [-93.48676380245202, 47.5135339078761], [-93.48673174786775, 47.513547782118934], [-93.48669837186168, 47.513564421254976], [-93.48663541882489, 47.513599417787034], [-93.48652491257022, 47.51366395684014], [-93.48648294867003, 47.51368744597537], [-93.48643992296118, 47.51371008324485], [-93.48639921580408, 47.51372978937135], [-93.4863576103317, 47.51374826017986], [-93.48631528171552, 47.51376537553844], [-93.4862643939513, 47.513783748043586], [-93.48621332742232, 47.51379999454825], [-93.48618162048606, 47.513808657488035], [-93.48618115875202, 47.51375863411794], [-93.48619859145842, 47.51357732289185], [-93.48627671704035, 47.51353060055511], [-93.48631447053681, 47.513502250173715], [-93.48635305227995, 47.513477868445165], [-93.48651583150101, 47.513395238661595], [-93.48652726525793, 47.513389865995], [-93.48664726940012, 47.513336997834145], [-93.48666820643444, 47.51333097413077], [-93.48669564637311, 47.513329474272226], [-93.48674100321011, 47.51333028426863], [-93.48677574824868, 47.51333710765388], [-93.48681373890037, 47.513337102193226], [-93.48684385042868, 47.51333000334851], [-93.48691157801122, 47.5132971466063], [-93.48698351959075, 47.51325874666961], [-93.4870063215276, 47.51324004452089], [-93.48701171950415, 47.51322257647495], [-93.48700368497224, 47.513205007704265], [-93.48700253692532, 47.51319148224664], [-93.48700747855769, 47.51317815094252], [-93.48701657489825, 47.513167781743604], [-93.48723425825116, 47.513007064965734], [-93.4872742440611, 47.51298330977253], [-93.48748953699702, 47.51288571751106], [-93.48770914364297, 47.512907653123825], [-93.48771394962974, 47.512909628681605], [-93.48767805923919, 47.51292228596176], [-93.4876381929052, 47.51293824513675], [-93.48760012769334, 47.51295569022111], [-93.48756739488103, 47.512972998175684], [-93.48753686743272, 47.51299172893656], [-93.48750897564146, 47.513011984434826], [-93.48747527983515, 47.513042664364505], [-93.48744696583572, 47.5130757099628], [-93.48742377403002, 47.51311041437142], [-93.48740598109919, 47.51314620118307], [-93.4873944386461, 47.51318258378961], [-93.4873903072941, 47.513214737998396], [-93.48739184700652, 47.51324643652581], [-93.48739292049328, 47.51325093792871], [-93.48737848905824, 47.51325590470063], [-93.48737960656246, 47.513376541415425], [-93.4874696159573, 47.51348172061947], [-93.48762598120722, 47.51354137740922], [-93.48780432374058, 47.51357077863642], [-93.48798280730942, 47.51361526026289], [-93.48798392661028, 47.51373589736498], [-93.48787347425451, 47.513826848564825], [-93.48771836574767, 47.51390290979223], [-93.48754057927147, 47.51393382643326], [-93.4873622358398, 47.513904423589246], [-93.48724996798886, 47.51379933866938], [-93.48715995679738, 47.51369415949521], [-93.48704782908362, 47.51360415517987], [-93.48689177285415, 47.51357842593797]]]}}, {"type": "Feature", "properties": {"code": "PSS3Dg", "type": "Freshwater Forested/Shrub Wetland", "acres": 5.5}, "geometry": {"type": "Polygon", "coordinates": [[[-93.49756544277064, 47.51542892850297], [-93.49751388755817, 47.51542474763225], [-93.49746475150877, 47.51542462264904], [-93.49743767269284, 47.51542694272594], [-93.49741203567294, 47.51543121581713], [-93.49738418789914, 47.51543888832954], [-93.49735940966865, 47.51544952585416], [-93.49733576241712, 47.51546514571406], [-93.49731677023539, 47.515483973266285], [-93.49730245647963, 47.515505350829784], [-93.49729230192366, 47.515530470593305], [-93.49728673596216, 47.51555713564326], [-93.49728492316191, 47.51558466585214], [-93.49728655360417, 47.51563683766976], [-93.49728544687974, 47.515668481343454], [-93.49728094362521, 47.51570016200752], [-93.49727208264326, 47.51573124079494], [-93.49725764671663, 47.51576103819082], [-93.49725234306321, 47.51576915052026], [-93.4972295797539, 47.5157962286187], [-93.49720126485614, 47.51582136523087], [-93.49716843592408, 47.515844631344606], [-93.49713183406783, 47.51586596811162], [-93.49709192281807, 47.515885178353656], [-93.4970555482356, 47.515899656257155], [-93.49701726652977, 47.51591234557842], [-93.49696835326255, 47.51592541226957], [-93.49691756161805, 47.515936151015964], [-93.49686537578825, 47.51594483544463], [-93.49681214791272, 47.51595156687691], [-93.4967563274993, 47.515956525506006], [-93.49670000672423, 47.51595981811314], [-93.49664347484509, 47.51596176807423], [-93.49658700584803, 47.51596255376171], [-93.496530881804, 47.51596221279152], [-93.4964754332931, 47.51596064141658], [-93.49642106815043, 47.51595759027947], [-93.49636830650053, 47.51595264863832], [-93.49631783375797, 47.51594521403083], [-93.49627054464477, 47.51593446315213], [-93.49625761519289, 47.51593058992303], [-93.49621883312545, 47.51591579168572], [-93.49618450670181, 47.515897755437216], [-93.49615536625232, 47.515876852480424], [-93.49613248616203, 47.51585326239796], [-93.49612665879079, 47.515845093050785], [-93.49611579726069, 47.51582460506267], [-93.49610879129978, 47.51580314086969], [-93.49610510730881, 47.51578110878687], [-93.49610464467642, 47.515745294649946], [-93.49610788040808, 47.51568690778637], [-93.49610542082084, 47.51565978898181], [-93.49609619512286, 47.5156349702095], [-93.496093716671, 47.51563104599446], [-93.4960724526499, 47.51560907087033], [-93.49604238244409, 47.515589564451375], [-93.4960058308935, 47.51557174408055], [-93.49596468805348, 47.51555492660061], [-93.49582820791069, 47.51550440071605], [-93.49577121429748, 47.515480408821425], [-93.49571951894782, 47.51545423153084], [-93.49567764577749, 47.51542931012647], [-93.49563832472087, 47.515402346507855], [-93.49560660520818, 47.51537745541463], [-93.49557703716061, 47.515351336317366], [-93.49554966369728, 47.51532417365582], [-93.49552023848182, 47.515290727827306], [-93.49549458978382, 47.515256171686005], [-93.49547349015442, 47.51522060291125], [-93.49545814962434, 47.515184038489025], [-93.4954501258722, 47.51514874086825], [-93.49544795554249, 47.51511070631747], [-93.49545081937161, 47.51507242965832], [-93.49545743366704, 47.51503428038231], [-93.49546689741857, 47.51499667530606], [-93.49547862582291, 47.51496012043532], [-93.4954923017748, 47.5149252607161], [-93.49550785610394, 47.51489294434749], [-93.49552545140543, 47.514864282847434], [-93.49554547215816, 47.51484075176847], [-93.4955515869903, 47.514835332532286], [-93.49556369268706, 47.51482677472483], [-93.49558063221838, 47.514819030529765], [-93.49558472584111, 47.514817857736716], [-93.49560196001985, 47.51481579366945], [-93.49560729241936, 47.5148161219059], [-93.49561629533514, 47.514817823153585], [-93.49563309832254, 47.51482501098514], [-93.4956689896114, 47.514849333235816], [-93.49569339683767, 47.51486299477841], [-93.4957250777228, 47.514875553905355], [-93.49576257699601, 47.51488660168754], [-93.49580449238718, 47.51489639901584], [-93.49584971627351, 47.51490517947844], [-93.49589737549262, 47.51491314147347], [-93.49594678462988, 47.514920461557026], [-93.49602464341217, 47.5149304900395], [-93.49667554020917, 47.51485976216784], [-93.49664975676389, 47.51512847345363], [-93.49668584568211, 47.51515758135368], [-93.49671415518996, 47.515179263015604], [-93.49674208650711, 47.51519655810248], [-93.49677040050653, 47.515207285470396], [-93.4967917211215, 47.51520968503689], [-93.49681258808722, 47.51520718172176], [-93.49683352332492, 47.51519908568681], [-93.49685205107767, 47.515186137124715], [-93.49686939485083, 47.51516710378828], [-93.49688444163185, 47.51514453327958], [-93.4969096052396, 47.515100380577394], [-93.49692276555851, 47.51507897615335], [-93.49693790845924, 47.51505805588224], [-93.49694819237263, 47.51504610715834], [-93.49697558200563, 47.515020559425786], [-93.49700733745092, 47.51499842023173], [-93.49704266190285, 47.514980743452746], [-93.49708100469412, 47.51496891241495], [-93.49709195605574, 47.514966921159996], [-93.49712550453833, 47.51496443300131], [-93.49713467184581, 47.51496464353315], [-93.49716927495056, 47.51496854049561], [-93.49720361664556, 47.51497685680547], [-93.49724402107041, 47.514991970801816], [-93.49728294866493, 47.51501145560101], [-93.49732013801938, 47.5150342870562], [-93.49735521633292, 47.51505972860627], [-93.4973876823456, 47.51508728577176], [-93.49742112931855, 47.51512144462384], [-93.49745294225603, 47.51516217420703], [-93.49747618167244, 47.51519457049652], [-93.4975009877507, 47.51522613192342], [-93.4975226874547, 47.515249043978535], [-93.4975473551924, 47.51527036460637], [-93.49758018322613, 47.51529280461692], [-93.497616672793, 47.515312819574206], [-93.4976560351721, 47.515330658841144], [-93.49769766040744, 47.51534642495488], [-93.49774108676488, 47.51536007726732], [-93.4977859854611, 47.51537141859769], [-93.49783213640882, 47.51538009341238], [-93.49787771692635, 47.5153856290816], [-93.49792393345109, 47.51538864384902], [-93.4979704194704, 47.5153894471398], [-93.49801684350597, 47.51538820762086], [-93.49806288845248, 47.5153849653352], [-93.49811340251755, 47.51537888726256], [-93.49824384238838, 47.51535614271761], [-93.49828961245042, 47.51534883300899], [-93.49833603468936, 47.515342248931304], [-93.49838298603599, 47.515336470571235], [-93.49843036947229, 47.51533161077817], [-93.49847811492963, 47.5153278297254], [-93.49852122418181, 47.51532548355534], [-93.49857881876794, 47.51532379021142], [-93.49863666039076, 47.515323411620734], [-93.4986946673036, 47.51532407597458], [-93.49881090750473, 47.515327941967826], [-93.49886899975753, 47.515331081115335], [-93.49892695636471, 47.51533514307725], [-93.49898465874867, 47.51534034141728], [-93.49904194700929, 47.515347011648835], [-93.49909285363812, 47.51535452278722], [-93.49914323565082, 47.515363369305184], [-93.49919302387715, 47.515373418938], [-93.49924207638324, 47.515384641956075], [-93.49929017308186, 47.515397102063616], [-93.49933709927566, 47.51541092060275], [-93.49938254414758, 47.51542603386736], [-93.49942616094789, 47.51544243700266], [-93.49946743673856, 47.51546023314877], [-93.499505654664, 47.51547964436171], [-93.49953985981507, 47.51550101282624], [-93.49956880083859, 47.51552482997796], [-93.49958079604258, 47.51553778027661], [-93.49960035326463, 47.515566463857205], [-93.49961441100051, 47.51559741713428], [-93.49962426462086, 47.51563004673929], [-93.49963091844218, 47.51566416216152], [-93.49963497703064, 47.51569912574426], [-93.4996368859506, 47.51573462624304], [-93.49963685989947, 47.51577040337786], [-93.49963489618224, 47.51580622538483], [-93.4996307792033, 47.51584186778127], [-93.49962407238138, 47.515877098197755], [-93.4996140867087, 47.51591165332343], [-93.49959985649627, 47.51594522313143], [-93.49959575748363, 47.5159529507792], [-93.49957727644329, 47.51598191139846], [-93.49955489581629, 47.51600972471712], [-93.49952902613275, 47.516036345233864], [-93.49949150440166, 47.51606841154161], [-93.49945438691242, 47.516095447016134], [-93.49941471461455, 47.51612129575855], [-93.49937317202422, 47.516146219261046], [-93.4993302595031, 47.51617038315574], [-93.49928632739412, 47.51619385964168], [-93.49924161375085, 47.516216628091755], [-93.49919626499869, 47.516238572019454], [-93.49915034401968, 47.516259461484644], [-93.49910385979699, 47.51627894035288], [-93.49905675483842, 47.516296491713355], [-93.49900893841418, 47.51631140815069], [-93.49896995063253, 47.51632089761391], [-93.49893057837195, 47.51632772971083], [-93.49891912844532, 47.51632914636525], [-93.49888141537306, 47.516331931137586], [-93.49884397089708, 47.51633188017443], [-93.49880720464913, 47.51632897042099], [-93.49877455987172, 47.51632378673982], [-93.49872933688367, 47.516312903677104], [-93.49871811692579, 47.51630949035793], [-93.4986825544203, 47.516296457131205], [-93.4986494577903, 47.51628073013206], [-93.49861314968315, 47.51625792166726], [-93.49858227009524, 47.516231697441505], [-93.49857770216202, 47.51622700457539], [-93.49855737238882, 47.51620198464501], [-93.49854193484067, 47.51617529019419], [-93.4985324144953, 47.51615046984555], [-93.49852643351213, 47.51612499727558], [-93.49852352656387, 47.51609920313858], [-93.49852322203499, 47.51607732831722], [-93.49852535194054, 47.51605055978463], [-93.4985300869604, 47.51602437489129], [-93.49854406654285, 47.51597506651564], [-93.49855070868605, 47.51594265432688], [-93.49855385368787, 47.515909094224554], [-93.4985531961211, 47.51587494741268], [-93.49854815836898, 47.515840747794826], [-93.49854125571433, 47.515816119615074], [-93.49853089993573, 47.515791087354586], [-93.49851726979793, 47.51576676796726], [-93.4985003060121, 47.515743381083496], [-93.49847228935504, 47.5157137869259], [-93.49843912714799, 47.515686222202206], [-93.49840163775625, 47.515660710577286], [-93.49836027662562, 47.51563744923568], [-93.49831555310088, 47.51561668632575], [-93.49826808971453, 47.51559787641579], [-93.49821862128846, 47.51558053353087], [-93.4981676850152, 47.515564310025816], [-93.49811567705184, 47.51554896928356], [-93.49806285970641, 47.51553437115405], [-93.49795185398843, 47.51550611468239], [-93.49783987988657, 47.51547983183636], [-93.49772828217881, 47.51545582476267], [-93.49767309956924, 47.515445199373595], [-93.4976186904091, 47.515436027063764], [-93.49756544277064, 47.51542892850297]]]}}, {"type": "Feature", "properties": {"code": "PSS3Dg", "type": "Freshwater Forested/Shrub Wetland", "acres": 0.59}, "geometry": {"type": "Polygon", "coordinates": [[[-93.49792990904434, 47.498642384793], [-93.49795959477122, 47.49864234898536], [-93.4979887927129, 47.498646670782044], [-93.49800727824483, 47.49865196363217], [-93.49803740684115, 47.49866527738426], [-93.4980655393809, 47.4986828267457], [-93.4980918878665, 47.49870357814799], [-93.49811652955306, 47.49872674139344], [-93.49813940425344, 47.49875172413716], [-93.49816029727033, 47.498778094258725], [-93.49817882322643, 47.49880554769576], [-93.49819586067412, 47.49883685376072], [-93.4982084379864, 47.498868987626956], [-93.49821483219459, 47.498896280793296], [-93.4982175711579, 47.49892376512069], [-93.49821675369098, 47.49895118206723], [-93.49821225313141, 47.49897827187777], [-93.49820371194969, 47.49900475598364], [-93.49820038638651, 47.49901232104786], [-93.49818553094666, 47.499038502291334], [-93.4981662144731, 47.49906343754827], [-93.49816006281003, 47.499070134731625], [-93.49813032857413, 47.499097574664084], [-93.49809616923713, 47.49912311679607], [-93.4980586340313, 47.4991468497382], [-93.49801842903244, 47.49916866182289], [-93.49797597285549, 47.49918822289755], [-93.49793146043486, 47.49920495701454], [-93.49789186629037, 47.49921650454147], [-93.49785131005025, 47.499225358028035], [-93.49781028578786, 47.49923133115683], [-93.49776389498996, 47.49923426309978], [-93.49772644781902, 47.49923360946648], [-93.49769031667998, 47.49923012827724], [-93.49765379207884, 47.499223097318165], [-93.49762049422618, 47.49921275388656], [-93.49759152625325, 47.499199093732074], [-93.49758268862747, 47.499193523582804], [-93.49757457055225, 47.4991875498428], [-93.4975614030468, 47.499175431821186], [-93.49755707496377, 47.49917042244736], [-93.49755319693669, 47.49916522493326], [-93.4975415538723, 47.499140931221085], [-93.49753752582656, 47.49911431973423], [-93.49754033126518, 47.49908619097503], [-93.49754846101851, 47.49905701650526], [-93.49756052090122, 47.4990271198033], [-93.49757545898606, 47.498996739988165], [-93.49759248924721, 47.49896606519972], [-93.49761105383088, 47.49893524594984], [-93.49763077095307, 47.498904419399004], [-93.49767283187128, 47.498843305175946], [-93.49769505888636, 47.49881336951024], [-93.49771817972515, 47.498784171219505], [-93.49774239022037, 47.49875605017322], [-93.49776708400921, 47.49873027359626], [-93.49779307766028, 47.498706355358884], [-93.49782046370002, 47.498684881736956], [-93.49784943167299, 47.49866665324567], [-93.49788027173501, 47.4986527210541], [-93.49789437977654, 47.49864832642887], [-93.49790064462734, 47.49864676910129], [-93.49792990904434, 47.498642384793]]]}}, {"type": "Feature", "properties": {"code": "PSS3Dg", "type": "Freshwater Forested/Shrub Wetland", "acres": 0.59}, "geometry": {"type": "Polygon", "coordinates": [[[-93.49819437845389, 47.50600106372565], [-93.49837213169242, 47.505970130274825], [-93.49855031432566, 47.50598443614855], [-93.49872863619775, 47.50601382158427], [-93.49886288043382, 47.506088639226235], [-93.49886402398917, 47.50620927603222], [-93.4987760043627, 47.50631522084384], [-93.49864333038174, 47.50640627956798], [-93.49846571997536, 47.506452292201736], [-93.49828753734211, 47.506437985848684], [-93.49818563604954, 47.50642119517574], [-93.4981755479689, 47.50636307161353], [-93.49812975455066, 47.5062275486299], [-93.49810635792909, 47.506107007743886], [-93.49819437845389, 47.50600106372565]]]}}, {"type": "Feature", "properties": {"code": "PSS3Dg", "type": "Freshwater Forested/Shrub Wetland", "acres": 1.44}, "geometry": {"type": "Polygon", "coordinates": [[[-93.49756307481157, 47.50689868535189], [-93.4975584754373, 47.506905297795555], [-93.49747640984452, 47.507020274811204], [-93.4974716595533, 47.507026037703056], [-93.49746558604367, 47.50703091464916], [-93.49743910820068, 47.507048964867835], [-93.4974319522211, 47.50705311849255], [-93.49742348919281, 47.50705639770164], [-93.49734032136718, 47.50709017099492], [-93.49727189848862, 47.50711848054301], [-93.49718675886093, 47.50715597293674], [-93.49715879700108, 47.50710641714454], [-93.49706849475548, 47.50697108661925], [-93.49700059020483, 47.50685073798025], [-93.49693169032085, 47.50662483345419], [-93.49686350010595, 47.50647432638077], [-93.4969068725645, 47.50635349539487], [-93.49701729347922, 47.50626253549091], [-93.49712771349563, 47.50617157542929], [-93.49721573761369, 47.5060656321482], [-93.4973261576301, 47.50597467174542], [-93.49743657405324, 47.505883711791796], [-93.49756939176463, 47.50580773360667], [-93.49772460447605, 47.50574673907549], [-93.4979030700786, 47.505791204880936], [-93.49790421093901, 47.505911842370466], [-93.49783858721088, 47.50603276964428], [-93.49770591412826, 47.506123827038], [-93.49759563694398, 47.506229866686134], [-93.49750761372422, 47.5063358108494], [-93.4974864997218, 47.50645654539185], [-93.4974876396839, 47.506577181959074], [-93.49751117554433, 47.50671280234408], [-93.49753471409973, 47.50684842237868], [-93.49756307481157, 47.50689868535189]]]}}, {"type": "Feature", "properties": {"code": "PSS3Dg", "type": "Freshwater Forested/Shrub Wetland", "acres": 0.67}, "geometry": {"type": "Polygon", "coordinates": [[[-93.49775949773665, 47.51060413193367], [-93.49800215245781, 47.51061984303782], [-93.49799979078693, 47.510624001840895], [-93.49799056778392, 47.510639661363676], [-93.4978791308746, 47.5107441003342], [-93.4978177175502, 47.51079656821314], [-93.4977544707643, 47.5109471253897], [-93.49776772001643, 47.511062208230086], [-93.49780835351169, 47.51114305962067], [-93.49785098845338, 47.51119977505241], [-93.49809401238214, 47.51136227821067], [-93.49825730094796, 47.511416826661915], [-93.4983034761502, 47.511417078467744], [-93.49832943476697, 47.51141636188296], [-93.49831558274528, 47.51144188406601], [-93.4981689525381, 47.511542510990154], [-93.49802205103967, 47.51161457152772], [-93.49785379658695, 47.51165815559659], [-93.49772649093816, 47.51157300186332], [-93.49766216347898, 47.51145900563761], [-93.49761891858121, 47.511344918756826], [-93.49759662059921, 47.51121645679964], [-93.49759540517863, 47.5110879029065], [-93.49757310809497, 47.510959440926975], [-93.4975718935727, 47.5108308870111], [-93.4976129771239, 47.51071643470334], [-93.49775987862232, 47.5106443747529], [-93.49775949773665, 47.51060413193367]]]}}, {"type": "Feature", "properties": {"code": "L2ABH", "type": "Lake", "acres": 1.42}, "geometry": {"type": "Polygon", "coordinates": [[[-93.49776161326912, 47.510204461050655], [-93.49775172461447, 47.510200325271825], [-93.49760389605468, 47.51015753608184], [-93.49754101667976, 47.51010980891297], [-93.4974791829438, 47.51002727515806], [-93.4974665463427, 47.509953579601586], [-93.49739338125775, 47.50949071035638], [-93.49739259163862, 47.509397414914936], [-93.49740783964225, 47.50927296632659], [-93.49744798445398, 47.50918936695168], [-93.49758446100353, 47.50906237846124], [-93.49769855512943, 47.50897883760945], [-93.49776331288166, 47.508942310706594], [-93.49787950367545, 47.50890214485818], [-93.49802295654148, 47.50889030577526], [-93.49802854226591, 47.50889139132299], [-93.49812448862647, 47.50892346745795], [-93.49817351957299, 47.50894533433926], [-93.49821868956042, 47.50896686565695], [-93.49817897683835, 47.50907750447648], [-93.49802375514378, 47.50913849938466], [-93.49786853165257, 47.50919949482881], [-93.49778050663618, 47.509305439066004], [-93.4977817885321, 47.50944115616176], [-93.4977829293925, 47.50956179254394], [-93.49778421308505, 47.509697509583596], [-93.49778549677758, 47.509833225665524], [-93.49787566247929, 47.50995347644935], [-93.49805385768894, 47.50996778245096], [-93.49823190916813, 47.50996700941609], [-93.49841010347947, 47.5099813160208], [-93.498544357597, 47.51005613346857], [-93.49859001267468, 47.5101765766962], [-93.49860605928059, 47.51020501321593], [-93.49851753480092, 47.51017017946314], [-93.4984767782365, 47.51015483107618], [-93.49846101909147, 47.510151331194336], [-93.4984463684675, 47.51014989981054], [-93.49839250009316, 47.51014951693508], [-93.49837681371169, 47.5101518050861], [-93.49836368303717, 47.51015587958445], [-93.4981168259971, 47.51027273472719], [-93.49809237924495, 47.510288119486084], [-93.49808653031414, 47.51029540866256], [-93.49799641042652, 47.510305659501306], [-93.49799488778211, 47.51030422144724], [-93.49798113277848, 47.510296266034196], [-93.49776161326912, 47.510204461050655]]]}}, {"type": "Feature", "properties": {"code": "PEM1D", "type": "Freshwater Emergent Wetland", "acres": 0.96}, "geometry": {"type": "Polygon", "coordinates": [[[-93.48000129846791, 47.50990587469811], [-93.47998499045224, 47.509899062395526], [-93.479970934513, 47.50991128594844], [-93.4799364221381, 47.509934693634754], [-93.4798985141314, 47.5099557767445], [-93.47985838638768, 47.50997447642301], [-93.47981709352901, 47.509990521443285], [-93.47977563627865, 47.51000339786737], [-93.47973503871602, 47.510012318707425], [-93.47969641026047, 47.510016166281936], [-93.47966103190964, 47.51001344670636], [-93.47964154745114, 47.51000790136876], [-93.479623819199, 47.509999706840524], [-93.47960140263939, 47.50998416544843], [-93.47958290093781, 47.509965290414605], [-93.47956877403165, 47.509944098695385], [-93.47955975943778, 47.509921463442076], [-93.47955673031863, 47.50989343634427], [-93.4795624112645, 47.50986611552223], [-93.47957727928076, 47.509841176294536], [-93.4795871670371, 47.50983122996829], [-93.47961335382594, 47.50981318434712], [-93.47964181065751, 47.50979886070673], [-93.47970335244099, 47.50977167636097], [-93.47973262584117, 47.509756542657655], [-93.479758365269, 47.5097387737027], [-93.47978108995073, 47.50971500004021], [-93.47979901673055, 47.509687649393], [-93.47981392786595, 47.50965781153483], [-93.4798412429388, 47.50959435794234], [-93.47985688260789, 47.5095624108553], [-93.47987616853872, 47.509531427319935], [-93.47989982028184, 47.50950295645541], [-93.47992789173617, 47.509476438204594], [-93.4799597262332, 47.509452196593045], [-93.47999491234455, 47.50943073161388], [-93.4800332596274, 47.5094127550284], [-93.48007478604805, 47.50939922434588], [-93.4801204923297, 47.50939079489703], [-93.48016862316432, 47.5093869788295], [-93.48021819309999, 47.50938675249885], [-93.48026827956699, 47.50938937744851], [-93.48031796628365, 47.50939435854195], [-93.48036625342513, 47.50940141969162], [-93.48041199204613, 47.50941047958762], [-93.48045379335124, 47.5094216480568], [-93.48048992179535, 47.50943521999483], [-93.48051819716724, 47.50945168325399], [-93.48052946473584, 47.50946223400871], [-93.48053235641274, 47.5094658789578], [-93.48054073589772, 47.50948324024672], [-93.48054092544224, 47.50948618921387], [-93.4806517065814, 47.50956032655747], [-93.48052599903548, 47.50964655938005], [-93.48042150071342, 47.509746986475086], [-93.4804226739132, 47.50987554122566], [-93.48044492967433, 47.51000400646506], [-93.48034043314891, 47.51010443469649], [-93.48015095599762, 47.51013379658852], [-93.4800866680643, 47.51001979116888], [-93.48000129846791, 47.50990587469811]]]}}, {"type": "Feature", "properties": {"code": "PUBHb", "type": "Freshwater Pond", "acres": 0.58}, "geometry": {"type": "Polygon", "coordinates": [[[-93.47983807008922, 47.508797304167146], [-93.48033289538536, 47.508729195439145], [-93.48033577358754, 47.50874345687187], [-93.480366674735, 47.50876016609864], [-93.48079096521336, 47.5088563006327], [-93.48082818511054, 47.50887486842265], [-93.48083739553714, 47.508876796802504], [-93.48089053447944, 47.508889658936894], [-93.48094154980444, 47.508904021659966], [-93.48094564073224, 47.50890533778761], [-93.48086313496498, 47.50909109895461], [-93.4807757630238, 47.50927242871434], [-93.48075653278852, 47.50932595265721], [-93.48073954474818, 47.509291197203076], [-93.48066864162112, 47.509222453810644], [-93.48056262514623, 47.50915623820351], [-93.48048131413829, 47.50910182150274], [-93.48039659671879, 47.509059323889126], [-93.48029782425837, 47.50901688449279], [-93.48016885403133, 47.50895687547617], [-93.48009036822496, 47.50894326457989], [-93.47999917844385, 47.50890829346191], [-93.47989421479447, 47.508871484352404], [-93.47984090157898, 47.508805046823696], [-93.47983807008922, 47.508797304167146]]]}}, {"type": "Feature", "properties": {"code": "PUBH", "type": "Freshwater Pond", "acres": 0.51}, "geometry": {"type": "Polygon", "coordinates": [[[-93.47957635940591, 47.51266013505203], [-93.47962777987108, 47.512745693540936], [-93.47969702740308, 47.51301684868986], [-93.47956471723982, 47.5131531247045], [-93.47950942413745, 47.51317686040511], [-93.47949118654056, 47.51317661710214], [-93.4794619715309, 47.51317895548065], [-93.47942117633889, 47.51318601551438], [-93.479365593979, 47.51319842093063], [-93.4793273841384, 47.51320484570461], [-93.47928777292594, 47.51320832171995], [-93.47924879951734, 47.51320784300187], [-93.47923940852937, 47.51320709792476], [-93.47920279499499, 47.51320179562076], [-93.47916755767967, 47.51319303550234], [-93.4791344924907, 47.51318110637619], [-93.47910452469283, 47.51316614050979], [-93.479072497058, 47.51314288109603], [-93.47905203972402, 47.51312029576166], [-93.47903792719092, 47.51309542846232], [-93.4790354226879, 47.51308876219178], [-93.47903046758078, 47.51306612465423], [-93.47902999506695, 47.513060188290595], [-93.47903226151641, 47.51302961455107], [-93.47903402580762, 47.51302383290263], [-93.47904168933532, 47.512998724073995], [-93.47905786529866, 47.51296820247855], [-93.47906196970118, 47.51296211138433], [-93.4790871970893, 47.51293138286807], [-93.47911799133725, 47.51290178773132], [-93.47915307504067, 47.51287328714441], [-93.479198133637, 47.51284142821103], [-93.47923926210397, 47.51281519499691], [-93.47928210814977, 47.512789813639884], [-93.47932625765102, 47.51276529688287], [-93.47935977289595, 47.512747840207076], [-93.4793714590795, 47.512741755154714], [-93.47941760553564, 47.51271940809883], [-93.47946471498575, 47.512698610056525], [-93.47951290960076, 47.51267986948315], [-93.47956242473921, 47.51266389142044], [-93.47957478825246, 47.512660498493275], [-93.47957635940591, 47.51266013505203]]]}}, {"type": "Feature", "properties": {"code": "PSS3/EM1Dg", "type": "Freshwater Forested/Shrub Wetland", "acres": 2.51}, "geometry": {"type": "Polygon", "coordinates": [[[-93.48033289538536, 47.508729195439145], [-93.47983807008922, 47.508797304167146], [-93.47981567958077, 47.508736111655], [-93.47977644296577, 47.508671996150895], [-93.47974085261252, 47.508622149922424], [-93.47968435397105, 47.508591437068795], [-93.47956137910023, 47.508591951023064], [-93.47939668287437, 47.50858646560788], [-93.47918432383612, 47.508615579563816], [-93.47913426611524, 47.50862129313024], [-93.47908575259832, 47.50862510257874], [-93.47903705762172, 47.50862718387973], [-93.47898831144114, 47.5086275655527], [-93.47893966407526, 47.50862616810776], [-93.47889127452584, 47.508622801618465], [-93.47883663719362, 47.508616302254744], [-93.47878276971761, 47.508607046834136], [-93.47872994698227, 47.508595027466946], [-93.47866843663984, 47.50857697899357], [-93.47862020609222, 47.508560178082526], [-93.47857288374138, 47.50854188748626], [-93.47852644263781, 47.50852248827006], [-93.47848097261308, 47.50850226198555], [-93.47843670633083, 47.50848141433518], [-93.47839404264303, 47.50846008912866], [-93.47835357264117, 47.508438376778024], [-93.47831614792811, 47.508416337355506], [-93.47828566359894, 47.50839600423395], [-93.47825975708446, 47.508375492706456], [-93.47823984682452, 47.508354864666046], [-93.47822775100923, 47.508334187466986], [-93.4782255168991, 47.50832546537102], [-93.47822802769032, 47.50830461279605], [-93.47823245997793, 47.50829626569576], [-93.47824883177398, 47.508278820882964], [-93.4782726595869, 47.508262864538594], [-93.4783094240382, 47.50824534143779], [-93.47835253778194, 47.50822965510836], [-93.47840022574714, 47.50821565445916], [-93.47845119795298, 47.5082033334236], [-93.47850453901623, 47.50819283581412], [-93.47855962730272, 47.508184464424104], [-93.4786124805808, 47.50817876840727], [-93.47866603274814, 47.508174747153724], [-93.47871988944435, 47.508171905516235], [-93.47888876373462, 47.50816627199828], [-93.47894472248862, 47.508163851478564], [-93.478999351736, 47.508159141507385], [-93.47904338176131, 47.508152369633564], [-93.47908614067052, 47.50814292723714], [-93.47913142384569, 47.50812975666587], [-93.47917507927355, 47.50811432151673], [-93.47921722283678, 47.50809731900025], [-93.47925789226464, 47.50807935530766], [-93.47933174366247, 47.50804521917767], [-93.479374851118, 47.50802860135009], [-93.47942060051881, 47.50801648294193], [-93.47946939341176, 47.50800804113497], [-93.47952050216153, 47.50800239971102], [-93.47957334825307, 47.507998891797236], [-93.47962747983378, 47.50799703316714], [-93.47968255374721, 47.50799648826023], [-93.47973829690554, 47.507997053798356], [-93.47979449550974, 47.50799864725659], [-93.47985098426973, 47.50800129776131], [-93.47990894536849, 47.50800517521643], [-93.47996695946786, 47.508010135810046], [-93.48002493224473, 47.508016127356974], [-93.480082752308, 47.50802320871645], [-93.48014027323225, 47.508031560714564], [-93.48019038575038, 47.50804009414457], [-93.4802401101963, 47.50804965852632], [-93.4802893863829, 47.508060153130444], [-93.4803380993258, 47.50807154943686], [-93.48038606037883, 47.508083889314136], [-93.48043806924052, 47.508098728595236], [-93.480488578814, 47.50811464372713], [-93.4805371570096, 47.50813151152864], [-93.48058313098923, 47.508149308940496], [-93.48062552518243, 47.508168098462036], [-93.48066298223485, 47.508188044534535], [-93.48069367317652, 47.508209410507014], [-93.48071517075958, 47.50823256955843], [-93.48071805435164, 47.50823736750874], [-93.48072132960917, 47.50824438937223], [-93.48072505851592, 47.50826377716205], [-93.4807248815478, 47.508268525958854], [-93.48071855830652, 47.508291742023175], [-93.48070433078904, 47.508314959290786], [-93.48068341980586, 47.50833770385357], [-93.48067797332031, 47.50834263104191], [-93.48064427841231, 47.508368413821685], [-93.4806049941866, 47.50839315229292], [-93.48056204573287, 47.5084171996122], [-93.48052694226652, 47.50843542896561], [-93.48044537164546, 47.508477785094385], [-93.48041032028141, 47.50849674986202], [-93.48037656338964, 47.50851637966963], [-93.4803359128264, 47.50854257073659], [-93.48026055675048, 47.50859492855959], [-93.48023824798871, 47.50860952619237], [-93.48028220075894, 47.50864845197975], [-93.48032473329269, 47.50868874666232], [-93.48033289538536, 47.508729195439145]]]}}, {"type": "Feature", "properties": {"code": "PSS3/EM1Dg", "type": "Freshwater Forested/Shrub Wetland", "acres": 5.27}, "geometry": {"type": "Polygon", "coordinates": [[[-93.48075653278852, 47.50932595265721], [-93.4807757630238, 47.50927242871434], [-93.48086313496498, 47.50909109895461], [-93.48094564073224, 47.50890533778761], [-93.48099128413183, 47.508920023925405], [-93.48103952006933, 47.508937606873126], [-93.48108591356217, 47.5089568603064], [-93.4811299894016, 47.508978028152626], [-93.48117432126085, 47.509003265117066], [-93.48121525569172, 47.50903084184626], [-93.48125255823389, 47.509060622416044], [-93.48128921309076, 47.50909595689843], [-93.48131743366541, 47.50912771009742], [-93.48134350996146, 47.50916051180532], [-93.4813678911366, 47.509194076223615], [-93.48139085656683, 47.50922819947072], [-93.48141253920284, 47.50926274259147], [-93.48143292826484, 47.50929762184865], [-93.48145187642915, 47.509332800227725], [-93.4814690890483, 47.509368280155215], [-93.48148411516806, 47.50940409925115], [-93.48149631788287, 47.509440335789954], [-93.48150549597013, 47.50947856862126], [-93.4815117823805, 47.50951721767788], [-93.48151604039494, 47.50955615614128], [-93.48151896261456, 47.50959529117318], [-93.48152530741541, 47.50971309414201], [-93.48152833204297, 47.50975225393489], [-93.48153276253396, 47.50979121588832], [-93.48153932652373, 47.50982986107402], [-93.4815464016549, 47.509859712183555], [-93.4815552347891, 47.509889227727484], [-93.48156582951957, 47.50991834096077], [-93.48157828106773, 47.5099469523725], [-93.48159533648169, 47.50997968742965], [-93.48161478860085, 47.51001150441233], [-93.48163640386323, 47.51004227043814], [-93.48166012387831, 47.51007176160837], [-93.48168606991865, 47.5100996490524], [-93.48171454561485, 47.51012548375857], [-93.48174604683692, 47.51014866684238], [-93.48178129493202, 47.51016843255661], [-93.48181808184123, 47.510183315542974], [-93.4818578879881, 47.51019564278824], [-93.48199252658456, 47.5102295979143], [-93.4820422339625, 47.51024314173175], [-93.48209162962503, 47.510257962199134], [-93.48214016739647, 47.51027437665827], [-93.48218379677319, 47.51029120432539], [-93.48222619006808, 47.51030954467431], [-93.48226725834792, 47.5103292799893], [-93.48230683093281, 47.51035038539112], [-93.48235039113925, 47.51037646511021], [-93.4823915833866, 47.510404241959684], [-93.48243018938425, 47.51043364858513], [-93.4824657500931, 47.510464775999615], [-93.48249789450891, 47.51049773099187], [-93.48252729007993, 47.510532119157176], [-93.48255472193377, 47.51056754063071], [-93.48258076499218, 47.5106036962725], [-93.4826058333785, 47.51064036461009], [-93.48263020467216, 47.510677385455175], [-93.48267734646164, 47.51075204111695], [-93.48272204932512, 47.5108270152256], [-93.48274288574814, 47.51086447099126], [-93.48276206837272, 47.510901818725685], [-93.48277883273255, 47.51093896984115], [-93.48279211881561, 47.510975810266046], [-93.4828004821309, 47.51101217860137], [-93.48280199579213, 47.511047857626124], [-93.48280142536194, 47.511053641312586], [-93.4827947814221, 47.511081444501315], [-93.48279157713148, 47.51108941193061], [-93.48277267747622, 47.5111214296864], [-93.48274641972047, 47.51115206157347], [-93.48271467954653, 47.5111814859828], [-93.48267884485153, 47.51120975388458], [-93.48263991815533, 47.511236782760875], [-93.4826027243093, 47.5112599865905], [-93.4825641982617, 47.51128191802867], [-93.48252484217079, 47.51130237805906], [-93.48248508812621, 47.511321040245285], [-93.4824453268951, 47.51133742221355], [-93.48240594834631, 47.51135086259562], [-93.48239496644196, 47.511354013509475], [-93.48235589871025, 47.511362944434936], [-93.4823196193492, 47.51136776758306], [-93.48228786749715, 47.51136815651727], [-93.4822653233768, 47.51136443949566], [-93.4822586641656, 47.51136209800243], [-93.48225143901576, 47.511358304528436], [-93.4822420615025, 47.51134915820176], [-93.48223917970708, 47.51134316157446], [-93.48223745404341, 47.51133199594122], [-93.48223753668843, 47.51132100505306], [-93.48223632036952, 47.51131090306936], [-93.48223334604762, 47.51130516309815], [-93.48222907276181, 47.5113011523991], [-93.48221324803977, 47.51129467703078], [-93.48219052605297, 47.51129226818385], [-93.48217974626958, 47.51129265893885], [-93.48215553038445, 47.51129590754498], [-93.48209438924958, 47.51130953239341], [-93.48205350871764, 47.511317210362556], [-93.48202103462012, 47.51132170464981], [-93.48198688426628, 47.51132485071132], [-93.4819444918697, 47.51132641069664], [-93.48189962281789, 47.51132545929374], [-93.48185405308016, 47.51132212756301], [-93.48180830547601, 47.511316571442016], [-93.48176286779061, 47.51130881823425], [-93.4817182224193, 47.5112987751041], [-93.48166313053956, 47.511282779631564], [-93.48157278337818, 47.51125246819162], [-93.48152734838774, 47.5112381686078], [-93.48147851507056, 47.51122527853113], [-93.48142898825401, 47.51121519837244], [-93.48137913175576, 47.5112084705799], [-93.4813293004103, 47.5112058414739], [-93.48128368935006, 47.51120740874391], [-93.48119249417904, 47.51121596046723], [-93.48113595691002, 47.51121980370614], [-93.48109692421261, 47.51121993476701], [-93.48105798224503, 47.51121764484224], [-93.48100797662644, 47.511210811473205], [-93.48095949544889, 47.511199947373285], [-93.48091335438261, 47.51118528371696], [-93.48087059816835, 47.51116674526226], [-93.48086337571347, 47.51116298332586], [-93.48082824170439, 47.51114148446083], [-93.48079696955271, 47.51111723755069], [-93.48076963471694, 47.51109083358056], [-93.48074663425241, 47.51106269485572], [-93.48072869130293, 47.51103309684481], [-93.48071690360976, 47.51100218759635], [-93.48071204102914, 47.51096762134978], [-93.4807136858444, 47.51093199202532], [-93.48071998303456, 47.510895604217914], [-93.48072948271869, 47.51085867393511], [-93.48074104313808, 47.51082135590161], [-93.48077979286617, 47.510707900494964], [-93.48083849777001, 47.51051916640963], [-93.48085147213764, 47.51048252893271], [-93.48086602574355, 47.510446784599026], [-93.48088292215574, 47.5104122962603], [-93.48090313335132, 47.510379532954666], [-93.48092286125326, 47.510354664356655], [-93.48093368595244, 47.51034344815092], [-93.48096598487847, 47.51031668458142], [-93.48100761730032, 47.510290657015204], [-93.48104522976128, 47.51027095930566], [-93.48112389972229, 47.5102328593285], [-93.48116253895759, 47.510212888548516], [-93.48119885964117, 47.51019172787487], [-93.4812331393524, 47.51016936759759], [-93.48123776208286, 47.51016603457995], [-93.4811824986249, 47.51008450148779], [-93.48112176622348, 47.509975242783234], [-93.4810646980501, 47.50988263325629], [-93.48098271061076, 47.50975441892683], [-93.48092904884895, 47.50964989182389], [-93.48088629892288, 47.509585791392], [-93.48082912385, 47.509481280336374], [-93.48078251206654, 47.50937910397973], [-93.48075653278852, 47.50932595265721]]]}}, {"type": "Feature", "properties": {"code": "PSS3Dg", "type": "Freshwater Forested/Shrub Wetland", "acres": 2.47}, "geometry": {"type": "Polygon", "coordinates": [[[-93.47870704712905, 47.515190080787946], [-93.47875927877294, 47.51514708149482], [-93.47886961255108, 47.51504105925547], [-93.47897980888698, 47.514919956765546], [-93.47909000342625, 47.514798855209555], [-93.4791556810533, 47.51467793842471], [-93.47917684086983, 47.514557207625714], [-93.47924251849686, 47.514436291497475], [-93.47942017471735, 47.51439030831187], [-93.47959865379462, 47.51443480319832], [-93.47977727031416, 47.51449437638989], [-93.47993362927588, 47.51455404294949], [-93.48006786991867, 47.51462888300115], [-93.4801357448249, 47.5147492411076], [-93.48022574343997, 47.514854426054434], [-93.48031587680231, 47.51497469020877], [-93.48036149504908, 47.51509514035003], [-93.48040711419414, 47.51521559203495], [-93.48031904246538, 47.51532152170083], [-93.48014110956377, 47.515337347882124], [-93.47996276433548, 47.515307934296935], [-93.47978441910718, 47.51527851887508], [-93.47960676019174, 47.51532450310254], [-93.47947389486964, 47.515400459624324], [-93.47934102775092, 47.515476417249594], [-93.47916336883551, 47.51552240069691], [-93.47898557157953, 47.515553303036114], [-93.47888449404206, 47.51557946510946], [-93.47888001953363, 47.51557727366246], [-93.47885095184768, 47.51556099494551], [-93.47884374376584, 47.515556885070744], [-93.47883745555886, 47.51555214360717], [-93.47881263151429, 47.51553295447817], [-93.47880693350044, 47.51552781015473], [-93.47880270692703, 47.51552165504594], [-93.47879975236805, 47.51551462687553], [-93.47879773475192, 47.51550695801448], [-93.47879639177059, 47.51549882622965], [-93.47879552759127, 47.51549036378448], [-93.47879500028021, 47.51548167200004], [-93.47879456190235, 47.515463864333626], [-93.4787950065684, 47.515382076764325], [-93.47879467958165, 47.5153551392102], [-93.47879373455397, 47.51533768036234], [-93.47879282905215, 47.51532924580008], [-93.47879148068093, 47.5153211170213], [-93.47878951696372, 47.51531341051558], [-93.47878671511835, 47.51530627856884], [-93.47874552736256, 47.51522588256273], [-93.4787410744137, 47.51521988273813], [-93.4787352272795, 47.51521484031243], [-93.478710582898, 47.51519552789646], [-93.47870704712905, 47.515190080787946]]]}}, {"type": "Feature", "properties": {"code": "PEM1D", "type": "Freshwater Emergent Wetland", "acres": 0.53}, "geometry": {"type": "Polygon", "coordinates": [[[-93.47887987759984, 47.510289820273776], [-93.47891915284237, 47.510287056417894], [-93.47895811996275, 47.51028784097677], [-93.47899783268484, 47.510291471912744], [-93.47903779873182, 47.51029756938469], [-93.47907756714946, 47.51030595014603], [-93.47912164748045, 47.51031796366045], [-93.47916483937763, 47.51033215366898], [-93.47920699282233, 47.51034803475108], [-93.47924784370987, 47.51036531383384], [-93.47928697612028, 47.51038387380868], [-93.47932377111432, 47.5104037565415], [-93.47935734654638, 47.51042515741161], [-93.47938648430093, 47.51044842470433], [-93.47939218321311, 47.51045387715925], [-93.47941337896224, 47.51047881366872], [-93.4794285290495, 47.510505446699625], [-93.4794313030471, 47.510512324454844], [-93.47943810419211, 47.51053893562497], [-93.47943945346168, 47.51056612442753], [-93.47943567694419, 47.51059373128088], [-93.47942755527572, 47.51062111118765], [-93.47941575051458, 47.51064788916437], [-93.47940059773236, 47.510673627731066], [-93.47938212837012, 47.51069779050523], [-93.47936007742484, 47.51071969730085], [-93.47933721530086, 47.510736647392484], [-93.47931156660286, 47.51075081847799], [-93.47928344304627, 47.51076172696498], [-93.47927259139763, 47.51076477415679], [-93.47923487383379, 47.51077109183068], [-93.47919543419957, 47.510771963757016], [-93.47917163333612, 47.51077002452491], [-93.4791396407356, 47.51076522195197], [-93.4791010679756, 47.510756690178596], [-93.47906044705678, 47.51074463125689], [-93.47902023487138, 47.51073008882716], [-93.47898069103259, 47.51071358228162], [-93.47894214432374, 47.5106954168235], [-93.47890502773284, 47.51067570531019], [-93.478863295598, 47.51064997402573], [-93.47884361979833, 47.51063593397534], [-93.47882512887652, 47.51062122526044], [-93.47880495181691, 47.510603051882335], [-93.47878647526815, 47.5105841412716], [-93.47876964533131, 47.51056464876075], [-93.47875007463453, 47.51053834462987], [-93.47873369385533, 47.5105115229097], [-93.47872107791548, 47.51048441113892], [-93.47871313052015, 47.510457224114376], [-93.4787119995412, 47.51045033360973], [-93.4787111694979, 47.51042575447572], [-93.47871548320789, 47.51040182882449], [-93.47871788530296, 47.510394678006996], [-93.47873112287698, 47.51036928698451], [-93.4787506199119, 47.510346170136486], [-93.47877579519775, 47.510326087753285], [-93.47879947119537, 47.510312571262034], [-93.47882596071648, 47.510301686952644], [-93.47883375090662, 47.51029920767434], [-93.47884293348544, 47.51029666407793], [-93.47887987759984, 47.510289820273776]]]}}, {"type": "Feature", "properties": {"code": "PUBHb", "type": "Freshwater Pond", "acres": 0.14}, "geometry": {"type": "Polygon", "coordinates": [[[-93.49802974421178, 47.49988015200463], [-93.49798362111181, 47.499831598003034], [-93.49795217917855, 47.49977581461662], [-93.49795143267855, 47.4997656114868], [-93.49798007456306, 47.4996953371638], [-93.49798459039401, 47.4996924167776], [-93.4980409542882, 47.499656104929784], [-93.49804664152225, 47.49965323491384], [-93.49806748423347, 47.49965008390446], [-93.49807380388151, 47.49965147491247], [-93.49832174428983, 47.49982268635674], [-93.4983244940329, 47.49982949268438], [-93.49833449857023, 47.49986097777962], [-93.49835230138252, 47.49991701475722], [-93.49835678217916, 47.49993221016619], [-93.4983564794469, 47.49993854613701], [-93.49835195193788, 47.4999428004618], [-93.49834417073089, 47.49994450522611], [-93.49830563749678, 47.49993911965156], [-93.49829932503528, 47.499936821951906], [-93.4982373197211, 47.49990915001769], [-93.49815380963733, 47.49991819031084], [-93.49807386047537, 47.499918703136224], [-93.4980667458183, 47.49991763682354], [-93.49806108912696, 47.4999131494494], [-93.49802974421178, 47.49988015200463]]]}}, {"type": "Feature", "properties": {"code": "PUBH", "type": "Freshwater Pond", "acres": 1.93}, "geometry": {"type": "Polygon", "coordinates": [[[-93.4892361475736, 47.49853432215969], [-93.48914501169142, 47.49863454110432], [-93.48906542095725, 47.49872205970699], [-93.48906102909382, 47.49871939477487], [-93.48904843201859, 47.498714870883816], [-93.48874638069083, 47.49866213117084], [-93.48872074277261, 47.498659559092665], [-93.48865704503245, 47.498654436177695], [-93.48863129033325, 47.498652965031326], [-93.48853532331144, 47.49866313135596], [-93.48851994684873, 47.49866695245153], [-93.48850520639324, 47.49867390155243], [-93.48849402057131, 47.498682208913145], [-93.4883641044183, 47.498814617917326], [-93.48835916188762, 47.498824406107865], [-93.48833610932077, 47.49891947672664], [-93.48833676598925, 47.49893447275248], [-93.48834932892849, 47.49905315113412], [-93.48840499034013, 47.499143920217975], [-93.48841303655014, 47.49915148222762], [-93.48842383340153, 47.49915779401654], [-93.48843599209891, 47.49916202776991], [-93.48844827925537, 47.49916422111622], [-93.48846372758331, 47.4991648480467], [-93.4884927081327, 47.49916247080892], [-93.48862801866898, 47.49914831237413], [-93.48864601192413, 47.49916844758625], [-93.4886577178706, 47.49918064268613], [-93.48867031853908, 47.499190152847156], [-93.48868388759146, 47.49919716499663], [-93.48869930807162, 47.499201976517774], [-93.48871672460835, 47.49920396897777], [-93.48873509066432, 47.49920233641078], [-93.48874991466315, 47.499197892065574], [-93.48876233836354, 47.49919097823437], [-93.48881566685039, 47.499240907460944], [-93.48885589520543, 47.499278569951464], [-93.48898315504016, 47.49936373331412], [-93.48906852643317, 47.49947764414059], [-93.48898527775917, 47.49959227450066], [-93.48894736526091, 47.49959529260293], [-93.48879571167465, 47.49960736683104], [-93.488709774343, 47.49961420899353], [-93.48860614559013, 47.499622459763955], [-93.48848257154303, 47.499643954850725], [-93.48846441389618, 47.49958637727512], [-93.48837361757714, 47.499493439292834], [-93.48825482346567, 47.49941204802299], [-93.48814872165083, 47.49933536496274], [-93.48807414531258, 47.499261610697445], [-93.48793245673775, 47.49920106980585], [-93.48784048362572, 47.499160647673186], [-93.48775000441196, 47.49911864998873], [-93.48770827137882, 47.499097988572224], [-93.48766749684808, 47.49907671478177], [-93.48762797546715, 47.49905475760888], [-93.4875901105796, 47.49903200659611], [-93.48755252596644, 47.49900710773855], [-93.48751757251874, 47.498981434458685], [-93.48748567693626, 47.49895522223456], [-93.48745755787122, 47.498928673164855], [-93.48743428342053, 47.49890197478293], [-93.48741733760102, 47.4988753085534], [-93.48740870389283, 47.49884887232787], [-93.48740812178451, 47.498842081045744], [-93.48741129643072, 47.49882086602155], [-93.4874159973146, 47.49881024879575], [-93.48743207715819, 47.49878904711064], [-93.48745515847109, 47.498769169688565], [-93.48748379047416, 47.49875053702616], [-93.4875154372233, 47.49873377120515], [-93.48755025682203, 47.498717978252], [-93.4875875422962, 47.498703044068954], [-93.48762675286004, 47.49868890553826], [-93.48767793437335, 47.498672235589034], [-93.48773073015923, 47.49865645657628], [-93.48783907057576, 47.498626649468726], [-93.48794900190866, 47.49859831834742], [-93.48805931861881, 47.498571199816105], [-93.48816969102451, 47.498545865585676], [-93.48822495178753, 47.49853432155278], [-93.48828034999276, 47.498523933074104], [-93.48833598445496, 47.49851514137407], [-93.48839198632808, 47.498508533335695], [-93.4884334938841, 47.49850558982091], [-93.48844987196836, 47.49848806649736], [-93.48848203974038, 47.498471741209634], [-93.48849178735952, 47.49846217629654], [-93.48854217027055, 47.498440059249056], [-93.48855188195708, 47.49842668535563], [-93.48856439548899, 47.498412348290486], [-93.48861048265633, 47.498381678015896], [-93.48864286332906, 47.49838820656482], [-93.48865143505348, 47.49840340605775], [-93.4886699142972, 47.49842618283315], [-93.4886715411462, 47.49844998285055], [-93.48866902137182, 47.498481419613285], [-93.48866939057939, 47.49850532035274], [-93.4886722292557, 47.498524258984816], [-93.48867660405114, 47.49854138173577], [-93.48868377979362, 47.49855753949475], [-93.48870647483096, 47.49858029738913], [-93.48871782145132, 47.498591676939526], [-93.48873480679669, 47.49860493669198], [-93.48876025067882, 47.49862101735396], [-93.48879548619752, 47.49863229432792], [-93.48881097584795, 47.49863603713448], [-93.48883908053993, 47.49863591757346], [-93.48886849946717, 47.49862627015067], [-93.48887822193349, 47.49861384915185], [-93.48891589637819, 47.49858511867734], [-93.48894228349135, 47.498551676746885], [-93.48895484104071, 47.498542099710136], [-93.48897269236203, 47.49851984796224], [-93.48899938220744, 47.49849619970414], [-93.48902313635851, 47.49848181349826], [-93.48904272142832, 47.49847220853085], [-93.48907638220032, 47.49846539838582], [-93.48912551914806, 47.49846042778656], [-93.48915508899226, 47.49846696725004], [-93.48916500279974, 47.49847549495204], [-93.4891821390621, 47.49850494406837], [-93.48919638634253, 47.49852583270261], [-93.48922057617648, 47.498533466416646], [-93.4892361475736, 47.49853432215969]]]}}, {"type": "Feature", "properties": {"code": "PSS3/EM1Dg", "type": "Freshwater Forested/Shrub Wetland", "acres": 4.48}, "geometry": {"type": "Polygon", "coordinates": [[[-93.48894736526091, 47.49959529260293], [-93.48898527775917, 47.49959227450066], [-93.48906852643317, 47.49947764414059], [-93.48898315504016, 47.49936373331412], [-93.48885589520543, 47.499278569951464], [-93.48881566685039, 47.499240907460944], [-93.4888553643011, 47.49922143501361], [-93.48900224334163, 47.49914938659217], [-93.48914912417878, 47.49907733867878], [-93.48933895346967, 47.49909081375932], [-93.48950717558304, 47.499047241103106], [-93.48969687192329, 47.499046432100045], [-93.48988643710948, 47.499031337180796], [-93.49005545513019, 47.49907346966769], [-93.49022447404921, 47.49911560030009], [-93.49041403833711, 47.49910050479381], [-93.4906036035233, 47.4990854098901], [-93.49079316601456, 47.49907031498207], [-93.49096112042996, 47.49899817288994], [-93.49112934164502, 47.498954599549926], [-93.49121471663129, 47.49906850944336], [-93.4912369930537, 47.49919697321551], [-93.49128021369697, 47.49931106283271], [-93.49132343523857, 47.499425152201944], [-93.4913671894811, 47.49959637712909], [-93.49145403321289, 47.49986740722078], [-93.49151886642358, 47.50003854270621], [-93.49156248771544, 47.50019548306791], [-93.49158489978348, 47.500338230860855], [-93.49148057663288, 47.50045295401648], [-93.49129074105379, 47.50043948231994], [-93.49114252891339, 47.50036869425728], [-93.49101526189213, 47.500283533738504], [-93.49088799397256, 47.50019837247472], [-93.49078167386712, 47.50009883805466], [-93.49065414184287, 47.499985108216336], [-93.49052674366757, 47.49988566199855], [-93.49039934459398, 47.49978621680619], [-93.4902508701455, 47.49968686124616], [-93.49008184942986, 47.49964473107217], [-93.48995618140984, 47.49973097411602], [-93.48991508797715, 47.49984542428211], [-93.48976834009063, 47.499931757423404], [-93.48957850630818, 47.49991828377251], [-93.48940948738915, 47.499876151963505], [-93.48926114678964, 47.499791079252525], [-93.48913388425999, 47.49970591536928], [-93.48898554276217, 47.499620842382456], [-93.48894736526091, 47.49959529260293]]]}}, {"type": "Feature", "properties": {"code": "L1UBH", "type": "Lake", "acres": 13.3}, "geometry": {"type": "Polygon", "coordinates": [[[-93.47792860303645, 47.50296714307374], [-93.47773876116915, 47.50295365017546], [-93.47754917891496, 47.502968724547515], [-93.47738080588461, 47.50299799333404], [-93.47719148324354, 47.50304163492756], [-93.47698082022457, 47.50305679544816], [-93.47676990028745, 47.503043388746704], [-93.47655898035029, 47.50302998082814], [-93.47638970002154, 47.50295926240596], [-93.47624150135586, 47.50288845589388], [-93.47609330179185, 47.50281764989317], [-93.4759451040245, 47.50274684319008], [-93.4757969053588, 47.50267603578461], [-93.47566965720218, 47.50259085837522], [-93.47545719216275, 47.50240604275996], [-93.47530770621128, 47.50219239725348], [-93.47521698265578, 47.502011659007216], [-93.4753463813792, 47.50180655908348], [-93.47540858522103, 47.50169202701651], [-93.47559803452458, 47.50166267253954], [-93.47578761318552, 47.501647601433675], [-93.47597719184644, 47.50163253032353], [-93.47620879639132, 47.501602999819646], [-93.47641932286635, 47.50157355668916], [-93.47662997959712, 47.50155839756085], [-93.47684063453123, 47.50154323782131], [-93.47705141882275, 47.50154236088667], [-93.47724112684108, 47.501541571342074], [-93.4774307037054, 47.501526498380834], [-93.47757902993183, 47.5016115858791], [-93.4776643806636, 47.501725505179735], [-93.47770757435742, 47.50183960083287], [-93.47770874126897, 47.50196815492392], [-93.47766775024425, 47.50209688469212], [-93.47768999432732, 47.50222535137115], [-93.47779642582385, 47.502339182558096], [-93.47796531628379, 47.50236704740855], [-93.4780910112533, 47.50228081779795], [-93.47819549699894, 47.502180390982204], [-93.47832106081441, 47.50207987779895], [-93.47849007883511, 47.50212202483176], [-93.47855435598863, 47.50223603162739], [-93.47868173709593, 47.50233549159915], [-93.47885062665755, 47.502363354024105], [-93.47901886763555, 47.502319799255474], [-93.47916563887823, 47.50223347853719], [-93.47931254037664, 47.502161442745326], [-93.4794805208432, 47.50208931885864], [-93.47962729118758, 47.502002999581975], [-93.47981686805187, 47.5019879225051], [-93.47998588966584, 47.50203006839803], [-93.4801340919248, 47.5021008693923], [-93.48030415288953, 47.50225728532482], [-93.48043192925554, 47.502399593603094], [-93.48056009818534, 47.50258475272563], [-93.48062463854525, 47.502727325921576], [-93.48068904864944, 47.50285561506843], [-93.4808820211455, 47.50321191532264], [-93.48098885149403, 47.5033685949606], [-93.48105326339486, 47.50349688375402], [-93.48113862490641, 47.50361080017734], [-93.48109750991416, 47.503725247347155], [-93.48092926713957, 47.50376880701824], [-93.48073955283301, 47.50376960259785], [-93.48057065698319, 47.50374174152612], [-93.48040149972361, 47.50368531296441], [-93.4802110047811, 47.50360040481407], [-93.47995714178012, 47.50350147580734], [-93.47974569812519, 47.503430939469474], [-93.47953412421451, 47.503346118294765], [-93.47934389158006, 47.503289776694885], [-93.47906934217471, 47.503233786403975], [-93.47883695160397, 47.50317761945821], [-93.4786256408997, 47.503121363851186], [-93.47845674684649, 47.50309349940112], [-93.47826651690697, 47.50303715631642], [-93.47809749529301, 47.50299500759087], [-93.47792860303645, 47.50296714307374]]]}}, {"type": "Feature", "properties": {"code": "PSS3/EM1Dg", "type": "Freshwater Forested/Shrub Wetland", "acres": 4.51}, "geometry": {"type": "Polygon", "coordinates": [[[-93.47984893251764, 47.49763665218411], [-93.47983374739606, 47.497486867068126], [-93.4797950407871, 47.49728703759992], [-93.47975678782737, 47.49713720293255], [-93.47973403978942, 47.49705528908744], [-93.47989807934681, 47.497139435813615], [-93.48003924150888, 47.497210265859586], [-93.48016294940497, 47.4972930734624], [-93.48028665730108, 47.49737588154156], [-93.48041036429883, 47.497458688276296], [-93.48055152915586, 47.49752951910547], [-93.4807274965436, 47.497564492342114], [-93.48090335433687, 47.49758756201732], [-93.48107910523063, 47.49759872814677], [-93.48125463603714, 47.49758608841339], [-93.48143027643813, 47.497585351004474], [-93.48160624292757, 47.49762032299011], [-93.481747520074, 47.49770305468825], [-93.48185388419688, 47.497809741327835], [-93.48192512239554, 47.49791657462459], [-93.48196133797623, 47.498035458016886], [-93.4819799914931, 47.49815441579052], [-93.48206879355219, 47.49826117616331], [-93.48224465493873, 47.498284244318626], [-93.48242062591976, 47.498319214624914], [-93.48259659690075, 47.49835418551488], [-93.4827724582873, 47.49837725241549], [-93.48294777439645, 47.49834080310285], [-93.48310530745626, 47.49828062165574], [-93.48328106014665, 47.498291784603225], [-93.48343957506506, 47.498338729890754], [-93.48347579783226, 47.49845761414797], [-93.48347689018364, 47.49857664561502], [-93.48363442324344, 47.49851646261752], [-93.4837920658977, 47.49846818471299], [-93.48396770899363, 47.49846744367498], [-93.48388087155007, 47.49857494141322], [-93.48375879589284, 47.498670686758885], [-93.48363671843899, 47.49876643010925], [-93.48347929407534, 47.498838516077484], [-93.48330354048663, 47.49882735324624], [-93.4831275668107, 47.49879238388526], [-93.48295192191812, 47.49879312370485], [-93.48275904015189, 47.49882964613916], [-93.482601395701, 47.49887792492516], [-93.48240829564415, 47.49889064081773], [-93.48223232286651, 47.49885567028507], [-93.48207380615148, 47.4988087224252], [-93.48191529123308, 47.49876177391648], [-93.48173921065761, 47.498714898801595], [-93.48159793171455, 47.49863216687708], [-93.48161440681686, 47.498513060885955], [-93.48173648786398, 47.49841731950121], [-93.48166525056364, 47.49831048600953], [-93.48150673654354, 47.49826353766216], [-93.48131352868886, 47.49826434849806], [-93.48113777599846, 47.49825318190324], [-93.48097926197838, 47.49820623289772], [-93.48082074975493, 47.49815928263641], [-93.48067958310128, 47.49808845265684], [-93.48055587430687, 47.498005646308364], [-93.48041438246311, 47.49789910633393], [-93.48032558489558, 47.497792345224944], [-93.4802543511885, 47.49768551106849], [-93.48009562336937, 47.497614754494094], [-93.47993797891847, 47.497663028328], [-93.47984893251764, 47.49763665218411]]]}}, {"type": "Feature", "properties": {"code": "PFO2/SS1Dg", "type": "Freshwater Forested/Shrub Wetland", "acres": 17.97}, "geometry": {"type": "Polygon", "coordinates": [[[-93.47150319006607, 47.49810072508576], [-93.47151795297944, 47.497994157386046], [-93.47155895478396, 47.49786542969632], [-93.4715999583851, 47.49773670108403], [-93.4716832420934, 47.4976220836665], [-93.47171039097792, 47.49761042897092], [-93.4718122284901, 47.49766153712547], [-93.47197513976352, 47.497709805454086], [-93.4721371742812, 47.49766020008058], [-93.47226266443482, 47.49756180671593], [-93.47239698772262, 47.49749266438732], [-93.47253044233955, 47.49754219284006], [-93.47269598208348, 47.49749151305629], [-93.4728428557341, 47.49741591054843], [-93.4729897266898, 47.4973403085386], [-93.47317393522195, 47.497314548867415], [-93.47335859201344, 47.49733878637381], [-93.47354358567317, 47.49740052019579], [-93.4737101369201, 47.49746232920355], [-93.47387668906536, 47.497524138745504], [-93.47406145904458, 47.497560872664174], [-93.47424634310984, 47.497610106089155], [-93.47444944321242, 47.497634265166376], [-93.47463398861281, 47.497646001183995], [-93.47481842352042, 47.497645237678356], [-93.47502129814588, 47.49764439830767], [-93.47520561896745, 47.497631134064164], [-93.47538971341356, 47.49759287196801], [-93.47555525225918, 47.49754218737776], [-93.47553568066408, 47.49741727491104], [-93.47540567557783, 47.49731781715335], [-93.47533077494778, 47.497193134177564], [-93.47529264685386, 47.49705579708539], [-93.47530984959154, 47.49691823203574], [-93.47532716461863, 47.49679316513821], [-93.47534447964574, 47.49666809794282], [-93.47530635155182, 47.49653076190509], [-93.47524989513117, 47.496406001193584], [-93.47523089755953, 47.4963395764133], [-93.47529674856143, 47.496307286837414], [-93.47546458619586, 47.4962208840079], [-93.47559239759617, 47.496155087173705], [-93.47561672217743, 47.49617948969526], [-93.47574695004585, 47.49630394504938], [-93.4758586241104, 47.49641597616201], [-93.47602619135192, 47.4965902740906], [-93.47617509070353, 47.496739649658316], [-93.47634186922424, 47.496826452814695], [-93.476526412828, 47.49683818597821], [-93.47668369435952, 47.49679002670269], [-93.47671510575006, 47.496821538504754], [-93.47686018995664, 47.49689434210549], [-93.47702310302668, 47.49694260446314], [-93.47720384855343, 47.49696632139694], [-93.47728595367207, 47.49697154037119], [-93.47734793473174, 47.49692901837027], [-93.47743719852488, 47.496818534809364], [-93.47749024494074, 47.49669596641019], [-93.4774170394316, 47.49658615969553], [-93.47725412456494, 47.49653789883104], [-93.4771465063939, 47.496518488502275], [-93.47722373725382, 47.49644780197345], [-93.47735193043812, 47.49634727356648], [-93.47736086508195, 47.49633909632747], [-93.47740782720835, 47.49640953658725], [-93.47755593604252, 47.49647141716586], [-93.4777405919357, 47.496495647778254], [-93.4779251328445, 47.49650737858792], [-93.47810933419015, 47.49648161122492], [-93.47829353733242, 47.496455844456214], [-93.47845997898489, 47.49650514871465], [-93.47860820190508, 47.49657952653015], [-93.47875654070795, 47.49666640399695], [-93.47892298236042, 47.49671570623689], [-93.47910752506587, 47.496727435176616], [-93.47912503772233, 47.49672844025408], [-93.4792098359902, 47.49678520403581], [-93.47935099635563, 47.4968560363804], [-93.47936866981054, 47.496867866039054], [-93.47973403978942, 47.49705528908744], [-93.47975678782737, 47.49713720293255], [-93.4797950407871, 47.49728703759992], [-93.47983374739606, 47.497486867068126], [-93.47984893251764, 47.49763665218411], [-93.47977946759333, 47.49761607758096], [-93.47962074157084, 47.497545319092204], [-93.47946223114401, 47.49749836763298], [-93.47932106898195, 47.49742753554796], [-93.47916234206114, 47.49735677741206], [-93.4790037247348, 47.49729792157352], [-93.47882765224416, 47.49725104272401], [-93.47865179624749, 47.497227969259406], [-93.47849328761731, 47.497181015695645], [-93.47831764721633, 47.49718174886173], [-93.47828360016875, 47.49730092766918], [-93.47830224560077, 47.49741988650003], [-93.47830332717237, 47.49753891728504], [-93.47818113473417, 47.49762275309984], [-93.47800570903054, 47.497647292103245], [-93.47783028422523, 47.49767183048836], [-93.47763697126766, 47.497660731742556], [-93.47746122217053, 47.497649560770945], [-93.47726780141514, 47.49762655909807], [-93.47728644325392, 47.497745516584246], [-93.47721715709436, 47.49785293811507], [-93.4771126354161, 47.497948602236676], [-93.47699065677693, 47.49805624184157], [-93.47683333212629, 47.498140222489816], [-93.47664120224995, 47.49826005762245], [-93.47646641974006, 47.498356012320066], [-93.47629153033067, 47.49844006410434], [-93.47613420298507, 47.49852404353175], [-93.47595877458649, 47.498548578472516], [-93.47594120982772, 47.498548651301704], [-93.47537882673063, 47.49851527428738], [-93.47520350433327, 47.498551710733814], [-93.47502786033901, 47.49855243841862], [-93.47485221634477, 47.49855316610337], [-93.4746764645527, 47.49854199046636], [-93.47448304020403, 47.49851898432917], [-93.474289617652, 47.49849597575422], [-93.47411408055729, 47.49850860616494], [-93.47406245886948, 47.49862785600356], [-93.47395792820808, 47.49872351628566], [-93.47378228421384, 47.49872424275424], [-93.47360599702586, 47.49865354948428], [-93.47346483935536, 47.4985827104609], [-93.47330611782444, 47.49851194356426], [-93.47314739539522, 47.49844117657224], [-93.47298878166212, 47.49838231223861], [-93.47284890768417, 47.49845431194599], [-93.47270935350646, 47.49856201909491], [-93.47256958732636, 47.4986459218568], [-93.47239362083693, 47.49861093538151], [-93.47241011839712, 47.49849183055607], [-93.47242650726116, 47.4983608239183], [-93.47225054346667, 47.49832583785995], [-93.47209203842974, 47.49827887617423], [-93.47196823441391, 47.49818415640567], [-93.47179205682039, 47.49812536279289], [-93.47161630772327, 47.49811418160259], [-93.47150319006607, 47.49810072508576]], [[-93.47783357026255, 47.4967312400259], [-93.47765293792352, 47.49671975871484], [-93.47767209988685, 47.49684202541446], [-93.47779924114396, 47.49692713871262], [-93.47796226830003, 47.496987632458136], [-93.47813589108489, 47.49702214479088], [-93.4783053735346, 47.496998435772404], [-93.4784491246413, 47.49692442816976], [-93.47837591643723, 47.49681462193286], [-93.4781950595194, 47.49677867285986], [-93.47801431489097, 47.496754956448235], [-93.47783357026255, 47.4967312400259]]]}}, {"type": "Feature", "properties": {"code": "L1UBH", "type": "Lake", "acres": 94.45}, "geometry": {"type": "Polygon", "coordinates": [[[-93.50188143179086, 47.51507116586312], [-93.50190122167656, 47.51504675331414], [-93.50194373983727, 47.51497328929249], [-93.50194715074042, 47.51496060945169], [-93.50195339942155, 47.51487628136385], [-93.5019542321598, 47.514726293037654], [-93.50190240026623, 47.514575824363625], [-93.50189719812242, 47.51456474496634], [-93.50178253266799, 47.51439407305056], [-93.50173378828403, 47.51433090852611], [-93.50172064323647, 47.514321751796416], [-93.50156127312192, 47.514226161801346], [-93.50154188388481, 47.51421613803813], [-93.50150996943772, 47.51420953379625], [-93.50150467027586, 47.514206570533034], [-93.50147932700507, 47.51417533673336], [-93.501349148544, 47.51397463277966], [-93.50134021659511, 47.51393654277202], [-93.50133961113062, 47.51382329553533], [-93.5013609398304, 47.513793235536944], [-93.50138381992069, 47.51377447169187], [-93.50140460783467, 47.51374987773285], [-93.50141379760004, 47.513735786939385], [-93.50148570324697, 47.51356874242999], [-93.50149373508391, 47.51353542168377], [-93.50154111402863, 47.51332902831911], [-93.50154115714776, 47.51328493537003], [-93.50153780463512, 47.51326523028995], [-93.50153029921093, 47.51324775193782], [-93.50146097532212, 47.51315907015874], [-93.50145168764041, 47.513148410327126], [-93.50133287196937, 47.51305845846906], [-93.50133231321726, 47.51299970881743], [-93.50126410323941, 47.512849204855414], [-93.50119618251908, 47.51272885998664], [-93.50115184706655, 47.51265030757561], [-93.50123937441626, 47.51258235492782], [-93.50104149711873, 47.51210768567859], [-93.50103602727698, 47.512097768906045], [-93.50086926941752, 47.51192757558436], [-93.50071329673136, 47.5117973008511], [-93.50070281968023, 47.51178999064679], [-93.50066696522228, 47.51176536481315], [-93.5006443088125, 47.511755890908546], [-93.50063743580228, 47.51175469134973], [-93.50058547365296, 47.511706070059034], [-93.5004510704151, 47.51161617519107], [-93.50029455245158, 47.51154145704878], [-93.50013818091344, 47.51148181740185], [-93.49995983658344, 47.5114524344206], [-93.49978163778053, 47.51143813185749], [-93.4996252653441, 47.51137849148637], [-93.49944663534984, 47.51131894873616], [-93.499246036157, 47.511289662139006], [-93.4990455797963, 47.511275453579714], [-93.49886752472383, 47.51127622841563], [-93.49868932502261, 47.51126192398418], [-93.498510696825, 47.51120237928145], [-93.49835418425135, 47.511127657516255], [-93.49821978640338, 47.511037760443955], [-93.4981741313257, 47.510917317372325], [-93.49819524532813, 47.51079658277559], [-93.49830567342937, 47.5107056214697], [-93.49848387043566, 47.51071992787307], [-93.4986622120707, 47.51074931308472], [-93.49875023708708, 47.510643368728275], [-93.49876639059252, 47.51055099762779], [-93.4988153658435, 47.51058988071484], [-93.49883113846325, 47.510605877612164], [-93.49886733877257, 47.510648847254046], [-93.4988722247094, 47.51067020312322], [-93.49886607394465, 47.510698158814215], [-93.49886633625272, 47.51074037659396], [-93.49887170368653, 47.510755658671854], [-93.49888388933337, 47.51076861075426], [-93.49889717092483, 47.51077620021439], [-93.4989135319411, 47.51078162229678], [-93.49893201837133, 47.51078389949845], [-93.49894821230096, 47.51078277637021], [-93.49896747038403, 47.51077745015734], [-93.49898244260487, 47.51077004090766], [-93.49899543493882, 47.510760430300486], [-93.49900443695628, 47.510749684427196], [-93.49902401843285, 47.51071685155374], [-93.49905470667959, 47.51065666123628], [-93.49906279600872, 47.510638174170325], [-93.49906552329392, 47.51061349500719], [-93.49906316162304, 47.51051506827539], [-93.4990596572951, 47.510503166452054], [-93.49903696225778, 47.51045159266201], [-93.4990259965231, 47.51043215349794], [-93.49898041510727, 47.51037885579599], [-93.49895386360242, 47.510348444323135], [-93.49893729956689, 47.5103364623679], [-93.49892650361382, 47.510331943118565], [-93.49870604716162, 47.51024435710125], [-93.49860605928059, 47.51020501321593], [-93.49859001267468, 47.5101765766962], [-93.498544357597, 47.51005613346857], [-93.49841010347947, 47.5099813160208], [-93.49823190916813, 47.50996700941609], [-93.49805385768894, 47.50996778245096], [-93.49787566247929, 47.50995347644935], [-93.49778549677758, 47.509833225665524], [-93.49778421308505, 47.509697509583596], [-93.4977829293925, 47.50956179254394], [-93.4977817885321, 47.50944115616176], [-93.49778050663618, 47.509305439066004], [-93.49786853165257, 47.50919949482881], [-93.49802375514378, 47.50913849938466], [-93.49817897683835, 47.50907750447648], [-93.49821868956042, 47.50896686565695], [-93.4982868079101, 47.508999334945045], [-93.49834457497276, 47.50903572224684], [-93.49841799338262, 47.50908396676902], [-93.49845628496992, 47.50912988846444], [-93.4984684508538, 47.50914397928107], [-93.49848282389836, 47.50915188693259], [-93.4986070644954, 47.50920686971334], [-93.49861977386006, 47.509209922456506], [-93.49880742383807, 47.509235007612844], [-93.49882528683749, 47.50923734434668], [-93.4989416554977, 47.50924180240484], [-93.49898604305253, 47.50924190313138], [-93.49909303958938, 47.509236576155295], [-93.49912463782951, 47.50923402947344], [-93.49914521733436, 47.50922743188599], [-93.49921671424781, 47.50920334792395], [-93.49945245643288, 47.50912138008992], [-93.49946816617056, 47.50911498030109], [-93.49948660948166, 47.50910511332642], [-93.49954672923205, 47.50906346400542], [-93.4996139402833, 47.50901576921504], [-93.49961909751134, 47.509010917938504], [-93.49973633214749, 47.509010406415484], [-93.49991423720131, 47.508994551627346], [-93.50009214405176, 47.508978695620804], [-93.50026990447682, 47.50894775967723], [-93.50044824072197, 47.50897714224037], [-93.50062671890093, 47.50902160409565], [-93.50073886098774, 47.50911159624637], [-93.50087311330863, 47.50918641007962], [-93.50100751205491, 47.509276305468774], [-93.50111979697384, 47.509381376994746], [-93.50118771410092, 47.50950172286524], [-93.5012333754668, 47.509622163724465], [-93.50121226865089, 47.509742897989064], [-93.50119116003835, 47.5098636331895], [-93.50119230898359, 47.509984269814176], [-93.5012381131816, 47.510119792199795], [-93.50140770881904, 47.51017632245732], [-93.50141352990208, 47.51018656361099], [-93.50143770087143, 47.51021357481097], [-93.50147172096956, 47.51024559977559], [-93.50150072936673, 47.51026317924539], [-93.50152412508997, 47.51027374318596], [-93.50172427153191, 47.5103546704244], [-93.50216270239116, 47.5104859772169], [-93.50217692811201, 47.51048950680829], [-93.50232174102737, 47.51051092099236], [-93.50236782549976, 47.51051235722047], [-93.5025192886432, 47.510494856107734], [-93.50270892299967, 47.51046789662807], [-93.50272869402075, 47.510462825227485], [-93.50280256338489, 47.510440932280424], [-93.50311416380411, 47.51040103637922], [-93.50316335465075, 47.510398522519615], [-93.50336547558969, 47.51040549919275], [-93.50343547770652, 47.510411203462795], [-93.50344151887681, 47.51041415298455], [-93.50376410120039, 47.510581592228014], [-93.50423543914512, 47.510773291973216], [-93.50431739514343, 47.51080284340943], [-93.50433811927704, 47.510805859046926], [-93.50441532857741, 47.510808941428735], [-93.50444846832654, 47.510807562244906], [-93.50446783151249, 47.51080342044591], [-93.50468964442076, 47.51071871736876], [-93.5047415912987, 47.510698023504624], [-93.50483593596309, 47.51066033886799], [-93.50491716881761, 47.51060722160856], [-93.50511835191539, 47.510470045814465], [-93.50518659153762, 47.510419419163824], [-93.50522435401723, 47.51038100559278], [-93.50548479987259, 47.51007776990967], [-93.5054895959779, 47.51006145247333], [-93.50548502085817, 47.51004431406277], [-93.50540276033095, 47.50992080266047], [-93.50534419825928, 47.50983385610925], [-93.50527561278565, 47.509756213782765], [-93.50526715694387, 47.509748206103566], [-93.50525023537888, 47.509738660841535], [-93.50522696631806, 47.50973043289831], [-93.50518971587817, 47.509714027370734], [-93.50512886579747, 47.50967601375895], [-93.50508680577755, 47.50964778265152], [-93.50500656735807, 47.509580900727315], [-93.505003700834, 47.50957160846309], [-93.5050035660867, 47.50951590884696], [-93.50500602477561, 47.50951115470191], [-93.50501184496035, 47.509508222726105], [-93.5051041414659, 47.50948062076281], [-93.50522724299918, 47.50947957952248], [-93.5052481674571, 47.50947827493808], [-93.50526294743847, 47.50947521796305], [-93.50536962866666, 47.50944634477033], [-93.50555501489016, 47.50936909810102], [-93.50572623827489, 47.50927591651911], [-93.50574136949753, 47.5092626800925], [-93.50575833507999, 47.50923782188743], [-93.50579065556559, 47.50918781539786], [-93.50580425785563, 47.509163767218055], [-93.50580834429186, 47.50914634211081], [-93.50580816732375, 47.509105798996565], [-93.50580572121122, 47.50909540836223], [-93.50579991180629, 47.509085537743125], [-93.50579060436162, 47.5090770451379], [-93.50578001142779, 47.50907129339339], [-93.50576937806979, 47.50906768179022], [-93.505755862018, 47.50906532502489], [-93.50571650413048, 47.50906576373278], [-93.50570812823875, 47.5090633462885], [-93.50566037110332, 47.5090025278685], [-93.50565539713158, 47.50895343255262], [-93.50565542947092, 47.5089531024591], [-93.50567841107083, 47.508954198320964], [-93.50587871561626, 47.50895331483546], [-93.50605690813097, 47.50896760958068], [-93.50623510244232, 47.508981902501695], [-93.50641329585532, 47.50899619602557], [-93.5065916338971, 47.509025568853], [-93.50676968268137, 47.50902478245486], [-93.50694773236393, 47.509023995449944], [-93.50712607130403, 47.50905336765502], [-93.50730382903413, 47.5090224208333], [-93.50748158676424, 47.50899147338647], [-93.50765949091974, 47.508975605850004], [-93.5078372459549, 47.50894465837563], [-93.50801485815792, 47.50889863032983], [-93.50812526559791, 47.5088076602734], [-93.50823538018714, 47.50868653004903], [-93.50834578672881, 47.508595559624986], [-93.5084785927621, 47.5085195695885], [-93.50865664064804, 47.50851877954204], [-93.50883468673736, 47.50851799010237], [-93.5090131703062, 47.50856243899713], [-93.50921434981073, 47.5086520272042], [-93.50941552662029, 47.50874161586509], [-93.5095497915176, 47.50881642051709], [-93.50966194797745, 47.508906403310945], [-93.50972988486745, 47.509026743595854], [-93.50973119820439, 47.50916245959191], [-93.50971025578018, 47.50929827474985], [-93.50971142359003, 47.50941891206728], [-93.50971317620315, 47.509599867523484], [-93.50969208825185, 47.509720603659694], [-93.5096494730731, 47.509916835543684], [-93.50956190619752, 47.510068028111974], [-93.50947434022027, 47.51021921963793], [-93.50940888447708, 47.51035523229645], [-93.50934371888974, 47.51052140539603], [-93.50930051800941, 47.510657318974765], [-93.509257171602, 47.51077815400868], [-93.5092360836507, 47.51089888864785], [-93.50921543048403, 47.51106486404094], [-93.50919448536484, 47.511200679130106], [-93.50921863926621, 47.51139661544827], [-93.5092202436573, 47.51156249036554], [-93.50926592568445, 47.511682930136224], [-93.50931189876574, 47.51183352906326], [-93.50935772631996, 47.51196904728043], [-93.5094256659049, 47.5120893872173], [-93.50951571841888, 47.512194548978336], [-93.50962817132277, 47.51231469120417], [-93.50974048139453, 47.51241975361355], [-93.5098973074802, 47.51252461922621], [-93.51003158136066, 47.51259942273358], [-93.5102102284229, 47.51265894946906], [-93.51041069197014, 47.51267313702442], [-93.510545260498, 47.51277810042343], [-93.51043485036307, 47.51286907269912], [-93.51030203444832, 47.512945065539256], [-93.51016936585727, 47.51303613703125], [-93.50999247320479, 47.513157566048065], [-93.50988220590197, 47.51326361757592], [-93.509823474947, 47.51333771803316], [-93.50971755279524, 47.513357693084664], [-93.50966545589864, 47.513348697577605], [-93.50951003208311, 47.513338517108146], [-93.50928340689988, 47.513327261495334], [-93.50926640987639, 47.51332954950781], [-93.50916088208501, 47.51335653239371], [-93.50913197250256, 47.513366936746166], [-93.50910882561263, 47.51337713723251], [-93.50906028334961, 47.51340392472427], [-93.50886051869168, 47.51351042655972], [-93.50872154572396, 47.51358182487311], [-93.50806384957858, 47.51385630484479], [-93.5077774900222, 47.513971457753875], [-93.50758869559051, 47.5140223127492], [-93.50756793911756, 47.51402887090309], [-93.5074406298755, 47.51411780785899], [-93.50743579873588, 47.51412319319241], [-93.50742965605599, 47.51413004074371], [-93.50739275146748, 47.51417130501809], [-93.50735436196382, 47.51422907895212], [-93.50734855705045, 47.51424011898294], [-93.50734421549267, 47.51426159898345], [-93.50726219301903, 47.51431814176803], [-93.50694703167802, 47.51442688602839], [-93.50694063297824, 47.514429093905115], [-93.50665880721911, 47.51443096504866], [-93.50655455234049, 47.514431506248386], [-93.50648218495951, 47.51443230955387], [-93.50621684059091, 47.51446188683913], [-93.50619592331951, 47.51446650584256], [-93.50617269198794, 47.51447471484152], [-93.50615517483989, 47.51448451346019], [-93.50614485858718, 47.51449414644099], [-93.50613217347706, 47.51451229116901], [-93.50606655963038, 47.5145404098425], [-93.50598450661401, 47.51456848845717], [-93.50576983171901, 47.51456990697924], [-93.50564838488248, 47.51457039296562], [-93.50557874299007, 47.514559086652106], [-93.50545732759458, 47.51453763832305], [-93.5054004947798, 47.51451591695888], [-93.50529475408773, 47.514461778841905], [-93.50526114182475, 47.51442481587851], [-93.50525000451185, 47.51441657774889], [-93.50523529370076, 47.51440896333273], [-93.50516167586491, 47.51437872771906], [-93.50511813631971, 47.5143609821712], [-93.50474808162663, 47.51428073457863], [-93.50461797592908, 47.514277821677794], [-93.50378250768055, 47.514276468067735], [-93.50374275273767, 47.51428071759023], [-93.50372207082486, 47.51428582745244], [-93.50366309013826, 47.51431228381386], [-93.50365073650647, 47.5143205468357], [-93.50361610735058, 47.514343903410534], [-93.50360339169774, 47.51435312990999], [-93.50358990888365, 47.5143666301924], [-93.50358943367486, 47.51436743046523], [-93.50352669982698, 47.51436239766523], [-93.50334877680687, 47.514378259326016], [-93.5031709984155, 47.51440919934932], [-93.50308297429746, 47.514515148238054], [-93.5031063861904, 47.514635686802386], [-93.50310753783059, 47.51475632337883], [-93.50306431898395, 47.51489223509084], [-93.50297658232678, 47.51502834302786], [-93.50288884477129, 47.515164449398426], [-93.50277870413093, 47.51528557498609], [-93.5026458711482, 47.51536155704624], [-93.50246837572615, 47.51542265750013], [-93.5022904509094, 47.51543851580681], [-93.50213406409989, 47.51537888058867], [-93.50199964738731, 47.515288988371815], [-93.50190931819222, 47.515153660136534], [-93.50188143179086, 47.51507116586312]]]}}, {"type": "Feature", "properties": {"code": "PSS3Dg", "type": "Freshwater Forested/Shrub Wetland", "acres": 6.79}, "geometry": {"type": "Polygon", "coordinates": [[[-93.4982809473012, 47.50308220578648], [-93.49825998870729, 47.50305829377972], [-93.49824164331257, 47.50303360316332], [-93.49822489691903, 47.50300618531437], [-93.49821136918916, 47.50297810718894], [-93.4982012263113, 47.50294949683323], [-93.49819511776737, 47.50292315308118], [-93.4981917580682, 47.502896593880735], [-93.49819093790636, 47.502869956988846], [-93.49819216680166, 47.50284727984569], [-93.49819599991298, 47.502820147123806], [-93.49820249742741, 47.502793312963355], [-93.49821201417954, 47.5027660115062], [-93.49823461489378, 47.50271274849986], [-93.49824791085831, 47.50267868413062], [-93.49825862775963, 47.502642225060065], [-93.49826639998348, 47.50260497036694], [-93.49827195965676, 47.50256712334873], [-93.49827597782102, 47.50252817120431], [-93.49828465464836, 47.50239042993672], [-93.49829029517004, 47.50232478405416], [-93.4982951541574, 47.50228868036158], [-93.49830152680603, 47.502252817570415], [-93.4983096008638, 47.50221729884849], [-93.49831971230063, 47.50218226074188], [-93.49833236417311, 47.50214788167071], [-93.49834826615026, 47.50211439588755], [-93.49835358507505, 47.50210492995078], [-93.49837601510937, 47.502070916771025], [-93.49840246061304, 47.50203827812853], [-93.49843261346386, 47.50200712265559], [-93.49847361257343, 47.50197209836673], [-93.49851173887073, 47.50194503498262], [-93.49855257628354, 47.50191936192561], [-93.49859520224209, 47.50189455546801], [-93.49876525871527, 47.501799232922664], [-93.4988467520812, 47.50175153517271], [-93.49896685054648, 47.501677791584086], [-93.49904471921026, 47.50162673467516], [-93.49911278905091, 47.50157876185422], [-93.49915127736926, 47.50155002329212], [-93.49922632352641, 47.50149139609116], [-93.49937154337862, 47.50137481391269], [-93.49940709959587, 47.50134766768536], [-93.49944234589435, 47.50132246709397], [-93.49944714828787, 47.5013193665556], [-93.4994711530689, 47.501283574713845], [-93.49946698488597, 47.501253551835234], [-93.49946828384986, 47.50124953976119], [-93.49947203970608, 47.50124645742488], [-93.49957150836086, 47.501217704115795], [-93.49983611161936, 47.50117301049773], [-93.49984580713624, 47.50117331393744], [-93.49985193634141, 47.50117627550908], [-93.49986861176804, 47.501206184338585], [-93.49987134444312, 47.501239836378936], [-93.49986887227946, 47.50124602411355], [-93.49985000676018, 47.50126173255706], [-93.4996264062045, 47.50136475067535], [-93.49962001109797, 47.50137487217288], [-93.49957426978203, 47.501436613993754], [-93.49956467846975, 47.50145514981646], [-93.49956081391738, 47.50147157916605], [-93.49956186225134, 47.501487128540596], [-93.4995680076262, 47.50150107818629], [-93.49957854306784, 47.50151202258076], [-93.49959342994875, 47.50152034223675], [-93.49962037311904, 47.50152677268848], [-93.4996527609783, 47.50152750093889], [-93.49968755452589, 47.50152316238685], [-93.49972446899585, 47.50151485365504], [-93.49976254678413, 47.501503570017675], [-93.49989061150933, 47.5014579323437], [-93.49992794459425, 47.501446602571534], [-93.49996422215867, 47.501438170024855], [-93.49999863841384, 47.50143373193764], [-93.50000776619542, 47.50143337752181], [-93.50003409491809, 47.50143497178619], [-93.50005689056675, 47.50144077898635], [-93.50006527723824, 47.50144463204416], [-93.50007268923765, 47.50144929406778], [-93.50008919488268, 47.501467551936784], [-93.50009770821663, 47.501490593801385], [-93.50009883560232, 47.50151670644593], [-93.50009236324068, 47.501545724188816], [-93.50007859116907, 47.5015750253262], [-93.50005763706673, 47.50160320190888], [-93.5000528023339, 47.5016083239292], [-93.5000231453531, 47.501633491612154], [-93.49998733221767, 47.50165519099894], [-93.4999462684294, 47.50167253787895], [-93.49993340096128, 47.50167661364239], [-93.49989287077229, 47.50168611121379], [-93.49985009030351, 47.501692101055106], [-93.49980600278599, 47.501695157876554], [-93.49976142838159, 47.501695701028275], [-93.49971712347178, 47.50169402180954], [-93.49963440390547, 47.501687399606276], [-93.49958825744932, 47.50168570400169], [-93.49954184509185, 47.501686707770475], [-93.49949601124943, 47.50169080355967], [-93.49945164076262, 47.50169858003563], [-93.49941587703452, 47.50170851151747], [-93.49938227824626, 47.50172149799673], [-93.49935109862105, 47.50173752672685], [-93.4993227235362, 47.50175623904328], [-93.49929671461375, 47.501777843707245], [-93.49927348687545, 47.50180148927348], [-93.49925277621658, 47.50182676792137], [-93.49923444070333, 47.50185336953718], [-93.49921853782783, 47.501880769175216], [-93.4992046346022, 47.50190895955184], [-93.49919250914249, 47.50193771490981], [-93.49915063776878, 47.50205546406161], [-93.49913547151183, 47.50209072861496], [-93.49911803880542, 47.5021246738126], [-93.4990976236923, 47.502156740124775], [-93.49907329461945, 47.50218622965703], [-93.4990438406579, 47.50221226306278], [-93.49903722097258, 47.502216953540994], [-93.4990227760628, 47.50222601346335], [-93.49898297620415, 47.502245587356875], [-93.49893919052057, 47.502262805992856], [-93.4988392816913, 47.502299916494636], [-93.49880167821351, 47.502315608237375], [-93.49876592436688, 47.50233266542406], [-93.49873298404373, 47.502351467951364], [-93.49870398103647, 47.50237248067641], [-93.49868279966037, 47.50239282341372], [-93.49866527802075, 47.50241490905974], [-93.4986512517259, 47.50243844753083], [-93.49863749312904, 47.502472340920185], [-93.49862883696295, 47.50250786493128], [-93.49862437413262, 47.50254452193273], [-93.49862359619159, 47.50258191017864], [-93.49862635671444, 47.50261969710676], [-93.4986328605171, 47.50265759324293], [-93.49864244733783, 47.50269252604518], [-93.49865492763207, 47.50272726159425], [-93.49866974803761, 47.50276173252887], [-93.49868656899132, 47.502795845999955], [-93.49870523688122, 47.502829466678286], [-93.49872578135178, 47.502862407045086], [-93.49874841799863, 47.50289441586188], [-93.49877354926703, 47.50292514904107], [-93.49879960041025, 47.502952315692816], [-93.49882807071656, 47.50297784684659], [-93.49885884430324, 47.5030014912655], [-93.49889196698442, 47.50302286299037], [-93.49892941774858, 47.50304226120484], [-93.49896991110666, 47.5030578380296], [-93.49900855663017, 47.50306793189211], [-93.49904933026262, 47.50307491803572], [-93.49909173703223, 47.503079304401304], [-93.49913535832411, 47.50308145631763], [-93.49918977556906, 47.50308149030163], [-93.49924504172198, 47.503079338385305], [-93.49930077499884, 47.50307558679262], [-93.49935662685333, 47.50307064575898], [-93.49941223167109, 47.50306478108766], [-93.49946719060016, 47.50305812810758], [-93.49952100148232, 47.5030507104859], [-93.49957303010694, 47.50304243658678], [-93.49962244193914, 47.503033095830084], [-93.4996681311528, 47.50302234776788], [-93.49970864247717, 47.50300969902354], [-93.49974206519565, 47.50299447658979], [-93.49976592804285, 47.50297578959593], [-93.4997757232727, 47.502959839528685], [-93.49977952045141, 47.50294211196659], [-93.49977733754527, 47.50292071047274], [-93.49977006837798, 47.50289781063409], [-93.49975617952538, 47.50286700947053], [-93.49973856895257, 47.502834470241204], [-93.4997183541637, 47.50280067175593], [-93.49969639035501, 47.50276597873574], [-93.49960249125499, 47.502623066408525], [-93.49955837139814, 47.502551713872684], [-93.49953889412615, 47.502516795541446], [-93.49952220881806, 47.502482811758014], [-93.49950943746967, 47.50245022070704], [-93.49950204343656, 47.50241964564156], [-93.49950193384211, 47.502391917970606], [-93.49950953448771, 47.502370861559], [-93.49951566998111, 47.50236254932018], [-93.49953436392217, 47.50234801913274], [-93.4995467606731, 47.50234249786679], [-93.49956954105038, 47.50233682488377], [-93.49959513135788, 47.5023348143367], [-93.49962866636577, 47.50233716654932], [-93.49966255980142, 47.50234441616997], [-93.49969656732313, 47.50235603825771], [-93.49971856706443, 47.50236582821547], [-93.4997401176481, 47.50237709528209], [-93.49977296903805, 47.50239732028579], [-93.49980453763376, 47.502419895669966], [-93.49983485667292, 47.50244413688822], [-93.49986393244372, 47.502469481981755], [-93.49993477897691, 47.50253430052816], [-93.49996736356722, 47.50255969655475], [-93.49999430853416, 47.502576956354424], [-93.50002350198427, 47.50259229299949], [-93.5000561063375, 47.50260597472502], [-93.50009075076476, 47.5026174948019], [-93.5001271001944, 47.50262698006586], [-93.50016786753862, 47.502635059834454], [-93.5002099365417, 47.502641275320315], [-93.50025299548822, 47.502645985179754], [-93.50030349158696, 47.50264993039222], [-93.5003546398626, 47.502652704360095], [-93.50048700392477, 47.50265760598703], [-93.50054254765712, 47.50266064576014], [-93.50059800784614, 47.50266512683081], [-93.50065432502792, 47.502671631786356], [-93.50071019035713, 47.502679882683175], [-93.50076545471339, 47.50268960703944], [-93.5008198683651, 47.502700658600695], [-93.50087305761309, 47.50271300338177], [-93.50092447089173, 47.502726726949284], [-93.50097333115836, 47.50274204048987], [-93.5010185667228, 47.50275929294728], [-93.50105872860253, 47.50277898437294], [-93.50106554591721, 47.502782998150714], [-93.50109769572292, 47.50280640416117], [-93.5011209764618, 47.502832414198664], [-93.50112661159359, 47.50284194372457], [-93.50113414486556, 47.502862678918326], [-93.50113598012369, 47.5028838328371], [-93.50113219192815, 47.50290487023032], [-93.50112993446184, 47.50291110206939], [-93.5011187414534, 47.50293137359549], [-93.50110229509718, 47.502950394984424], [-93.50109772446902, 47.50295461083302], [-93.50106647926678, 47.50297681822127], [-93.501031215002, 47.502993744718566], [-93.50099920353684, 47.50300480531864], [-93.50095237256446, 47.503016027340664], [-93.50091302635501, 47.5030224296937], [-93.50085788686455, 47.50302846975175], [-93.50080068484222, 47.50303236274566], [-93.5007421209739, 47.50303473252593], [-93.50068271358752, 47.50303606397218], [-93.50044137579656, 47.50303793855629], [-93.50038146984521, 47.503039077628515], [-93.50033449693899, 47.5030406694167], [-93.50028837922893, 47.50304313811442], [-93.5002434077692, 47.50304679261217], [-93.50019489335396, 47.50305269005583], [-93.50014890050973, 47.50306077400689], [-93.50010624400845, 47.50307143346003], [-93.50006798925207, 47.50308523825274], [-93.50003550796804, 47.50310298518593], [-93.50000767995716, 47.503127743130825], [-93.49998663781994, 47.50315698087904], [-93.49997061007865, 47.50318949442048], [-93.49995826093844, 47.50322436739696], [-93.4999485842862, 47.50326090677499], [-93.4999408497916, 47.5032985918696], [-93.49992925613455, 47.50337594274915], [-93.49991281876149, 47.503528177312], [-93.49990737227591, 47.503565194677776], [-93.4999001129901, 47.50360154751522], [-93.49989020816577, 47.503636983982524], [-93.49987661575722, 47.50367118427132], [-93.49985804308871, 47.50370374604231], [-93.49983416497015, 47.503733678312805], [-93.49980581144483, 47.50376222330818], [-93.49977452581844, 47.50378995268281], [-93.49970844484781, 47.50384502482549], [-93.49967607136162, 47.503873379210006], [-93.49964802056854, 47.50390032994001], [-93.49962156877669, 47.50392817514954], [-93.49959665669724, 47.50395679407456], [-93.49957331666953, 47.50398610903744], [-93.49955166727118, 47.50401608544671], [-93.49953192589447, 47.50404672572867], [-93.49951187729397, 47.50408260064495], [-93.49949405741368, 47.504119175836365], [-93.49947793265434, 47.50415628077791], [-93.49944935634683, 47.50423160535497], [-93.49942443348759, 47.50430793900414], [-93.49940293949778, 47.504384975265786], [-93.49938508458321, 47.50446337741443], [-93.49937005936175, 47.504541564624425], [-93.49934645163609, 47.50467813390339], [-93.49933807484607, 47.50471160166659], [-93.499325868538, 47.504743790800426], [-93.49930844571305, 47.504774005871155], [-93.49930003568535, 47.504784901036295], [-93.49927355065584, 47.504811073332775], [-93.49924330078696, 47.50483274834634], [-93.49920908844936, 47.504851369747605], [-93.49917188292525, 47.50486666567697], [-93.4991354939697, 47.50487745341278], [-93.49909797942513, 47.504884564930755], [-93.4990568410767, 47.50488761913897], [-93.49902965266631, 47.50488690003769], [-93.49899701148215, 47.50488284212177], [-93.49896643642313, 47.50487506004907], [-93.49894683787858, 47.50486727069323], [-93.49894065477449, 47.50486425289398], [-93.49891672455362, 47.50484968092039], [-93.49889586477441, 47.50483227379966], [-93.49887835840616, 47.50481244114424], [-93.49887294515825, 47.504804760402955], [-93.49885672787244, 47.50477366664881], [-93.49884602534415, 47.50473993495056], [-93.49883966886519, 47.5047043736122], [-93.49883684456194, 47.504667590075925], [-93.49883703500478, 47.50463004189613], [-93.49883906160406, 47.504600920874765], [-93.4988438136919, 47.50456334898051], [-93.4988639781751, 47.50445047293017], [-93.4988697381727, 47.5044129943819], [-93.49887352277499, 47.504375642030105], [-93.49887429622446, 47.504338436507666], [-93.49887039304453, 47.50429424255111], [-93.49886398985319, 47.50425757281407], [-93.49885551694342, 47.50422097101799], [-93.49884556630504, 47.50418442259871], [-93.49878830858714, 47.50400188644841], [-93.49876840102213, 47.503928566566266], [-93.49876063688313, 47.50389172180153], [-93.49875253767252, 47.503835829248445], [-93.4987489740558, 47.50379839941609], [-93.49874025949921, 47.50364874414608], [-93.49873363891557, 47.503574938896186], [-93.49872804241134, 47.50353867585446], [-93.49871996745527, 47.5035030754706], [-93.49870845105333, 47.503468385342], [-93.49869227778495, 47.50343491982045], [-93.49867674052379, 47.50341127074192], [-93.49865840501053, 47.50338838082692], [-93.49863771770784, 47.50336616086885], [-93.49861539277641, 47.50334484268693], [-93.4985915056747, 47.50332400876631], [-93.49856636721978, 47.503303571720515], [-93.49853378891768, 47.50327860692094], [-93.49839798879955, 47.50318051355569], [-93.49836785481335, 47.50315795366999], [-93.49833878802569, 47.503135018130266], [-93.49831126813696, 47.50311153519548], [-93.4982809473012, 47.50308220578648]]]}}, {"type": "Feature", "properties": {"code": "PSS3Dg", "type": "Freshwater Forested/Shrub Wetland", "acres": 7.31}, "geometry": {"type": "Polygon", "coordinates": [[[-93.5016459016082, 47.51011690394588], [-93.50163695708291, 47.51010910262556], [-93.5016324834728, 47.51010369442951], [-93.5016286216154, 47.510098066579886], [-93.5016195701906, 47.51007508674391], [-93.50161880123271, 47.510070432767634], [-93.50161958995353, 47.510042730375055], [-93.50162740260156, 47.51001332535089], [-93.50163128062864, 47.510003980980386], [-93.50162397552874, 47.50999926632012], [-93.50161673420924, 47.50999217127131], [-93.50161050439276, 47.509981705572024], [-93.501607655835, 47.509969119789204], [-93.5016078507694, 47.509954640249425], [-93.50161910037168, 47.509896736613214], [-93.50163235860697, 47.50985018029095], [-93.50164187176584, 47.50974611331819], [-93.501643456394, 47.50968048027483], [-93.50164430530194, 47.5096452717897], [-93.50164417504622, 47.50963182611655], [-93.50164346897041, 47.50955835269399], [-93.50161693273692, 47.50949568173169], [-93.50159603163519, 47.50944631928543], [-93.50157647531148, 47.50940013148851], [-93.50155225313814, 47.50934292747039], [-93.50152896341609, 47.50928792420148], [-93.50150474034446, 47.50923071642032], [-93.50147896588234, 47.50917712502702], [-93.50144528355075, 47.50915441784201], [-93.50137442174619, 47.509122443788534], [-93.50126549742471, 47.50907807243009], [-93.50118341386563, 47.50904463536317], [-93.50108377453095, 47.508999476933624], [-93.50102383444363, 47.5089711107551], [-93.500947832479, 47.5089351408798], [-93.50084829914553, 47.50888678335782], [-93.50075906230184, 47.50883479172087], [-93.50069400990222, 47.50879689033547], [-93.50065684659891, 47.50877033532044], [-93.50064303859467, 47.508752844549015], [-93.50063440578481, 47.5087188283951], [-93.5005756308124, 47.508700253875254], [-93.50046726524305, 47.508668617528706], [-93.50038864648602, 47.508646115826544], [-93.50027658614589, 47.508614043162865], [-93.5002351926759, 47.508610516479315], [-93.50020004968368, 47.50861068698828], [-93.50009111548076, 47.50861127193718], [-93.50004543974183, 47.50861152557689], [-93.49996348104855, 47.50861407653648], [-93.4999078124504, 47.50861928707139], [-93.49982317498096, 47.50862720936503], [-93.4997196522293, 47.50863689985278], [-93.49965781130683, 47.50865089674883], [-93.49962192450954, 47.50866675164079], [-93.49957906678566, 47.508699218687376], [-93.49956564236204, 47.508724544377486], [-93.49957715427242, 47.508745031496886], [-93.49959998046378, 47.50875477839454], [-93.49963758753485, 47.50877207741913], [-93.49966924596208, 47.50880247220849], [-93.49970573732556, 47.50883750711001], [-93.49971279628706, 47.50888045756884], [-93.4996940493454, 47.508921793324674], [-93.4996544408279, 47.50894190779828], [-93.49966493764198, 47.50891682310861], [-93.4996686171414, 47.50889392345854], [-93.49966614318109, 47.508872370266445], [-93.49965734238626, 47.50885293173101], [-93.49964170990367, 47.508836474958756], [-93.49961439483084, 47.508821839161236], [-93.49957922758409, 47.50881132225811], [-93.49953829405155, 47.50880384962459], [-93.49949324354003, 47.508798542628185], [-93.49944536513203, 47.50879467311995], [-93.49930248359452, 47.50878618592879], [-93.4992600417906, 47.50878267685379], [-93.49921795122798, 47.50877755128591], [-93.49916367861175, 47.508767580486385], [-93.4991102432254, 47.50875453567782], [-93.49905745372772, 47.50873925544435], [-93.49900512416748, 47.508722422425315], [-93.49870071925368, 47.508615731868964], [-93.49860022112959, 47.508582824845256], [-93.49854984271012, 47.50856773024078], [-93.49849933134001, 47.508554016695356], [-93.49844863042539, 47.508542177533904], [-93.49839767798248, 47.508532849284926], [-93.49834638328143, 47.50852684808829], [-93.4982942136213, 47.50852471459902], [-93.49824178883964, 47.50852534202448], [-93.49813693568304, 47.5085289463834], [-93.49808489268537, 47.508529065921934], [-93.49803338957518, 47.50852605379435], [-93.49798245689522, 47.50851872311014], [-93.49793194732172, 47.508507893647035], [-93.49788151410505, 47.50849472438097], [-93.49772754825524, 47.50844954666767], [-93.49767492314926, 47.50843481852932], [-93.49762968758483, 47.50842319536021], [-93.49758389506489, 47.50841239682401], [-93.49753769201489, 47.508402421100755], [-93.49749123114839, 47.508393295496795], [-93.49733558185574, 47.508365984209384], [-93.49729559155423, 47.50835795629378], [-93.49725735656082, 47.50834871357032], [-93.49721239498251, 47.50833441380213], [-93.49717904951918, 47.508320326408956], [-93.49714997464669, 47.508304142528374], [-93.49712626451308, 47.50828574261934], [-93.4971208171292, 47.508280225011895], [-93.4971159042429, 47.508274529005455], [-93.49710172523446, 47.50825102773865], [-93.49709470579883, 47.508226005218994], [-93.49709438599858, 47.50820033826774], [-93.49710074696911, 47.50817487094059], [-93.4971142109186, 47.508150449722244], [-93.49711908158406, 47.508144243383875], [-93.49714639306364, 47.508118968991646], [-93.49715300376582, 47.508114246880425], [-93.49719039703784, 47.50809257868307], [-93.49723379015764, 47.508073349204736], [-93.49728143949525, 47.50805593344425], [-93.49733204878174, 47.50803984717693], [-93.49738466849782, 47.508024719649065], [-93.4974386051441, 47.50801027537415], [-93.49754862002032, 47.50798265441907], [-93.49799170325443, 47.507876415033216], [-93.49842887018409, 47.50776965964965], [-93.49856797969571, 47.5077379626686], [-93.49861637553335, 47.50772849046419], [-93.49866523130838, 47.507720058926566], [-93.49871445179942, 47.507712623152706], [-93.49876395076821, 47.50770620862884], [-93.49881830692773, 47.5077004276075], [-93.4988727538171, 47.50769586929574], [-93.49892712345137, 47.50769252580535], [-93.49898123616744, 47.5076905154634], [-93.49903488714946, 47.507690088273314], [-93.49908783025906, 47.50769165140065], [-93.49913975737405, 47.50769578312955], [-93.49919029299868, 47.50770327473175], [-93.49920001636332, 47.507705223179244], [-93.49924323610827, 47.50771602368138], [-93.49928528714503, 47.507729443752744], [-93.49932648837553, 47.507744764936035], [-93.49936710929437, 47.5077613901351], [-93.49948370792329, 47.5078122238422], [-93.4995224926857, 47.50782821127047], [-93.49956214162738, 47.50784308460477], [-93.49961339590425, 47.50785971584073], [-93.49966585482187, 47.50787473783258], [-93.49977171768485, 47.50790341832011], [-93.49982379302187, 47.507918805593974], [-93.49987433223977, 47.507936152831434], [-93.49992136263815, 47.50795560626961], [-93.49996669522065, 47.507977240542694], [-93.50001076028028, 47.50800049617783], [-93.50005389738023, 47.50802494113115], [-93.50013834620344, 47.508076159900796], [-93.50022141790934, 47.50812912802206], [-93.50050982292963, 47.508317458687095], [-93.50059287846585, 47.508370417462935], [-93.50067696886127, 47.50842201392912], [-93.50071964782043, 47.508446972035024], [-93.50076293943062, 47.508471113382896], [-93.50080703682958, 47.508494178265614], [-93.50089690698556, 47.508538895990455], [-93.50097451693453, 47.508579972914376], [-93.50105062759528, 47.508622875647276], [-93.5012134041214, 47.50872086782373], [-93.50125269912687, 47.50874383915079], [-93.50129240556075, 47.50876556715164], [-93.50133297797055, 47.50878536433315], [-93.50137494097243, 47.508802405461445], [-93.5014188910477, 47.508815672343665], [-93.50146764800806, 47.50882472081174], [-93.5015185079245, 47.50882976263785], [-93.50157071890713, 47.508832060555086], [-93.50169347997891, 47.50883310544903], [-93.50173872183157, 47.508834217089955], [-93.50178333666015, 47.50883636088208], [-93.50182677469572, 47.50883989604549], [-93.50186069777578, 47.5088440543828], [-93.50189303982097, 47.50884954341183], [-93.50192881432883, 47.50885803787422], [-93.50196079165801, 47.50886896981268], [-93.50198786149078, 47.508882757910975], [-93.50199461772003, 47.50888737437157], [-93.50200633803955, 47.50889738580323], [-93.50202004094088, 47.50891466354323], [-93.50202920914668, 47.50893380230166], [-93.50203404837112, 47.50895215708104], [-93.5020360462243, 47.50897408827011], [-93.502034552326, 47.50899653946813], [-93.50202973915269, 47.50901908652922], [-93.50202305478867, 47.509038416387945], [-93.50200638475195, 47.509078219879605], [-93.50199756419416, 47.509103235925075], [-93.50199425569897, 47.50911570480554], [-93.50198923950643, 47.50914631783932], [-93.50198834568272, 47.509177577690046], [-93.50199178712857, 47.50920902137852], [-93.50200003276457, 47.509240198062194], [-93.50201422884099, 47.509271797657085], [-93.50203415257569, 47.50930224616092], [-93.50205893619606, 47.50933057029237], [-93.50208797513594, 47.509357653533534], [-93.50212021926475, 47.50938370097955], [-93.50221899981001, 47.509455600649694], [-93.5022561146043, 47.50948448840013], [-93.50229131508871, 47.509514564822574], [-93.50231933444074, 47.50954144408985], [-93.5023453397699, 47.5095692401915], [-93.50237004164357, 47.50959863211523], [-93.50239273308765, 47.50962864111953], [-93.50241337816949, 47.50965910155199], [-93.50243177836147, 47.50968987445895], [-93.50244755277787, 47.509720831202436], [-93.50246010763226, 47.5097518540667], [-93.50246796609437, 47.50977953112807], [-93.50247202108957, 47.50980701582566], [-93.50247148838861, 47.509834142509106], [-93.50246390481098, 47.50986520717412], [-93.50246152786875, 47.50987104742136], [-93.50244305401492, 47.509903045289896], [-93.50241751041982, 47.50993384657242], [-93.50238670090052, 47.50996366971103], [-93.50235196035354, 47.509992636062876], [-93.50231424189138, 47.51002076322591], [-93.5022741931994, 47.51004796321889], [-93.50223220684133, 47.5100740285256], [-93.50219259023898, 47.5100964604431], [-93.50215179684362, 47.51011748523732], [-93.5021099901486, 47.51013678677985], [-93.50206725459559, 47.51015389724851], [-93.502023602761, 47.51016817042966], [-93.50197899691554, 47.5101787459181], [-93.5019691962958, 47.51018044610255], [-93.50192446648286, 47.510185228705396], [-93.50191369837755, 47.51018568439364], [-93.50186957043584, 47.51018503878473], [-93.50182610275589, 47.510180884801116], [-93.50178399602358, 47.51017377824815], [-93.50174406950245, 47.5101640631664], [-93.5017073086444, 47.51015189003472], [-93.50167946176892, 47.51013960646702], [-93.50165565641389, 47.51012541458611], [-93.5016459016082, 47.51011690394588]]]}}, {"type": "Feature", "properties": {"code": "PSS3Dg", "type": "Freshwater Forested/Shrub Wetland", "acres": 6.47}, "geometry": {"type": "Polygon", "coordinates": [[[-93.4992914397064, 47.51168336760873], [-93.49938376136478, 47.51175029236047], [-93.49941575576194, 47.5117625027403], [-93.49952872250218, 47.51179206454117], [-93.49957971087773, 47.511789525871144], [-93.49958764030673, 47.511787757782045], [-93.49982559504235, 47.5117329876431], [-93.50006144143198, 47.51168793224851], [-93.50058058681782, 47.51174736111647], [-93.50055344242487, 47.51176067822191], [-93.50040667926702, 47.51184702453306], [-93.50025991521085, 47.511933370702195], [-93.50009152601085, 47.511962673322515], [-93.50002936349149, 47.51207721999298], [-93.50013572671608, 47.5121767462639], [-93.50026317250207, 47.51227618011991], [-93.50039048354076, 47.51236133089198], [-93.5004968494603, 47.512460857230835], [-93.50058226666741, 47.51257475966144], [-93.50070730586675, 47.5126723136694], [-93.50064530055258, 47.512697436002625], [-93.50061498780163, 47.512715254315815], [-93.50060150319091, 47.51272755305603], [-93.5005501644724, 47.51282307661204], [-93.50053783779008, 47.51285660956432], [-93.50053394359333, 47.51293617189438], [-93.50053464068598, 47.51296607645071], [-93.50053834803316, 47.5129706458329], [-93.50054508539779, 47.5129728489169], [-93.50091113001146, 47.51303353774715], [-93.50088218359805, 47.5130734007033], [-93.50073541684694, 47.513159747888295], [-93.50058851534853, 47.51323181105919], [-93.50046283205711, 47.51331806454572], [-93.50042175209919, 47.51343251967406], [-93.50031728431985, 47.5135329650075], [-93.50012740113002, 47.51351950940913], [-93.49995846305939, 47.51349167778193], [-93.49976857986957, 47.51347822095948], [-93.49957869398483, 47.51346476413358], [-93.49941057068612, 47.51352263349637], [-93.49926366559446, 47.513594694955444], [-93.49913797960811, 47.51368094784554], [-93.49901229182512, 47.51376720059391], [-93.49892904045618, 47.51388183797588], [-93.49876105010816, 47.5139539899514], [-93.49859197818853, 47.51391187244073], [-93.49842290447228, 47.513869754289516], [-93.49825369690703, 47.51381335239066], [-93.49808421984721, 47.51372838174778], [-93.49795690880852, 47.513643228946684], [-93.49785027608937, 47.51351513301704], [-93.49776486337382, 47.51340122959378], [-93.49765836540195, 47.5132874169342], [-93.4976994516481, 47.51317296391639], [-93.49786771149071, 47.513129380498796], [-93.49803570094042, 47.51305722981641], [-93.49818247128479, 47.5129708867099], [-93.49835045803955, 47.512898735202896], [-93.49854034122936, 47.512912194600915], [-93.49870941045405, 47.51295431170046], [-93.49887780414562, 47.512925010240544], [-93.4988555034687, 47.51279654851063], [-93.49889658522328, 47.51268209502895], [-93.49908619622354, 47.51266698582803], [-93.49927607851505, 47.512680443465264], [-93.49946609555383, 47.51270818451078], [-93.49961435261001, 47.51277896018155], [-93.49978261065598, 47.51273537461646], [-93.49978138984552, 47.512606821410294], [-93.49975895082804, 47.51246407603396], [-93.49973637616495, 47.51230704553874], [-93.49969312497898, 47.51219295989473], [-93.49956554534401, 47.51207924108848], [-93.49939647701763, 47.512037125106936], [-93.4992691695722, 47.51195197259529], [-93.49924686620032, 47.511823510303785], [-93.4992878132076, 47.51169477344332], [-93.4992914397064, 47.51168336760873]]]}}, {"type": "Feature", "properties": {"code": "L2ABH", "type": "Lake", "acres": 1.9}, "geometry": {"type": "Polygon", "coordinates": [[[-93.49961909751134, 47.509010917938504], [-93.49963513782906, 47.508995833772545], [-93.49965575326652, 47.5089706034792], [-93.49968528627979, 47.50893302379041], [-93.4996940493454, 47.508921793324674], [-93.49971279628706, 47.50888045756884], [-93.49970573732556, 47.50883750711001], [-93.49966924596208, 47.50880247220849], [-93.49963758753485, 47.50877207741913], [-93.49959998046378, 47.50875477839454], [-93.49957715427242, 47.508745031496886], [-93.49956564236204, 47.508724544377486], [-93.49957906678566, 47.508699218687376], [-93.49962192450954, 47.50866675164079], [-93.49965781130683, 47.50865089674883], [-93.4997196522293, 47.50863689985278], [-93.49982317498096, 47.50862720936503], [-93.4999078124504, 47.50861928707139], [-93.49996348104855, 47.50861407653648], [-93.50004543974183, 47.50861152557689], [-93.50009111548076, 47.50861127193718], [-93.50020004968368, 47.50861068698828], [-93.5002351926759, 47.508610516479315], [-93.50027658614589, 47.508614043162865], [-93.50038864648602, 47.508646115826544], [-93.50046726524305, 47.508668617528706], [-93.5005756308124, 47.508700253875254], [-93.50063440578481, 47.5087188283951], [-93.50064303859467, 47.508752844549015], [-93.50065684659891, 47.50877033532044], [-93.50069400990222, 47.50879689033547], [-93.50075906230184, 47.50883479172087], [-93.50084829914553, 47.50888678335782], [-93.500947832479, 47.5089351408798], [-93.50102383444363, 47.5089711107551], [-93.50108377453095, 47.508999476933624], [-93.50118341386563, 47.50904463536317], [-93.50126549742471, 47.50907807243009], [-93.50137442174619, 47.509122443788534], [-93.50144528355075, 47.50915441784201], [-93.50147896588234, 47.50917712502702], [-93.50150474034446, 47.50923071642032], [-93.50152896341609, 47.50928792420148], [-93.50155225313814, 47.50934292747039], [-93.50157647531148, 47.50940013148851], [-93.50159603163519, 47.50944631928543], [-93.50161693273692, 47.50949568173169], [-93.50164346897041, 47.50955835269399], [-93.50164417504622, 47.50963182611655], [-93.50164430530194, 47.5096452717897], [-93.501643456394, 47.50968048027483], [-93.50164187176584, 47.50974611331819], [-93.50163235860697, 47.50985018029095], [-93.50161910037168, 47.509896736613214], [-93.5016078507694, 47.509954640249425], [-93.501607655835, 47.509969119789204], [-93.50161050439276, 47.509981705572024], [-93.50161673420924, 47.50999217127131], [-93.50162397552874, 47.50999926632012], [-93.50163128062864, 47.510003980980386], [-93.50162740260156, 47.51001332535089], [-93.50161958995353, 47.510042730375055], [-93.50161880123271, 47.510070432767634], [-93.5016195701906, 47.51007508674391], [-93.5016286216154, 47.510098066579886], [-93.5016324834728, 47.51010369442951], [-93.50163695708291, 47.51010910262556], [-93.5016459016082, 47.51011690394588], [-93.50157723438788, 47.510101669617264], [-93.50155254958219, 47.510088324179165], [-93.50153249559179, 47.51008230070967], [-93.5015165567837, 47.51008049190902], [-93.50149838835708, 47.51008060719656], [-93.50148397578667, 47.51008259196233], [-93.50147013364646, 47.510086622171364], [-93.50144345547913, 47.51010024490669], [-93.5014260614003, 47.51011439371329], [-93.50140612778415, 47.51014415182427], [-93.50140324239545, 47.51015333719462], [-93.50140335288823, 47.51016398307203], [-93.50140665958679, 47.51017447543308], [-93.50140770881904, 47.51017632245732], [-93.5012381131816, 47.510119792199795], [-93.50119230898359, 47.509984269814176], [-93.50119116003835, 47.5098636331895], [-93.50121226865089, 47.509742897989064], [-93.5012333754668, 47.509622163724465], [-93.50118771410092, 47.50950172286524], [-93.50111979697384, 47.509381376994746], [-93.50100751205491, 47.509276305468774], [-93.50087311330863, 47.50918641007962], [-93.50073886098774, 47.50911159624637], [-93.50062671890093, 47.50902160409565], [-93.50044824072197, 47.50897714224037], [-93.50026990447682, 47.50894775967723], [-93.50009214405176, 47.508978695620804], [-93.49991423720131, 47.508994551627346], [-93.49973633214749, 47.509010406415484], [-93.49961909751134, 47.509010917938504]]]}}, {"type": "Feature", "properties": {"code": "L2ABH", "type": "Lake", "acres": 2.04}, "geometry": {"type": "Polygon", "coordinates": [[[-93.4992914397064, 47.51168336760873], [-93.49918435243971, 47.51160573772651], [-93.49898204375289, 47.511458301188625], [-93.49894329761806, 47.51143472186176], [-93.49889191308549, 47.51140867907424], [-93.49887665699701, 47.511404766678396], [-93.49886119699097, 47.5114032776865], [-93.49857197180884, 47.511399446596236], [-93.49840277232845, 47.51141434136871], [-93.49832943476697, 47.51141636188296], [-93.4983034761502, 47.511417078467744], [-93.49825730094796, 47.511416826661915], [-93.49809401238214, 47.51136227821067], [-93.49785098845338, 47.51119977505241], [-93.49780835351169, 47.51114305962067], [-93.49776772001643, 47.511062208230086], [-93.4977544707643, 47.5109471253897], [-93.4978177175502, 47.51079656821314], [-93.4978791308746, 47.5107441003342], [-93.49799056778392, 47.510639661363676], [-93.49799979078693, 47.510624001840895], [-93.49800215245781, 47.51061984303782], [-93.49802109613053, 47.51058648219271], [-93.49821617427762, 47.51052123367976], [-93.49825662900813, 47.51052818121156], [-93.49827114218985, 47.51053063560142], [-93.4982936961917, 47.51053112829971], [-93.49845700362215, 47.5105346378646], [-93.49847170455176, 47.510533550530546], [-93.49848546764022, 47.51053063014047], [-93.49862311828785, 47.51049157650667], [-93.49865559058875, 47.510494339745016], [-93.49872502137706, 47.51051815249457], [-93.49876639059252, 47.51055099762779], [-93.49875023708708, 47.510643368728275], [-93.4986622120707, 47.51074931308472], [-93.49848387043566, 47.51071992787307], [-93.49830567342937, 47.5107056214697], [-93.49819524532813, 47.51079658277559], [-93.4981741313257, 47.510917317372325], [-93.49821978640338, 47.511037760443955], [-93.49835418425135, 47.511127657516255], [-93.498510696825, 47.51120237928145], [-93.49868932502261, 47.51126192398418], [-93.49886752472383, 47.51127622841563], [-93.4990455797963, 47.511275453579714], [-93.499246036157, 47.511289662139006], [-93.49944663534984, 47.51131894873616], [-93.4996252653441, 47.51137849148637], [-93.49978163778053, 47.51143813185749], [-93.49995983658344, 47.5114524344206], [-93.50013818091344, 47.51148181740185], [-93.50029455245158, 47.51154145704878], [-93.5004510704151, 47.51161617519107], [-93.50058547365296, 47.511706070059034], [-93.50063743580228, 47.51175469134973], [-93.5006237373925, 47.511752300726656], [-93.50058058681782, 47.51174736111647], [-93.50006144143198, 47.51168793224851], [-93.49982559504235, 47.5117329876431], [-93.49958764030673, 47.511787757782045], [-93.49957971087773, 47.511789525871144], [-93.49952872250218, 47.51179206454117], [-93.49941575576194, 47.5117625027403], [-93.49938376136478, 47.51175029236047], [-93.4992914397064, 47.51168336760873]]]}}, {"type": "Feature", "properties": {"code": "PUBHb", "type": "Freshwater Pond", "acres": 0.74}, "geometry": {"type": "Polygon", "coordinates": [[[-93.50059310933288, 47.500483814857546], [-93.50070182973678, 47.50048343312536], [-93.50070943397566, 47.50048442113807], [-93.50071458311886, 47.500487564814755], [-93.50071760594979, 47.50050080102671], [-93.50072039162549, 47.50056286431159], [-93.50071539070431, 47.500566971719316], [-93.50039891782296, 47.50081695068958], [-93.50024922436066, 47.500857892252746], [-93.49983019082333, 47.50095809644515], [-93.49977969113131, 47.50096370221326], [-93.49975890860723, 47.50096081588303], [-93.49960332668822, 47.50093776225514], [-93.49959776611661, 47.50093663527491], [-93.49959336616834, 47.50093377018407], [-93.49958286755762, 47.500888722511675], [-93.49958303913584, 47.50086863529615], [-93.4996078865366, 47.500800305691364], [-93.49974064406086, 47.50059353573962], [-93.49979669983291, 47.50054577924002], [-93.49987957031618, 47.50051450029017], [-93.50056425544595, 47.50048407035718], [-93.50059310933288, 47.500483814857546]]]}}, {"type": "Feature", "properties": {"code": "PSS3Dg", "type": "Freshwater Forested/Shrub Wetland", "acres": 2.79}, "geometry": {"type": "Polygon", "coordinates": [[[-93.49802974421178, 47.49988015200463], [-93.49806108912696, 47.4999131494494], [-93.4980667458183, 47.49991763682354], [-93.49807386047537, 47.499918703136224], [-93.49815380963733, 47.49991819031084], [-93.4982373197211, 47.49990915001769], [-93.49829932503528, 47.499936821951906], [-93.49830563749678, 47.49993911965156], [-93.49834417073089, 47.49994450522611], [-93.49835195193788, 47.4999428004618], [-93.4983564794469, 47.49993854613701], [-93.49835678217916, 47.49993221016619], [-93.49835230138252, 47.49991701475722], [-93.49833449857023, 47.49986097777962], [-93.49835893633922, 47.49987622903909], [-93.49838425894875, 47.49989040062926], [-93.49841620214193, 47.49990515786839], [-93.49845038483514, 47.49991695710227], [-93.49847514869256, 47.499923009655475], [-93.4985007749327, 47.4999274187395], [-93.49854643270531, 47.49993151041766], [-93.49859321606698, 47.49993180597492], [-93.49864032641543, 47.499928881960535], [-93.49868698491129, 47.49992307337933], [-93.49873236240956, 47.49991449068516], [-93.4987755399337, 47.499903024028676], [-93.49881544489524, 47.49988834204385], [-93.49885079809324, 47.499869879102214], [-93.49888046765045, 47.499847229794085], [-93.49890492877564, 47.49982118186385], [-93.49892545078829, 47.49979175472717], [-93.49894202650192, 47.499760786058694], [-93.49895539792492, 47.4997292177586], [-93.49898053368489, 47.49965588766066], [-93.49899253427878, 47.499629247303744], [-93.49899648057782, 47.4996229355715], [-93.49901393125052, 47.499603677500716], [-93.49901986552129, 47.499599178568666], [-93.49903106841121, 47.49959240194916], [-93.4990598207885, 47.499581100905495], [-93.49909641635654, 47.499573242184624], [-93.49913751967068, 47.49956887737444], [-93.49918198088736, 47.499567232680825], [-93.49922888641991, 47.499567748544145], [-93.49927749156498, 47.49957004686686], [-93.49932718816315, 47.49957391159304], [-93.49937416735754, 47.499578862666176], [-93.49942127411275, 47.49958508215523], [-93.49946815988237, 47.499592634390986], [-93.49951445995042, 47.49960169840764], [-93.49955977905819, 47.49961256308755], [-93.4996023376431, 47.499625088236414], [-93.49964334393917, 47.49963958458439], [-93.49968250509568, 47.499656064874586], [-93.49971942136229, 47.499674659588024], [-93.4997620742703, 47.49970117732877], [-93.49979222981604, 47.49972354267251], [-93.49982680686966, 47.499753100936935], [-93.4998573603691, 47.49978293592911], [-93.49988592499851, 47.4998139397844], [-93.49991280438844, 47.4998457932741], [-93.49993812969292, 47.49987826213543], [-93.499961849708, 47.499911173402424], [-93.49998373266833, 47.49994440387486], [-93.50000334378927, 47.4999778661595], [-93.50002001113107, 47.5000114995666], [-93.50003278786937, 47.500045254330615], [-93.5000403957015, 47.50007909343097], [-93.5000416362749, 47.50011089092576], [-93.50003798552159, 47.50013807177851], [-93.50003040643554, 47.500164885448086], [-93.50001927091927, 47.500191164433176], [-93.50000392679593, 47.500218131012055], [-93.4999852409397, 47.50024410713227], [-93.49996342086143, 47.500268861570305], [-93.49993848901904, 47.50029209391745], [-93.49990228421814, 47.50031894634932], [-93.49986157795936, 47.500342466339745], [-93.4998167592132, 47.50036213318262], [-93.49980548266144, 47.500366170206924], [-93.49975554261985, 47.50038062690249], [-93.49970306304095, 47.500392063110176], [-93.49959514662925, 47.50041185616723], [-93.49954172202267, 47.50042297678633], [-93.49948994762127, 47.50043679319947], [-93.49944401945574, 47.500453009850155], [-93.49939986097132, 47.50047195020722], [-93.4993570086373, 47.50049279679057], [-93.49931506360176, 47.500514825581625], [-93.49923194518344, 47.500560080523165], [-93.49919014747161, 47.500581895662016], [-93.4991479652808, 47.5006019720633], [-93.49910505006476, 47.50061931140178], [-93.49906101195457, 47.50063269687438], [-93.49904406883, 47.50063641586981], [-93.49901117611755, 47.50064133710535], [-93.49897795192676, 47.50064351825211], [-93.49894475917701, 47.5006430570191], [-93.49892720879132, 47.5006417461462], [-93.4989013471926, 47.500638573955136], [-93.4988756984946, 47.500634291163074], [-93.49875017689996, 47.500609422195936], [-93.49870338186018, 47.500599448631014], [-93.49865654819284, 47.50058814598347], [-93.49861140784981, 47.500575232050174], [-93.49857496319873, 47.50056291043498], [-93.49853197791407, 47.50054549339638], [-93.49848767030932, 47.50052329104852], [-93.49844624988988, 47.500498259382994], [-93.49840781008054, 47.50047077709356], [-93.49837268954622, 47.50044100196729], [-93.49834204531692, 47.500409972386116], [-93.49831415891556, 47.50037731207681], [-93.49828830180843, 47.50034345860331], [-93.49826392692151, 47.50030873725614], [-93.49821570625537, 47.500233759046665], [-93.49814756814274, 47.50011914708016], [-93.49810444361921, 47.500042668361665], [-93.4980841012696, 47.50000479339986], [-93.49806512974912, 47.4999674282012], [-93.49804819291275, 47.49993087439294], [-93.49803422141514, 47.49989555498208], [-93.49802974421178, 47.49988015200463]]]}}, {"type": "Feature", "properties": {"code": "PEM1Cb", "type": "Freshwater Emergent Wetland", "acres": 14.39}, "geometry": {"type": "Polygon", "coordinates": [[[-93.47539136451705, 47.513332434551266], [-93.47542706176982, 47.51342671622745], [-93.47556128983621, 47.51350156152733], [-93.47573962697966, 47.51353098158567], [-93.47593981384578, 47.513515070523134], [-93.47611733352234, 47.513454013353424], [-93.47640586879834, 47.513362333421135], [-93.4766476234076, 47.513279179839515], [-93.47666602539618, 47.51329303230706], [-93.47667241601113, 47.513297796424084], [-93.47670738113695, 47.513319558943955], [-93.47672891195766, 47.5133322774059], [-93.47673617573506, 47.513336455409636], [-93.4767425618584, 47.513341219522715], [-93.4767675350233, 47.51336007271335], [-93.47677299947517, 47.513364949677616], [-93.47677675892463, 47.51337069063703], [-93.47677891128806, 47.513377090513636], [-93.47677966138131, 47.51338382773595], [-93.4767790900528, 47.513390605608876], [-93.47677715777664, 47.51339713107789], [-93.47677370285605, 47.51340309895378], [-93.47674213156539, 47.51344470296608], [-93.47672200031987, 47.51346772804543], [-93.47671662390289, 47.51347322083803], [-93.47671260124706, 47.51347958915179], [-93.47670979670673, 47.513486724987246], [-93.47670791653285, 47.51349441477262], [-93.47670675501118, 47.51350248255396], [-93.4767061684113, 47.5135107857479], [-93.47670606869829, 47.51351919815317], [-93.47670956314475, 47.513726148358764], [-93.47671036623862, 47.513733842962935], [-93.47671207932586, 47.51374122145746], [-93.47671489105271, 47.51374806299129], [-93.47671907989687, 47.51375410242187], [-93.47679993186571, 47.513835061911], [-93.47680602603658, 47.51383995157255], [-93.47683742215577, 47.51386373246747], [-93.47692524325458, 47.51392121672218], [-93.47694628179853, 47.51393394777967], [-93.47698046718666, 47.51395576949543], [-93.47698672035936, 47.513960535979216], [-93.47701160908264, 47.51397968017837], [-93.47701732236784, 47.51398481555265], [-93.47702155073787, 47.51399096780804], [-93.47702449272043, 47.51399800285655], [-93.477026488777, 47.514005687106426], [-93.47702779762236, 47.51401384399858], [-93.4770286168859, 47.51402233580496], [-93.47702909658625, 47.51403106059459], [-93.47702934901285, 47.514039940705835], [-93.47702968498277, 47.51407592346424], [-93.47703042249962, 47.5140935247067], [-93.47703124625474, 47.51410201468], [-93.47703255959168, 47.51411016791683], [-93.47703456103812, 47.51411784790315], [-93.47703751110554, 47.51412487808086], [-93.47704174935704, 47.51413102485923], [-93.47704747432034, 47.51413615233121], [-93.47707243760377, 47.51415524550102], [-93.4770787159293, 47.51415999255138], [-93.47708401059957, 47.514163151790754], [-93.47710701465738, 47.51417679834378], [-93.47714135904732, 47.51419851074742], [-93.47714613898295, 47.51420202431414], [-93.47717313335723, 47.51422199054244], [-93.47717928322368, 47.514226827989305], [-93.47718417994028, 47.514232523956494], [-93.4772199337869, 47.51428046943852], [-93.47722380193251, 47.51428655795279], [-93.47722658581158, 47.51429339334824], [-93.47722855761363, 47.51430078753901], [-93.47722993383265, 47.51430859430353], [-93.47723087886034, 47.5143167020037], [-93.4772319361774, 47.51433350410558], [-93.47723251379415, 47.51435944836538], [-93.47723305907151, 47.51442948706365], [-93.47723287042531, 47.51445539729936], [-93.47723206283986, 47.514472176301275], [-93.47723124447465, 47.51448027851564], [-93.4772299958164, 47.51448808828704], [-93.47722815696503, 47.514495500045435], [-93.4772255231046, 47.5145023748508], [-93.47718656406904, 47.51458335988138], [-93.47718233839394, 47.51458947444966], [-93.47717669158408, 47.51459463828028], [-93.47715234993481, 47.514614123227055], [-93.47714620276332, 47.51461895275031], [-93.47713911864899, 47.514623156134036], [-93.47711052257857, 47.514639790682054], [-93.4771029246279, 47.51464364944504], [-93.47709486584147, 47.5146463050747], [-93.47708580902678, 47.514648293914895], [-93.47694536192368, 47.51468130452556], [-93.47681580958836, 47.514711932514615], [-93.47680770229292, 47.51471459360133], [-93.47680004146018, 47.51471846085294], [-93.4767710555209, 47.51473515846988], [-93.47676384025254, 47.5147393861132], [-93.47675754755397, 47.514744246567815], [-93.47673267140712, 47.51476392378997], [-93.47672700573263, 47.51476915798322], [-93.47672322831684, 47.51477469189673], [-93.47672059984635, 47.51478089502415], [-93.47671889304729, 47.514787568967165], [-93.47671795969772, 47.51479453959634], [-93.47671770547448, 47.5148016564446], [-93.47671810163153, 47.51480877329188], [-93.4767191760166, 47.51481574573844], [-93.47672101576632, 47.51482241967702], [-93.4767237708993, 47.514828623405535], [-93.47672766150279, 47.514834153672425], [-93.47673343946668, 47.51483938118471], [-93.47675871356721, 47.514859086280396], [-93.47676508531752, 47.514863963105384], [-93.47677235178986, 47.51486819498536], [-93.47680110865872, 47.51488455218425], [-93.47680848831878, 47.51488809786124], [-93.47681580419845, 47.51489020985661], [-93.47682386118824, 47.51489149913847], [-93.47683236284409, 47.51489207066951], [-93.4770974125653, 47.51489328896492], [-93.47710775397086, 47.51489307236562], [-93.47711786450938, 47.51489239465842], [-93.47712752139869, 47.514891192137725], [-93.47713647490713, 47.514889362874314], [-93.47714443667547, 47.51488675822151], [-93.47715193401484, 47.51488287642102], [-93.47718057410273, 47.51486607146144], [-93.47722614204383, 47.51484255676471], [-93.47744653202069, 47.51473828673179], [-93.47745488725116, 47.5147354861001], [-93.47746435549425, 47.51473344144473], [-93.47747464659415, 47.51473197984976], [-93.47748552339559, 47.514730969049765], [-93.47749679365914, 47.5147303162161], [-93.4775082920948, 47.514729964316935], [-93.47751986778553, 47.514729884229546], [-93.47753137610265, 47.51473007777406], [-93.47754266253587, 47.514730577713586], [-93.47755356179522, 47.514731447147255], [-93.47756387175973, 47.514732784364064], [-93.47757334718935, 47.514734730123664], [-93.47758169343666, 47.51473747129661], [-93.47758926533618, 47.51474145564398], [-93.47761623994754, 47.51475960392684], [-93.47762231166054, 47.514764572982855], [-93.47762706644335, 47.51477043331339], [-93.477630832181, 47.51477696043097], [-93.47763737461123, 47.51479066931677], [-93.47764108016177, 47.514797215240165], [-93.47764571726528, 47.51480311439728], [-93.47765159584048, 47.51480815746926], [-93.47767753199938, 47.51482890128402], [-93.47768217988265, 47.51483250824364], [-93.47768920380986, 47.51483675104715], [-93.47771766333638, 47.51485345894074], [-93.4777253053045, 47.51485727400408], [-93.4777344276962, 47.51486007159565], [-93.47774483288214, 47.51486199004811], [-93.47775617950249, 47.514863261735734], [-93.4777682106391, 47.51486406624797], [-93.47778072776427, 47.51486453463673], [-93.47780667829619, 47.51486484345778], [-93.47788675951051, 47.514864243410564], [-93.4779130487073, 47.514864319857466], [-93.47792589192093, 47.51486456497281], [-93.47793841533428, 47.51486502972121], [-93.47795049228496, 47.51486579904363], [-93.47796195299136, 47.51486699246412], [-93.47797257736624, 47.514868758629284], [-93.47809392898134, 47.51489507879135], [-93.4781019437503, 47.514897730767956], [-93.47810944468293, 47.514901638656355], [-93.47813604110354, 47.51491961154155], [-93.47814179571125, 47.51492471830799], [-93.47814601958972, 47.514930874700234], [-93.47814894809754, 47.514937920543694], [-93.47815095134064, 47.51494559919546], [-93.47815232755963, 47.51495370922408], [-93.47815586243028, 47.51498749988423], [-93.47815717397059, 47.514995654196895], [-93.4781590550428, 47.515003418387664], [-93.4781617643617, 47.515010613474416], [-93.47816561903258, 47.515017022251826], [-93.47820059493817, 47.51506546513322], [-93.47820543236598, 47.51507120044609], [-93.47821152653687, 47.51507607361109], [-93.47824301158927, 47.51509974898352], [-93.47835728807318, 47.51517528476866], [-93.478370884075, 47.51518406882488], [-93.47839952865448, 47.51520064252336], [-93.47840693256904, 47.515204619554936], [-93.4784142825847, 47.5152073418951], [-93.47842237730373, 47.515209552772525], [-93.4784480906804, 47.51521521223003], [-93.47845615844997, 47.51521744555563], [-93.47846345277009, 47.515220209758596], [-93.47847073810705, 47.515224277189546], [-93.4784973192563, 47.51524233793822], [-93.47850316728879, 47.51524740948367], [-93.47850750166005, 47.515253525794705], [-93.4785105550337, 47.515260527304555], [-93.47854727187432, 47.515360852042924], [-93.47854917899765, 47.515367357245296], [-93.47854980692004, 47.51537412697474], [-93.47854920235386, 47.51538089670329], [-93.47851565746451, 47.51556356922918], [-93.47851381052827, 47.515570917130766], [-93.47851104820879, 47.51557765953185], [-93.4785070534007, 47.51558358165629], [-93.47850133472562, 47.51558877087104], [-93.47847472393197, 47.515607098447795], [-93.47846714664254, 47.515611067561345], [-93.47845877614071, 47.515613800801205], [-93.4784492647785, 47.515615749561704], [-93.47843891798304, 47.51561709889025], [-93.47842798099447, 47.51561798954412], [-93.47841665593367, 47.51561852041754], [-93.47840511078566, 47.51561875703538], [-93.47839349107744, 47.51561872973331], [-93.4783819396412, 47.51561844518519], [-93.47837059481749, 47.51561787790903], [-93.47835961111652, 47.51561697451422], [-93.47834916370975, 47.51561565127429], [-93.47833946639625, 47.51561378866697], [-93.47813960741522, 47.51555999750912], [-93.47813054431231, 47.51555715566478], [-93.47812288886946, 47.51555334793289], [-93.47809407630506, 47.51553688780121], [-93.47808695266484, 47.5155327202868], [-93.47808075698431, 47.51552791390274], [-93.47805631382545, 47.515508463271225], [-93.47805066342231, 47.51550328496943], [-93.47804678719186, 47.51549779420944], [-93.47804389820989, 47.51549162635614], [-93.47804170093072, 47.51548498465856], [-93.4780350758555, 47.51545693687004], [-93.4780328668982, 47.51545030123518], [-93.47802996623817, 47.515444144297156], [-93.47802607383804, 47.515438665058575], [-93.47802192451975, 47.515434720200574], [-93.47799583744388, 47.51541413315776], [-93.47798961930549, 47.515409345570994], [-93.47795399571459, 47.51538850976498], [-93.47794664120735, 47.51538450119812], [-93.47781149416444, 47.51532586639305], [-93.47774707238216, 47.5153040865037], [-93.47773769217395, 47.515301466096865], [-93.47772715313903, 47.5152996423082], [-93.47771575351808, 47.515298405820715], [-93.47770372777137, 47.51529760070836], [-93.47769125017207, 47.51529710441454], [-93.47767845456916, 47.515296827751996], [-93.47766543348912, 47.51529670337515], [-93.47763899247705, 47.51529673189084], [-93.47754525687043, 47.515297644391936], [-93.47750536718023, 47.51529784218141], [-93.47747928459594, 47.515297623156876], [-93.47746655277342, 47.51529730220402], [-93.47745414075114, 47.51529676101322], [-93.47744217788652, 47.51529591100385], [-93.4774308330628, 47.51529463932672], [-93.47725171707997, 47.51527036399964], [-93.4768118336449, 47.515191282088374], [-93.47676425347758, 47.51518143324413], [-93.4767100662013, 47.51516427405703], [-93.4766194522403, 47.51513459281217], [-93.4766122702096, 47.51513175701197], [-93.47660511872162, 47.515127609487045], [-93.47657873160847, 47.51510949166736], [-93.4764127193507, 47.51502417183272], [-93.47633944916285, 47.515000702104125], [-93.4763321934703, 47.51499791847461], [-93.47632490364177, 47.514993864980624], [-93.47629666599913, 47.51497701576605], [-93.47628321642271, 47.514968132779764], [-93.47625662449366, 47.51495015627085], [-93.47619756834858, 47.51490917898108], [-93.4761115762197, 47.51485045931059], [-93.47610439329067, 47.51484633117853], [-93.47607378948557, 47.51482884303876], [-93.47606795043622, 47.51482605879334], [-93.4760588918249, 47.5148232181227], [-93.47604865372561, 47.51482118499843], [-93.47603763229537, 47.514819690642966], [-93.47600308039462, 47.51481622626204], [-93.47599205806608, 47.51481473251317], [-93.47598182086509, 47.514812698175106], [-93.4759727631521, 47.51480985629033], [-93.47596511938734, 47.51480604486386], [-93.47593445898838, 47.51478858583331], [-93.4759291418602, 47.51478544179958], [-93.47584321261338, 47.514726394360345], [-93.47581660990457, 47.514708061622215], [-93.47579726737987, 47.51469372172281], [-93.4757909037144, 47.51468885640974], [-93.47578368125953, 47.51468457779759], [-93.47575503847668, 47.514667711495434], [-93.47574763007052, 47.51466399652767], [-93.47574028185149, 47.514661736482644], [-93.47573218443753, 47.51466030279498], [-93.47572366032381, 47.5146595996024], [-93.47571499876784, 47.51465958200744], [-93.47570649351873, 47.51466025304368], [-93.47569844730872, 47.51466166367582], [-93.47569118442965, 47.514663916440185], [-93.4756839520933, 47.514667658710465], [-93.47565765391336, 47.514685830074356], [-93.47565191098374, 47.514691056994685], [-93.47564790629421, 47.51469697618561], [-93.47564511612694, 47.514703705957814], [-93.47564323415641, 47.514711035171395], [-93.4756420169392, 47.51471879819081], [-93.47564127762573, 47.51472687003099], [-93.4756407062972, 47.514743584633464], [-93.47564082307818, 47.514777741889155], [-93.47564055448193, 47.51479456022492], [-93.47564011700237, 47.51480276007172], [-93.47563936062092, 47.51481074271086], [-93.47563816496326, 47.51481842684168], [-93.47563637551923, 47.51482571296204], [-93.47559964789883, 47.51496121799189], [-93.47559689635911, 47.514968320256244], [-93.4755928171094, 47.51497453488847], [-93.4755871810793, 47.51497970899542], [-93.47556092871345, 47.51499792636196], [-93.47555343676399, 47.51500186215199], [-93.47554470154616, 47.51500467733075], [-93.47553470599199, 47.51500665220281], [-93.47552378427478, 47.51500800882763], [-93.4755121897194, 47.51500891769346], [-93.47550011366704, 47.515009508031525], [-93.47547505516218, 47.51501009533598], [-93.47544934987033, 47.515010271891356], [-93.475280213272, 47.515010819759006], [-93.47525460050662, 47.51501078578272], [-93.47524200702465, 47.515010632282724], [-93.47522964620634, 47.51501032346248], [-93.47521762225627, 47.515009790762804], [-93.47520606632845, 47.51500893832191], [-93.47519516706912, 47.51500763994217], [-93.47518516163348, 47.51500573059584], [-93.47517636083863, 47.51500299671757], [-93.4751687188705, 47.51499917802451], [-93.47514017310573, 47.51498252538884], [-93.47513310605939, 47.51497831657342], [-93.47510215460629, 47.514954272260354], [-93.47509618350458, 47.51494931353654], [-93.47509146016282, 47.514943499336695], [-93.47502070705441, 47.51484490477656], [-93.47500115252731, 47.51481272487086], [-93.47499777037027, 47.51480728560999], [-93.47499360039072, 47.51480238329742], [-93.47498750352489, 47.51479751253393], [-93.47496048759102, 47.51477982597973], [-93.47495291119992, 47.514775969046916], [-93.47494379868968, 47.51477316477693], [-93.47493336745259, 47.51477126634303], [-93.474921966035, 47.51477003287671], [-93.47490986752477, 47.514769276900765], [-93.47489727044953, 47.51476886250949], [-93.47488433111617, 47.514768682312955], [-93.4748046568387, 47.514769003269045], [-93.47479172020029, 47.514768822465825], [-93.47477912851494, 47.51476840443416], [-93.47476703090301, 47.51476764785146], [-93.47475563667196, 47.514766409531276], [-93.47474520902813, 47.5147645062434], [-93.47473610550105, 47.51476169590553], [-93.4747285389914, 47.51475783108403], [-93.47470159402445, 47.514740093551765], [-93.47469552410809, 47.5147352015472], [-93.4746907819017, 47.51472939885137], [-93.47466152197627, 47.51468605213507], [-93.47464181832882, 47.51465419005511], [-93.47463806516757, 47.51464767323657], [-93.47463330319825, 47.51464183898143], [-93.47462721262062, 47.51463690449705], [-93.47460013739794, 47.51461889450482], [-93.47459252597254, 47.51461492895658], [-93.47458337393643, 47.51461200272642], [-93.47457289688529, 47.51460996777381], [-93.47456145324688, 47.51460858626299], [-93.47454931521075, 47.51460767799696], [-93.47453669567764, 47.51460710949645], [-93.47452376173418, 47.51460679399989], [-93.47451064633104, 47.51460667083493], [-93.47448433198142, 47.51460692262542], [-93.47447136030871, 47.514607323670084], [-93.47445868597838, 47.514607972258176], [-93.47444647967029, 47.51460895939835], [-93.47443495518351, 47.51461041553618], [-93.47442439369071, 47.5146125184419], [-93.47441515990792, 47.51461550777131], [-93.4744074838038, 47.514619532171736], [-93.47438055500653, 47.514637999633486], [-93.47437481207692, 47.51464317802073], [-93.47437068791146, 47.51464934961407], [-93.47436799027066, 47.51465633907004], [-93.47436641103238, 47.51466387154265], [-93.4743657417875, 47.51467171526322], [-93.47436587563648, 47.51467966576596], [-93.47436679281638, 47.514687533146414], [-93.4743685571076, 47.51469512203976], [-93.47437132391867, 47.514702220699824], [-93.47437533669306, 47.5147085870443], [-93.47441178853065, 47.514757255304445], [-93.47441672387481, 47.514763027661104], [-93.47442290069071, 47.51476793543785], [-93.47445485376537, 47.51479161094931], [-93.47449112055001, 47.5148123044127], [-93.4744986421439, 47.514816280260284], [-93.47450609546581, 47.51481900504748], [-93.47451430157594, 47.514821223221915], [-93.47454037697368, 47.51482693247246], [-93.47454857499895, 47.514829188870024], [-93.4745560004731, 47.514831977362306], [-93.47456168052065, 47.51483497395991], [-93.47456681618912, 47.51483833519693], [-93.4745902244888, 47.51485393461025], [-93.47459584434921, 47.51485878231306], [-93.47459970081673, 47.514864526142624], [-93.47460190348579, 47.51487094343198], [-93.4746026625622, 47.51487769623726], [-93.474602043623, 47.51488446481645], [-93.47459999187087, 47.51489093913509], [-93.47459631057484, 47.514896785496965], [-93.47459091529325, 47.5149017951903], [-93.47456015877454, 47.51492621630081], [-93.47451994928412, 47.51495379234474], [-93.47448413614867, 47.514975023904704], [-93.47447649687551, 47.51497895423596], [-93.47446736729728, 47.514981893186814], [-93.47445694414505, 47.51498397544914], [-93.47444556877859, 47.514985431576605], [-93.47443350440433, 47.51498643387762], [-93.4744209486516, 47.51498711461717], [-93.47440805243738, 47.51498757147714], [-93.47439493433927, 47.514987868163104], [-93.47436835498667, 47.514988146647475], [-93.47434177832898, 47.51498808476205], [-93.4743286611292, 47.514987893645355], [-93.47431577030487, 47.51498754174787], [-93.47430321994204, 47.5149869611171], [-93.47429115826273, 47.51498605589123], [-93.4742797837946, 47.51498469198517], [-93.4742693570491, 47.51498269163007], [-93.47426021399613, 47.51497982305879], [-93.47425255496, 47.51497595097268], [-93.47422393104179, 47.51495918183936], [-93.47421679392687, 47.514954994257266], [-93.47413700286839, 47.514900965803065], [-93.47413085300197, 47.51489612841835], [-93.47410474526484, 47.514875542377645], [-93.47410057169205, 47.5148716114319], [-93.47409664695257, 47.514866149728434], [-93.47409370946158, 47.51486001031681], [-93.47409146547001, 47.51485339280809], [-93.47408466791825, 47.51482541081467], [-93.47408242123173, 47.514818782987334], [-93.47407947924917, 47.51481262597521], [-93.47407554732318, 47.51480714363708], [-93.47406983044472, 47.51480196829963], [-93.47404516719858, 47.5147823827068], [-93.47403897151807, 47.51477746643729], [-93.47399820686877, 47.514749951579645], [-93.4739908254121, 47.51474570755566], [-93.47396160591084, 47.51472903117737], [-93.47395413192767, 47.514725405402224], [-93.47394548923633, 47.5147229797245], [-93.47393603267135, 47.51472170742681], [-93.4739263209848, 47.5147214835461], [-93.4739169165221, 47.51472229534122], [-93.4739084184595, 47.51472423382055], [-93.47390151670318, 47.51472749070834], [-93.47389678258163, 47.514732214044706], [-93.47389399510931, 47.51473801492007], [-93.47389284975732, 47.51474443829213], [-93.47389319111714, 47.51475108918431], [-93.47389500122242, 47.51475760416986], [-93.47389839415925, 47.51476362952964], [-93.47393001306062, 47.51480601756137], [-93.47397605800712, 47.51486757734329], [-93.47398031332665, 47.51487245538092], [-93.47398644971834, 47.51487733523829], [-93.47401815395966, 47.51490095548882], [-93.47402525873525, 47.514905146715506], [-93.47403271744706, 47.514909093433474], [-93.47403982761253, 47.51491327919907], [-93.47407163875337, 47.51493677080871], [-93.47407780658611, 47.514941606976215], [-93.47408272306565, 47.51494730104563], [-93.474118706881, 47.51499533142205], [-93.47412274121494, 47.51500168863019], [-93.47412562570531, 47.51500884428038], [-93.47412766308437, 47.51501659208777], [-93.47412908242252, 47.515024771878146], [-93.47413005978954, 47.51503326048733], [-93.47413072274625, 47.51504196690732], [-93.47413116022578, 47.51505081590479], [-93.47413157704406, 47.51506873352751], [-93.47413148811086, 47.51508665417769], [-93.47413121232806, 47.515095508021425], [-93.47413071106813, 47.51510421928482], [-93.47412989000796, 47.515112718195354], [-93.47412862428173, 47.515120912532005], [-93.47412673153143, 47.515128680344525], [-93.47412398448327, 47.51513586449313], [-93.47412007321853, 47.515142260514175], [-93.47408456820526, 47.515191598188146], [-93.47408041888697, 47.51519649925089], [-93.4740744091577, 47.51520143004239], [-93.47404960757102, 47.515220629606794], [-93.474004219293, 47.515252874181], [-93.47399715494159, 47.515257090255034], [-93.47396888406128, 47.51527395636776], [-93.47396133012805, 47.51527784845348], [-93.47395260030014, 47.5152806660443], [-93.47394265056005, 47.515282668208215], [-93.47393179441984, 47.51528406668936], [-93.47392027532294, 47.51528502408767], [-93.47390828101727, 47.51528566295994], [-93.47389594355515, 47.51528607674045], [-93.47387063621697, 47.51528649112769], [-93.47368932385328, 47.515286863044736], [-93.4733941536206, 47.5152865748545], [-93.47338377358749, 47.51528647474633], [-93.47337361453994, 47.51528591232031], [-93.47336390105677, 47.515284819017566], [-93.47335488017468, 47.51528309230291], [-93.47334684654112, 47.5152805762503], [-93.47333926116686, 47.515276772138606], [-93.47331063185875, 47.51525999824772], [-93.47330347587919, 47.51525577974707], [-93.4730229050665, 47.51506748611362], [-93.47301670669104, 47.515062682720554], [-93.47299194373193, 47.515043452155645], [-93.47298619002252, 47.515038346007536], [-93.47298184666812, 47.515032271534984], [-93.47297868190337, 47.51502538769824], [-93.47297630675777, 47.515017963880304], [-93.47295763886785, 47.51496965686034], [-93.47288972263911, 47.51487816462589], [-93.47287571520889, 47.51486060187001], [-93.47285652899104, 47.514840106216866], [-93.47282358058305, 47.51479655209312], [-93.47281952379123, 47.514790225196236], [-93.4728166186396, 47.514783098032154], [-93.47281456239593, 47.514775374459184], [-93.47281312329483, 47.51476721404505], [-93.4728121225716, 47.514758736920534], [-93.47281094128701, 47.514741172911265], [-93.47281033672083, 47.51472315931447], [-93.472809995361, 47.51470497218875], [-93.47280992259746, 47.5146778079792], [-93.47281056129964, 47.514660167495656], [-93.47281132846089, 47.51465165880422], [-93.47281258161071, 47.51464348744982], [-93.47281452825993, 47.51463578873199], [-93.47281744329304, 47.514628747095], [-93.47282168873107, 47.51462260340851], [-93.47282749005117, 47.51461750935391], [-93.47285433530512, 47.5145996164528], [-93.47286190810297, 47.51459572856382], [-93.47287000461863, 47.51459308931316], [-93.47287912970528, 47.514591139907935], [-93.47288897254585, 47.51458967284854], [-93.47293057711993, 47.514585305039795], [-93.47294041457057, 47.514583836160014], [-93.4729495432505, 47.51458189585534], [-93.47295766581732, 47.51457928208644], [-93.4729653239551, 47.514575460935646], [-93.4729941410111, 47.514558966520624], [-93.47300133202495, 47.514554831691676], [-93.47304113547688, 47.514527777828384], [-93.47304576988543, 47.51452416417381], [-93.4730716692134, 47.51450340689064], [-93.47307737261713, 47.514498250331734], [-93.4730816620726, 47.51449214121332], [-93.47312123106424, 47.514410853892244], [-93.47312371490601, 47.514403830426865], [-93.47312519982115, 47.51439634766853], [-93.47312585020144, 47.51438860462341], [-93.47312573611539, 47.51438077906228], [-93.47312486564789, 47.51437304814938], [-93.47312315884884, 47.51436559026247], [-93.47312046749624, 47.51435860440811], [-93.47308311195347, 47.51426557487276], [-93.473062812723, 47.514233683414595], [-93.47305751535777, 47.51422815187094], [-93.47305373614536, 47.51422229512019], [-93.47305094867303, 47.51421578128165], [-93.47304893285354, 47.514208777205496], [-93.4730475260918, 47.51420142122569], [-93.47304661160686, 47.51419382680039], [-93.47304611573682, 47.51418609585995], [-93.47304600165077, 47.51417831880694], [-93.47304627114535, 47.51417058179691], [-93.47304696464477, 47.514162978872925], [-93.47304816569229, 47.514155611358824], [-93.47304999556053, 47.514148598173676], [-93.4730526339125, 47.514142080078905], [-93.47305631161528, 47.51413623302625], [-93.4731311978723, 47.51403362585238], [-93.47313593289218, 47.514027846134724], [-93.47314193723155, 47.514022915839696], [-93.47317301624543, 47.51399898818797], [-93.47317821030438, 47.51399575491748], [-93.47320074005172, 47.51398176551417], [-93.47322736432012, 47.513963808689475], [-93.4732404878081, 47.51395470468135], [-93.47326534059876, 47.513935564720185], [-93.47327133056507, 47.51393063077614], [-93.47335950200684, 47.51382863054009], [-93.47343367859479, 47.51368027558335], [-93.47343625496302, 47.51367322593058], [-93.4734378234215, 47.51366571394479], [-93.47343853578552, 47.51365794530898], [-93.47343845673377, 47.51365010993113], [-93.47343756560502, 47.51364239286546], [-93.47343576627951, 47.51363499433479], [-93.47343286651777, 47.51362813883129], [-93.47342857616397, 47.51362209331884], [-93.4734227299281, 47.51361701554893], [-93.47339542204178, 47.51359665653238], [-93.47339048310435, 47.51359311258832], [-93.47338503033058, 47.5135899181239], [-93.47337352560673, 47.51358393631431], [-93.4733680809178, 47.51358073881569], [-93.47336160316628, 47.5135759504549], [-93.4733362545056, 47.51355694747801], [-93.47333069932387, 47.5135520013636], [-93.4733268509412, 47.51354617366073], [-93.47332460874624, 47.51353966701909], [-93.47332376343157, 47.51353280300886], [-93.47332423414878, 47.51352588135772], [-93.47332606042376, 47.51351919572623], [-93.47332939676672, 47.513513057977256], [-93.47336405646531, 47.513466948994726], [-93.47336890736786, 47.513462958483196], [-93.4733733944527, 47.51346113220369], [-93.47337836932273, 47.51346030279364], [-93.47338350049965, 47.51346042474789], [-93.47338846189497, 47.51346149017875], [-93.4733944877939, 47.51346429451887], [-93.47342087490703, 47.51347991800335], [-93.4734279311736, 47.51348418882614], [-93.47343420321091, 47.51348909429555], [-93.47344015454968, 47.51349427218941], [-93.47344647689265, 47.51349921952275], [-93.47345365622837, 47.513503588635295], [-93.4734824328602, 47.513520963757], [-93.4734901206424, 47.513524945163056], [-93.47349928615326, 47.51352790543111], [-93.47350972817011, 47.51352997925681], [-93.47352110353654, 47.5135313984137], [-93.47353314635126, 47.513532336428405], [-93.47354564820506, 47.51353292314269], [-93.47355845189281, 47.51353324653328], [-93.47358444284892, 47.513533305993434], [-93.47359741092836, 47.51353307604032], [-93.47361021820937, 47.513532652538174], [-93.47362273623284, 47.51353198876839], [-93.47363481498016, 47.513531008888826], [-93.47364626490678, 47.51352960004643], [-93.47365684346755, 47.513527611163845], [-93.47366624433701, 47.51352484141109], [-93.47381724664469, 47.51347315349019], [-93.47382581926745, 47.51346992686142], [-93.47383313604544, 47.51346585747424], [-93.4738634029823, 47.513447957506344], [-93.47386870124585, 47.51344475878594], [-93.47387494453707, 47.513439939469144], [-93.47389968234337, 47.51342044680553], [-93.4739053498145, 47.51341523250008], [-93.47390951081088, 47.51340902860452], [-93.47391235757202, 47.513401977095086], [-93.4739142081015, 47.51339432127353], [-93.4739153058428, 47.513386251048615], [-93.47391580710273, 47.513377925992344], [-93.47391580979766, 47.51336947716013], [-93.4739153480636, 47.51336102650635], [-93.47391440393424, 47.513352686884325], [-93.47391290374773, 47.51334458388915], [-93.4739107154517, 47.51333685889096], [-93.47390764501006, 47.513329679349965], [-93.47390342202989, 47.513323251557566], [-93.4738979387134, 47.51331766773841], [-93.47389196491676, 47.513312409737566], [-93.47388647441376, 47.513306819849845], [-93.47388251733491, 47.513300907176266], [-93.4738795537928, 47.513294333762886], [-93.47387736639507, 47.51328726767631], [-93.47387579075007, 47.513279843612494], [-93.47387471187342, 47.51327217867205], [-93.47387405340832, 47.513264374787056], [-93.47387378660868, 47.51325652478867], [-93.47387391866101, 47.513248721508106], [-93.47387449987102, 47.51324106384398], [-93.47387562815501, 47.51323366525668], [-93.47387745083672, 47.51322665983599], [-93.47388017452866, 47.51322021200853], [-93.47388408130183, 47.51321452685279], [-93.47388982872302, 47.51320936652677], [-93.47391656707745, 47.513191212853854], [-93.47392418029949, 47.51318731029873], [-93.47393335479347, 47.51318445679785], [-93.47394386238736, 47.51318250309309], [-93.47395534375501, 47.51318120770192], [-93.4739675276052, 47.513180384961615], [-93.4739802046305, 47.51317989774887], [-93.47400646328455, 47.51317953916513], [-93.47406010079186, 47.513179581636976], [-93.47407334285745, 47.513179477277625], [-93.47408636214088, 47.51317922244653], [-93.4740990409628, 47.51317873462706], [-93.47411122571131, 47.51317791188673], [-93.47412271067222, 47.513176615281886], [-93.47413322275767, 47.51317466218364], [-93.47414240264156, 47.51317180746856], [-93.47415002305011, 47.513167903091784], [-93.4741768108119, 47.5131497421236], [-93.47418257799602, 47.51314457875755], [-93.47418677672164, 47.513138379683866], [-93.4741896243811, 47.51313130629541], [-93.47419146323249, 47.51312361099615], [-93.47419254570241, 47.51311549704426], [-93.4741930388775, 47.513107124619204], [-93.4741930442674, 47.51309863084448], [-93.47419260319458, 47.513090137675185], [-93.4741916985911, 47.513081762212366], [-93.47419025859169, 47.513073631871926], [-93.4741881493474, 47.513065887418136], [-93.4741851741272, 47.513058701772636], [-93.47418105624993, 47.513052281227935], [-93.47417568342621, 47.513046724683356], [-93.47415509763316, 47.51301754158984], [-93.47411757051215, 47.51294872056109], [-93.47411465907233, 47.512941577371585], [-93.4741126297781, 47.512933885684966], [-93.47411128230517, 47.51292581720951], [-93.47411048729614, 47.51291751634995], [-93.47411017198748, 47.51290910688194], [-93.47411032020949, 47.51290070833399], [-93.47411097058976, 47.51289244205485], [-93.47411221924801, 47.51288443970811], [-93.47411422698268, 47.51287685722707], [-93.47411722825404, 47.512869887556626], [-93.4741215455573, 47.51286376732728], [-93.47412736035211, 47.51285863487704], [-93.47414653040029, 47.51284439276485], [-93.47417122778239, 47.512824921116085], [-93.47417696891539, 47.512819782594576], [-93.4741812071669, 47.51281364415705], [-93.47418413657302, 47.51280663503975], [-93.47418609579866, 47.51279898216507], [-93.47418734625354, 47.51279085845504], [-93.47418808826198, 47.512782396786676], [-93.4741886191663, 47.512764844250746], [-93.47418850238532, 47.51272002515948], [-93.4741888194906, 47.51271129165742], [-93.47418947346414, 47.5127027838635], [-93.47419061522287, 47.51269460310446], [-93.47419244509109, 47.5126868834713], [-93.47419522627521, 47.51267980213429], [-93.4741993055249, 47.5126735872303], [-93.47420488136788, 47.512668373457394], [-93.47423073218683, 47.51264766519342], [-93.47423542678249, 47.512644099342374], [-93.47427064702983, 47.5126229542109], [-93.47427789823081, 47.51261886412868], [-93.47428511978737, 47.5126160330465], [-93.47435770456066, 47.51259178681762], [-93.47436709824358, 47.51258913047723], [-93.47437766602458, 47.51258726048153], [-93.47438910427309, 47.512585971143054], [-93.47440117044398, 47.51258510470763], [-93.47441368846746, 47.512584538612195], [-93.47443955455776, 47.512583964022284], [-93.47456442667047, 47.51257809920031], [-93.47475320223754, 47.51255211765495], [-93.4747635220835, 47.51255001284644], [-93.47477255733865, 47.51254703614106], [-93.47478011306849, 47.51254305284054], [-93.47480880436036, 47.51252593162261], [-93.47482979888686, 47.51251264686902], [-93.47483734024368, 47.51250862412726], [-93.47484631351504, 47.512505631037314], [-93.4748564905289, 47.512503565665625], [-93.47486747512819, 47.51250223809996], [-93.47487893224132, 47.512501528810965], [-93.4748905510512, 47.512501380764355], [-93.47490203870706, 47.51250179760057], [-93.47491308079853, 47.51250284727544], [-93.47492332788099, 47.512504662666814], [-93.47493236493274, 47.512507451282616], [-93.47493992784912, 47.51251134114654], [-93.47496670572941, 47.512529597595105], [-93.47497247650679, 47.512534801673795], [-93.47497647221319, 47.51254064101721], [-93.4749792821434, 47.5125472861212], [-93.47498120633475, 47.51255452523059], [-93.47498248553569, 47.51256219998384], [-93.47498330479925, 47.512570178109804], [-93.47498381594063, 47.512578363742264], [-93.47498458759347, 47.51260339450161], [-93.47498543470478, 47.51261982946333], [-93.47498627283295, 47.512627756613824], [-93.47498757269517, 47.512635365220966], [-93.47498952114101, 47.512642527868024], [-93.47499235263079, 47.51264908012691], [-93.47499636720178, 47.51265482055784], [-93.47500058479204, 47.512658722545815], [-93.47500543030469, 47.512662193136656], [-93.47502860683903, 47.51267799585014], [-93.47503588139618, 47.51268206044441], [-93.47530096345675, 47.5128080772725], [-93.47535488752663, 47.51282541621981], [-93.4755251973247, 47.51288081259201], [-93.47553386427056, 47.51288396705449], [-93.47554129243964, 47.51288798187981], [-93.47557749634224, 47.512908896948616], [-93.47558389683864, 47.51291370235906], [-93.475609278737, 47.512933144851196], [-93.4756150863453, 47.5129383270471], [-93.47561900389826, 47.5129438247491], [-93.47562178777733, 47.51295000321646], [-93.47562365447648, 47.51295665979679], [-93.47562475581103, 47.51296361732082], [-93.47562517442593, 47.51297072349602], [-93.4756249363724, 47.51297782785003], [-93.47562400751438, 47.51298478355105], [-93.47562228724061, 47.512991431632564], [-93.47561961654928, 47.512997593105545], [-93.47561575648851, 47.513003060464136], [-93.4756099264223, 47.51300817651825], [-93.47558276226644, 47.513026299917335], [-93.47557511041684, 47.51303024616986], [-93.47556597544872, 47.513033187656816], [-93.47555562326339, 47.51303530154705], [-93.47554447067913, 47.5130368663355], [-93.47550955945225, 47.51304051346329], [-93.47549845358039, 47.51304206611666], [-93.47548815709061, 47.513044153309934], [-93.47547906793656, 47.513047040796046], [-93.47547142147687, 47.513050890575], [-93.47544088684204, 47.51306852371189], [-93.47543560205321, 47.51307170061256], [-93.47527570283096, 47.51318061977024], [-93.47526940025094, 47.51318552284106], [-93.47524307871478, 47.5132061793199], [-93.4752391108562, 47.513210021806316], [-93.47523537027134, 47.51321591022052], [-93.47523452675327, 47.51321851920342], [-93.47520346840065, 47.51323982002711], [-93.4750989530106, 47.513340243280034], [-93.47503673479571, 47.51345477662915], [-93.47497451658082, 47.5135693085148], [-93.4748912149062, 47.513683928733776], [-93.47485007835441, 47.51379837335639], [-93.47478785924118, 47.513912906312356], [-93.47478901806791, 47.51404145935273], [-93.4748532988147, 47.51415546756398], [-93.47491551972453, 47.51404093574415], [-93.47495665537802, 47.5139264910438], [-93.4749977910315, 47.5138120454871], [-93.47506001014473, 47.513697512917744], [-93.47512222835962, 47.513582981311906], [-93.47522661439226, 47.51346827471573], [-93.47533112798568, 47.51336784988757], [-93.47539136451705, 47.513332434551266]], [[-93.47592856244684, 47.51415100992316], [-93.47588742858999, 47.514265455347335], [-93.47592193467668, 47.514334183033434], [-93.47607769715707, 47.514321803368254], [-93.47620329421018, 47.51422129098437], [-93.47628646473078, 47.51409238708779], [-93.4761801428287, 47.51399283896721], [-93.47601186232482, 47.51403639011765], [-93.47592856244684, 47.51415100992316]], [[-93.47336404748216, 47.514444310595955], [-93.47334402762775, 47.51446079048553], [-93.47323368486644, 47.51456680722329], [-93.47316799196804, 47.51468771941043], [-93.4731468186768, 47.51480844869574], [-93.4732368020205, 47.514913638984375], [-93.4733489099713, 47.5150036586486], [-93.47348313983434, 47.51507850594636], [-93.47366175276059, 47.51513808872141], [-93.47381688552196, 47.51506204627243], [-93.47383805791488, 47.5149413169639], [-93.4738369718517, 47.51482068020601], [-93.4737913697746, 47.514700225794435], [-93.473768024357, 47.51457968009768], [-93.4737470352204, 47.51455514415492], [-93.47388679960389, 47.51453085817138], [-93.47401253050599, 47.51444463276745], [-93.47392716719781, 47.51433071012626], [-93.47375798298877, 47.514274272319184], [-93.47360975467868, 47.514203462868146], [-93.47344070072535, 47.51416130854722], [-93.47331198831482, 47.51418124445455], [-93.47327254598565, 47.51421913952473], [-93.47327370211741, 47.51434769302838], [-93.47336404748216, 47.514444310595955]], [[-93.47610084764024, 47.51455025638017], [-93.47612309441826, 47.51467872291794], [-93.47613916527868, 47.51470722495121], [-93.47616577876728, 47.51473568267822], [-93.47629305656832, 47.51482086040237], [-93.47641865451978, 47.51472034836769], [-93.47643857466119, 47.51459170598173], [-93.47637428942284, 47.51447769932499], [-93.47620536213198, 47.51444983180244], [-93.47610084764024, 47.51455025638017]]]}}, {"type": "Feature", "properties": {"code": "L2ABH", "type": "Lake", "acres": 18.5}, "geometry": {"type": "Polygon", "coordinates": [[[-93.48022313652902, 47.50423361340202], [-93.48021870873296, 47.50423293980509], [-93.48014214262636, 47.504216269795634], [-93.47974105383516, 47.50407168409445], [-93.47950551916092, 47.50393315918864], [-93.47949932437872, 47.50392583757252], [-93.47947499440757, 47.50389193783942], [-93.47942113411807, 47.503839141428365], [-93.47940385143032, 47.503825975845686], [-93.47936198454819, 47.50380731220811], [-93.47913721887758, 47.50372530135681], [-93.47910901087934, 47.5037184057204], [-93.47904037599838, 47.50371149430502], [-93.47901769353744, 47.503714401116966], [-93.47872735444436, 47.503699278411005], [-93.47867750243768, 47.50369361649787], [-93.47863763969694, 47.503684716430435], [-93.47863480191896, 47.503682503853796], [-93.47863310320474, 47.50368118152667], [-93.47860780125647, 47.50365008164528], [-93.47852469541459, 47.50357029344632], [-93.4784988293243, 47.503547267665816], [-93.4784474843176, 47.503503508156435], [-93.47843709889459, 47.50349830257535], [-93.47807712779058, 47.50331918973384], [-93.47805551522316, 47.503311233868914], [-93.47789227426804, 47.50327369564232], [-93.47787093478848, 47.50327035308394], [-93.47784977856523, 47.50326888024637], [-93.47773690794472, 47.50327283936965], [-93.47757343073268, 47.50329266714509], [-93.47736275693394, 47.50331821876642], [-93.47718884399323, 47.503313583003504], [-93.47705657694912, 47.50331005717755], [-93.47680403357329, 47.503285373354984], [-93.47633168053227, 47.50317234891117], [-93.47624515031252, 47.503143806629275], [-93.47599486619967, 47.50306124978327], [-93.47597528112982, 47.50305588394791], [-93.47595984358168, 47.50305412284686], [-93.47594218090656, 47.50305424300469], [-93.4759257444318, 47.50305644043642], [-93.47591198044502, 47.50306056888902], [-93.4758960631965, 47.50306952914114], [-93.47587992855568, 47.50308715470822], [-93.47586564624099, 47.5030970197799], [-93.4758390812614, 47.5031153693181], [-93.47579988776556, 47.50312771885655], [-93.47579327975832, 47.50312829537055], [-93.47559233201916, 47.50309912254009], [-93.47540569983236, 47.50304163674813], [-93.47517653421349, 47.50296041604452], [-93.47508492491912, 47.502856925279175], [-93.47508523124463, 47.5028478515079], [-93.47508169457736, 47.502837472985604], [-93.47506002182283, 47.50279311816107], [-93.47503812628608, 47.50277732946329], [-93.47499721700805, 47.50275322979756], [-93.47497080204711, 47.50274039953684], [-93.4748764385181, 47.50272025355735], [-93.47481405141993, 47.50271239773385], [-93.474794654098, 47.50271044545984], [-93.4744824203665, 47.50266301677089], [-93.47436307199446, 47.50261871702345], [-93.47418445457664, 47.50246102775229], [-93.47414238916683, 47.50238731489664], [-93.47414036975407, 47.50221321766522], [-93.47417752766748, 47.50191462044366], [-93.47417959918255, 47.501904432294374], [-93.47419042657665, 47.50189765415182], [-93.47420116593587, 47.50189471143391], [-93.47438815475384, 47.501810134773955], [-93.4744128548309, 47.501796846701055], [-93.47445066042962, 47.50176413202912], [-93.47448296294893, 47.50173518601796], [-93.47451439949229, 47.50170578665646], [-93.4745448101596, 47.50167595032949], [-93.47457401079623, 47.501645688566946], [-93.47460428761455, 47.50161237056765], [-93.474637462398, 47.50157473341945], [-93.47464946568684, 47.50155453298074], [-93.47465247414473, 47.50153900790118], [-93.47465184173076, 47.50147257383583], [-93.47466117073498, 47.50143024543239], [-93.4747353679842, 47.50135169431693], [-93.47485716516367, 47.501322432501944], [-93.47489625894652, 47.5013223542147], [-93.47498646237747, 47.5013223596766], [-93.47510703605153, 47.50134411927288], [-93.47529248156384, 47.50137393333396], [-93.47562807688261, 47.50139858224957], [-93.47621411711273, 47.50141172598661], [-93.47657420409942, 47.50137459847128], [-93.47669406001958, 47.501351338079886], [-93.47709454424461, 47.50126986351356], [-93.4772096480769, 47.50124792242981], [-93.47726747891996, 47.501237715337915], [-93.47730020454574, 47.50123242032096], [-93.47732557117273, 47.501228316606635], [-93.47738400478535, 47.501220046061526], [-93.47744166225354, 47.50121329878142], [-93.4774996116742, 47.50120768454365], [-93.47761592374056, 47.501198944270854], [-93.4777039182142, 47.501194373863775], [-93.47784409492442, 47.50122164761492], [-93.47821037399837, 47.501308267974], [-93.47821471286117, 47.5013092942045], [-93.4783005414967, 47.501366751549554], [-93.47830232914409, 47.50137358620024], [-93.47830329662965, 47.50142456992328], [-93.47831231661343, 47.50143242108453], [-93.47833485085233, 47.50144841409723], [-93.47835921226452, 47.50146278978025], [-93.47838580778682, 47.50147501833225], [-93.47838896356842, 47.501475608215664], [-93.47840421336868, 47.50147716788683], [-93.47854188467755, 47.501490853544226], [-93.47855849362884, 47.5014905312932], [-93.47870239205926, 47.501467337102646], [-93.47872249096541, 47.501462633206195], [-93.47874030904907, 47.50145255117256], [-93.47895953750428, 47.50138388733168], [-93.47917789818692, 47.501331572079636], [-93.47926805849872, 47.50132358132146], [-93.479390396464, 47.501324017666555], [-93.47952734462906, 47.501348100995806], [-93.47960256146612, 47.50132329002016], [-93.4796387653687, 47.50131307323287], [-93.47967624667562, 47.50130420310576], [-93.479714814944, 47.50129682711083], [-93.47976883782859, 47.5012894165228], [-93.47982396833588, 47.501284968106134], [-93.47987965849362, 47.50128351341915], [-93.47993540165193, 47.50128535772191], [-93.4799906947543, 47.50129110303705], [-93.48004514433862, 47.50130125610642], [-93.48009885999934, 47.50131497579485], [-93.48015202948437, 47.50133129230906], [-93.48020479023594, 47.501349470718175], [-93.48025722939067, 47.50136894844503], [-93.48030938467774, 47.501389287929925], [-93.48045339449926, 47.50144788550796], [-93.48046797954622, 47.501444153825666], [-93.48046759327065, 47.50143053248498], [-93.48047329308113, 47.50142449831186], [-93.48049183341028, 47.50141897573505], [-93.4805592501757, 47.50140659909206], [-93.48063949668004, 47.50140613968635], [-93.48076599743835, 47.501433853312946], [-93.48086457496437, 47.50149046757125], [-93.4810498165591, 47.50159685339456], [-93.48137804569257, 47.5018330708925], [-93.4813726468177, 47.50184339438801], [-93.48137046660652, 47.50185377796175], [-93.4813729396685, 47.501917401125944], [-93.48137854246093, 47.50193713777585], [-93.48145837843516, 47.50214959364582], [-93.48148513834917, 47.50221997756103], [-93.48153495801651, 47.5022971073099], [-93.4815498395075, 47.50231091534052], [-93.48151673479265, 47.502365577579916], [-93.48148658823004, 47.502408592807434], [-93.48142424065773, 47.5025653774029], [-93.48142063751513, 47.50257946634063], [-93.481419665538, 47.502616787806765], [-93.48142255182502, 47.50262536581119], [-93.48147022272218, 47.50273268208071], [-93.48151088137027, 47.5027907774992], [-93.48154629116213, 47.50283842029442], [-93.48154989699968, 47.50284327214145], [-93.48156076391966, 47.50285305108487], [-93.48160763890951, 47.502913309216844], [-93.48165850960574, 47.50299064609947], [-93.4816507023476, 47.50304095403306], [-93.48163640116827, 47.503059636755694], [-93.48162585584517, 47.503073414242905], [-93.48162013088186, 47.503085379043625], [-93.48159666688663, 47.50316969634205], [-93.48159952083428, 47.50318748633349], [-93.48161914902325, 47.503304598518845], [-93.48162458023745, 47.50331773328271], [-93.48172901567744, 47.50351857751578], [-93.4817735999633, 47.50359846531699], [-93.48178565176117, 47.50362005890636], [-93.48179990622809, 47.50363301760446], [-93.48182375560056, 47.50364413025905], [-93.48182729675942, 47.50364720213813], [-93.48184457226066, 47.503712501069344], [-93.48183148201034, 47.50380052945641], [-93.48182953805605, 47.50381360462498], [-93.48180791650547, 47.50386126894529], [-93.48180345457347, 47.503869397678606], [-93.48170833466297, 47.50392638859018], [-93.48165392460452, 47.50395813338648], [-93.48151967497857, 47.50402032912469], [-93.48141551532137, 47.504064403763195], [-93.48138843920039, 47.504075131586156], [-93.48132344339466, 47.50409584383952], [-93.48073515378307, 47.50423880738014], [-93.48066551548393, 47.504253443848754], [-93.48052842987661, 47.50428225617954], [-93.48045630144753, 47.504259637903466], [-93.48039220485536, 47.50425933872948], [-93.48022313652902, 47.50423361340202]], [[-93.47792860303645, 47.50296714307374], [-93.47809749529301, 47.50299500759087], [-93.47826651690697, 47.50303715631642], [-93.47845674684649, 47.50309349940112], [-93.4786256408997, 47.503121363851186], [-93.47883695160397, 47.50317761945821], [-93.47906934217471, 47.503233786403975], [-93.47934389158006, 47.503289776694885], [-93.47953412421451, 47.503346118294765], [-93.47974569812519, 47.503430939469474], [-93.47995714178012, 47.50350147580734], [-93.4802110047811, 47.50360040481407], [-93.48040149972361, 47.50368531296441], [-93.48057065698319, 47.50374174152612], [-93.48073955283301, 47.50376960259785], [-93.48092926713957, 47.50376880701824], [-93.48109750991416, 47.503725247347155], [-93.48113862490641, 47.50361080017734], [-93.48105326339486, 47.50349688375402], [-93.48098885149403, 47.5033685949606], [-93.4808820211455, 47.50321191532264], [-93.48068904864944, 47.50285561506843], [-93.48062463854525, 47.502727325921576], [-93.48056009818534, 47.50258475272563], [-93.48043192925554, 47.502399593603094], [-93.48030415288953, 47.50225728532482], [-93.4801340919248, 47.5021008693923], [-93.47998588966584, 47.50203006839803], [-93.47981686805187, 47.5019879225051], [-93.47962729118758, 47.502002999581975], [-93.4794805208432, 47.50208931885864], [-93.47931254037664, 47.502161442745326], [-93.47916563887823, 47.50223347853719], [-93.47901886763555, 47.502319799255474], [-93.47885062665755, 47.502363354024105], [-93.47868173709593, 47.50233549159915], [-93.47855435598863, 47.50223603162739], [-93.47849007883511, 47.50212202483176], [-93.47832106081441, 47.50207987779895], [-93.47819549699894, 47.502180390982204], [-93.4780910112533, 47.50228081779795], [-93.47796531628379, 47.50236704740855], [-93.47779642582385, 47.502339182558096], [-93.47768999432732, 47.50222535137115], [-93.47766775024425, 47.50209688469212], [-93.47770874126897, 47.50196815492392], [-93.47770757435742, 47.50183960083287], [-93.4776643806636, 47.501725505179735], [-93.47757902993183, 47.5016115858791], [-93.4774307037054, 47.501526498380834], [-93.47724112684108, 47.501541571342074], [-93.47705141882275, 47.50154236088667], [-93.47684063453123, 47.50154323782131], [-93.47662997959712, 47.50155839756085], [-93.47641932286635, 47.50157355668916], [-93.47620879639132, 47.501602999819646], [-93.47597719184644, 47.50163253032353], [-93.47578761318552, 47.501647601433675], [-93.47559803452458, 47.50166267253954], [-93.47540858522103, 47.50169202701651], [-93.4753463813792, 47.50180655908348], [-93.47521698265578, 47.502011659007216], [-93.47530770621128, 47.50219239725348], [-93.47545719216275, 47.50240604275996], [-93.47566965720218, 47.50259085837522], [-93.4757969053588, 47.50267603578461], [-93.4759451040245, 47.50274684319008], [-93.47609330179185, 47.50281764989317], [-93.47624150135586, 47.50288845589388], [-93.47638970002154, 47.50295926240596], [-93.47655898035029, 47.50302998082814], [-93.47676990028745, 47.503043388746704], [-93.47698082022457, 47.50305679544816], [-93.47719148324354, 47.50304163492756], [-93.47738080588461, 47.50299799333404], [-93.47754917891496, 47.502968724547515], [-93.47773876116915, 47.50295365017546], [-93.47792860303645, 47.50296714307374]]]}}, {"type": "Feature", "properties": {"code": "PEM1D", "type": "Freshwater Emergent Wetland", "acres": 4.65}, "geometry": {"type": "Polygon", "coordinates": [[[-93.49756307481157, 47.50689868535189], [-93.49753471409973, 47.50684842237868], [-93.49751117554433, 47.50671280234408], [-93.4974876396839, 47.506577181959074], [-93.4974864997218, 47.50645654539185], [-93.49750761372422, 47.5063358108494], [-93.49759563694398, 47.506229866686134], [-93.49770591412826, 47.506123827038], [-93.49783858721088, 47.50603276964428], [-93.49790421093901, 47.505911842370466], [-93.4979030700786, 47.505791204880936], [-93.49772460447605, 47.50574673907549], [-93.49756939176463, 47.50580773360667], [-93.49743657405324, 47.505883711791796], [-93.4973261576301, 47.50597467174542], [-93.49721573761369, 47.5060656321482], [-93.49712771349563, 47.50617157542929], [-93.49701729347922, 47.50626253549091], [-93.4969068725645, 47.50635349539487], [-93.49686350010595, 47.50647432638077], [-93.49693169032085, 47.50662483345419], [-93.49700059020483, 47.50685073798025], [-93.49706849475548, 47.50697108661925], [-93.49715879700108, 47.50710641714454], [-93.49718675886093, 47.50715597293674], [-93.49713718802694, 47.507177802325366], [-93.49712991077482, 47.50718187523415], [-93.49709464651002, 47.50720298796975], [-93.49706366451417, 47.50722696605121], [-93.4970577113788, 47.50723192489796], [-93.49705362853584, 47.50723685583098], [-93.49701907753338, 47.50728654681832], [-93.49701521387934, 47.50729290374668], [-93.49701242281375, 47.50729997731526], [-93.49701033962062, 47.50730752419352], [-93.49700533510615, 47.507330999183225], [-93.49700312525057, 47.5073384617107], [-93.497000117691, 47.50734538963919], [-93.49699591357546, 47.50735151840058], [-93.49699028113862, 47.50735669143873], [-93.49696599877818, 47.507376211233705], [-93.4969599234719, 47.50738108693369], [-93.49692644954949, 47.50740339924745], [-93.4969129856, 47.50741227319847], [-93.49688474077084, 47.50742914243933], [-93.49687747160355, 47.50743322078987], [-93.49674621067255, 47.50750049926818], [-93.49610366102118, 47.507375464253386], [-93.49600473315222, 47.507607108959185], [-93.49600204808783, 47.5076072181841], [-93.49598960821777, 47.50760794999101], [-93.49597762469189, 47.50760898459364], [-93.495966270885, 47.5076104372849], [-93.49595576329112, 47.50761246037281], [-93.49594639386271, 47.50761524500094], [-93.49593827848244, 47.50761887490815], [-93.49593064819243, 47.507622836737426], [-93.49592252293067, 47.5076264739258], [-93.49591313194269, 47.50762927190289], [-93.49590259919599, 47.50763131198064], [-93.49589121664302, 47.50763278469581], [-93.49587921155756, 47.50763383386129], [-93.49586677168752, 47.507634567488225], [-93.49585403986498, 47.50763505900008], [-93.49582818185954, 47.50763548072937], [-93.49581526857732, 47.507635427937366], [-93.49580251699186, 47.50763516943851], [-93.49579006185046, 47.50763465183406], [-93.49577806125656, 47.5076337853169], [-93.495766725416, 47.50763244488517], [-93.49575632023006, 47.50763045638586], [-93.49574719334679, 47.50762759287392], [-93.49573954059888, 47.50762371963852], [-93.49571093913855, 47.50760691660198], [-93.49570381370171, 47.50760271447667], [-93.49558393801861, 47.5075218218305], [-93.49555244398307, 47.50749815517535], [-93.49554634262567, 47.507493286161136], [-93.49554149531637, 47.50748755730174], [-93.49550629752692, 47.507439265194854], [-93.49550238626217, 47.50743289372084], [-93.49549961495953, 47.507425741285246], [-93.49549766022547, 47.50741802633838], [-93.4954962687351, 47.50740992546088], [-93.49549243203052, 47.5073763350225], [-93.49549103604858, 47.507368237779424], [-93.49548907592462, 47.50736052828534], [-93.49548629204556, 47.507353381907976], [-93.4954823682044, 47.507347018312075], [-93.49545089303346, 47.507305229243585], [-93.49537009406524, 47.507224842218086], [-93.49524090644591, 47.507105218693084], [-93.49523488863183, 47.50710029320901], [-93.49520380961793, 47.507076342982955], [-93.49516379596024, 47.5070494691282], [-93.49512835562565, 47.507028512281494], [-93.49512113766234, 47.5070244090202], [-93.49511263959975, 47.50702118684943], [-93.49510313093246, 47.50701865644397], [-93.49508294938128, 47.507014394804024], [-93.49507321254194, 47.50701202095569], [-93.49506388982591, 47.50700854817082], [-93.49505514023504, 47.50700341393431], [-93.49503001166161, 47.50698507060967], [-93.49502244245701, 47.506979489150204], [-93.4950166806628, 47.50697411582679], [-93.49501325089503, 47.50696913329002], [-93.49501188455748, 47.50696527153548], [-93.49501226184991, 47.50696329271991], [-93.49506302564662, 47.50696241466221], [-93.4950983132676, 47.50696192314406], [-93.49513186893672, 47.50696189644432], [-93.49514582156971, 47.506962191961996], [-93.49515818148971, 47.50696276600663], [-93.495170012302, 47.50696370231837], [-93.49518112625871, 47.50696513014817], [-93.49519127362815, 47.506967222437616], [-93.49520012922022, 47.50697020067313], [-93.49520752684658, 47.50697417954209], [-93.4952360627299, 47.50699081894192], [-93.49528194508136, 47.50701366602291], [-93.49550334027302, 47.50711534211787], [-93.49551240068097, 47.507118194735156], [-93.49552273310337, 47.50712017718576], [-93.49553400426524, 47.50712151823739], [-93.49554595814674, 47.50712239750607], [-93.49555839801677, 47.50712294666972], [-93.49557118553484, 47.507123266458926], [-93.49558421110646, 47.507123429691], [-93.49561069613598, 47.50712348915845], [-93.49573147103267, 47.507122938174355], [-93.49575792911274, 47.507122632341805], [-93.49578369279509, 47.507121900528126], [-93.49579609942748, 47.507121226968266], [-93.49580800749489, 47.5071202251238], [-93.49581921936795, 47.5071187633168], [-93.49582947812847, 47.50711666799937], [-93.49583844331502, 47.50711371040373], [-93.49584592358639, 47.50710976309949], [-93.49587615548896, 47.50709195987385], [-93.4959211547965, 47.50707064320498], [-93.49602988059027, 47.50704502423368], [-93.4960404555578, 47.50704315828804], [-93.49605188661978, 47.50704186335211], [-93.49606394380753, 47.50704098954338], [-93.4960764555428, 47.50704041792684], [-93.49610232612469, 47.50703984388304], [-93.49615515245328, 47.507039419114896], [-93.49616818880469, 47.507039199449075], [-93.49618099878063, 47.50703882808035], [-93.49619346470183, 47.507038226730046], [-93.49620543834625, 47.50703729588095], [-93.49621671759296, 47.507035900820924], [-93.49622704372716, 47.50703386739499], [-93.49623607449071, 47.50703096744182], [-93.49651465104347, 47.50692228006658], [-93.49652193548211, 47.50691821259897], [-93.49655717549238, 47.506897081544444], [-93.49656332086725, 47.506892251310504], [-93.49658919773732, 47.50687156200577], [-93.4965933228011, 47.506867614076555], [-93.49659753949305, 47.506861493754016], [-93.49667592289147, 47.50669932072442], [-93.49667853519232, 47.50669279745669], [-93.49668035877235, 47.50668579176965], [-93.49668155981989, 47.50667844080352], [-93.4966822605058, 47.50667086167352], [-93.49668253808522, 47.506663152077046], [-93.49668242849076, 47.50665540425001], [-93.49668193531566, 47.50664770496713], [-93.49668102083072, 47.506640144643995], [-93.49667961047572, 47.50663282219183], [-93.49663856285711, 47.5064448799142], [-93.496636528173, 47.50643721882998], [-93.4966335538511, 47.50643020218609], [-93.49662930032822, 47.506424063001205], [-93.4966235735683, 47.506418937202994], [-93.4965986947265, 47.506399785391174], [-93.49659246131674, 47.50639500669111], [-93.49655189429684, 47.50636850992918], [-93.4965159634821, 47.50634788595456], [-93.49650859280517, 47.50634388883349], [-93.49649998155486, 47.50634074004611], [-93.49649043426004, 47.50633823327385], [-93.4964704431517, 47.506333835651], [-93.49646090214507, 47.506331321596534], [-93.49645230077623, 47.50632816127885], [-93.49644668900065, 47.506325215775206], [-93.49641637265643, 47.506307470538175], [-93.49640273623042, 47.5062986613301], [-93.49632743854498, 47.50624959261244], [-93.49632106589637, 47.50624473137106], [-93.49629595259428, 47.50622544114046], [-93.4962904171755, 47.50622044032803], [-93.49628658675913, 47.506214576008546], [-93.49628437061533, 47.506208057535176], [-93.49628358009787, 47.506201218659285], [-93.4962841640028, 47.506194374927986], [-93.49628619599198, 47.50618784856337], [-93.49628988716948, 47.50618198241985], [-93.49629534802808, 47.50617700830339], [-93.49632147193486, 47.50615917806121], [-93.4963287428988, 47.50615546673887], [-93.49633604799867, 47.50615323788218], [-93.49634414990423, 47.506151847046425], [-93.49635272881518, 47.50615118803782], [-93.49636149727067, 47.50615120078111], [-93.49637018308115, 47.50615186949881], [-93.4963785203453, 47.506153222104814], [-93.4963862314837, 47.50615532838349], [-93.49639427499876, 47.50615872355167], [-93.49640197535737, 47.50616255927222], [-93.49641024704451, 47.506166127384105], [-93.49641979883093, 47.50616887628647], [-93.49643047620638, 47.50617086484112], [-93.49644196206562, 47.506172260530974], [-93.49645399320221, 47.506173192002194], [-93.49646636120706, 47.50617374238943], [-93.49647887923054, 47.50617396084522], [-93.49649137120286, 47.506173859506], [-93.496503657461, 47.50617341167165], [-93.49651554666379, 47.50617255726672], [-93.49652680435094, 47.50617118767024], [-93.4965371466548, 47.506169149356204], [-93.49654621604591, 47.506166226296045], [-93.49664742024584, 47.50611708038816], [-93.49669264772542, 47.50609364126489], [-93.49672119079526, 47.50607696335084], [-93.49672874562681, 47.50607307483046], [-93.4967377898651, 47.506070183926525], [-93.49674813037232, 47.50606815895866], [-93.49675942578871, 47.50606677358206], [-93.49677141470448, 47.50606585424539], [-93.49678390038864, 47.506065265020375], [-93.49679672922919, 47.50606490638803], [-93.49682299057821, 47.50606459205379], [-93.49686274552111, 47.50606436510202], [-93.49688870323956, 47.50606384748204], [-93.49690125629733, 47.50606330680286], [-93.49691335750255, 47.50606245967805], [-93.49692482180218, 47.50606118717034], [-93.4969354138377, 47.50605933332625], [-93.49694482728356, 47.50605669000532], [-93.49701726113987, 47.5060323424407], [-93.49702437220365, 47.506029435757114], [-93.49702976838357, 47.506026340351326], [-93.4970575406989, 47.50600692078706], [-93.49706354593656, 47.50600199641357], [-93.49718192322976, 47.505893432520445], [-93.49718611117562, 47.505887293879624], [-93.49718900464914, 47.50588028808508], [-93.49719094231521, 47.505872643302745], [-93.49719219007515, 47.505864537332144], [-93.49719294376166, 47.5058561012473], [-93.49719335069848, 47.50584743274701], [-93.49719352586997, 47.50582966793003], [-93.49719325547709, 47.505811605762396], [-93.49719065844758, 47.505720460444], [-93.49719020839163, 47.50569333709589], [-93.4971906009554, 47.50567571786535], [-93.49719124864072, 47.505667209537734], [-93.49719238411124, 47.50565902950241], [-93.49719421397948, 47.5056513124754], [-93.49719700863832, 47.50564424171878], [-93.49720113460043, 47.50563805996398], [-93.49720681105472, 47.50563291831154], [-93.49723319098133, 47.50561480206846], [-93.49724070179545, 47.505610886206604], [-93.49724976759329, 47.50560800923427], [-93.49726015840618, 47.505606020658256], [-93.4972715158063, 47.505604677140596], [-93.4972835640109, 47.50560379663286], [-93.4972961000007, 47.50560324077819], [-93.49732206490566, 47.50560272861517], [-93.49734863707178, 47.50560262484755], [-93.497469302374, 47.50560287425393], [-93.49757616775682, 47.50560280568236], [-93.49761571069732, 47.50560239850058], [-93.49764134322564, 47.505601621153595], [-93.49765372290855, 47.505600934224034], [-93.49766565433215, 47.50559993902565], [-93.49767696142663, 47.505598520867956], [-93.49768742500308, 47.50559653047112], [-93.49769675760056, 47.505593773043216], [-93.49770483884485, 47.50559016848269], [-93.49771243499892, 47.50558623016633], [-93.49772052971792, 47.50558261468242], [-93.49772926852901, 47.505579986508224], [-93.49773902782626, 47.505578035554535], [-93.4977495623696, 47.50557660343918], [-93.49776067632628, 47.50557556394187], [-93.49777220799959, 47.50557482239738], [-93.49778403252367, 47.50557431084092], [-93.4978081495941, 47.5055738120278], [-93.4978323061904, 47.505573924897924], [-93.4978441774269, 47.50557424408978], [-93.4978557737789, 47.50557479812423], [-93.49786696049914, 47.505575657393464], [-93.49787757768746, 47.50557692323781], [-93.49788741873142, 47.50557872673221], [-93.49789622311951, 47.50558124203636], [-93.49796888514788, 47.50560548422213], [-93.49797607256849, 47.505608330853185], [-93.49798328424359, 47.505612453643685], [-93.4980183149464, 47.5056337363155], [-93.49802456542415, 47.50563850780294], [-93.49803046196567, 47.50564351898692], [-93.4980367106468, 47.505648289866606], [-93.49807174494288, 47.50566953247333], [-93.49807895751628, 47.505673639481465], [-93.49808742503616, 47.50567688358079], [-93.49815883301639, 47.50570032228328], [-93.49816764638766, 47.505702764762376], [-93.49817749551644, 47.505704493612676], [-93.49818812617951, 47.50570568906201], [-93.49819932817111, 47.505706490073706], [-93.49821094338773, 47.50570700891084], [-93.4982228379804, 47.505707335990586], [-93.49825919729153, 47.50570784936626], [-93.49828313919048, 47.505708397937916], [-93.49829474003405, 47.50570892648423], [-93.49830593214418, 47.505709735384634], [-93.49831655741737, 47.50571093204748], [-93.49832641912255, 47.505712652401975], [-93.49842782724004, 47.50573576400887], [-93.49846306186043, 47.50574508850718], [-93.49851705959216, 47.50576236364388], [-93.49868773680119, 47.50581858122481], [-93.498694996087, 47.505821361093474], [-93.49870229310204, 47.50582540801402], [-93.49873057386382, 47.50584222315056], [-93.49874404410151, 47.505851090690456], [-93.4989309412913, 47.50597638602302], [-93.49894410789842, 47.50598545986032], [-93.49896902177453, 47.50600458633674], [-93.49897501623241, 47.50600952770105], [-93.49897915656756, 47.50601444782608], [-93.4989825557926, 47.50601987828915], [-93.4989913422144, 47.50603713391706], [-93.49899477737203, 47.506042538891236], [-93.49899898148756, 47.50604741653551], [-93.49900509811633, 47.50605227294058], [-93.49903173675777, 47.50607021487448], [-93.49903895112782, 47.506074319424016], [-93.49904618795574, 47.50607711505652], [-93.49905421170786, 47.50607937000986], [-93.49910372774464, 47.50609325532576], [-93.49916742817975, 47.50611293215077], [-93.49917596037832, 47.50611613253168], [-93.49918318103659, 47.50612023465035], [-93.49920986818702, 47.50613815592907], [-93.49921600727367, 47.506143004437014], [-93.49933335509756, 47.50624717200434], [-93.49933761760359, 47.50625108175055], [-93.49934155402116, 47.50625652189826], [-93.49934435047665, 47.50626264229134], [-93.49934622076906, 47.50626924207191], [-93.49934731940867, 47.50627614647553], [-93.4993477326337, 47.50628320076283], [-93.49934748559697, 47.50629026051061], [-93.49934655134909, 47.50629717886834], [-93.49934483916016, 47.50630380352421], [-93.49934219631659, 47.50630996032093], [-93.49933840362947, 47.50631545082862], [-93.49933425161622, 47.50631941579035], [-93.4993078079092, 47.50634023031756], [-93.49930157629608, 47.50634512189104], [-93.4992676002154, 47.50636750867719], [-93.49925405182428, 47.50637641617841], [-93.4992257477063, 47.50639334400681], [-93.4992184650643, 47.50639742668555], [-93.49898060914337, 47.506506589679084], [-93.49897221348873, 47.506509913826825], [-93.4989015115843, 47.50653414344739], [-93.4988925311264, 47.50653675761699], [-93.4988824448424, 47.50653863086239], [-93.49887153390495, 47.50653995372436], [-93.49886001211313, 47.506540868805025], [-93.49884804655353, 47.50654148472467], [-93.49883576029538, 47.50654188825823], [-93.49881057782304, 47.50654228450996], [-93.49877205177542, 47.50654237613939], [-93.49868152315437, 47.506542168607865], [-93.49865591218563, 47.50654227844182], [-93.4986307548661, 47.5065426928981], [-93.49861848747257, 47.50654310856797], [-93.49860654257422, 47.50654373844439], [-93.4985950441386, 47.506544669302244], [-93.49858416104892, 47.50654601036854], [-93.49857410440933, 47.50654790545907], [-93.49856515539247, 47.50655054025977], [-93.49850378428887, 47.50657208590985], [-93.49834559276398, 47.50662797615635], [-93.49830987395165, 47.50664259860889], [-93.49830377259424, 47.50664526374566], [-93.49829449209903, 47.50664797682076], [-93.4982841345238, 47.506649836105446], [-93.4982730618896, 47.50665100968781], [-93.49826158411523, 47.506651598906295], [-93.49824998866156, 47.506651652912936], [-93.498238553108, 47.50665116017823], [-93.49822757210195, 47.506650053345595], [-93.49822528678787, 47.50664963828338], [-93.4982173780201, 47.506648201342735], [-93.4982083616296, 47.50664540816791], [-93.49820255222465, 47.50664259982249], [-93.49817022634915, 47.5066236513758], [-93.49816492628898, 47.5066204261463], [-93.4980596679922, 47.50654721368733], [-93.4978706849143, 47.50642169398076], [-93.49786342113691, 47.50641790682466], [-93.49785485390403, 47.50641532602415], [-93.49784531289741, 47.50641387451347], [-93.49783529847862, 47.506413410903825], [-93.49782529124636, 47.50641388847027], [-93.49781576191783, 47.50641535333101], [-93.49780722522769, 47.5064179408065], [-93.49780001265427, 47.506421730389874], [-93.49777372255917, 47.5064400144432], [-93.49776790956096, 47.50644521487798], [-93.49776358147791, 47.50645141110139], [-93.49772506441347, 47.50653384549998], [-93.49763635308425, 47.50676069886927], [-93.49763450794462, 47.506768406024214], [-93.4976318543213, 47.50677557068565], [-93.49759827260101, 47.50684251322519], [-93.49758394087897, 47.50686868935026], [-93.49756307481157, 47.50689868535189]], [[-93.49819437845389, 47.50600106372565], [-93.49810635792909, 47.506107007743886], [-93.49812975455066, 47.5062275486299], [-93.4981755479689, 47.50636307161353], [-93.49818563604954, 47.50642119517574], [-93.49828753734211, 47.506437985848684], [-93.49846571997536, 47.506452292201736], [-93.49864333038174, 47.50640627956798], [-93.4987760043627, 47.50631522084384], [-93.49886402398917, 47.50620927603222], [-93.49886288043382, 47.506088639226235], [-93.49872863619775, 47.50601382158427], [-93.49855031432566, 47.50598443614855], [-93.49837213169242, 47.505970130274825], [-93.49819437845389, 47.50600106372565]]]}}, {"type": "Feature", "properties": {"code": "PSS3Dg", "type": "Freshwater Forested/Shrub Wetland", "acres": 88.22, "contains_tower": true}, "geometry": {"type": "Polygon", "coordinates": [[[-93.47950942413745, 47.51317686040511], [-93.47956471723982, 47.5131531247045], [-93.47969702740308, 47.51301684868986], [-93.47962777987108, 47.512745693540936], [-93.47957635940591, 47.51266013505203], [-93.47961849218936, 47.51265039858764], [-93.47966294352457, 47.51264279544339], [-93.47970776496567, 47.51263758409446], [-93.47975259718656, 47.51263481126099], [-93.47979707726785, 47.512634673529455], [-93.47984447148393, 47.51263785409684], [-93.47985692303209, 47.51263932667154], [-93.47990075632637, 47.51264664646552], [-93.47994274627769, 47.51265672877624], [-93.47998240330422, 47.51266918710456], [-93.48001909948357, 47.512683795132354], [-93.48005203531515, 47.51270046366616], [-93.48008020199089, 47.51271923335602], [-93.48008614524481, 47.512724083076314], [-93.48009173276587, 47.51272905475205], [-93.48011231137242, 47.51275167241238], [-93.48013961836041, 47.51279032391256], [-93.48015970558848, 47.512814046428886], [-93.48018480631416, 47.51283593595905], [-93.48021396472996, 47.51285377000054], [-93.48024748356816, 47.512868114649976], [-93.48028439624149, 47.51287842141348], [-93.48032438115311, 47.512884180628404], [-93.48036578270792, 47.512885363779304], [-93.48040742770618, 47.51288206855229], [-93.48044816810093, 47.51287409593439], [-93.48047757085851, 47.512864957152814], [-93.48050631604927, 47.512853712359835], [-93.48061035084065, 47.512806875917505], [-93.48065049744902, 47.51279004905701], [-93.48069152620299, 47.512774126241695], [-93.4808139719661, 47.512731175328774], [-93.48085075797698, 47.51271679545067], [-93.4808826328982, 47.512701772417664], [-93.48090893017985, 47.512685330807415], [-93.48092781097048, 47.51266696944587], [-93.48093639527133, 47.51265065888201], [-93.48093932827075, 47.5126333186635], [-93.48093586436701, 47.512610473421944], [-93.48092701685977, 47.51258739335922], [-93.48090414575263, 47.512540654365665], [-93.4808980488868, 47.512525494157124], [-93.48089387261905, 47.51250883952297], [-93.48089328512086, 47.51248729266936], [-93.4808948751389, 47.51247727646173], [-93.48090496860944, 47.512449737341576], [-93.48092176081705, 47.51242342080699], [-93.48094350903008, 47.51239926974885], [-93.4809688307413, 47.51237843396117], [-93.48099661473472, 47.512362361153635], [-93.48102593394897, 47.51235287825558], [-93.48103703892251, 47.51235147484237], [-93.48105958124626, 47.512352584588484], [-93.48107303261932, 47.51235599755828], [-93.48109439365847, 47.51236626741063], [-93.48111308400624, 47.51238074446477], [-93.48112803556583, 47.51239671108544], [-93.48116891519948, 47.51245043267604], [-93.48118667938422, 47.51246622271157], [-93.48121148186921, 47.51247739477771], [-93.48122783569896, 47.512480395150284], [-93.48124460904194, 47.51248068942343], [-93.481268579687, 47.512476237101076], [-93.48128946641565, 47.512466300375436], [-93.48130659459318, 47.51244931079698], [-93.48131606553123, 47.51242784218962], [-93.48131739324123, 47.51240699124451], [-93.48131220996203, 47.51238529872914], [-93.48130031447103, 47.5123638592196], [-93.4812850610775, 47.51234660506485], [-93.48126623777905, 47.5123298405521], [-93.48121857586501, 47.51229202299523], [-93.48119296220132, 47.51226981833434], [-93.48117075135592, 47.51224595541244], [-93.48115922776746, 47.512229188440486], [-93.4811484973914, 47.51220601598375], [-93.48114231877885, 47.51218171556453], [-93.48114044129991, 47.512156737998275], [-93.4811436608619, 47.51212562736286], [-93.48115180588658, 47.51209473574691], [-93.48116371036072, 47.51206470448935], [-93.48117846878255, 47.51203626351642], [-93.48119538944921, 47.51201029019738], [-93.48121395043962, 47.51198787183977], [-93.48123375290174, 47.511970363937984], [-93.48125449051008, 47.5119594757251], [-93.48127334884283, 47.51195671195714], [-93.48129049498667, 47.511960606109206], [-93.48130506116901, 47.511971864442145], [-93.48131540257455, 47.511988626035496], [-93.4813218596648, 47.512008971113815], [-93.48132459593317, 47.512031229279415], [-93.48132402460465, 47.5120521859489], [-93.48131883324062, 47.512088445536264], [-93.48131762500655, 47.512104296962775], [-93.48131940995901, 47.51211986503094], [-93.48132456898371, 47.512135690357596], [-93.48133836710647, 47.5121578337932], [-93.48135967873827, 47.5121777777427], [-93.48137901856802, 47.5121896221516], [-93.48140139470344, 47.512199507355696], [-93.48143106336234, 47.512208579510464], [-93.48146305416623, 47.51221449776789], [-93.4814756126139, 47.512215858105435], [-93.48150529115425, 47.512217255454786], [-93.48153511252674, 47.51221667236632], [-93.48156446947023, 47.51221469374874], [-93.48162562587645, 47.512208953876375], [-93.48165484447938, 47.51220817237998], [-93.48166945018758, 47.512209203251416], [-93.48169497401975, 47.51221418043671], [-93.48170978095057, 47.512219342680815], [-93.48174030839888, 47.51223659202339], [-93.48176666496931, 47.51225987550208], [-93.48178883628884, 47.51228745294719], [-93.48180955593088, 47.51232335620943], [-93.48183721416017, 47.51238322607169], [-93.48185182256331, 47.512410737923005], [-93.48186922293036, 47.51243441510473], [-93.48189129004533, 47.51245223290047], [-93.48191053555196, 47.512460193447495], [-93.48193211128846, 47.51246428596906], [-93.48196198027165, 47.512464043269496], [-93.4819919938836, 47.51245750190899], [-93.48201951197571, 47.51244510177839], [-93.4820447258891, 47.512427678974035], [-93.4820670535155, 47.5124061866946], [-93.48208577260938, 47.51238131056241], [-93.48208940809134, 47.51237529221004], [-93.48210288731218, 47.51234800483773], [-93.4821137443507, 47.512318806186904], [-93.48215110348674, 47.51218601925756], [-93.48216364576473, 47.51214733879489], [-93.48217771248376, 47.51210874021536], [-93.48219267122987, 47.51207223854745], [-93.48220898643207, 47.51203612699685], [-93.48222651166493, 47.51200053419627], [-93.48224520291106, 47.5119656391395], [-93.48226512844238, 47.511931693024444], [-93.48228648768489, 47.51189904170355], [-93.4823096157102, 47.511868158448856], [-93.48233501018497, 47.5118396821776], [-93.48236336730352, 47.51181445628514], [-93.48239561682223, 47.5117935826464], [-93.48240535635654, 47.51178876863874], [-93.4824220865804, 47.51178193534407], [-93.48245887528623, 47.51177183102202], [-93.48249866616172, 47.51176612750667], [-93.4825405177725, 47.51176428235864], [-93.48259273773829, 47.511766770669055], [-93.48264503136593, 47.51177376779008], [-93.48269751633471, 47.51178381689686], [-93.48280905116039, 47.51180869513257], [-93.48286099264843, 47.51181778434405], [-93.482908644681, 47.51182225310468], [-93.48295690307637, 47.511823260320206], [-93.48300526657464, 47.51182112514462], [-93.48305324289902, 47.511815965895124], [-93.4831003146199, 47.51180770005189], [-93.48314591310373, 47.51179604122434], [-93.48319298841787, 47.51177945006811], [-93.48323829764418, 47.511759636420045], [-93.48328243007745, 47.511737679090906], [-93.48341270914985, 47.51166765500266], [-93.48345241827867, 47.51164768355516], [-93.48349277509281, 47.511629065778486], [-93.48353387840694, 47.511612291935116], [-93.48357587554479, 47.51159797910063], [-93.48361896503403, 47.51158688875973], [-93.48366515460931, 47.51157956760439], [-93.48370176634702, 47.51157677287173], [-93.48373862512145, 47.51157630324013], [-93.483757095382, 47.51157689543708], [-93.48380211265584, 47.51158004876441], [-93.4838957440579, 47.51158757318395], [-93.48394473368191, 47.51158999597276], [-93.48399431799066, 47.51159131263982], [-93.48404416370916, 47.51159141275508], [-93.48409394564725, 47.51159011793135], [-93.48414334310641, 47.51158716604861], [-93.4841920012521, 47.511582193657915], [-93.48423948260474, 47.511574833669364], [-93.48428545119447, 47.511564980505796], [-93.48432944798213, 47.51155249582471], [-93.48437626997136, 47.511535447701505], [-93.48445052022117, 47.511505143081834], [-93.48449524194929, 47.51148887705714], [-93.48454165969665, 47.511475845666894], [-93.48455925589643, 47.51147220389117], [-93.48459414646207, 47.511467107103705], [-93.48462991737667, 47.51146445495374], [-93.48467630727626, 47.51146445191993], [-93.48472702166563, 47.511468374019515], [-93.4847781420935, 47.51147552408389], [-93.48482944577769, 47.51148513516689], [-93.48488072341074, 47.51149663145184], [-93.48493175310878, 47.51150957971081], [-93.48508918915051, 47.51155467045057], [-93.48514325335758, 47.51156750462448], [-93.48519599165128, 47.51157626198049], [-93.48524920874704, 47.51158180654561], [-93.4853020449571, 47.5115845642657], [-93.48535012099448, 47.51158481182344], [-93.48539603748189, 47.511582816799546], [-93.48543859247354, 47.51157841476203], [-93.48546195046757, 47.5115744732544], [-93.48548315969141, 47.511569438973055], [-93.48551005614934, 47.511559730823976], [-93.48552976339005, 47.51154795423], [-93.48554056922461, 47.511534706847954], [-93.48554190501942, 47.51152537852408], [-93.48553837194541, 47.51151605808642], [-93.48552179982505, 47.51150111965612], [-93.48549449104041, 47.51148722060177], [-93.48545915491039, 47.51147418739085], [-93.48541788540791, 47.51146187440136], [-93.48537227704263, 47.511450162708826], [-93.48532114224173, 47.51143840125927], [-93.48510217250131, 47.511392244339994], [-93.48504678866911, 47.511379779034186], [-93.48499185579116, 47.511366413291164], [-93.4849365680787, 47.51135159859768], [-93.48488229097092, 47.511335791237435], [-93.48482923647025, 47.51131922117237], [-93.48477776749601, 47.51130206678999], [-93.48472844369873, 47.51128446097061], [-93.48468208973175, 47.511266508077085], [-93.48463986711675, 47.511248294876026], [-93.48460338024488, 47.511229900246505], [-93.48457478327612, 47.51121140792165], [-93.48455694273457, 47.511192923478156], [-93.48455347972916, 47.51118511746369], [-93.48455434301015, 47.51117125715857], [-93.48456060875925, 47.51116241660831], [-93.48457637149754, 47.511151873476585], [-93.48459887429541, 47.511143439455076], [-93.48462674362878, 47.51113722497591], [-93.48465772562461, 47.51113343209239], [-93.48469930145258, 47.51113156750569], [-93.484743742008, 47.51113234234369], [-93.48479043374152, 47.511135190495324], [-93.4848386678824, 47.51113963929084], [-93.48488789735659, 47.51114531617665], [-93.48503447725815, 47.51116505178414], [-93.48508375524135, 47.51117099989068], [-93.48513313563254, 47.51117573992979], [-93.4851844968089, 47.51117887265126], [-93.48523573042449, 47.51118012440495], [-93.48528662717189, 47.51117946545946], [-93.48533696247219, 47.511176738056285], [-93.4853864812039, 47.511171646700966], [-93.4854414634892, 47.511162673269475], [-93.4854949249267, 47.511150710309835], [-93.48554667417527, 47.511136154643765], [-93.48559636718014, 47.51111915917381], [-93.48564349998648, 47.51109965290611], [-93.48568736651843, 47.51107734277041], [-93.48572161928023, 47.511056021045704], [-93.48574789859552, 47.51103747283717], [-93.485812078731, 47.51098964574536], [-93.48585135038029, 47.51096279816489], [-93.48589966626784, 47.510933222548076], [-93.48594314921917, 47.51090899253116], [-93.48598809911935, 47.510885691463635], [-93.4860342392873, 47.51086327383918], [-93.48608137389026, 47.51084176574983], [-93.48612938075735, 47.51082127277444], [-93.48617820509136, 47.51080198665284], [-93.4862278477906, 47.51078420409616], [-93.48627835466912, 47.510768340135535], [-93.48632982005007, 47.51075494996608], [-93.48638821323847, 47.51074344502392], [-93.4865394814475, 47.51072115658045], [-93.48657494423996, 47.51071468720827], [-93.48661422756733, 47.510704460720135], [-93.4866510063917, 47.51069085270414], [-93.48668386227322, 47.51067416593573], [-93.48671347703318, 47.510654619455835], [-93.4867397096361, 47.51063272476845], [-93.48676219267105, 47.51060888173234], [-93.4867837423564, 47.51057801288762], [-93.48679901102128, 47.51054571022473], [-93.48680684612718, 47.51051739645743], [-93.48680944405498, 47.51048929019077], [-93.48680624245931, 47.510462030962884], [-93.48679629361754, 47.51043631292266], [-93.48677487059464, 47.510409190797844], [-93.48674249171856, 47.51038536282949], [-93.48670216544713, 47.510365321115145], [-93.48665619685741, 47.510348626961935], [-93.4866063205962, 47.510335156591246], [-93.48655384191562, 47.51032510720707], [-93.48649973009785, 47.51031901034512], [-93.486444726253, 47.51031775796415], [-93.48640057585342, 47.510320813676586], [-93.48635646138645, 47.510326987598575], [-93.48631259036293, 47.51033564322363], [-93.48626916580207, 47.510346275108255], [-93.48616921834525, 47.51037501431581], [-93.4861258279204, 47.51038669469614], [-93.48607228204126, 47.51039887808848], [-93.48602642035105, 47.51040682013697], [-93.48598073203571, 47.5104122258747], [-93.48593571027031, 47.510414723957574], [-93.48589191111199, 47.51041375918915], [-93.48585278588811, 47.51040913679507], [-93.48584340388328, 47.51040737594077], [-93.4858056890144, 47.51039731625525], [-93.48577116585972, 47.51038332346559], [-93.48574047312141, 47.510365722798966], [-93.485732397267, 47.510359959060224], [-93.4857078058861, 47.5103381589066], [-93.48568794772842, 47.51031363190261], [-93.48567045124165, 47.51028167251114], [-93.48565888363571, 47.51024747410217], [-93.48565276431201, 47.510211748418385], [-93.48565207350755, 47.51017504337483], [-93.48565704208937, 47.51013663205202], [-93.48566642229758, 47.51009784328623], [-93.48567878760747, 47.51005881602852], [-93.48573732093308, 47.50990363204476], [-93.4857504237598, 47.50986628724068], [-93.48576237674297, 47.509829155389596], [-93.48577280169184, 47.50979239061404], [-93.4857811865667, 47.50975619011834], [-93.4857868522412, 47.50972081178545], [-93.4857888977051, 47.509686603302534], [-93.48578614886034, 47.50965401975794], [-93.48577708485912, 47.50962366308223], [-93.48576440963046, 47.5096017030391], [-93.48574684307508, 47.50958205725428], [-93.48572305568635, 47.50956391446222], [-93.48569580529222, 47.50954819940126], [-93.48560766259652, 47.50950639509539], [-93.48558363176437, 47.50949063268811], [-93.48557372514341, 47.509479426006244], [-93.48556859037325, 47.509461964596746], [-93.48557390839973, 47.50944452138498], [-93.4855885590237, 47.50942807511353], [-93.48560193493829, 47.50941896182357], [-93.48562370920244, 47.509408824887046], [-93.48562934613086, 47.509406816431174], [-93.48566891961407, 47.509396872449706], [-93.48571468518455, 47.50939065048233], [-93.48576475099026, 47.509387481853814], [-93.48581766355713, 47.50938697033451], [-93.48587229729608, 47.50938895512655], [-93.48592776287498, 47.509393509650565], [-93.4859833173871, 47.5094009288031], [-93.48603131347441, 47.50940992377327], [-93.48607889004849, 47.50942077610807], [-93.48621591906193, 47.50945631483412], [-93.48626256228643, 47.50946726545827], [-93.48630943458133, 47.509476886010766], [-93.48635639580944, 47.509484876134714], [-93.48640330403693, 47.50949083110627], [-93.48645000744855, 47.509494219990835], [-93.4865055754354, 47.50949409984776], [-93.4865599585444, 47.50948886088089], [-93.4866121740186, 47.50947821061904], [-93.48666270066006, 47.50946302343418], [-93.48671161213066, 47.50944423619654], [-93.48675883207356, 47.50942244658466], [-93.48680344420721, 47.509398563557745], [-93.48684669539318, 47.50937282618607], [-93.48688894136437, 47.509345782393744], [-93.48697130160457, 47.50928927126555], [-93.48705129747894, 47.509231050152785], [-93.48712807648627, 47.50917208141389], [-93.48716445017045, 47.50914244653632], [-93.48719879366205, 47.509112684823435], [-93.48723022032397, 47.509082898822136], [-93.4872576297199, 47.50905313404153], [-93.48727953962968, 47.509023445092595], [-93.4872939863361, 47.50899389872232], [-93.48729887227292, 47.50896989171537], [-93.48729750593537, 47.508946697795444], [-93.48729007686798, 47.508925007490554], [-93.48727402666879, 47.508902233449554], [-93.487252532679, 47.508882174178694], [-93.4872302355953, 47.508863435276396], [-93.48721180486064, 47.508843842006044], [-93.48720600982874, 47.50883407206691], [-93.48720389249962, 47.5088288548786], [-93.4872011517397, 47.50880977676105], [-93.48720171498337, 47.50880377680963], [-93.48721037025113, 47.50877789958422], [-93.48722733942684, 47.508750850631024], [-93.4872505518938, 47.50872296914504], [-93.48727841134568, 47.508694536069854], [-93.48730970415862, 47.508665783199454], [-93.48734350866107, 47.50863692594488], [-93.48737913225199, 47.50860817000894], [-93.487416044027, 47.508579731410414], [-93.48745382716785, 47.50855185226071], [-93.4874921214501, 47.508524823822015], [-93.48753058641225, 47.508499000463814], [-93.487611027851, 47.5084490236101], [-93.48764013685947, 47.50842943443256], [-93.48766315798525, 47.50840993080596], [-93.48768106769707, 47.50838965896833], [-93.48769305571453, 47.50836915047235], [-93.48769798926207, 47.50834894597338], [-93.48769731372899, 47.50833868565048], [-93.48769030507313, 47.50832113708954], [-93.4876765491712, 47.50830547869534], [-93.48765669640342, 47.50829243983991], [-93.48762653097617, 47.508281181931224], [-93.48759096667408, 47.508273581794754], [-93.48755213340266, 47.50826874076517], [-93.48751190684425, 47.50826590520076], [-93.48742548352402, 47.508262758349055], [-93.4873929564259, 47.50825909936006], [-93.48736317637591, 47.50825187118734], [-93.48734817271404, 47.50824620491091], [-93.48732279979883, 47.50823251798063], [-93.48730060422477, 47.50821531040468], [-93.48728166594198, 47.508195202327435], [-93.48726621312245, 47.50817268464555], [-93.48726248241908, 47.50816585330725], [-93.48725263059535, 47.50814307529604], [-93.48724556714228, 47.50811904180756], [-93.48723990955261, 47.508086136899635], [-93.48723755955983, 47.508052074196854], [-93.48723789013985, 47.50801726025316], [-93.48724052130532, 47.507982031234704], [-93.48724529674938, 47.50794667537114], [-93.4872522685743, 47.50791145601411], [-93.48726170717298, 47.50787663833631], [-93.487274115602, 47.50784250207452], [-93.48729023856473, 47.507809368835424], [-93.48731294528015, 47.50777480473362], [-93.48733455515263, 47.5077489209329], [-93.48736605098482, 47.50771816448517], [-93.48740146347163, 47.50768913498405], [-93.48744624898012, 47.507657390016824], [-93.4875655299785, 47.50758075601518], [-93.4876280554172, 47.50753802051567], [-93.48765897812423, 47.50751556869371], [-93.48768896478674, 47.50749259076104], [-93.48771664098233, 47.507469943527894], [-93.48774295712859, 47.507446616661255], [-93.4877756306521, 47.50741435212033], [-93.48780602335309, 47.50738099712612], [-93.48783466433929, 47.507346824133464], [-93.48786193898796, 47.50731203642161], [-93.4879132633334, 47.507241130195844], [-93.48796065126126, 47.5071688445949], [-93.48798260788344, 47.507132183540904], [-93.48800297628419, 47.507095532777036], [-93.4880406992379, 47.50702141865155], [-93.48809291471211, 47.506909158947735], [-93.48814164112976, 47.506796290368904], [-93.48817155592704, 47.506720803204665], [-93.4881978190727, 47.50664508655531], [-93.488230369527, 47.50653584071582], [-93.48824318668949, 47.50650007670333], [-93.48825884162994, 47.50646498623473], [-93.48827701005655, 47.50643268043355], [-93.48829788959871, 47.506400995388304], [-93.48832062056866, 47.506369756943], [-93.48839245884191, 47.506277323100356], [-93.48841517903209, 47.506246556081244], [-93.48843931317052, 47.50621014560702], [-93.4884579208733, 47.506175173881665], [-93.48846968251532, 47.50614206629023], [-93.48847647018562, 47.506108376128374], [-93.48847876807612, 47.50607444321584], [-93.48847673788356, 47.50604060919354], [-93.48847022330112, 47.506007232694415], [-93.48845791189015, 47.50597208788899], [-93.48844084479806, 47.505938296278416], [-93.48841968408324, 47.50590632390667], [-93.488394761224, 47.50587677517483], [-93.488366126526, 47.505850432891776], [-93.4883346639315, 47.50582790267428], [-93.48830294621546, 47.50580685067499], [-93.48827456753729, 47.50578475674679], [-93.48825874191694, 47.505767473121885], [-93.48824476053785, 47.50574364668718], [-93.48823656071595, 47.50571780921731], [-93.48823374449753, 47.505690593630106], [-93.4882362409157, 47.50566257216179], [-93.48824406434352, 47.50563483224666], [-93.48824658411787, 47.5056286334996], [-93.48826473637482, 47.505595167534736], [-93.48828892351385, 47.50556202559504], [-93.48831748904158, 47.505529190083145], [-93.48834921394415, 47.505496664033735], [-93.48838322865238, 47.50546447354106], [-93.48841894207482, 47.50543268232295], [-93.48845597871566, 47.5054013886866], [-93.48849415082702, 47.505370751015874], [-93.48853341798474, 47.50534098534383], [-93.48857387810513, 47.50531239144666], [-93.48861574947884, 47.50528536498082], [-93.48865722918708, 47.50526146854156], [-93.48870790225394, 47.505236116907184], [-93.48879277418368, 47.505199648689796], [-93.48882957007602, 47.50518218646331], [-93.48885746905381, 47.50516634993741], [-93.48889468715434, 47.50514033923577], [-93.48892731037219, 47.50511128039459], [-93.48895366065442, 47.505081212371884], [-93.48897608979044, 47.505049212777365], [-93.48899509993848, 47.50501577010966], [-93.48901090849085, 47.50498126485183], [-93.48902346065032, 47.50494599131713], [-93.48903241775201, 47.504910180101845], [-93.48903721116237, 47.50487649521776], [-93.48903891706311, 47.504842783611174], [-93.4890380061714, 47.50481029111938], [-93.48903490518703, 47.50477829439385], [-93.48902985216355, 47.504747094427366], [-93.48902296837355, 47.504717036512304], [-93.48901277788497, 47.50468403541168], [-93.48900062367916, 47.50465392709287], [-93.4889899633717, 47.50463167368748], [-93.48898146081753, 47.504610381506765], [-93.48897861944629, 47.50459617235294], [-93.4889808715227, 47.504571197851796], [-93.488991009909, 47.50454882789795], [-93.48900836536028, 47.50452722073334], [-93.48901367081035, 47.504522106886725], [-93.48904007409318, 47.50450140572465], [-93.48907184660646, 47.50448186726218], [-93.48910769208125, 47.50446322691774], [-93.48914658823473, 47.50444527715244], [-93.4891877337697, 47.504427849265], [-93.48923049627217, 47.50441081521226], [-93.4894247659355, 47.50433767067199], [-93.48947254552884, 47.50431874688063], [-93.48951535384539, 47.50430066780833], [-93.48955644727806, 47.50428180529482], [-93.48959520688763, 47.50426194755082], [-93.48963084215663, 47.504240806931094], [-93.4896623559551, 47.504218008404436], [-93.48968847177706, 47.504193068920365], [-93.48970997564832, 47.504162501545274], [-93.48972506105689, 47.504129399359684], [-93.48973542671696, 47.504094422000094], [-93.48974236799914, 47.50405808164092], [-93.48974686316883, 47.50402077090898], [-93.48974963087824, 47.503982790798304], [-93.48975118586199, 47.50394438343961], [-93.48975187307317, 47.503905743630035], [-93.48975135833851, 47.503827077883045], [-93.48974910177051, 47.50374834405104], [-93.48974515187822, 47.50367316321099], [-93.48974236620252, 47.50364474378527], [-93.48973682269892, 47.503617474934025], [-93.48973046083007, 47.50359980221066], [-93.48972155223738, 47.50358283342917], [-93.48969925156045, 47.50355489822235], [-93.48966973292022, 47.503529688374044], [-93.48963417131307, 47.50350741628645], [-93.48959326652661, 47.50348852435899], [-93.48954923380633, 47.50347386340299], [-93.48950172011432, 47.50346206739591], [-93.48945169563109, 47.503452408116026], [-93.4893999158398, 47.50344430844705], [-93.48934698800157, 47.503437313856686], [-93.48917427700674, 47.50341685986309], [-93.48911800833396, 47.50340855325157], [-93.48906353449514, 47.5033982221747], [-93.48901176907691, 47.50338488656238], [-93.48896298247213, 47.503367290224304], [-93.48892616681684, 47.50334969994889], [-93.48889301808455, 47.50332940734443], [-93.48885986306405, 47.50330227487173], [-93.48885447766392, 47.5032968847868], [-93.48884932941901, 47.503291376971454], [-93.48882609629084, 47.50326126360589], [-93.48880753979199, 47.50322898010721], [-93.48879259541893, 47.50319523103124], [-93.48878050948508, 47.50316062505225], [-93.48877080049351, 47.503125721083755], [-93.4887632357805, 47.50309107743379], [-93.48875781714271, 47.50305729489202], [-93.48875478083704, 47.503025066491965], [-93.48875461554704, 47.502995241231375], [-93.48875808034907, 47.502968873834746], [-93.48876624693332, 47.50294730849992], [-93.48877766272396, 47.502934188208016], [-93.48878572779859, 47.50292946987839], [-93.48879110960546, 47.50292753460452], [-93.48881103603509, 47.502925664871384], [-93.4888182189641, 47.50292649323418], [-93.48882314712175, 47.50292743325904], [-93.48884826132215, 47.50293594385134], [-93.48887478318258, 47.50294983060562], [-93.48890223300272, 47.50296775721479], [-93.48893022540528, 47.502988628901974], [-93.48902279859195, 47.503063569193074], [-93.48905635066782, 47.50308767296438], [-93.48909231921178, 47.50310938874206], [-93.48912580571064, 47.50312538185076], [-93.48916103134786, 47.5031385615668], [-93.48919736909943, 47.503148768289144], [-93.48923422607722, 47.50315568888146], [-93.4892713112271, 47.50315898350549], [-93.48930749626506, 47.503158550816806], [-93.48934189185898, 47.50315429371832], [-93.48937350986203, 47.503145920310985], [-93.48940772938616, 47.503129298504895], [-93.48943491330496, 47.50310664696179], [-93.48945472475023, 47.50307819385219], [-93.48946809168166, 47.503045796758535], [-93.48947695266362, 47.50301068941613], [-93.48948289861248, 47.50297383247688], [-93.48949059717448, 47.50290569920027], [-93.48949496298675, 47.50287541812018], [-93.48950169855476, 47.50284535852658], [-93.48951377011554, 47.50281100112978], [-93.48952993529909, 47.50277726088803], [-93.48954945748685, 47.5027442051641], [-93.48957183362224, 47.502711955331684], [-93.48959678522756, 47.5026807019469], [-93.48962423594602, 47.50265072598883], [-93.4896489719557, 47.502627105079554], [-93.48967557556284, 47.50260487084141], [-93.48971038707673, 47.502580352360866], [-93.48974903978677, 47.50255868066536], [-93.4897911303494, 47.50254085283527], [-93.48980906162079, 47.50253494258998], [-93.4898574682382, 47.50252302681976], [-93.48990856890313, 47.50251489423677], [-93.48996161442065, 47.502509628478094], [-93.49001603346225, 47.50250655956677], [-93.49007139932817, 47.50250522507276], [-93.49012680471994, 47.502505280904245], [-93.4902386611425, 47.50250815076423], [-93.49035107631715, 47.50251324235308], [-93.49046345466087, 47.50251983835703], [-93.49057542696609, 47.50252815481898], [-93.49063115575137, 47.502533262791225], [-93.49074447193625, 47.50254613679671], [-93.49085708384196, 47.50256120036227], [-93.4909690866899, 47.502577657281414], [-93.49108031429175, 47.50259544747349], [-93.49113549600303, 47.502605018309104], [-93.49119025820104, 47.50261523484496], [-93.4912444562571, 47.50262632161987], [-93.49129789523671, 47.502638579637114], [-93.49135032630659, 47.502652404570085], [-93.49140320114422, 47.50266861871582], [-93.49145509861481, 47.50268630024875], [-93.49160845810178, 47.502742050199636], [-93.49165985341415, 47.50275963157577], [-93.49170964343708, 47.50277489413044], [-93.49176028596122, 47.50278774198167], [-93.4918121528891, 47.50279865151681], [-93.49186493430193, 47.50280813856866], [-93.49197229645311, 47.502824426096375], [-93.49213537301652, 47.502846498209855], [-93.49224405748781, 47.50286239733535], [-93.4922996865601, 47.50287158944173], [-93.49252147611217, 47.50291074827041], [-93.49257720669408, 47.502919650896494], [-93.49263066633495, 47.50292722814064], [-93.49268441074177, 47.50293374580775], [-93.49273845159263, 47.50293902426791], [-93.4927786574898, 47.50294203064746], [-93.4928449315982, 47.50294567240822], [-93.49301252039929, 47.50295285397662], [-93.49306799046978, 47.502956225077575], [-93.49312345694699, 47.50296094886652], [-93.49317813021183, 47.502967260804326], [-93.4932316671078, 47.50297547767062], [-93.49328360320597, 47.50298608495126], [-93.49333331777041, 47.50299976536043], [-93.49337265589503, 47.50301412362665], [-93.49339721403825, 47.50302490385401], [-93.49343691328559, 47.50304527000595], [-93.4934745410179, 47.503067812341186], [-93.49351028947464, 47.50309209574029], [-93.4935441757238, 47.50311781555864], [-93.49357604974671, 47.50314479095077], [-93.4936055782684, 47.50317294605779], [-93.49363694923476, 47.50320808848928], [-93.49365890495862, 47.50323817761111], [-93.49367760339125, 47.503269218264705], [-93.49369314424567, 47.503300963458415], [-93.49370537929984, 47.50333322506611], [-93.49371390880346, 47.503365855621226], [-93.49371854950023, 47.50340432833655], [-93.4937180194942, 47.503436952778976], [-93.49371338418733, 47.503469318074934], [-93.49370434713558, 47.50350118209072], [-93.49368796994962, 47.503537196955875], [-93.49367113911448, 47.5035648147886], [-93.49365054613489, 47.503592825239686], [-93.49362746751693, 47.50362009471055], [-93.49360245213121, 47.503646642621625], [-93.49350814968763, 47.503736528686424], [-93.49348486266052, 47.503761429549044], [-93.49346032517853, 47.50379387292847], [-93.49343985526816, 47.5038279893699], [-93.49342256988545, 47.50386336803378], [-93.49340779978557, 47.503899684860684], [-93.4933964001646, 47.5039324716304], [-93.49338628782947, 47.503965640693316], [-93.49336909137996, 47.50403260502182], [-93.49335506059354, 47.504099632983674], [-93.49334235302554, 47.50416700312045], [-93.49333488982214, 47.50419977151788], [-93.49332543864705, 47.504231550132126], [-93.4933167258871, 47.5042537588007], [-93.49330476841234, 47.50427703125668], [-93.49328956622281, 47.504298985031845], [-93.49328312260728, 47.504306529307364], [-93.49327745962772, 47.50431252977287], [-93.4932487710308, 47.50433719551402], [-93.49321496742668, 47.504359682678675], [-93.4931773828135, 47.50438055259879], [-93.49313709786458, 47.504400265262674], [-93.49304513373568, 47.50444137455387], [-93.49299907800939, 47.50446282397505], [-93.49295596606227, 47.50448498885324], [-93.49291412073971, 47.504508527003004], [-93.49287347376973, 47.504533196293124], [-93.49283403683043, 47.50455882862722], [-93.49279592221124, 47.50458533661896], [-93.4927593553893, 47.50461270388227], [-93.49272470197889, 47.50464099292036], [-93.49269248479953, 47.504670345125135], [-93.49266343148663, 47.504700990486754], [-93.49263968092882, 47.5047309871203], [-93.49261880048837, 47.50476207847242], [-93.49260024488787, 47.50479401331033], [-93.49258364312308, 47.504826601692535], [-93.4925687616321, 47.50485970404528], [-93.49255552046479, 47.50489322691483], [-93.49254297279691, 47.50493012437819], [-93.49253236728667, 47.50496736528455], [-93.49252382430831, 47.505004900479534], [-93.49251807868376, 47.50503835711138], [-93.49251365897256, 47.50507197149879], [-93.49250712642382, 47.505139500591746], [-93.49247984908023, 47.50550227781284], [-93.49246963164218, 47.50562315991126], [-93.4924606053702, 47.50570331818864], [-93.49245464953985, 47.50574308476576], [-93.49244712435272, 47.5057824896443], [-93.49243735876728, 47.505821366554905], [-93.49242177209878, 47.50586608291593], [-93.49240579735809, 47.50589967250035], [-93.4923863793749, 47.50593222864128], [-93.49236349119978, 47.50596356443878], [-93.49233141595424, 47.50599875718897], [-93.49229845317322, 47.50602762256904], [-93.49225935040721, 47.50605627857933], [-93.49221708107983, 47.50608337261242], [-93.49217254889626, 47.50610931306218], [-93.49212641232158, 47.5061344021277], [-93.49203113520592, 47.50618277614239], [-93.49193369135378, 47.50622939033168], [-93.491769123587, 47.50630443097622], [-93.49173689023796, 47.50632005234449], [-93.49170188199302, 47.50633863862943], [-93.49166830296771, 47.506358330532926], [-93.49163624568848, 47.506379105601475], [-93.49161208370228, 47.50639630649755], [-93.49158906437312, 47.50641422161386], [-93.49155395911012, 47.506445007346066], [-93.49152134936702, 47.50647727673059], [-93.4914905515258, 47.506510621376364], [-93.4914610526485, 47.506544737872595], [-93.49143247364606, 47.50657939805466], [-93.49134998225183, 47.50668524199461], [-93.49129670047739, 47.50675662228695], [-93.49124497817827, 47.50682845152459], [-93.49119610623356, 47.506900891118036], [-93.49117350372268, 47.506937464345775], [-93.49115388631353, 47.506972096961945], [-93.49113602600903, 47.507006978954976], [-93.49112016984597, 47.507042079983854], [-93.49110670589648, 47.50707737213477], [-93.49109672830862, 47.507110217600804], [-93.4910891689855, 47.507143053944155], [-93.4910840387069, 47.507175715505646], [-93.49107853472917, 47.507236800004485], [-93.49107507262207, 47.507263833354145], [-93.49106943838859, 47.50728978050222], [-93.49106086037595, 47.507315003715], [-93.49104862352516, 47.507339235997925], [-93.4910428141202, 47.50734816942699], [-93.49103827583139, 47.50735441044754], [-93.49101199022786, 47.50738335942841], [-93.49097992935538, 47.50741048311683], [-93.49094351884027, 47.50743618686278], [-93.49090382318619, 47.50746075283348], [-93.49086161943583, 47.50748435882485], [-93.4908174375952, 47.507507082509335], [-93.49077160554941, 47.50752891842685], [-93.49072391758425, 47.507550031022845], [-93.49067516242052, 47.50757042211863], [-93.49062567153655, 47.50759029317439], [-93.4905253638553, 47.50762901158361], [-93.49037337968902, 47.50768531697235], [-93.49027160955048, 47.507721342316536], [-93.49022060500528, 47.50773854095236], [-93.49016949715381, 47.50775489673272], [-93.49011825994495, 47.50777007652339], [-93.49006685744608, 47.50778363735926], [-93.49001525282628, 47.50779500095835], [-93.4899634101529, 47.50780341670707], [-93.48992308208486, 47.507807459227195], [-93.48988291840851, 47.507809480487126], [-93.4898328130769, 47.50780951264766], [-93.48975603317126, 47.50780605326518], [-93.48971003493713, 47.507804674002436], [-93.48966566624694, 47.50780717827752], [-93.48962116191112, 47.507816324007834], [-93.48957766728171, 47.50783122465163], [-93.48953492633879, 47.50785040931532], [-93.48949280074187, 47.507872743881265], [-93.4894512671347, 47.50789735576454], [-93.48941042523032, 47.50792358961653], [-93.48937051308225, 47.5079509478578], [-93.48933194032224, 47.50797905851781], [-93.4892953321778, 47.50800763700592], [-93.48926158876077, 47.50803645941207], [-93.4892319677126, 47.508065343089164], [-93.4892081758323, 47.508094118133286], [-93.4891925056205, 47.508122613427254], [-93.48918797900977, 47.50815064025707], [-93.48919600815178, 47.50817611062994], [-93.48921393223665, 47.50820101181372], [-93.4892393321013, 47.50822533349372], [-93.48927035991122, 47.50824900831611], [-93.48930564393893, 47.50827190521361], [-93.48934420232587, 47.50829382212377], [-93.48938538020019, 47.50831446535812], [-93.4894287966762, 47.50833343261194], [-93.4894743062268, 47.50835018626542], [-93.48952198341217, 47.50836403032524], [-93.48957427524319, 47.5083748337258], [-93.48962844545146, 47.50838260314371], [-93.48968388048763, 47.50838824938116], [-93.48974010424463, 47.5083925187979], [-93.48990995410529, 47.508403123163575], [-93.48996596136831, 47.5084077730401], [-93.49002114846948, 47.50841396903178], [-93.49006865677158, 47.50842112982786], [-93.49011511853641, 47.50842987193216], [-93.49016034871096, 47.50844011403343], [-93.49020409037709, 47.50845185552384], [-93.49024600576826, 47.50846518014023], [-93.49028566459143, 47.50848024989564], [-93.49039941645921, 47.50853280680933], [-93.49042646293577, 47.50854339597677], [-93.49046874663621, 47.50855667930791], [-93.4905135141784, 47.50856761798389], [-93.4905601286568, 47.5085767848195], [-93.49060802053954, 47.508584665250794], [-93.4907998162426, 47.5086114831013], [-93.49084487394062, 47.50861969058899], [-93.49088744061035, 47.508629985444216], [-93.49092630083122, 47.50864300237127], [-93.49096074134091, 47.508658874255836], [-93.49099385593723, 47.50868086199913], [-93.4910178346671, 47.50870601718945], [-93.49102184384822, 47.50871219494217], [-93.49103212596496, 47.508739308842046], [-93.49103220411838, 47.508767209129886], [-93.49102205854557, 47.508794516567804], [-93.49101693275857, 47.50880237997619], [-93.49099541451424, 47.50882530393789], [-93.49096672771397, 47.508846141743035], [-93.49093241386674, 47.508864701648264], [-93.49089359317173, 47.50888065902321], [-93.49085792376674, 47.508891805760726], [-93.49082014871072, 47.50890065094097], [-93.49076912080933, 47.50890851676066], [-93.49071397862394, 47.50891339171147], [-93.49060312651788, 47.50892054273077], [-93.49056251907376, 47.50892492860789], [-93.49052600704904, 47.50893075561034], [-93.49049130243468, 47.508938670575446], [-93.49045900350865, 47.50894913587597], [-93.49042782388344, 47.50896355380058], [-93.490400356097, 47.508981128845456], [-93.49037257210358, 47.50900573838869], [-93.4903492931613, 47.50903348016311], [-93.49032955537788, 47.509063567766205], [-93.49031265806738, 47.50909539683324], [-93.49029812961429, 47.509128505595804], [-93.49028570142235, 47.509162553037136], [-93.49027529623639, 47.50919728733887], [-93.4902670083796, 47.50923253435208], [-93.49026111093976, 47.5092681781795], [-93.49025764074781, 47.509307425074674], [-93.49025660768524, 47.50934691950875], [-93.49025727423518, 47.50938656136175], [-93.49026911403062, 47.509585099053545], [-93.49027057289464, 47.509624670339946], [-93.49027083250775, 47.509664149365776], [-93.49026895143555, 47.509707761752765], [-93.490264715879, 47.50974796885247], [-93.49025844833325, 47.50978807398234], [-93.49025051081941, 47.5098280759291], [-93.4902411189331, 47.509867966198], [-93.49023192557449, 47.5099023396065], [-93.49021094721766, 47.509970761123014], [-93.4901857764234, 47.510041417916604], [-93.49014398499975, 47.51015039979371], [-93.490131098667, 47.51018641980522], [-93.49011963077407, 47.5102222535122], [-93.49011028560018, 47.51025785722715], [-93.49010395876563, 47.51029316845294], [-93.4901017758595, 47.51032809920785], [-93.49010517149128, 47.51036254027357], [-93.49011492090705, 47.510395729544356], [-93.49012955985293, 47.51042861601469], [-93.49014720815498, 47.51046148668831], [-93.49018183731089, 47.51052229128227], [-93.49021166048, 47.510578665166165], [-93.49022531217737, 47.51060735145745], [-93.49023925852217, 47.510639982951766], [-93.49025174600291, 47.51067295361004], [-93.49026281324723, 47.51070618940574], [-93.49027239647467, 47.5107396333021], [-93.49028033129358, 47.51077323979111], [-93.4902863284464, 47.510806970646065], [-93.49029010765881, 47.51084100850379], [-93.49029164377795, 47.51087506150861], [-93.49029092422741, 47.51090905078082], [-93.49028776664917, 47.51094288469878], [-93.49028101850476, 47.51097995993939], [-93.49027128256373, 47.511014609911506], [-93.49025874298067, 47.511048846046776], [-93.49024375908172, 47.511082615557534], [-93.4902264781906, 47.51111582742999], [-93.49020685539153, 47.511148341502725], [-93.49018464724108, 47.51117996664637], [-93.49015379370434, 47.51121653082475], [-93.49012060095458, 47.511248763297054], [-93.49008399101349, 47.51127956439658], [-93.49004489633234, 47.511309283620875], [-93.49000401849533, 47.5113381788457], [-93.48996187044051, 47.51136642785347], [-93.48986049825564, 47.51143201631525], [-93.48980423946435, 47.51147057231246], [-93.48978170612376, 47.51148720846659], [-93.48974445478555, 47.511516734016915], [-93.48970878268563, 47.511547200027906], [-93.48967429187029, 47.51157836743483], [-93.48964067242078, 47.51161005238843], [-93.48957518254163, 47.51167445797433], [-93.48947950118408, 47.51177253243304], [-93.4894170610853, 47.5118385554314], [-93.48935637270135, 47.51190521786694], [-93.48932715948831, 47.511938921297094], [-93.48929912127167, 47.51197299482598], [-93.4892727215821, 47.512007570725174], [-93.48924857037568, 47.512042821311795], [-93.48922751386542, 47.5120783091153], [-93.48920881453446, 47.51211446371634], [-93.48919207263253, 47.51215112614436], [-93.48917705908917, 47.51218817322761], [-93.48916370383586, 47.512225504851216], [-93.4891520886192, 47.512263042136944], [-93.48914245418779, 47.51230070924047], [-93.4891352011902, 47.512338432744755], [-93.48913090095493, 47.51237612588446], [-93.48912981219681, 47.5124102197589], [-93.48913055959513, 47.51248503556433], [-93.48912823475517, 47.512521808768376], [-93.4891229122371, 47.51255292827016], [-93.48911346824852, 47.51258473883888], [-93.48910012018172, 47.512614889934845], [-93.48908278359504, 47.51264272809449], [-93.48907787340372, 47.5126491317004], [-93.48905291281523, 47.51267533101969], [-93.48902456557812, 47.5126968335036], [-93.48899453489817, 47.51271266169], [-93.48896439462376, 47.512721335730724], [-93.48895546716648, 47.5127222610183], [-93.48893440616463, 47.51272075871532], [-93.48891996933969, 47.51271591202846], [-93.48890441680719, 47.51270550754692], [-93.48889231470366, 47.512691517192906], [-93.48888371872474, 47.51267502157899], [-93.48887837734203, 47.512655305348495], [-93.48887504998223, 47.51260938067021], [-93.48887213584746, 47.512592832243435], [-93.4888615420153, 47.512566500611925], [-93.48884395210372, 47.51254169918574], [-93.48881991947492, 47.51252027976279], [-93.48878952228233, 47.51250437506807], [-93.48876337591769, 47.51249746116897], [-93.48873465767636, 47.51249454574221], [-93.48870426946694, 47.51249551714664], [-93.48866226783751, 47.51250261003675], [-93.48861943706308, 47.51251500954705], [-93.48857635296373, 47.51253140024386], [-93.48853352668088, 47.51255080525925], [-93.48849144959298, 47.512572526830084], [-93.48845063643468, 47.512596092904005], [-93.48841165853449, 47.512621215880486], [-93.48838265642554, 47.51264195085181], [-93.48835531080998, 47.51266334959572], [-93.48829179273287, 47.512716091625286], [-93.48827379588447, 47.512729146370695], [-93.48823797466419, 47.512751586254495], [-93.48819906323935, 47.512772128836026], [-93.48815755927659, 47.512790816589636], [-93.48811381222056, 47.512807579741676], [-93.48806803048043, 47.512822245371694], [-93.48802166303874, 47.51283444215377], [-93.4879740424472, 47.512845231285766], [-93.48787712051626, 47.51286569980781], [-93.48779981329953, 47.512884081122365], [-93.48776188373328, 47.51289450741128], [-93.4877193727591, 47.512907715618454], [-93.48771394962974, 47.512909628681605], [-93.48770914364297, 47.512907653123825], [-93.48748953699702, 47.51288571751106], [-93.48766376165312, 47.51280674122015], [-93.48767546131138, 47.51280210993569], [-93.48768860456232, 47.51279938322355], [-93.48774401893724, 47.51279289287144], [-93.48777798962803, 47.512792095608376], [-93.48783963471777, 47.512763793974415], [-93.48817331482836, 47.51259740165812], [-93.48820451062323, 47.51256637986916], [-93.48832779181957, 47.51229106068828], [-93.48840474150681, 47.51207607990336], [-93.4884517027349, 47.51201188292705], [-93.4884919041405, 47.511981305543], [-93.48851716117304, 47.51196688480682], [-93.48861057967439, 47.51177534899853], [-93.48863376788681, 47.511725913458456], [-93.48865474714195, 47.51167498464033], [-93.48866997987422, 47.5116013890857], [-93.48867413278579, 47.51156183142491], [-93.48868035811071, 47.5113828814054], [-93.48868011017568, 47.51137587391732], [-93.48867509038988, 47.51136995253151], [-93.48851280434391, 47.51120464797017], [-93.48844607478965, 47.511163965676694], [-93.48806355956526, 47.51093174264427], [-93.48785872391755, 47.510904589223614], [-93.48764990424155, 47.51089675950235], [-93.48749183398921, 47.510897885055215], [-93.48730129413092, 47.510936089520236], [-93.48723130459052, 47.51096214953174], [-93.48705275185138, 47.511046833406326], [-93.48704085456376, 47.51105294353256], [-93.48668172518117, 47.511259087974715], [-93.48628477223352, 47.51151911979669], [-93.4859535184725, 47.51172986648311], [-93.48586474426118, 47.51177709706511], [-93.48580474488504, 47.511807727962704], [-93.48575449582299, 47.51183221422254], [-93.48568481081146, 47.51185540140643], [-93.48554599954048, 47.51189375382954], [-93.48547558150368, 47.51191122171108], [-93.48539029904387, 47.51192608539377], [-93.48516157629443, 47.51198953556037], [-93.48480003942687, 47.51211708064179], [-93.48467525894233, 47.51216123828112], [-93.4844976170949, 47.512259286953366], [-93.48435450469034, 47.512347626225576], [-93.4841563327454, 47.51247923201293], [-93.48411392597579, 47.51253985042452], [-93.48409700081753, 47.512563980181795], [-93.48395356142622, 47.51272962569989], [-93.4839103794105, 47.51277725037331], [-93.48378246739888, 47.51289328421548], [-93.48358958742928, 47.51304031202485], [-93.48351601900079, 47.513092057405814], [-93.48343937653738, 47.51314196127659], [-93.48343285476841, 47.513146786081414], [-93.48342428933218, 47.51317605526025], [-93.48343122881775, 47.513222532182894], [-93.4834798680988, 47.513379640634895], [-93.483522561431, 47.51345811125813], [-93.48363257361227, 47.513567291117084], [-93.48368246065324, 47.51361070185807], [-93.48385250544833, 47.51374485882857], [-93.4838599264309, 47.513746473347986], [-93.48390426457837, 47.51374714257571], [-93.48401166266216, 47.513797678039836], [-93.48406224410087, 47.51381750426661], [-93.48420293195245, 47.51385402292263], [-93.48461649474972, 47.51391081551328], [-93.4846444242702, 47.51391078821032], [-93.48492804396497, 47.51390403892099], [-93.48496047494335, 47.513895532533915], [-93.48521410528066, 47.5138275032299], [-93.48534143967555, 47.51379287513722], [-93.48564554634869, 47.51379090021948], [-93.48565094702019, 47.51379268340942], [-93.4857645416828, 47.51379269008352], [-93.48577911056007, 47.513791300056894], [-93.48597764452607, 47.513709458915045], [-93.48619859145842, 47.51357732289185], [-93.48618115875202, 47.51375863411794], [-93.48618162048606, 47.513808657488035], [-93.4861526453266, 47.51381657475124], [-93.48604731157131, 47.51384154970725], [-93.48601667902012, 47.513851364825946], [-93.48598994515727, 47.513864168101584], [-93.48596388233594, 47.51388467384361], [-93.48594396668608, 47.513909646340345], [-93.48592906453383, 47.513937890323525], [-93.48591845543034, 47.51396843683775], [-93.48591179801575, 47.51400048378029], [-93.4859091084598, 47.514033351003334], [-93.48591076854645, 47.51406643662869], [-93.48591753914873, 47.51409917700382], [-93.4859305853816, 47.514131009691006], [-93.48594808276671, 47.51415795515428], [-93.48597021006879, 47.51418396260072], [-93.4859957186296, 47.514209228004944], [-93.48602354394552, 47.51423391700503], [-93.48608615472419, 47.514285625412086], [-93.4861205143855, 47.51431643140321], [-93.48615286361719, 47.51434856125491], [-93.48618287094094, 47.514381712208035], [-93.4862099811979, 47.51441564399701], [-93.48623335176833, 47.514450166108446], [-93.4862517690283, 47.514485123826084], [-93.48626355312818, 47.514520375175444], [-93.48626516740075, 47.51452891604454], [-93.4862666927401, 47.514556963722356], [-93.48626292700243, 47.51458292364651], [-93.48625452865284, 47.5146083702692], [-93.4862417896438, 47.51463304694703], [-93.48622278937724, 47.514659123931146], [-93.48619320336334, 47.51468837467151], [-93.48616367394332, 47.51471023005007], [-93.48613028176757, 47.51473015482784], [-93.48609371404731, 47.51474822242055], [-93.48604524454784, 47.5147679669874], [-93.48599390313441, 47.51478544301305], [-93.48594057464757, 47.51480101756643], [-93.48588589599285, 47.51481484475669], [-93.4858303100397, 47.51482687544062], [-93.4857741276052, 47.514836847515866], [-93.4857175400305, 47.51484427560649], [-93.48565113925964, 47.51484871498674], [-93.4856032339022, 47.514848391604254], [-93.48554948320717, 47.5148446165839], [-93.48549585737794, 47.514838101609186], [-93.48544234473648, 47.514829687595146], [-93.48538893001138, 47.514820054675994], [-93.48522920685892, 47.51478911489493], [-93.48517615774811, 47.514779622121075], [-93.48509649874198, 47.51476755077592], [-93.4850569495133, 47.51476287962083], [-93.48501722601142, 47.514759241713556], [-93.48490372297695, 47.51475186518236], [-93.48484914583187, 47.5147456626582], [-93.48480526223193, 47.51473703142267], [-93.48476484523067, 47.51472430177348], [-93.48474607672944, 47.51471593445892], [-93.4847121204117, 47.514695399918956], [-93.48468179418603, 47.514670965959844], [-93.48465374518959, 47.514643875146284], [-93.48459974745786, 47.51458584866487], [-93.48457155832423, 47.51455673620062], [-93.48454280504862, 47.514530035452246], [-93.48451190390116, 47.51450475018052], [-93.48447870126995, 47.51448137304862], [-93.48444289891431, 47.51446051078493], [-93.4844040422867, 47.51444291512606], [-93.48436035272285, 47.5144287650595], [-93.48431372297308, 47.514417927714966], [-93.48426496960599, 47.514409426871694], [-93.48421475647655, 47.51440243677611], [-93.48406073223624, 47.51438348991736], [-93.48400985076023, 47.514375598828984], [-93.4839602664515, 47.51436584569449], [-93.48391215358319, 47.51435381490483], [-93.4838660511445, 47.51433908053593], [-93.48384976289177, 47.514332884637], [-93.4838060544633, 47.51431321028681], [-93.48376499965819, 47.514290621209], [-93.48371908406907, 47.514260551163986], [-93.48368177523871, 47.51423267381843], [-93.48364607529098, 47.51420349502477], [-93.48361172640946, 47.51417343949131], [-93.48357859025359, 47.514142862759975], [-93.48354663448399, 47.51411209428421], [-93.48346746775461, 47.51403235171774], [-93.48344335427744, 47.51400937117747], [-93.48342373147838, 47.51399301916637], [-93.48340505460531, 47.5139800587788], [-93.48338486047773, 47.51396880573047], [-93.4833463856341, 47.513953942019604], [-93.48330453402333, 47.51394449520633], [-93.4832608211033, 47.51394022199408], [-93.48321664195763, 47.51394129105561], [-93.48318138398103, 47.5139463232892], [-93.48314737466269, 47.51395488548739], [-93.48311531558683, 47.51396678410106], [-93.483081911733, 47.51398402316153], [-93.48305120731658, 47.51400398947276], [-93.48299460357222, 47.51404667238248], [-93.4829599259073, 47.51406949151611], [-93.48292088871831, 47.51408910346446], [-93.48287783785663, 47.51410397077744], [-93.48283148927956, 47.51411459765153], [-93.48278321201956, 47.514121382104115], [-93.48273422868374, 47.51412441029224], [-93.48268570259042, 47.51412345772658], [-93.48263881143089, 47.51411797106931], [-93.4825999044976, 47.51410873724776], [-93.48258249065586, 47.51410278583383], [-93.4825525902316, 47.51408994135875], [-93.48247938741741, 47.51405306246897], [-93.48243771097813, 47.51403442006292], [-93.4823933404913, 47.51401766276336], [-93.48234672780951, 47.514003501660966], [-93.48229818734315, 47.51399283775373], [-93.48224547869386, 47.513986312965585], [-93.4821918322034, 47.51398449277157], [-93.48213816954328, 47.5139873383415], [-93.48209590201252, 47.5139930950078], [-93.48205459208587, 47.5140018313302], [-93.48201467814116, 47.514013489667704], [-93.4819701181098, 47.514030800913794], [-93.48192790986786, 47.51405129384943], [-93.48188797526191, 47.514074237967485], [-93.48185042478472, 47.51409911815101], [-93.48181558093148, 47.51412560494306], [-93.48178399886103, 47.51415352299633], [-93.481756495142, 47.5141828389385], [-93.48173418907517, 47.51421364134964], [-93.48171971182605, 47.51424178263213], [-93.48170909284107, 47.514270725387284], [-93.48170130265092, 47.5143000291294], [-93.48168635378629, 47.51438170371385], [-93.48167918882358, 47.51440758363682], [-93.48166595124955, 47.514438182662744], [-93.48164153504013, 47.51447455405921], [-93.48161442298654, 47.51450481813373], [-93.48158311580059, 47.51453404105074], [-93.48154858995093, 47.51456217670089], [-93.48151157486967, 47.51458904488884], [-93.48147260235937, 47.51461431919894], [-93.48143204342429, 47.514637480884645], [-93.48138859101569, 47.514658574239625], [-93.48135163701984, 47.51467334795586], [-93.48131462643015, 47.51468482594739], [-93.48127799672612, 47.514692158803975], [-93.48126617130372, 47.51469348388734], [-93.48123731023027, 47.51469426352657], [-93.48120997269955, 47.514691389479005], [-93.48118493575426, 47.514684699748955], [-93.48117151851717, 47.51467882302731], [-93.48116476947445, 47.5146750504216], [-93.48113833295396, 47.514653303025206], [-93.48111764385463, 47.514625589703776], [-93.48110129002488, 47.51459358864725], [-93.48108822941897, 47.51455855758822], [-93.48107772362172, 47.51452142905699], [-93.4810692875429, 47.51448288500878], [-93.48106264450138, 47.51444342477592], [-93.481057702869, 47.514403411785594], [-93.48105452373119, 47.514363111782885], [-93.4810533181921, 47.51432273469486], [-93.48105585144118, 47.51422393450081], [-93.4810554876235, 47.51419147087193], [-93.48105396767404, 47.51416860507317], [-93.48105116403204, 47.51414599894472], [-93.48104437187018, 47.51411313725281], [-93.48103436014634, 47.51408123720776], [-93.48102092314632, 47.514050596716004], [-93.48100362878047, 47.514021607121144], [-93.48098192278826, 47.51399480841677], [-93.4809552006035, 47.51397069751933], [-93.4809171201203, 47.51394640155761], [-93.48087318621468, 47.51392554393514], [-93.48082501405759, 47.5139071939287], [-93.4807738226628, 47.51389065319199], [-93.48072051034563, 47.513875411464554], [-93.48066573377454, 47.51386110288771], [-93.48060996546339, 47.5138474853758], [-93.48049666814313, 47.51382182845441], [-93.48038218863994, 47.51379825079623], [-93.48032473508934, 47.51378751767966], [-93.4802671988937, 47.513777802053404], [-93.48020961059578, 47.513769460070684], [-93.48015199983998, 47.513762974692455], [-93.48009440974542, 47.513758968428355], [-93.48006003032118, 47.513758024350345], [-93.480018847057, 47.513758198482954], [-93.47989792932816, 47.51376152884553], [-93.47985910953149, 47.51376152338492], [-93.47982104521793, 47.513759908259225], [-93.4797796418665, 47.513755412967335], [-93.47977183460836, 47.51375417219629], [-93.47972215238326, 47.51374295671709], [-93.47967623589584, 47.5137270505727], [-93.47963511820863, 47.513706935506136], [-93.47960031567791, 47.5136827249719], [-93.47959486290414, 47.51367791174428], [-93.47957561829581, 47.51365707282383], [-93.47956104492694, 47.51363439852064], [-93.47955787297568, 47.51362785427237], [-93.47954841012246, 47.513598632064166], [-93.4795451204919, 47.513568148435276], [-93.47954747946784, 47.51353702710862], [-93.4795553289468, 47.51350584144938], [-93.47955894915738, 47.513496093007134], [-93.47956307422118, 47.51348639370879], [-93.47957922503167, 47.51345479786496], [-93.4796164431322, 47.513392433104336], [-93.47963123209674, 47.513365980526316], [-93.47964350847339, 47.51333979611353], [-93.47965193287412, 47.51331399393331], [-93.4796552395727, 47.513290112677296], [-93.47965372591143, 47.5132671718568], [-93.47964597524718, 47.51324277909776], [-93.47963198219, 47.51322110270308], [-93.47961173326516, 47.513203116494594], [-93.47958473889089, 47.51318952004781], [-93.47955281725726, 47.5131807599273], [-93.47952269405084, 47.513177037573406], [-93.47950942413745, 47.51317686040511]], [[-93.49194394382612, 47.50429008931493], [-93.49176805818506, 47.50426703654217], [-93.49159272949947, 47.50430349873221], [-93.49141717803171, 47.50431615566058], [-93.4912419589406, 47.50436452042777], [-93.4910666284584, 47.504400981336396], [-93.49094444051177, 47.50448483046769], [-93.49087020104174, 47.50456133184345], [-93.49087495312959, 47.50456845311367], [-93.49099869426334, 47.50465124850452], [-93.49113989145971, 47.504722066596244], [-93.49126374578118, 47.504816764253526], [-93.49137014404008, 47.50492344189955], [-93.49147643090785, 47.5050182144411], [-93.49165198596889, 47.50500555828885], [-93.49180941841736, 47.50493346136936], [-93.49196684996754, 47.50486136435085], [-93.49205357063013, 47.504741956935455], [-93.49208758893162, 47.504622773779076], [-93.49210393198159, 47.50449176484124], [-93.49206768675651, 47.504372883931175], [-93.49194394382612, 47.50429008931493]]]}}]}